Study type,Study short name,doi (academic) URL (others),ISO3,Country code,Country name,Country group,Technology,Financing year,Variable,Value,Type of data,Estimation method (category),Estimation method (details),Comment on calculation for meta analysis
academic peer-reviewed study,Partridge 2018,10.1016/J.ENPOL.2017.10.006,USA,US,United States,OECD,Wind onshore,2017,WACC (nominal after-tax),6.00%,empirical result,Analysis of financial market data,Estimate based on financial market data,n/a
academic peer-reviewed study,Partridge 2018,10.1016/J.ENPOL.2017.10.006,USA,US,United States,OECD,Wind onshore,2015,WACC (nominal after-tax),6.10%,empirical result,Analysis of financial market data,Estimate based on financial market data,n/a
academic peer-reviewed study,Partridge 2018,10.1016/J.ENPOL.2017.10.006,DNK,DK,Denmark,OECD,Wind onshore,2017,WACC (nominal after-tax),4.70%,empirical result,Analysis of financial market data,Estimate based on financial market data,n/a
academic peer-reviewed study,Partridge 2018,10.1016/J.ENPOL.2017.10.006,DNK,DK,Denmark,OECD,Wind onshore,2015,WACC (nominal after-tax),5.70%,empirical result,Analysis of financial market data,Estimate based on financial market data,n/a
academic peer-reviewed study,Partridge 2018,10.1016/J.ENPOL.2017.10.006,IND,IN,India,non-OECD,Wind onshore,2017,WACC (nominal after-tax),10.90%,empirical result,Analysis of financial market data,Estimate based on financial market data,n/a
academic peer-reviewed study,Partridge 2018,10.1016/J.ENPOL.2017.10.006,IND,IN,India,non-OECD,Wind onshore,2015,WACC (nominal after-tax),10.80%,empirical result,Analysis of financial market data,Estimate based on financial market data,n/a
academic peer-reviewed study,Partridge 2018,10.1016/J.ENPOL.2017.10.006,USA,US,United States,OECD,Wind onshore,2017,WACC (real after-tax),4.50%,empirical result,Analysis of financial market data,Estimate based on financial market data,n/a
academic peer-reviewed study,Partridge 2018,10.1016/J.ENPOL.2017.10.006,USA,US,United States,OECD,Wind onshore,2017,Return on equity,12.40%,empirical result,Analysis of financial market data,Estimate based on financial market data,n/a
academic peer-reviewed study,Partridge 2018,10.1016/J.ENPOL.2017.10.006,USA,US,United States,OECD,Wind onshore,2017,Cost of debt,5.50%,empirical result,Analysis of financial market data,Estimate based on financial market data,n/a
academic peer-reviewed study,Partridge 2018,10.1016/J.ENPOL.2017.10.006,USA,US,United States,OECD,Wind onshore,2017,Leverage (debt share),70.00%,assumption in article,n/a,n/a,n/a
academic peer-reviewed study,Partridge 2018,10.1016/J.ENPOL.2017.10.006,USA,US,United States,OECD,Wind onshore,2015,Leverage (debt share),70.00%,assumption in article,n/a,n/a,n/a
academic peer-reviewed study,Partridge 2018,10.1016/J.ENPOL.2017.10.006,DNK,DK,Denmark,OECD,Wind onshore,2017,Leverage (debt share),70.00%,assumption in article,n/a,n/a,n/a
academic peer-reviewed study,Partridge 2018,10.1016/J.ENPOL.2017.10.006,DNK,DK,Denmark,OECD,Wind onshore,2015,Leverage (debt share),70.00%,assumption in article,n/a,n/a,n/a
academic peer-reviewed study,Partridge 2018,10.1016/J.ENPOL.2017.10.006,IND,IN,India,non-OECD,Wind onshore,2017,Leverage (debt share),70.00%,assumption in article,n/a,n/a,n/a
academic peer-reviewed study,Partridge 2018,10.1016/J.ENPOL.2017.10.006,IND,IN,India,non-OECD,Wind onshore,2015,Leverage (debt share),70.00%,assumption in article,n/a,n/a,n/a
academic peer-reviewed study,Estache/Steichen 2015,10.3917/rpve.541.0033,BEL,BE,Belgium,OECD,Wind onshore,2012,WACC (nominal pre-tax),4.50%,empirical result,Analysis of financial market data,Average of two estimates based on financial market data (sample of 7 firms),n/a
academic peer-reviewed study,Estache/Steichen 2015,10.3917/rpve.541.0033,BEL,BE,Belgium,OECD,Wind offshore,2012,WACC (nominal pre-tax),4.50%,empirical result,Analysis of financial market data,Average of two estimates based on financial market data (sample of 4 firms),n/a
academic peer-reviewed study,Estache/Steichen 2015,10.3917/rpve.541.0033,BEL,BE,Belgium,OECD,Solar PV,2012,WACC (nominal pre-tax),5.70%,empirical result,Analysis of financial market data,Average of two estimates based on financial market data (sample of 1 firm),n/a
academic peer-reviewed study,Estache/Steichen 2015,10.3917/rpve.541.0033,BEL,BE,Belgium,OECD,Wind onshore,2012,WACC (nominal vanilla),3.90%,empirical result,Analysis of financial market data,Average of two estimates based on financial market data (sample of 7 firms),n/a
academic peer-reviewed study,Estache/Steichen 2015,10.3917/rpve.541.0033,BEL,BE,Belgium,OECD,Wind offshore,2012,WACC (nominal vanilla),4.10%,empirical result,Analysis of financial market data,Average of two estimates based on financial market data (sample of 4 firms),n/a
academic peer-reviewed study,Estache/Steichen 2015,10.3917/rpve.541.0033,BEL,BE,Belgium,OECD,Solar PV,2012,WACC (nominal vanilla),5.50%,empirical result,Analysis of financial market data,Average of two estimates based on financial market data (sample of 1 firm),n/a
academic peer-reviewed study,Estache/Steichen 2015,10.3917/rpve.541.0033,BEL,BE,Belgium,OECD,Wind onshore,2012,WACC (nominal after-tax),2.90%,value calculated for meta analysis,n/a,n/a,Using corporate tax rate of 33.99% as provided in article
academic peer-reviewed study,Estache/Steichen 2015,10.3917/rpve.541.0033,BEL,BE,Belgium,OECD,Wind offshore,2012,WACC (nominal after-tax),3.00%,value calculated for meta analysis,n/a,n/a,Using corporate tax rate of 33.99% as provided in article
academic peer-reviewed study,Estache/Steichen 2015,10.3917/rpve.541.0033,BEL,BE,Belgium,OECD,Solar PV,2012,WACC (nominal after-tax),3.80%,value calculated for meta analysis,n/a,n/a,Using corporate tax rate of 33.99% as provided in article
academic peer-reviewed study,Dobrotkova et al 2018,10.1016/J.ENPOL.2018.03.036,BRA,BR,Brazil,non-OECD,Solar PV,2013,WACC (nominal pre-tax),7.30%,empirical result,Replication of auction results,Analysis (incl. Interviews)/re-engineering of financial model for winning auction result,n/a
academic peer-reviewed study,Dobrotkova et al 2018,10.1016/J.ENPOL.2018.03.036,BRA,BR,Brazil,non-OECD,Solar PV,2013,WACC (nominal after-tax),4.80%,value calculated for meta analysis,n/a,n/a,Using corporate tax rate of 34% (BR 2013source KPMG)
academic peer-reviewed study,Dobrotkova et al 2018,10.1016/J.ENPOL.2018.03.036,BRA,BR,Brazil,non-OECD,Solar PV,2014,WACC (nominal pre-tax),8.60%,empirical result,Replication of auction results,Analysis (incl. Interviews)/re-engineering of financial model for winning auction result,n/a
academic peer-reviewed study,Dobrotkova et al 2018,10.1016/J.ENPOL.2018.03.036,BRA,BR,Brazil,non-OECD,Solar PV,2014,WACC (nominal after-tax),5.70%,value calculated for meta analysis,n/a,n/a,Using corporate tax rate of 34% (BR 2014source KPMG)
academic peer-reviewed study,Dobrotkova et al 2018,10.1016/J.ENPOL.2018.03.036,BRA,BR,Brazil,non-OECD,Solar PV,2015,WACC (nominal pre-tax),8.20%,empirical result,Replication of auction results,Analysis (incl. Interviews)/re-engineering of financial model for winning auction result,n/a
academic peer-reviewed study,Dobrotkova et al 2018,10.1016/J.ENPOL.2018.03.036,BRA,BR,Brazil,non-OECD,Solar PV,2015,WACC (nominal after-tax),5.40%,value calculated for meta analysis,n/a,n/a,Using corporate tax rate of 34% (BR 2015source KPMG)
academic peer-reviewed study,Dobrotkova et al 2018,10.1016/J.ENPOL.2018.03.036,CHL,CL,Chile,OECD,Solar PV,2016,WACC (nominal pre-tax),5.40%,empirical result,Replication of auction results,Analysis (incl. Interviews)/re-engineering of financial model for winning auction result,n/a
academic peer-reviewed study,Dobrotkova et al 2018,10.1016/J.ENPOL.2018.03.036,CHL,CL,Chile,OECD,Solar PV,2016,WACC (nominal after-tax),4.10%,value calculated for meta analysis,n/a,n/a,Using corporate tax rate of 24% (CL 2016source KPMG)
academic peer-reviewed study,Dobrotkova et al 2018,10.1016/J.ENPOL.2018.03.036,CHL,CL,Chile,OECD,Solar PV,2015,WACC (nominal pre-tax),5.60%,empirical result,Replication of auction results,Analysis (incl. Interviews)/re-engineering of financial model for winning auction result,n/a
academic peer-reviewed study,Dobrotkova et al 2018,10.1016/J.ENPOL.2018.03.036,CHL,CL,Chile,OECD,Solar PV,2015,WACC (nominal after-tax),4.30%,value calculated for meta analysis,n/a,n/a,Using corporate tax rate of 24% (CL 2015source KPMG)
academic peer-reviewed study,Dobrotkova et al 2018,10.1016/J.ENPOL.2018.03.036,SLV,SV,El Salvador,non-OECD,Solar PV,2014,WACC (nominal pre-tax),6.90%,empirical result,Replication of auction results,Analysis (incl. Interviews)/re-engineering of financial model for winning auction result,n/a
academic peer-reviewed study,Dobrotkova et al 2018,10.1016/J.ENPOL.2018.03.036,SLV,SV,El Salvador,non-OECD,Solar PV,2014,WACC (nominal after-tax),4.80%,value calculated for meta analysis,n/a,n/a,Using corporate tax rate of 30% (SV 2014source KPMG)
academic peer-reviewed study,Dobrotkova et al 2018,10.1016/J.ENPOL.2018.03.036,GTM,GT,Guatemala,non-OECD,Solar PV,2014,WACC (nominal pre-tax),11.80%,empirical result,Replication of auction results,Analysis (incl. Interviews)/re-engineering of financial model for winning auction result,n/a
academic peer-reviewed study,Dobrotkova et al 2018,10.1016/J.ENPOL.2018.03.036,GTM,GT,Guatemala,non-OECD,Solar PV,2014,WACC (nominal after-tax),8.50%,value calculated for meta analysis,n/a,n/a,Using corporate tax rate of 28% (GT 2014source KPMG)
academic peer-reviewed study,Dobrotkova et al 2018,10.1016/J.ENPOL.2018.03.036,IND,IN,India,non-OECD,Solar PV,2013,WACC (nominal pre-tax),14.20%,empirical result,Replication of auction results,Analysis (incl. Interviews)/re-engineering of financial model for winning auction result,n/a
academic peer-reviewed study,Dobrotkova et al 2018,10.1016/J.ENPOL.2018.03.036,IND,IN,India,non-OECD,Solar PV,2013,WACC (nominal after-tax),9.40%,value calculated for meta analysis,n/a,n/a,Using corporate tax rate of 33.99% (IN 2013source KPMG)
academic peer-reviewed study,Dobrotkova et al 2018,10.1016/J.ENPOL.2018.03.036,IND,IN,India,non-OECD,Solar PV,2014,WACC (nominal pre-tax),13.70%,empirical result,Replication of auction results,Analysis (incl. Interviews)/re-engineering of financial model for winning auction result (average of 4 deals),n/a
academic peer-reviewed study,Dobrotkova et al 2018,10.1016/J.ENPOL.2018.03.036,IND,IN,India,non-OECD,Solar PV,2014,WACC (nominal after-tax),9.00%,value calculated for meta analysis,n/a,n/a,Using corporate tax rate of 33.99% (IN 2014source KPMG)
academic peer-reviewed study,Dobrotkova et al 2018,10.1016/J.ENPOL.2018.03.036,IND,IN,India,non-OECD,Solar PV,2015,WACC (nominal pre-tax),14.50%,empirical result,Replication of auction results,Analysis (incl. Interviews)/re-engineering of financial model for winning auction result,n/a
academic peer-reviewed study,Dobrotkova et al 2018,10.1016/J.ENPOL.2018.03.036,IND,IN,India,non-OECD,Solar PV,2015,WACC (nominal after-tax),9.50%,value calculated for meta analysis,n/a,n/a,Using corporate tax rate of 34.61% (IN 2015source KPMG)
academic peer-reviewed study,Dobrotkova et al 2018,10.1016/J.ENPOL.2018.03.036,JAM,JM,Jamaica,non-OECD,Solar PV,2016,WACC (nominal pre-tax),5.20%,empirical result,Replication of auction results,Analysis (incl. Interviews)/re-engineering of financial model for winning auction result,n/a
academic peer-reviewed study,Dobrotkova et al 2018,10.1016/J.ENPOL.2018.03.036,JAM,JM,Jamaica,non-OECD,Solar PV,2016,WACC (nominal after-tax),3.90%,value calculated for meta analysis,n/a,n/a,n/a
academic peer-reviewed study,Dobrotkova et al 2018,10.1016/J.ENPOL.2018.03.036,JOR,JO,Jordan,non-OECD,Solar PV,2015,WACC (nominal pre-tax),5.70%,empirical result,Replication of auction results,Analysis (incl. Interviews)/re-engineering of financial model for winning auction result (average of 4 deals),n/a
academic peer-reviewed study,Dobrotkova et al 2018,10.1016/J.ENPOL.2018.03.036,JOR,JO,Jordan,non-OECD,Solar PV,2015,WACC (nominal after-tax),4.50%,value calculated for meta analysis,n/a,n/a,Using corporate tax rate of 20% (JO 2015source KPMG)
academic peer-reviewed study,Dobrotkova et al 2018,10.1016/J.ENPOL.2018.03.036,MEX,MX,Mexico,OECD,Solar PV,2016,WACC (nominal pre-tax),6.40%,empirical result,Replication of auction results,Analysis (incl. Interviews)/re-engineering of financial model for winning auction result (average of 6 deals),n/a
academic peer-reviewed study,Dobrotkova et al 2018,10.1016/J.ENPOL.2018.03.036,MEX,MX,Mexico,OECD,Solar PV,2016,WACC (nominal after-tax),4.50%,value calculated for meta analysis,n/a,n/a,Using corporate tax rate of 30% (MX 2016source KPMG)
academic peer-reviewed study,Dobrotkova et al 2018,10.1016/J.ENPOL.2018.03.036,PER,PE,Peru,non-OECD,Solar PV,2015,WACC (nominal pre-tax),6.00%,empirical result,Replication of auction results,Analysis (incl. Interviews)/re-engineering of financial model for winning auction result,n/a
academic peer-reviewed study,Dobrotkova et al 2018,10.1016/J.ENPOL.2018.03.036,PER,PE,Peru,non-OECD,Solar PV,2015,WACC (nominal after-tax),4.30%,value calculated for meta analysis,n/a,n/a,Using corporate tax rate of 28% (PE 2015source KPMG)
academic peer-reviewed study,Dobrotkova et al 2018,10.1016/J.ENPOL.2018.03.036,PER,PE,Peru,non-OECD,Solar PV,2016,WACC (nominal pre-tax),4.00%,empirical result,Replication of auction results,Analysis (incl. Interviews)/re-engineering of financial model for winning auction result (average of 4 deals),n/a
academic peer-reviewed study,Dobrotkova et al 2018,10.1016/J.ENPOL.2018.03.036,PER,PE,Peru,non-OECD,Solar PV,2016,WACC (nominal after-tax),2.90%,value calculated for meta analysis,n/a,n/a,Using corporate tax rate of 28% (PE 2016source KPMG)
academic peer-reviewed study,Dobrotkova et al 2018,10.1016/J.ENPOL.2018.03.036,ZAF,ZA,South Africa,non-OECD,Solar PV,2013,WACC (nominal pre-tax),7.30%,empirical result,Replication of auction results,Analysis (incl. Interviews)/re-engineering of financial model for winning auction result (average of 3 deals),n/a
academic peer-reviewed study,Dobrotkova et al 2018,10.1016/J.ENPOL.2018.03.036,ZAF,ZA,South Africa,non-OECD,Solar PV,2013,WACC (nominal after-tax),5.30%,value calculated for meta analysis,n/a,n/a,Using corporate tax rate of 28% (ZA 2013source KPMG)
academic peer-reviewed study,Dobrotkova et al 2018,10.1016/J.ENPOL.2018.03.036,ZAF,ZA,South Africa,non-OECD,Solar PV,2015,WACC (nominal pre-tax),8.00%,empirical result,Replication of auction results,Analysis (incl. Interviews)/re-engineering of financial model for winning auction result (average of 3 deals),n/a
academic peer-reviewed study,Dobrotkova et al 2018,10.1016/J.ENPOL.2018.03.036,ZAF,ZA,South Africa,non-OECD,Solar PV,2015,WACC (nominal after-tax),5.80%,value calculated for meta analysis,n/a,n/a,Using corporate tax rate of 28% (ZA 2015source KPMG)
academic peer-reviewed study,Dobrotkova et al 2018,10.1016/J.ENPOL.2018.03.036,UGA,UG,Uganda,non-OECD,Solar PV,2014,WACC (nominal pre-tax),9.40%,empirical result,Replication of auction results,Analysis (incl. Interviews)/re-engineering of financial model for winning auction result,n/a
academic peer-reviewed study,Dobrotkova et al 2018,10.1016/J.ENPOL.2018.03.036,UGA,UG,Uganda,non-OECD,Solar PV,2014,WACC (nominal after-tax),6.60%,value calculated for meta analysis,n/a,n/a,Using corporate tax rate of 30% (UG 2014source KPMG)
academic peer-reviewed study,Dobrotkova et al 2018,10.1016/J.ENPOL.2018.03.036,ARE,AE,United Arab Emirates,non-OECD,Solar PV,2014,WACC (nominal pre-tax),5.00%,empirical result,Replication of auction results,Analysis (incl. Interviews)/re-engineering of financial model for winning auction result,n/a
academic peer-reviewed study,Dobrotkova et al 2018,10.1016/J.ENPOL.2018.03.036,ARE,AE,United Arab Emirates,non-OECD,Solar PV,2014,WACC (nominal after-tax),5.00%,value calculated for meta analysis,n/a,n/a,No corporate tax rate applied except for foreign oil companies and banks (AE 2014source KPMG)
academic peer-reviewed study,Dobrotkova et al 2018,10.1016/J.ENPOL.2018.03.036,ARE,AE,United Arab Emirates,non-OECD,Solar PV,2016,WACC (nominal pre-tax),5.20%,empirical result,Replication of auction results,Analysis (incl. Interviews)/re-engineering of financial model for winning auction result,n/a
academic peer-reviewed study,Dobrotkova et al 2018,10.1016/J.ENPOL.2018.03.036,ARE,AE,United Arab Emirates,non-OECD,Solar PV,2016,WACC (nominal after-tax),5.20%,value calculated for meta analysis,n/a,n/a,No corporate tax rate applied except for foreign oil companies and banks (AE 2016source KPMG)
academic peer-reviewed study,Dobrotkova et al 2018,10.1016/J.ENPOL.2018.03.036,ZMB,ZM,Zambia,non-OECD,Solar PV,2016,WACC (nominal pre-tax),5.90%,empirical result,Replication of auction results,Analysis (incl. Interviews)/re-engineering of financial model for winning auction result (average of 2 deals),n/a
academic peer-reviewed study,Dobrotkova et al 2018,10.1016/J.ENPOL.2018.03.036,ZMB,ZM,Zambia,non-OECD,Solar PV,2016,WACC (nominal after-tax),3.80%,value calculated for meta analysis,n/a,n/a,Using corporate tax rate of 35% (ZM 2016source KPMG)
academic peer-reviewed study,Donovan/Nunez 2012,10.1016/J.ENPOL.2010.06.060,CHN,CN,China,non-OECD,Mix of wind solar biomass hydro,2009,Return on equity,9.70%,empirical result,Analysis of financial market data,Average of two estimates based on financial market data (sample of 21 firms),n/a
academic peer-reviewed study,Donovan/Nunez 2012,10.1016/J.ENPOL.2010.06.060,BRA,BR,Brazil,non-OECD,Mix of wind solar biomass hydro,2009,Return on equity,12.90%,empirical result,Analysis of financial market data,Average of two estimates based on financial market data (sample of 20 firms),n/a
academic peer-reviewed study,Donovan/Nunez 2012,10.1016/J.ENPOL.2010.06.060,IND,IN,India,non-OECD,Mix of wind solar biomass hydro,2009,Return on equity,16.90%,empirical result,Analysis of financial market data,Average of two estimates based on financial market data (sample of 19 firms),n/a
academic peer-reviewed study,Lorenzoni/Bano 2009,10.1504/IJEP.2009.027145,ITA,IT,Italy,OECD,Wind onshore,2007,Cost of debt,5.20%,empirical result,Elicitation of project finance data,Deal data surveyed from financial institutions,n/a
academic peer-reviewed study,Lorenzoni/Bano 2009,10.1504/IJEP.2009.027145,ITA,IT,Italy,OECD,Wind onshore,2007,Return on equity,20.00%,empirical result,Elicitation of project finance data,Deal data surveyed from financial institutions,n/a
academic peer-reviewed study,Lorenzoni/Bano 2009,10.1504/IJEP.2009.027145,ITA,IT,Italy,OECD,Wind onshore,2007,Leverage (debt share),80.00%,empirical result,Elicitation of project finance data,Deal data surveyed from financial institutions,n/a
academic peer-reviewed study,Lorenzoni/Bano 2009,10.1504/IJEP.2009.027145,ITA,IT,Italy,OECD,Wind onshore,2007,WACC (nominal vanilla),8.20%,empirical result,Elicitation of project finance data,Deal data surveyed from financial institutions,n/a
academic peer-reviewed study,Lorenzoni/Bano 2009,10.1504/IJEP.2009.027145,ITA,IT,Italy,OECD,Wind onshore,2007,WACC (nominal after-tax),6.60%,value calculated for meta analysis,n/a,n/a,Using corporate tax rate of 37.25% (IT 2007source KPMG)
academic peer-reviewed study,Lorenzoni/Bano 2009,10.1504/IJEP.2009.027145,ITA,IT,Italy,OECD,Solar PV,2007,Cost of debt,4.00%,empirical result,Elicitation of project finance data,Deal data surveyed from financial institutions,n/a
academic peer-reviewed study,Lorenzoni/Bano 2009,10.1504/IJEP.2009.027145,ITA,IT,Italy,OECD,Solar PV,2007,Return on equity,20.00%,empirical result,Elicitation of project finance data,Deal data surveyed from financial institutions,n/a
academic peer-reviewed study,Lorenzoni/Bano 2009,10.1504/IJEP.2009.027145,ITA,IT,Italy,OECD,Solar PV,2007,Leverage (debt share),100.00%,empirical result,Elicitation of project finance data,Deal data surveyed from financial institutions. 100% leverage double-checked: was reported in study,n/a
academic peer-reviewed study,Lorenzoni/Bano 2009,10.1504/IJEP.2009.027145,ITA,IT,Italy,OECD,Solar PV,2007,WACC (nominal vanilla),4.00%,empirical result,Elicitation of project finance data,Deal data surveyed from financial institutions,n/a
academic peer-reviewed study,Lorenzoni/Bano 2009,10.1504/IJEP.2009.027145,ITA,IT,Italy,OECD,Solar PV,2007,WACC (nominal after-tax),2.50%,value calculated for meta analysis,n/a,n/a,Using corporate tax rate of 37.25% (IT 2007source KPMG)
academic peer-reviewed study,Kitzing/Weber 2015,10.5278/IJSEPM.2015.7.9,DEU,DE,Germany,OECD,Wind offshore,2014,Cost of debt,5.20%,empirical result,Analysis of financial market data,Estimated based on financial market data and archival documents,n/a
academic peer-reviewed study,Kitzing/Weber 2015,10.5278/IJSEPM.2015.7.9,DEU,DE,Germany,OECD,Wind offshore,2014,Leverage (debt share),62.00%,empirical result,Analysis of financial market data,Estimated based on financial market data and archival documents (average of 3 deals),n/a
academic peer-reviewed study,Kitzing/Weber 2015,10.5278/IJSEPM.2015.7.9,DEU,DE,Germany,OECD,Wind offshore,2014,Debt margin on gov bond,3.60%,empirical result,Analysis of financial market data,Estimated based on financial market data and archival documents (includes 0.3% swap premium),n/a
academic peer-reviewed study,Kitzing/Weber 2015,10.5278/IJSEPM.2015.7.9,DEU,DE,Germany,OECD,Wind offshore,2014,Return on equity,7.20%,empirical result,Analysis of financial market data,Estimated based on financial market data and archival documents,n/a
academic peer-reviewed study,Kitzing/Weber 2015,10.5278/IJSEPM.2015.7.9,DEU,DE,Germany,OECD,Wind offshore,2014,WACC (nominal after-tax),5.00%,value calculated for meta analysis,n/a,n/a,Using corporate tax rate of 29.58% (DE 2014source KPMG)
academic peer-reviewed study,Ardani et al 2013,10.1109/PVSC.2013.6745192,USA,US,United States,OECD,Solar PV,2012,WACC (real vanilla),3.30%,empirical result,Survey of expert estimates,Interviews and archival documents (for commercial PV. case of on-balance-sheet equity with bonding or bank debt),n/a
academic peer-reviewed study,Ardani et al 2013,10.1109/PVSC.2013.6745192,USA,US,United States,OECD,Solar PV,2012,WACC (nominal vanilla),6.00%,value calculated for meta analysis,n/a,n/a,Using inflation rate of 2.6% as provided in article
academic peer-reviewed study,Wood/Ross 2012,https://searchworks.stanford.edu/view/13048247,DNK,DK,Denmark,OECD,Wind onshore,2008,Cost of debt,5.00%,empirical result,Survey of expert estimates,Deal details and archival documents (compiled by national institutions. IEA task),n/a
academic peer-reviewed study,Wood/Ross 2012,https://searchworks.stanford.edu/view/13048247,DNK,DK,Denmark,OECD,Wind onshore,2008,Return on equity,11.00%,empirical result,Survey of expert estimates,Deal details and archival documents (compiled by national institutions. IEA task),n/a
academic peer-reviewed study,Wood/Ross 2012,https://searchworks.stanford.edu/view/13048247,DNK,DK,Denmark,OECD,Wind onshore,2008,WACC (nominal after-tax),5.20%,empirical result,Survey of expert estimates,Deal details and archival documents (compiled by national institutions. IEA task),n/a
academic peer-reviewed study,Wood/Ross 2012,https://searchworks.stanford.edu/view/13048247,DNK,DK,Denmark,OECD,Wind onshore,2008,Leverage (debt share),80.00%,empirical result,Survey of expert estimates,Deal details and archival documents (compiled by national institutions. IEA task),n/a
academic peer-reviewed study,Wood/Ross 2012,https://searchworks.stanford.edu/view/13048247,DEU,DE,Germany,OECD,Wind onshore,2008,Cost of debt,5.50%,empirical result,Survey of expert estimates,Deal details and archival documents (compiled by national institutions. IEA task),n/a
academic peer-reviewed study,Wood/Ross 2012,https://searchworks.stanford.edu/view/13048247,DEU,DE,Germany,OECD,Wind onshore,2008,Return on equity,9.50%,empirical result,Survey of expert estimates,Deal details and archival documents (compiled by national institutions. IEA task),n/a
academic peer-reviewed study,Wood/Ross 2012,https://searchworks.stanford.edu/view/13048247,DEU,DE,Germany,OECD,Wind onshore,2008,WACC (nominal after-tax),5.60%,empirical result,Survey of expert estimates,Deal details and archival documents (compiled by national institutions. IEA task),n/a
academic peer-reviewed study,Wood/Ross 2012,https://searchworks.stanford.edu/view/13048247,DEU,DE,Germany,OECD,Wind onshore,2008,Leverage (debt share),70.00%,empirical result,Survey of expert estimates,Deal details and archival documents (compiled by national institutions. IEA task),n/a
academic peer-reviewed study,Wood/Ross 2012,https://searchworks.stanford.edu/view/13048247,NLD,NL,Netherlands,OECD,Wind onshore,2008,Cost of debt,5.00%,empirical result,Survey of expert estimates,Deal details and archival documents (compiled by national institutions. IEA task),n/a
academic peer-reviewed study,Wood/Ross 2012,https://searchworks.stanford.edu/view/13048247,NLD,NL,Netherlands,OECD,Wind onshore,2008,Return on equity,15.00%,empirical result,Survey of expert estimates,Deal details and archival documents (compiled by national institutions. IEA task),n/a
academic peer-reviewed study,Wood/Ross 2012,https://searchworks.stanford.edu/view/13048247,NLD,NL,Netherlands,OECD,Wind onshore,2008,WACC (nominal after-tax),6.00%,empirical result,Survey of expert estimates,Deal details and archival documents (compiled by national institutions. IEA task),n/a
academic peer-reviewed study,Wood/Ross 2012,https://searchworks.stanford.edu/view/13048247,NLD,NL,Netherlands,OECD,Wind onshore,2008,Leverage (debt share),80.00%,empirical result,Survey of expert estimates,Deal details and archival documents (compiled by national institutions. IEA task),n/a
academic peer-reviewed study,Wood/Ross 2012,https://searchworks.stanford.edu/view/13048247,ESP,ES,Spain,OECD,Wind onshore,2008,Cost of debt,7.00%,empirical result,Survey of expert estimates,Deal details and archival documents (compiled by national institutions. IEA task),n/a
academic peer-reviewed study,Wood/Ross 2012,https://searchworks.stanford.edu/view/13048247,ESP,ES,Spain,OECD,Wind onshore,2008,Return on equity,10.00%,empirical result,Survey of expert estimates,Deal details and archival documents (compiled by national institutions. IEA task),n/a
academic peer-reviewed study,Wood/Ross 2012,https://searchworks.stanford.edu/view/13048247,ESP,ES,Spain,OECD,Wind onshore,2008,WACC (nominal after-tax),5.90%,empirical result,Survey of expert estimates,Deal details and archival documents (compiled by national institutions. IEA task),n/a
academic peer-reviewed study,Wood/Ross 2012,https://searchworks.stanford.edu/view/13048247,ESP,ES,Spain,OECD,Wind onshore,2008,Leverage (debt share),80.00%,empirical result,Survey of expert estimates,Deal details and archival documents (compiled by national institutions. IEA task),n/a
academic peer-reviewed study,Wood/Ross 2012,https://searchworks.stanford.edu/view/13048247,SWE,SE,Sweden,OECD,Wind onshore,2008,Cost of debt,5.00%,empirical result,Survey of expert estimates,Deal details and archival documents (compiled by national institutions. IEA task),n/a
academic peer-reviewed study,Wood/Ross 2012,https://searchworks.stanford.edu/view/13048247,SWE,SE,Sweden,OECD,Wind onshore,2008,Return on equity,12.00%,empirical result,Survey of expert estimates,Deal details and archival documents (compiled by national institutions. IEA task),n/a
academic peer-reviewed study,Wood/Ross 2012,https://searchworks.stanford.edu/view/13048247,SWE,SE,Sweden,OECD,Wind onshore,2008,WACC (nominal after-tax),4.70%,empirical result,Survey of expert estimates,Deal details and archival documents (compiled by national institutions. IEA task),n/a
academic peer-reviewed study,Wood/Ross 2012,https://searchworks.stanford.edu/view/13048247,SWE,SE,Sweden,OECD,Wind onshore,2008,Leverage (debt share),87.00%,empirical result,Survey of expert estimates,Deal details and archival documents (compiled by national institutions. IEA task),n/a
academic peer-reviewed study,Wood/Ross 2012,https://searchworks.stanford.edu/view/13048247,CHE,CH,Switzerland,OECD,Wind onshore,2008,Cost of debt,5.00%,empirical result,Survey of expert estimates,Deal details and archival documents (compiled by national institutions. IEA task),n/a
academic peer-reviewed study,Wood/Ross 2012,https://searchworks.stanford.edu/view/13048247,CHE,CH,Switzerland,OECD,Wind onshore,2008,Return on equity,7.00%,empirical result,Survey of expert estimates,Deal details and archival documents (compiled by national institutions. IEA task),n/a
academic peer-reviewed study,Wood/Ross 2012,https://searchworks.stanford.edu/view/13048247,CHE,CH,Switzerland,OECD,Wind onshore,2008,WACC (nominal after-tax),4.90%,empirical result,Survey of expert estimates,Deal details and archival documents (compiled by national institutions. IEA task),n/a
academic peer-reviewed study,Wood/Ross 2012,https://searchworks.stanford.edu/view/13048247,CHE,CH,Switzerland,OECD,Wind onshore,2008,Leverage (debt share),70.00%,empirical result,Survey of expert estimates,Deal details and archival documents (compiled by national institutions. IEA task),n/a
academic peer-reviewed study,Wood/Ross 2012,https://searchworks.stanford.edu/view/13048247,USA,US,United States,OECD,Wind onshore,2008,Cost of debt,6.00%,empirical result,Survey of expert estimates,Deal details and archival documents (compiled by national institutions. IEA task),n/a
academic peer-reviewed study,Wood/Ross 2012,https://searchworks.stanford.edu/view/13048247,USA,US,United States,OECD,Wind onshore,2008,Return on equity,7.50%,empirical result,Survey of expert estimates,Deal details and archival documents (compiled by national institutions. IEA task),n/a
academic peer-reviewed study,Wood/Ross 2012,https://searchworks.stanford.edu/view/13048247,USA,US,United States,OECD,Wind onshore,2008,WACC (nominal after-tax),7.50%,empirical result,Survey of expert estimates,Deal details and archival documents (compiled by national institutions. IEA task),n/a
academic peer-reviewed study,Wood/Ross 2012,https://searchworks.stanford.edu/view/13048247,USA,US,United States,OECD,Wind onshore,2008,Leverage (debt share),0.00%,empirical result,Survey of expert estimates,Deal details and archival documents (compiled by national institutions. IEA task),n/a
academic peer-reviewed study,Wood/Ross 2012,https://searchworks.stanford.edu/view/13048247,USA,US,United States,OECD,Wind onshore,2008,Cost of debt,4.50%,empirical result,Survey of expert estimates,Deal details and archival documents (compiled by national institutions. IEA task),n/a
academic peer-reviewed study,Wood/Ross 2012,https://searchworks.stanford.edu/view/13048247,DNK,DK,Denmark,OECD,Wind offshore,2008,Return on equity,11.20%,empirical result,Survey of expert estimates,Deal details and archival documents (compiled by national institutions. IEA task),n/a
academic peer-reviewed study,Wood/Ross 2012,https://searchworks.stanford.edu/view/13048247,DNK,DK,Denmark,OECD,Wind offshore,2008,WACC (nominal after-tax),9.20%,empirical result,Survey of expert estimates,Deal details and archival documents (compiled by national institutions. IEA task),n/a
academic peer-reviewed study,Wood/Ross 2012,https://searchworks.stanford.edu/view/13048247,DNK,DK,Denmark,OECD,Wind offshore,2008,Leverage (debt share),26.00%,empirical result,Survey of expert estimates,Deal details and archival documents (compiled by national institutions. IEA task),n/a
academic peer-reviewed study,Wood/Ross 2012,https://searchworks.stanford.edu/view/13048247,DEU,DE,Germany,OECD,Wind offshore,2008,Cost of debt,6.50%,empirical result,Survey of expert estimates,Deal details and archival documents (compiled by national institutions. IEA task),n/a
academic peer-reviewed study,Wood/Ross 2012,https://searchworks.stanford.edu/view/13048247,DEU,DE,Germany,OECD,Wind offshore,2008,Return on equity,15.00%,empirical result,Survey of expert estimates,Deal details and archival documents (compiled by national institutions. IEA task),n/a
academic peer-reviewed study,Wood/Ross 2012,https://searchworks.stanford.edu/view/13048247,DEU,DE,Germany,OECD,Wind offshore,2008,WACC (nominal after-tax),7.70%,empirical result,Survey of expert estimates,Deal details and archival documents (compiled by national institutions. IEA task),n/a
academic peer-reviewed study,Wood/Ross 2012,https://searchworks.stanford.edu/view/13048247,DEU,DE,Germany,OECD,Wind offshore,2008,Leverage (debt share),70.00%,empirical result,Survey of expert estimates,Deal details and archival documents (compiled by national institutions. IEA task),n/a
academic peer-reviewed study,Wood/Ross 2012,https://searchworks.stanford.edu/view/13048247,NLD,NL,Netherlands,OECD,Wind offshore,2007,Cost of debt,5.00%,empirical result,Survey of expert estimates,Deal details and archival documents (compiled by national institutions. IEA task),n/a
academic peer-reviewed study,Wood/Ross 2012,https://searchworks.stanford.edu/view/13048247,NLD,NL,Netherlands,OECD,Wind offshore,2007,Return on equity,12.00%,empirical result,Survey of expert estimates,Deal details and archival documents (compiled by national institutions. IEA task),n/a
academic peer-reviewed study,Wood/Ross 2012,https://searchworks.stanford.edu/view/13048247,NLD,NL,Netherlands,OECD,Wind offshore,2007,WACC (nominal after-tax),7.90%,empirical result,Survey of expert estimates,Deal details and archival documents (compiled by national institutions. IEA task),n/a
academic peer-reviewed study,Wood/Ross 2012,https://searchworks.stanford.edu/view/13048247,NLD,NL,Netherlands,OECD,Wind offshore,2007,Leverage (debt share),50.00%,empirical result,Survey of expert estimates,Deal details and archival documents (compiled by national institutions. IEA task),n/a
academic peer-reviewed study,Voormolen et al 2016,10.1016/J.ENPOL.2015.10.047,GBR,GB,United Kingdom,OECD,Wind offshore,2012,WACC (nominal after-tax),13.50%,empirical result,Survey of expert estimates,Archival documents and expert interviews on influence of country-specific risks,n/a
academic peer-reviewed study,Voormolen et al 2016,10.1016/J.ENPOL.2015.10.047,BEL,BE,Belgium,OECD,Wind offshore,2012,WACC (nominal after-tax),10.50%,empirical result,Survey of expert estimates,Archival documents and expert interviews on influence of country-specific risks,n/a
academic peer-reviewed study,Voormolen et al 2016,10.1016/J.ENPOL.2015.10.047,DNK,DK,Denmark,OECD,Wind offshore,2012,WACC (nominal after-tax),9.00%,empirical result,Survey of expert estimates,Archival documents and expert interviews on influence of country-specific risks,n/a
academic peer-reviewed study,Voormolen et al 2016,10.1016/J.ENPOL.2015.10.047,DEU,DE,Germany,OECD,Wind offshore,2012,WACC (nominal after-tax),9.00%,empirical result,Survey of expert estimates,Archival documents and expert interviews on influence of country-specific risks,n/a
academic peer-reviewed study,Voormolen et al 2016,10.1016/J.ENPOL.2015.10.047,NLD,NL,Netherlands,OECD,Wind offshore,2012,WACC (nominal after-tax),11.00%,empirical result,Survey of expert estimates,Archival documents and expert interviews on influence of country-specific risks,n/a
academic peer-reviewed study,Voormolen et al 2016,10.1016/J.ENPOL.2015.10.047,GBR,GB,United Kingdom,OECD,Wind offshore,2012,Leverage (debt share),70.00%,assumption in article,n/a,n/a,n/a
academic peer-reviewed study,Voormolen et al 2016,10.1016/J.ENPOL.2015.10.047,BEL,BE,Belgium,OECD,Wind offshore,2012,Leverage (debt share),70.00%,assumption in article,n/a,n/a,n/a
academic peer-reviewed study,Voormolen et al 2016,10.1016/J.ENPOL.2015.10.047,DNK,DK,Denmark,OECD,Wind offshore,2012,Leverage (debt share),70.00%,assumption in article,n/a,n/a,n/a
academic peer-reviewed study,Voormolen et al 2016,10.1016/J.ENPOL.2015.10.047,DEU,DE,Germany,OECD,Wind offshore,2012,Leverage (debt share),70.00%,assumption in article,n/a,n/a,n/a
academic peer-reviewed study,Voormolen et al 2016,10.1016/J.ENPOL.2015.10.047,NLD,NL,Netherlands,OECD,Wind offshore,2012,Leverage (debt share),70.00%,assumption in article,n/a,n/a,n/a
academic peer-reviewed study,Angelopoulos et al 2016,10.1177/0958305X16638573,AUT,AT,Austria,OECD,Wind onshore,2014,WACC (nominal after-tax),6.50%,empirical result,Survey of expert estimates,Combination of interviews and estimate based on financial market data,n/a
academic peer-reviewed study,Angelopoulos et al 2016,10.1177/0958305X16638573,AUT,AT,Austria,OECD,Wind onshore,2014,Return on equity,9.00%,empirical result,Survey of expert estimates,Combination of interviews and estimate based on financial market data (middle of range),n/a
academic peer-reviewed study,Angelopoulos et al 2016,10.1177/0958305X16638573,AUT,AT,Austria,OECD,Wind onshore,2014,Cost of debt,5.00%,empirical result,Survey of expert estimates,Combination of interviews and estimate based on financial market data (middle of range),n/a
academic peer-reviewed study,Angelopoulos et al 2016,10.1177/0958305X16638573,AUT,AT,Austria,OECD,Wind onshore,2014,Leverage (debt share),75.00%,empirical result,Survey of expert estimates,Combination of interviews and estimate based on financial market data,n/a
academic peer-reviewed study,Angelopoulos et al 2016,10.1177/0958305X16638573,BEL,BE,Belgium,OECD,Wind onshore,2014,WACC (nominal after-tax),5.50%,empirical result,Survey of expert estimates,Combination of interviews and estimate based on financial market data (middle of range),n/a
academic peer-reviewed study,Angelopoulos et al 2016,10.1177/0958305X16638573,BEL,BE,Belgium,OECD,Wind onshore,2014,Return on equity,10.80%,empirical result,Survey of expert estimates,Combination of interviews and estimate based on financial market data,n/a
academic peer-reviewed study,Angelopoulos et al 2016,10.1177/0958305X16638573,BEL,BE,Belgium,OECD,Wind onshore,2014,Cost of debt,5.30%,empirical result,Survey of expert estimates,Combination of interviews and estimate based on financial market data,n/a
academic peer-reviewed study,Angelopoulos et al 2016,10.1177/0958305X16638573,BEL,BE,Belgium,OECD,Wind onshore,2014,Leverage (debt share),80.00%,empirical result,Survey of expert estimates,Combination of interviews and estimate based on financial market data,n/a
academic peer-reviewed study,Angelopoulos et al 2016,10.1177/0958305X16638573,BGR,BG,Bulgaria,non-OECD,Wind onshore,2014,WACC (nominal after-tax),10.00%,empirical result,Survey of expert estimates,Combination of interviews and estimate based on financial market data,n/a
academic peer-reviewed study,Angelopoulos et al 2016,10.1177/0958305X16638573,BGR,BG,Bulgaria,non-OECD,Wind onshore,2014,Return on equity,12.50%,empirical result,Survey of expert estimates,Combination of interviews and estimate based on financial market data (middle of range),n/a
academic peer-reviewed study,Angelopoulos et al 2016,10.1177/0958305X16638573,BGR,BG,Bulgaria,non-OECD,Wind onshore,2014,Cost of debt,7.80%,empirical result,Survey of expert estimates,Combination of interviews and estimate based on financial market data (middle of range),n/a
academic peer-reviewed study,Angelopoulos et al 2016,10.1177/0958305X16638573,BGR,BG,Bulgaria,non-OECD,Wind onshore,2014,Leverage (debt share),50.00%,empirical result,Survey of expert estimates,Combination of interviews and estimate based on financial market data,n/a
academic peer-reviewed study,Angelopoulos et al 2016,10.1177/0958305X16638573,HRV,HR,Croatia,non-OECD,Wind onshore,2014,WACC (nominal after-tax),12.00%,empirical result,Survey of expert estimates,Combination of interviews and estimate based on financial market data,n/a
academic peer-reviewed study,Angelopoulos et al 2016,10.1177/0958305X16638573,HRV,HR,Croatia,non-OECD,Wind onshore,2014,Leverage (debt share),70.00%,empirical result,Survey of expert estimates,Combination of interviews and estimate based on financial market data,n/a
academic peer-reviewed study,Angelopoulos et al 2016,10.1177/0958305X16638573,CYP,CY,Cyprus,non-OECD,Wind onshore,2014,WACC (nominal after-tax),10.00%,empirical result,Survey of expert estimates,Combination of interviews and estimate based on financial market data (middle of range),n/a
academic peer-reviewed study,Angelopoulos et al 2016,10.1177/0958305X16638573,CYP,CY,Cyprus,non-OECD,Wind onshore,2014,Return on equity,15.00%,empirical result,Survey of expert estimates,Combination of interviews and estimate based on financial market data,n/a
academic peer-reviewed study,Angelopoulos et al 2016,10.1177/0958305X16638573,CYP,CY,Cyprus,non-OECD,Wind onshore,2014,Cost of debt,6.80%,empirical result,Survey of expert estimates,Combination of interviews and estimate based on financial market data (middle of range),n/a
academic peer-reviewed study,Angelopoulos et al 2016,10.1177/0958305X16638573,CYP,CY,Cyprus,non-OECD,Wind onshore,2014,Leverage (debt share),70.00%,empirical result,Survey of expert estimates,Combination of interviews and estimate based on financial market data,n/a
academic peer-reviewed study,Angelopoulos et al 2016,10.1177/0958305X16638573,CZE,CZ,Czech Republic,OECD,Wind onshore,2014,WACC (nominal after-tax),8.00%,empirical result,Survey of expert estimates,Combination of interviews and estimate based on financial market data,n/a
academic peer-reviewed study,Angelopoulos et al 2016,10.1177/0958305X16638573,CZE,CZ,Czech Republic,OECD,Wind onshore,2014,Return on equity,23.00%,empirical result,Survey of expert estimates,Combination of interviews and estimate based on financial market data,n/a
academic peer-reviewed study,Angelopoulos et al 2016,10.1177/0958305X16638573,CZE,CZ,Czech Republic,OECD,Wind onshore,2014,Cost of debt,7.00%,empirical result,Survey of expert estimates,Combination of interviews and estimate based on financial market data (middle of range),n/a
academic peer-reviewed study,Angelopoulos et al 2016,10.1177/0958305X16638573,CZE,CZ,Czech Republic,OECD,Wind onshore,2014,Leverage (debt share),70.00%,empirical result,Survey of expert estimates,Combination of interviews and estimate based on financial market data,n/a
academic peer-reviewed study,Angelopoulos et al 2016,10.1177/0958305X16638573,DNK,DK,Denmark,OECD,Wind onshore,2014,WACC (nominal after-tax),5.80%,empirical result,Survey of expert estimates,Combination of interviews and estimate based on financial market data (middle of range),n/a
academic peer-reviewed study,Angelopoulos et al 2016,10.1177/0958305X16638573,DNK,DK,Denmark,OECD,Wind onshore,2014,Return on equity,10.60%,empirical result,Survey of expert estimates,Combination of interviews and estimate based on financial market data (middle of range),n/a
academic peer-reviewed study,Angelopoulos et al 2016,10.1177/0958305X16638573,DNK,DK,Denmark,OECD,Wind onshore,2014,Cost of debt,5.00%,empirical result,Survey of expert estimates,Combination of interviews and estimate based on financial market data (middle of range),n/a
academic peer-reviewed study,Angelopoulos et al 2016,10.1177/0958305X16638573,DNK,DK,Denmark,OECD,Wind onshore,2014,Leverage (debt share),80.00%,empirical result,Survey of expert estimates,Combination of interviews and estimate based on financial market data,n/a
academic peer-reviewed study,Angelopoulos et al 2016,10.1177/0958305X16638573,EST,EE,Estonia,OECD,Wind onshore,2014,WACC (nominal after-tax),9.70%,empirical result,Survey of expert estimates,Combination of interviews and estimate based on financial market data (middle of range),n/a
academic peer-reviewed study,Angelopoulos et al 2016,10.1177/0958305X16638573,EST,EE,Estonia,OECD,Wind onshore,2014,Return on equity,17.50%,empirical result,Survey of expert estimates,Combination of interviews and estimate based on financial market data (middle of range),n/a
academic peer-reviewed study,Angelopoulos et al 2016,10.1177/0958305X16638573,EST,EE,Estonia,OECD,Wind onshore,2014,Cost of debt,4.60%,empirical result,Survey of expert estimates,Combination of interviews and estimate based on financial market data (middle of range),n/a
academic peer-reviewed study,Angelopoulos et al 2016,10.1177/0958305X16638573,EST,EE,Estonia,OECD,Wind onshore,2014,Leverage (debt share),65.00%,empirical result,Survey of expert estimates,Combination of interviews and estimate based on financial market data,n/a
academic peer-reviewed study,Angelopoulos et al 2016,10.1177/0958305X16638573,FIN,FI,Finland,OECD,Wind onshore,2014,WACC (nominal after-tax),6.50%,empirical result,Survey of expert estimates,Combination of interviews and estimate based on financial market data (middle of range),n/a
academic peer-reviewed study,Angelopoulos et al 2016,10.1177/0958305X16638573,FIN,FI,Finland,OECD,Wind onshore,2014,Return on equity,13.50%,empirical result,Survey of expert estimates,Combination of interviews and estimate based on financial market data (middle of range),n/a
academic peer-reviewed study,Angelopoulos et al 2016,10.1177/0958305X16638573,FIN,FI,Finland,OECD,Wind onshore,2014,Cost of debt,4.00%,empirical result,Survey of expert estimates,Combination of interviews and estimate based on financial market data (middle of range),n/a
academic peer-reviewed study,Angelopoulos et al 2016,10.1177/0958305X16638573,FIN,FI,Finland,OECD,Wind onshore,2014,Leverage (debt share),75.00%,empirical result,Survey of expert estimates,Combination of interviews and estimate based on financial market data,n/a
academic peer-reviewed study,Angelopoulos et al 2016,10.1177/0958305X16638573,FRA,FR,France,OECD,Wind onshore,2014,WACC (nominal after-tax),5.70%,empirical result,Survey of expert estimates,Combination of interviews and estimate based on financial market data,n/a
academic peer-reviewed study,Angelopoulos et al 2016,10.1177/0958305X16638573,FRA,FR,France,OECD,Wind onshore,2014,Return on equity,11.00%,empirical result,Survey of expert estimates,Combination of interviews and estimate based on financial market data (middle of range),n/a
academic peer-reviewed study,Angelopoulos et al 2016,10.1177/0958305X16638573,FRA,FR,France,OECD,Wind onshore,2014,Cost of debt,5.70%,empirical result,Survey of expert estimates,Combination of interviews and estimate based on financial market data,n/a
academic peer-reviewed study,Angelopoulos et al 2016,10.1177/0958305X16638573,FRA,FR,France,OECD,Wind onshore,2014,Leverage (debt share),80.00%,empirical result,Survey of expert estimates,Combination of interviews and estimate based on financial market data,n/a
academic peer-reviewed study,Angelopoulos et al 2016,10.1177/0958305X16638573,DEU,DE,Germany,OECD,Wind onshore,2014,WACC (nominal after-tax),4.00%,empirical result,Survey of expert estimates,Combination of interviews and estimate based on financial market data (middle of range),n/a
academic peer-reviewed study,Angelopoulos et al 2016,10.1177/0958305X16638573,DEU,DE,Germany,OECD,Wind onshore,2014,Return on equity,7.50%,empirical result,Survey of expert estimates,Combination of interviews and estimate based on financial market data (middle of range),n/a
academic peer-reviewed study,Angelopoulos et al 2016,10.1177/0958305X16638573,DEU,DE,Germany,OECD,Wind onshore,2014,Cost of debt,2.50%,empirical result,Survey of expert estimates,Combination of interviews and estimate based on financial market data (middle of range),n/a
academic peer-reviewed study,Angelopoulos et al 2016,10.1177/0958305X16638573,DEU,DE,Germany,OECD,Wind onshore,2014,Leverage (debt share),80.00%,empirical result,Survey of expert estimates,Combination of interviews and estimate based on financial market data,n/a
academic peer-reviewed study,Angelopoulos et al 2016,10.1177/0958305X16638573,GRC,GR,Greece,OECD,Wind onshore,2014,WACC (nominal after-tax),12.00%,empirical result,Survey of expert estimates,Combination of interviews and estimate based on financial market data,n/a
academic peer-reviewed study,Angelopoulos et al 2016,10.1177/0958305X16638573,GRC,GR,Greece,OECD,Wind onshore,2014,Return on equity,15.00%,empirical result,Survey of expert estimates,Combination of interviews and estimate based on financial market data (middle of range),n/a
academic peer-reviewed study,Angelopoulos et al 2016,10.1177/0958305X16638573,GRC,GR,Greece,OECD,Wind onshore,2014,Cost of debt,10.50%,empirical result,Survey of expert estimates,Combination of interviews and estimate based on financial market data (middle of range),n/a
academic peer-reviewed study,Angelopoulos et al 2016,10.1177/0958305X16638573,GRC,GR,Greece,OECD,Wind onshore,2014,Leverage (debt share),55.00%,empirical result,Survey of expert estimates,Combination of interviews and estimate based on financial market data,n/a
academic peer-reviewed study,Angelopoulos et al 2016,10.1177/0958305X16638573,HUN,HU,Hungary,OECD,Wind onshore,2014,WACC (nominal after-tax),11.30%,empirical result,Survey of expert estimates,Combination of interviews and estimate based on financial market data,n/a
academic peer-reviewed study,Angelopoulos et al 2016,10.1177/0958305X16638573,HUN,HU,Hungary,OECD,Wind onshore,2014,Return on equity,14.50%,empirical result,Survey of expert estimates,Combination of interviews and estimate based on financial market data (middle of range),n/a
academic peer-reviewed study,Angelopoulos et al 2016,10.1177/0958305X16638573,HUN,HU,Hungary,OECD,Wind onshore,2014,Cost of debt,9.00%,empirical result,Survey of expert estimates,Combination of interviews and estimate based on financial market data (middle of range),n/a
academic peer-reviewed study,Angelopoulos et al 2016,10.1177/0958305X16638573,HUN,HU,Hungary,OECD,Wind onshore,2014,Leverage (debt share),65.00%,empirical result,Survey of expert estimates,Combination of interviews and estimate based on financial market data,n/a
academic peer-reviewed study,Angelopoulos et al 2016,10.1177/0958305X16638573,IRL,IE,Ireland,OECD,Wind onshore,2014,WACC (nominal after-tax),9.00%,empirical result,Survey of expert estimates,Combination of interviews and estimate based on financial market data,n/a
academic peer-reviewed study,Angelopoulos et al 2016,10.1177/0958305X16638573,IRL,IE,Ireland,OECD,Wind onshore,2014,Return on equity,11.50%,empirical result,Survey of expert estimates,Combination of interviews and estimate based on financial market data (middle of range),n/a
academic peer-reviewed study,Angelopoulos et al 2016,10.1177/0958305X16638573,IRL,IE,Ireland,OECD,Wind onshore,2014,Cost of debt,7.00%,empirical result,Survey of expert estimates,Combination of interviews and estimate based on financial market data (middle of range),n/a
academic peer-reviewed study,Angelopoulos et al 2016,10.1177/0958305X16638573,IRL,IE,Ireland,OECD,Wind onshore,2014,Leverage (debt share),70.00%,empirical result,Survey of expert estimates,Combination of interviews and estimate based on financial market data,n/a
academic peer-reviewed study,Angelopoulos et al 2016,10.1177/0958305X16638573,ITA,IT,Italy,OECD,Wind onshore,2014,WACC (nominal after-tax),8.00%,empirical result,Survey of expert estimates,Combination of interviews and estimate based on financial market data (middle of range),n/a
academic peer-reviewed study,Angelopoulos et al 2016,10.1177/0958305X16638573,ITA,IT,Italy,OECD,Wind onshore,2014,Return on equity,11.50%,empirical result,Survey of expert estimates,Combination of interviews and estimate based on financial market data (middle of range),n/a
academic peer-reviewed study,Angelopoulos et al 2016,10.1177/0958305X16638573,ITA,IT,Italy,OECD,Wind onshore,2014,Cost of debt,9.00%,empirical result,Survey of expert estimates,Combination of interviews and estimate based on financial market data (middle of range),n/a
academic peer-reviewed study,Angelopoulos et al 2016,10.1177/0958305X16638573,ITA,IT,Italy,OECD,Wind onshore,2014,Leverage (debt share),65.00%,empirical result,Survey of expert estimates,Combination of interviews and estimate based on financial market data,n/a
academic peer-reviewed study,Angelopoulos et al 2016,10.1177/0958305X16638573,LVA,LV,Latvia,OECD,Wind onshore,2014,WACC (nominal after-tax),9.30%,empirical result,Survey of expert estimates,Combination of interviews and estimate based on financial market data,n/a
academic peer-reviewed study,Angelopoulos et al 2016,10.1177/0958305X16638573,LVA,LV,Latvia,OECD,Wind onshore,2014,Return on equity,16.10%,empirical result,Survey of expert estimates,Combination of interviews and estimate based on financial market data,n/a
academic peer-reviewed study,Angelopoulos et al 2016,10.1177/0958305X16638573,LVA,LV,Latvia,OECD,Wind onshore,2014,Cost of debt,6.00%,empirical result,Survey of expert estimates,Combination of interviews and estimate based on financial market data,n/a
academic peer-reviewed study,Angelopoulos et al 2016,10.1177/0958305X16638573,LVA,LV,Latvia,OECD,Wind onshore,2014,Leverage (debt share),70.00%,empirical result,Survey of expert estimates,Combination of interviews and estimate based on financial market data,n/a
academic peer-reviewed study,Angelopoulos et al 2016,10.1177/0958305X16638573,LTU,LT,Lithuania,OECD,Wind onshore,2014,WACC (nominal after-tax),8.50%,empirical result,Survey of expert estimates,Combination of interviews and estimate based on financial market data (middle of range),n/a
academic peer-reviewed study,Angelopoulos et al 2016,10.1177/0958305X16638573,LTU,LT,Lithuania,OECD,Wind onshore,2014,Return on equity,16.60%,empirical result,Survey of expert estimates,Combination of interviews and estimate based on financial market data,n/a
academic peer-reviewed study,Angelopoulos et al 2016,10.1177/0958305X16638573,LTU,LT,Lithuania,OECD,Wind onshore,2014,Cost of debt,6.00%,empirical result,Survey of expert estimates,Combination of interviews and estimate based on financial market data,n/a
academic peer-reviewed study,Angelopoulos et al 2016,10.1177/0958305X16638573,LTU,LT,Lithuania,OECD,Wind onshore,2014,Leverage (debt share),70.00%,empirical result,Survey of expert estimates,Combination of interviews and estimate based on financial market data,n/a
academic peer-reviewed study,Angelopoulos et al 2016,10.1177/0958305X16638573,NLD,NL,Netherlands,OECD,Wind onshore,2014,WACC (nominal after-tax),6.40%,empirical result,Survey of expert estimates,Combination of interviews and estimate based on financial market data (middle of range),n/a
academic peer-reviewed study,Angelopoulos et al 2016,10.1177/0958305X16638573,NLD,NL,Netherlands,OECD,Wind onshore,2014,Return on equity,14.00%,empirical result,Survey of expert estimates,Combination of interviews and estimate based on financial market data (middle of range),n/a
academic peer-reviewed study,Angelopoulos et al 2016,10.1177/0958305X16638573,NLD,NL,Netherlands,OECD,Wind onshore,2014,Cost of debt,5.50%,empirical result,Survey of expert estimates,Combination of interviews and estimate based on financial market data (middle of range),n/a
academic peer-reviewed study,Angelopoulos et al 2016,10.1177/0958305X16638573,NLD,NL,Netherlands,OECD,Wind onshore,2014,Leverage (debt share),70.00%,empirical result,Survey of expert estimates,Combination of interviews and estimate based on financial market data,n/a
academic peer-reviewed study,Angelopoulos et al 2016,10.1177/0958305X16638573,POL,PL,Poland,OECD,Wind onshore,2014,WACC (nominal after-tax),9.40%,empirical result,Survey of expert estimates,Combination of interviews and estimate based on financial market data (middle of range),n/a
academic peer-reviewed study,Angelopoulos et al 2016,10.1177/0958305X16638573,POL,PL,Poland,OECD,Wind onshore,2014,Return on equity,14.30%,empirical result,Survey of expert estimates,Combination of interviews and estimate based on financial market data (middle of range),n/a
academic peer-reviewed study,Angelopoulos et al 2016,10.1177/0958305X16638573,POL,PL,Poland,OECD,Wind onshore,2014,Cost of debt,7.10%,empirical result,Survey of expert estimates,Combination of interviews and estimate based on financial market data (middle of range),n/a
academic peer-reviewed study,Angelopoulos et al 2016,10.1177/0958305X16638573,POL,PL,Poland,OECD,Wind onshore,2014,Leverage (debt share),70.00%,empirical result,Survey of expert estimates,Combination of interviews and estimate based on financial market data,n/a
academic peer-reviewed study,Angelopoulos et al 2016,10.1177/0958305X16638573,PRT,PT,Portugal,OECD,Wind onshore,2014,WACC (nominal after-tax),8.00%,empirical result,Survey of expert estimates,Combination of interviews and estimate based on financial market data (middle of range),n/a
academic peer-reviewed study,Angelopoulos et al 2016,10.1177/0958305X16638573,PRT,PT,Portugal,OECD,Wind onshore,2014,Return on equity,12.50%,empirical result,Survey of expert estimates,Combination of interviews and estimate based on financial market data (middle of range),n/a
academic peer-reviewed study,Angelopoulos et al 2016,10.1177/0958305X16638573,PRT,PT,Portugal,OECD,Wind onshore,2014,Cost of debt,6.00%,empirical result,Survey of expert estimates,Combination of interviews and estimate based on financial market data,n/a
academic peer-reviewed study,Angelopoulos et al 2016,10.1177/0958305X16638573,PRT,PT,Portugal,OECD,Wind onshore,2014,Leverage (debt share),60.00%,empirical result,Survey of expert estimates,Combination of interviews and estimate based on financial market data,n/a
academic peer-reviewed study,Angelopoulos et al 2016,10.1177/0958305X16638573,ROU,RO,Romania,non-OECD,Wind onshore,2014,WACC (nominal after-tax),11.10%,empirical result,Survey of expert estimates,Combination of interviews and estimate based on financial market data,n/a
academic peer-reviewed study,Angelopoulos et al 2016,10.1177/0958305X16638573,ROU,RO,Romania,non-OECD,Wind onshore,2014,Return on equity,17.00%,empirical result,Survey of expert estimates,Combination of interviews and estimate based on financial market data (middle of range),n/a
academic peer-reviewed study,Angelopoulos et al 2016,10.1177/0958305X16638573,ROU,RO,Romania,non-OECD,Wind onshore,2014,Cost of debt,8.50%,empirical result,Survey of expert estimates,Combination of interviews and estimate based on financial market data (middle of range),n/a
academic peer-reviewed study,Angelopoulos et al 2016,10.1177/0958305X16638573,ROU,RO,Romania,non-OECD,Wind onshore,2014,Leverage (debt share),50.00%,empirical result,Survey of expert estimates,Combination of interviews and estimate based on financial market data,n/a
academic peer-reviewed study,Angelopoulos et al 2016,10.1177/0958305X16638573,SVK,SK,Slovakia,non-OECD,Wind onshore,2014,WACC (nominal after-tax),8.10%,empirical result,Survey of expert estimates,Combination of interviews and estimate based on financial market data,n/a
academic peer-reviewed study,Angelopoulos et al 2016,10.1177/0958305X16638573,SVK,SK,Slovakia,non-OECD,Wind onshore,2014,Return on equity,13.60%,empirical result,Survey of expert estimates,Combination of interviews and estimate based on financial market data,n/a
academic peer-reviewed study,Angelopoulos et al 2016,10.1177/0958305X16638573,SVK,SK,Slovakia,non-OECD,Wind onshore,2014,Cost of debt,6.70%,empirical result,Survey of expert estimates,Combination of interviews and estimate based on financial market data (middle of range),n/a
academic peer-reviewed study,Angelopoulos et al 2016,10.1177/0958305X16638573,SVK,SK,Slovakia,non-OECD,Wind onshore,2014,Leverage (debt share),70.00%,empirical result,Survey of expert estimates,Combination of interviews and estimate based on financial market data,n/a
academic peer-reviewed study,Angelopoulos et al 2016,10.1177/0958305X16638573,SVN,SI,Slovenia,OECD,Wind onshore,2014,WACC (nominal after-tax),11.00%,empirical result,Survey of expert estimates,Combination of interviews and estimate based on financial market data,n/a
academic peer-reviewed study,Angelopoulos et al 2016,10.1177/0958305X16638573,SVN,SI,Slovenia,OECD,Wind onshore,2014,Return on equity,17.40%,empirical result,Survey of expert estimates,Combination of interviews and estimate based on financial market data,n/a
academic peer-reviewed study,Angelopoulos et al 2016,10.1177/0958305X16638573,SVN,SI,Slovenia,OECD,Wind onshore,2014,Cost of debt,9.10%,empirical result,Survey of expert estimates,Combination of interviews and estimate based on financial market data (middle of range),n/a
academic peer-reviewed study,Angelopoulos et al 2016,10.1177/0958305X16638573,SVN,SI,Slovenia,OECD,Wind onshore,2014,Leverage (debt share),75.00%,empirical result,Survey of expert estimates,Combination of interviews and estimate based on financial market data,n/a
academic peer-reviewed study,Angelopoulos et al 2016,10.1177/0958305X16638573,ESP,ES,Spain,OECD,Wind onshore,2014,WACC (nominal after-tax),10.00%,empirical result,Survey of expert estimates,Combination of interviews and estimate based on financial market data,n/a
academic peer-reviewed study,Angelopoulos et al 2016,10.1177/0958305X16638573,ESP,ES,Spain,OECD,Wind onshore,2014,Return on equity,14.00%,empirical result,Survey of expert estimates,Combination of interviews and estimate based on financial market data (middle of range),n/a
academic peer-reviewed study,Angelopoulos et al 2016,10.1177/0958305X16638573,ESP,ES,Spain,OECD,Wind onshore,2014,Cost of debt,9.50%,empirical result,Survey of expert estimates,Combination of interviews and estimate based on financial market data (middle of range),n/a
academic peer-reviewed study,Angelopoulos et al 2016,10.1177/0958305X16638573,ESP,ES,Spain,OECD,Wind onshore,2014,Leverage (debt share),70.00%,empirical result,Survey of expert estimates,Combination of interviews and estimate based on financial market data,n/a
academic peer-reviewed study,Angelopoulos et al 2016,10.1177/0958305X16638573,SWE,SE,Sweden,OECD,Wind onshore,2014,WACC (nominal after-tax),8.20%,empirical result,Survey of expert estimates,Combination of interviews and estimate based on financial market data (middle of range),n/a
academic peer-reviewed study,Angelopoulos et al 2016,10.1177/0958305X16638573,SWE,SE,Sweden,OECD,Wind onshore,2014,Return on equity,11.00%,empirical result,Survey of expert estimates,Combination of interviews and estimate based on financial market data (middle of range),n/a
academic peer-reviewed study,Angelopoulos et al 2016,10.1177/0958305X16638573,SWE,SE,Sweden,OECD,Wind onshore,2014,Cost of debt,5.30%,empirical result,Survey of expert estimates,Combination of interviews and estimate based on financial market data (middle of range),n/a
academic peer-reviewed study,Angelopoulos et al 2016,10.1177/0958305X16638573,SWE,SE,Sweden,OECD,Wind onshore,2014,Leverage (debt share),60.00%,empirical result,Survey of expert estimates,Combination of interviews and estimate based on financial market data,n/a
academic peer-reviewed study,Angelopoulos et al 2016,10.1177/0958305X16638573,GBR,GB,United Kingdom,OECD,Wind onshore,2014,WACC (nominal after-tax),6.50%,empirical result,Survey of expert estimates,Combination of interviews and estimate based on financial market data,n/a
academic peer-reviewed study,Angelopoulos et al 2016,10.1177/0958305X16638573,GBR,GB,United Kingdom,OECD,Wind onshore,2014,Return on equity,11.00%,empirical result,Survey of expert estimates,Combination of interviews and estimate based on financial market data (middle of range),n/a
academic peer-reviewed study,Angelopoulos et al 2016,10.1177/0958305X16638573,GBR,GB,United Kingdom,OECD,Wind onshore,2014,Cost of debt,5.30%,empirical result,Survey of expert estimates,Combination of interviews and estimate based on financial market data (middle of range),n/a
academic peer-reviewed study,Angelopoulos et al 2016,10.1177/0958305X16638573,GBR,GB,United Kingdom,OECD,Wind onshore,2014,Leverage (debt share),75.00%,empirical result,Survey of expert estimates,Combination of interviews and estimate based on financial market data,n/a
academic peer-reviewed study,Krupa/Harvey 2017,10.1016/j.energy.2017.05.190,USA,US,United States,OECD,Mix of wind solar,2016,Return on equity,12.50%,empirical result,Survey of expert estimates,Interviews and archival documents (middle of range for tax equity),n/a
academic peer-reviewed study,Krupa/Harvey 2017,10.1016/j.energy.2017.05.190,USA,US,United States,OECD,Mix of wind solar,2016,Debt margin on LIBOR,2.50%,empirical result,Survey of expert estimates,Interviews and archival documents (middle of range for back-leveraged debt),n/a
academic peer-reviewed study,Apostoleris et al 2018,10.1038/s41560-018-0256-3,ARE,AE,United Arab Emirates,non-OECD,Solar PV,2015,Cost of debt,2.60%,empirical result,Replication of auction results,Analysis/re-engineering of financial model for winning auction result,n/a
academic peer-reviewed study,Apostoleris et al 2018,10.1038/s41560-018-0256-3,ARE,AE,United Arab Emirates,non-OECD,Solar PV,2015,Leverage (debt share),86.00%,empirical result,Replication of auction results,Analysis/re-engineering of financial model for winning auction result,n/a
academic peer-reviewed study,Apostoleris et al 2018,10.1038/s41560-018-0256-3,ARE,AE,United Arab Emirates,non-OECD,Solar PV,2015,Debt margin on LIBOR,1.80%,empirical result,Replication of auction results,Analysis/re-engineering of financial model for winning auction result,n/a
academic peer-reviewed study,Apostoleris et al 2018,10.1038/s41560-018-0256-3,ARE,AE,United Arab Emirates,non-OECD,Solar PV,2015,Return on equity,10.00%,assumption in article,n/a,n/a,n/a
academic peer-reviewed study,Apostoleris et al 2018,10.1038/s41560-018-0256-3,ARE,AE,United Arab Emirates,non-OECD,Solar PV,2015,WACC (nominal vanilla),3.60%,value calculated for meta analysis,n/a,n/a,n/a
academic peer-reviewed study,Apostoleris et al 2018,10.1038/s41560-018-0256-3,ARE,AE,United Arab Emirates,non-OECD,Solar PV,2015,WACC (nominal after-tax),3.60%,value calculated for meta analysis,n/a,n/a,No corporate tax rate applied except for foreign oil companies and banks (AE 2015source KPMG)
academic peer-reviewed study,Apostoleris et al 2018,10.1038/s41560-018-0256-3,ARE,AE,United Arab Emirates,non-OECD,Solar PV,2017,Cost of debt,3.60%,empirical result,Replication of auction results,Analysis/re-engineering of financial model for winning auction result,n/a
academic peer-reviewed study,Apostoleris et al 2018,10.1038/s41560-018-0256-3,ARE,AE,United Arab Emirates,non-OECD,Solar PV,2017,Leverage (debt share),70.00%,empirical result,Replication of auction results,Analysis/re-engineering of financial model for winning auction result,n/a
academic peer-reviewed study,Apostoleris et al 2018,10.1038/s41560-018-0256-3,ARE,AE,United Arab Emirates,non-OECD,Solar PV,2017,Debt margin on LIBOR,1.80%,empirical result,Replication of auction results,Analysis/re-engineering of financial model for winning auction result,n/a
academic peer-reviewed study,Apostoleris et al 2018,10.1038/s41560-018-0256-3,ARE,AE,United Arab Emirates,non-OECD,Solar PV,2017,Return on equity,10.00%,assumption in article,n/a,n/a,n/a
academic peer-reviewed study,Apostoleris et al 2018,10.1038/s41560-018-0256-3,ARE,AE,United Arab Emirates,non-OECD,Solar PV,2017,WACC (nominal vanilla),5.50%,value calculated for meta analysis,n/a,n/a,n/a
academic peer-reviewed study,Apostoleris et al 2018,10.1038/s41560-018-0256-3,ARE,AE,United Arab Emirates,non-OECD,Solar PV,2017,WACC (nominal after-tax),5.50%,value calculated for meta analysis,n/a,n/a,No corporate tax rate applied except for foreign oil companies and banks (AE 2015source KPMG)
academic peer-reviewed study,Apostoleris et al 2018,10.1038/s41560-018-0256-3,SAU,SA,Saudi Arabia,non-OECD,Solar PV,2017,Cost of debt,2.90%,empirical result,n/a,n/a,n/a
academic peer-reviewed study,Apostoleris et al 2018,10.1038/s41560-018-0256-3,SAU,SA,Saudi Arabia,non-OECD,Solar PV,2017,Leverage (debt share),75.00%,empirical result,n/a,n/a,n/a
academic peer-reviewed study,Apostoleris et al 2018,10.1038/s41560-018-0256-3,SAU,SA,Saudi Arabia,non-OECD,Solar PV,2017,Debt margin on LIBOR,1.20%,empirical result,n/a,n/a,n/a
academic peer-reviewed study,Apostoleris et al 2018,10.1038/s41560-018-0256-3,SAU,SA,Saudi Arabia,non-OECD,Solar PV,2017,Return on equity,10.00%,assumption in article,n/a,n/a,n/a
academic peer-reviewed study,Apostoleris et al 2018,10.1038/s41560-018-0256-3,SAU,SA,Saudi Arabia,non-OECD,Solar PV,2017,WACC (nominal after-tax),4.20%,value calculated for meta analysis,n/a,n/a,Using corporate tax rate of 20%  (SA 2017source KPMG)
academic peer-reviewed study,Shrimali et al 2013,10.1016/j.enpol.2013.07.071,IND,IN,India,non-OECD,Wind onshore,2010,Cost of debt,12.00%,empirical result,Elicitation of project finance data,Elicitation from developer of one specific project (year as per financing year of mentioned projects),n/a
academic peer-reviewed study,Shrimali et al 2013,10.1016/j.enpol.2013.07.071,IND,IN,India,non-OECD,Wind onshore,2010,Return on equity,16.00%,empirical result,Elicitation of project finance data,Elicitation from developer of one specific project (year as per financing year of mentioned projects),n/a
academic peer-reviewed study,Shrimali et al 2013,10.1016/j.enpol.2013.07.071,IND,IN,India,non-OECD,Wind onshore,2010,Leverage (debt share),65.00%,empirical result,Elicitation of project finance data,Re-engineering of business case of one specific project (year as per financing year of mentioned projects),n/a
academic peer-reviewed study,Shrimali et al 2013,10.1016/j.enpol.2013.07.071,IND,IN,India,non-OECD,Wind onshore,2010,WACC (nominal after-tax),10.70%,value calculated for meta analysis,n/a,n/a,Using corporate tax rate of 33.99%  (IN 2010source KPMG)
academic peer-reviewed study,Shrimali et al 2013,10.1016/j.enpol.2013.07.071,IND,IN,India,non-OECD,Solar PV,2011,Cost of debt,12.00%,empirical result,Elicitation of project finance data,Elicitation from developer of one specific project (year as per financing year of mentioned projects),n/a
academic peer-reviewed study,Shrimali et al 2013,10.1016/j.enpol.2013.07.071,IND,IN,India,non-OECD,Solar PV,2011,Return on equity,16.00%,empirical result,Elicitation of project finance data,Elicitation from developer of one specific project (year as per financing year of mentioned projects),n/a
academic peer-reviewed study,Shrimali et al 2013,10.1016/j.enpol.2013.07.071,IND,IN,India,non-OECD,Solar PV,2011,Leverage (debt share),73.00%,empirical result,Elicitation of project finance data,Re-engineering of business case of one specific project (year as per financing year of mentioned projects),n/a
academic peer-reviewed study,Shrimali et al 2013,10.1016/j.enpol.2013.07.071,IND,IN,India,non-OECD,Solar PV,2011,WACC (nominal after-tax),10.20%,value calculated for meta analysis,n/a,n/a,Using corporate tax rate of 32.44%  (IN 2011source KPMG)
academic peer-reviewed study,Werner/Scholtens 2016,10.1111/jiec.12443,DEU,DE,Germany,OECD,Wind onshore,2000,WACC (nominal after-tax),6.80%,empirical result,Analysis of financial market data,Estimate based on financial market data,n/a
academic peer-reviewed study,Werner/Scholtens 2016,10.1111/jiec.12443,DEU,DE,Germany,OECD,Wind onshore,2001,WACC (nominal after-tax),6.50%,empirical result,Analysis of financial market data,Estimate based on financial market data,n/a
academic peer-reviewed study,Werner/Scholtens 2016,10.1111/jiec.12443,DEU,DE,Germany,OECD,Wind onshore,2002,WACC (nominal after-tax),6.60%,empirical result,Analysis of financial market data,Estimate based on financial market data,n/a
academic peer-reviewed study,Werner/Scholtens 2016,10.1111/jiec.12443,DEU,DE,Germany,OECD,Wind onshore,2003,WACC (nominal after-tax),5.90%,empirical result,Analysis of financial market data,Estimate based on financial market data,n/a
academic peer-reviewed study,Werner/Scholtens 2016,10.1111/jiec.12443,DEU,DE,Germany,OECD,Wind onshore,2004,WACC (nominal after-tax),4.80%,empirical result,Analysis of financial market data,Estimate based on financial market data,n/a
academic peer-reviewed study,Werner/Scholtens 2016,10.1111/jiec.12443,DEU,DE,Germany,OECD,Wind onshore,2005,WACC (nominal after-tax),4.40%,empirical result,Analysis of financial market data,Estimate based on financial market data,n/a
academic peer-reviewed study,Werner/Scholtens 2016,10.1111/jiec.12443,DEU,DE,Germany,OECD,Wind onshore,2006,WACC (nominal after-tax),4.90%,empirical result,Analysis of financial market data,Estimate based on financial market data,n/a
academic peer-reviewed study,Werner/Scholtens 2016,10.1111/jiec.12443,DEU,DE,Germany,OECD,Wind onshore,2007,WACC (nominal after-tax),5.80%,empirical result,Analysis of financial market data,Estimate based on financial market data,n/a
academic peer-reviewed study,Werner/Scholtens 2016,10.1111/jiec.12443,DEU,DE,Germany,OECD,Wind onshore,2008,WACC (nominal after-tax),6.80%,empirical result,Analysis of financial market data,Estimate based on financial market data,n/a
academic peer-reviewed study,Werner/Scholtens 2016,10.1111/jiec.12443,DEU,DE,Germany,OECD,Wind onshore,2009,WACC (nominal after-tax),5.80%,empirical result,Analysis of financial market data,Estimate based on financial market data,n/a
academic peer-reviewed study,Werner/Scholtens 2016,10.1111/jiec.12443,DEU,DE,Germany,OECD,Wind onshore,2010,WACC (nominal after-tax),4.60%,empirical result,Analysis of financial market data,Estimate based on financial market data,n/a
academic peer-reviewed study,Werner/Scholtens 2016,10.1111/jiec.12443,DEU,DE,Germany,OECD,Wind onshore,2011,WACC (nominal after-tax),4.70%,empirical result,Analysis of financial market data,Estimate based on financial market data,n/a
academic peer-reviewed study,Werner/Scholtens 2016,10.1111/jiec.12443,DEU,DE,Germany,OECD,Wind onshore,2012,WACC (nominal after-tax),3.90%,empirical result,Analysis of financial market data,Estimate based on financial market data,n/a
academic peer-reviewed study,Werner/Scholtens 2016,10.1111/jiec.12443,DEU,DE,Germany,OECD,Wind onshore,2013,WACC (nominal after-tax),3.80%,empirical result,Analysis of financial market data,Estimate based on financial market data,n/a
academic peer-reviewed study,Werner/Scholtens 2016,10.1111/jiec.12443,DEU,DE,Germany,OECD,Wind onshore,2000,Leverage (debt share),80.00%,assumption in article,n/a,n/a,n/a
academic peer-reviewed study,Werner/Scholtens 2016,10.1111/jiec.12443,DEU,DE,Germany,OECD,Wind onshore,2001,Leverage (debt share),80.00%,assumption in article,n/a,n/a,n/a
academic peer-reviewed study,Werner/Scholtens 2016,10.1111/jiec.12443,DEU,DE,Germany,OECD,Wind onshore,2002,Leverage (debt share),80.00%,assumption in article,n/a,n/a,n/a
academic peer-reviewed study,Werner/Scholtens 2016,10.1111/jiec.12443,DEU,DE,Germany,OECD,Wind onshore,2003,Leverage (debt share),80.00%,assumption in article,n/a,n/a,n/a
academic peer-reviewed study,Werner/Scholtens 2016,10.1111/jiec.12443,DEU,DE,Germany,OECD,Wind onshore,2004,Leverage (debt share),80.00%,assumption in article,n/a,n/a,n/a
academic peer-reviewed study,Werner/Scholtens 2016,10.1111/jiec.12443,DEU,DE,Germany,OECD,Wind onshore,2005,Leverage (debt share),80.00%,assumption in article,n/a,n/a,n/a
academic peer-reviewed study,Werner/Scholtens 2016,10.1111/jiec.12443,DEU,DE,Germany,OECD,Wind onshore,2006,Leverage (debt share),80.00%,assumption in article,n/a,n/a,n/a
academic peer-reviewed study,Werner/Scholtens 2016,10.1111/jiec.12443,DEU,DE,Germany,OECD,Wind onshore,2007,Leverage (debt share),80.00%,assumption in article,n/a,n/a,n/a
academic peer-reviewed study,Werner/Scholtens 2016,10.1111/jiec.12443,DEU,DE,Germany,OECD,Wind onshore,2008,Leverage (debt share),80.00%,assumption in article,n/a,n/a,n/a
academic peer-reviewed study,Werner/Scholtens 2016,10.1111/jiec.12443,DEU,DE,Germany,OECD,Wind onshore,2009,Leverage (debt share),80.00%,assumption in article,n/a,n/a,n/a
academic peer-reviewed study,Werner/Scholtens 2016,10.1111/jiec.12443,DEU,DE,Germany,OECD,Wind onshore,2010,Leverage (debt share),80.00%,assumption in article,n/a,n/a,n/a
academic peer-reviewed study,Werner/Scholtens 2016,10.1111/jiec.12443,DEU,DE,Germany,OECD,Wind onshore,2011,Leverage (debt share),80.00%,assumption in article,n/a,n/a,n/a
academic peer-reviewed study,Werner/Scholtens 2016,10.1111/jiec.12443,DEU,DE,Germany,OECD,Wind onshore,2012,Leverage (debt share),80.00%,assumption in article,n/a,n/a,n/a
academic peer-reviewed study,Werner/Scholtens 2016,10.1111/jiec.12443,DEU,DE,Germany,OECD,Wind onshore,2013,Leverage (debt share),80.00%,assumption in article,n/a,n/a,n/a
academic peer-reviewed study,Egli et al 2018,10.1038/s41560-018-0277-y,DEU,DE,Germany,OECD,Solar PV,2003,Cost of debt,5.50%,empirical result,Elicitation of project finance data,Deal details and interviews (data from 41 investment professionals),n/a
academic peer-reviewed study,Egli et al 2018,10.1038/s41560-018-0277-y,DEU,DE,Germany,OECD,Solar PV,2003,Return on equity,9.30%,empirical result,Elicitation of project finance data,Deal details and interviews (data from 41 investment professionals),n/a
academic peer-reviewed study,Egli et al 2018,10.1038/s41560-018-0277-y,DEU,DE,Germany,OECD,Solar PV,2003,Leverage (debt share),70.00%,empirical result,Elicitation of project finance data,Deal details and interviews (data from 41 investment professionals),n/a
academic peer-reviewed study,Egli et al 2018,10.1038/s41560-018-0277-y,DEU,DE,Germany,OECD,Solar PV,2003,WACC (nominal after-tax),5.10%,empirical result,Elicitation of project finance data,Deal details and interviews (data from 41 investment professionals),n/a
academic peer-reviewed study,Egli et al 2018,10.1038/s41560-018-0277-y,DEU,DE,Germany,OECD,Solar PV,2017,Cost of debt,1.50%,empirical result,Elicitation of project finance data,Deal details and interviews (data from 41 investment professionals),n/a
academic peer-reviewed study,Egli et al 2018,10.1038/s41560-018-0277-y,DEU,DE,Germany,OECD,Solar PV,2017,Return on equity,4.80%,empirical result,Elicitation of project finance data,Deal details and interviews (data from 41 investment professionals),n/a
academic peer-reviewed study,Egli et al 2018,10.1038/s41560-018-0277-y,DEU,DE,Germany,OECD,Solar PV,2017,Leverage (debt share),87.00%,empirical result,Elicitation of project finance data,Deal details and interviews (data from 41 investment professionals),n/a
academic peer-reviewed study,Egli et al 2018,10.1038/s41560-018-0277-y,DEU,DE,Germany,OECD,Solar PV,2017,WACC (nominal after-tax),1.60%,empirical result,Elicitation of project finance data,Deal details and interviews (data from 41 investment professionals),n/a
academic peer-reviewed study,Egli et al 2018,10.1038/s41560-018-0277-y,DEU,DE,Germany,OECD,Solar PV,2010,WACC (nominal after-tax),4.60%,empirical result,Elicitation of project finance data,Deal details and interviews (data from 41 investment professionals),n/a
academic peer-reviewed study,Egli et al 2018,10.1038/s41560-018-0277-y,DEU,DE,Germany,OECD,Solar PV,2012,WACC (nominal after-tax),3.70%,empirical result,Elicitation of project finance data,Deal details and interviews (data from 41 investment professionals),n/a
academic peer-reviewed study,Egli et al 2018,10.1038/s41560-018-0277-y,DEU,DE,Germany,OECD,Solar PV,2013,WACC (nominal after-tax),4.20%,empirical result,Elicitation of project finance data,Deal details and interviews (data from 41 investment professionals),n/a
academic peer-reviewed study,Egli et al 2018,10.1038/s41560-018-0277-y,DEU,DE,Germany,OECD,Wind onshore,2003,Cost of debt,4.80%,empirical result,Elicitation of project finance data,Deal details and interviews (data from 41 investment professionals),n/a
academic peer-reviewed study,Egli et al 2018,10.1038/s41560-018-0277-y,DEU,DE,Germany,OECD,Wind onshore,2003,Return on equity,9.50%,empirical result,Elicitation of project finance data,Deal details and interviews (data from 41 investment professionals),n/a
academic peer-reviewed study,Egli et al 2018,10.1038/s41560-018-0277-y,DEU,DE,Germany,OECD,Wind onshore,2003,Leverage (debt share),75.00%,empirical result,Elicitation of project finance data,Deal details and interviews (data from 41 investment professionals),n/a
academic peer-reviewed study,Egli et al 2018,10.1038/s41560-018-0277-y,DEU,DE,Germany,OECD,Wind onshore,2003,WACC (nominal after-tax),4.50%,empirical result,Elicitation of project finance data,Deal details and interviews (data from 41 investment professionals),n/a
academic peer-reviewed study,Egli et al 2018,10.1038/s41560-018-0277-y,DEU,DE,Germany,OECD,Wind onshore,2017,Cost of debt,1.60%,empirical result,Elicitation of project finance data,Deal details and interviews (data from 41 investment professionals),n/a
academic peer-reviewed study,Egli et al 2018,10.1038/s41560-018-0277-y,DEU,DE,Germany,OECD,Wind onshore,2017,Return on equity,5.40%,empirical result,Elicitation of project finance data,Deal details and interviews (data from 41 investment professionals),n/a
academic peer-reviewed study,Egli et al 2018,10.1038/s41560-018-0277-y,DEU,DE,Germany,OECD,Wind onshore,2017,Leverage (debt share),82.00%,empirical result,Elicitation of project finance data,Deal details and interviews (data from 41 investment professionals),n/a
academic peer-reviewed study,Egli et al 2018,10.1038/s41560-018-0277-y,DEU,DE,Germany,OECD,Wind onshore,2017,WACC (nominal after-tax),1.90%,empirical result,Elicitation of project finance data,Deal details and interviews (data from 41 investment professionals),n/a
academic peer-reviewed study,Egli et al 2018,10.1038/s41560-018-0277-y,DEU,DE,Germany,OECD,Wind onshore,2013,WACC (nominal after-tax),3.90%,empirical result,Elicitation of project finance data,Deal details and interviews (data from 41 investment professionals),n/a
academic peer-reviewed study,Egli et al 2018,10.1038/s41560-018-0277-y,DEU,DE,Germany,OECD,Wind onshore,2014,WACC (nominal after-tax),3.60%,empirical result,Elicitation of project finance data,Deal details and interviews (data from 41 investment professionals),n/a
academic peer-reviewed study,Egli et al 2018,10.1038/s41560-018-0277-y,DEU,DE,Germany,OECD,Wind onshore,2015,WACC (nominal after-tax),3.30%,empirical result,Elicitation of project finance data,Deal details and interviews (data from 41 investment professionals),n/a
academic peer-reviewed study,Egli et al 2018,10.1038/s41560-018-0277-y,DEU,DE,Germany,OECD,Wind onshore,2016,WACC (nominal after-tax),2.70%,empirical result,Elicitation of project finance data,Deal details and interviews (data from 41 investment professionals),n/a
academic peer-reviewed study,Angelopoulos et al 2017,10.1016/J.ENPOL.2017.02.048,GRC,GR,Greece,OECD,Wind onshore,2014,Cost of debt,11.90%,empirical result,Survey of expert estimates,Estimate based on financial market data (middle of range),n/a
academic peer-reviewed study,Angelopoulos et al 2017,10.1016/J.ENPOL.2017.02.048,GRC,GR,Greece,OECD,Wind onshore,2014,Return on equity,20.70%,empirical result,Survey of expert estimates,Estimate based on financial market data,n/a
academic peer-reviewed study,Angelopoulos et al 2017,10.1016/J.ENPOL.2017.02.048,GRC,GR,Greece,OECD,Wind onshore,2014,Leverage (debt share),70.00%,assumption in article,n/a,n/a,n/a
academic peer-reviewed study,Angelopoulos et al 2017,10.1016/J.ENPOL.2017.02.048,GRC,GR,Greece,OECD,Wind onshore,2014,WACC (nominal after-tax),13.50%,empirical result,Survey of expert estimates,Estimate based on financial market data,n/a
academic peer-reviewed study,Angelopoulos et al 2017,10.1016/J.ENPOL.2017.02.048,GRC,GR,Greece,OECD,Wind onshore,2015,Cost of debt,10.50%,empirical result,Survey of expert estimates,Combination of interviews and estimate based on financial market data (middle of range),n/a
academic peer-reviewed study,Angelopoulos et al 2017,10.1016/J.ENPOL.2017.02.048,GRC,GR,Greece,OECD,Wind onshore,2015,Return on equity,15.00%,empirical result,Survey of expert estimates,Combination of interviews and estimate based on financial market data (middle of range),n/a
academic peer-reviewed study,Angelopoulos et al 2017,10.1016/J.ENPOL.2017.02.048,GRC,GR,Greece,OECD,Wind onshore,2015,Leverage (debt share),55.00%,empirical result,Survey of expert estimates,Combination of interviews and estimate based on financial market data,n/a
academic peer-reviewed study,Angelopoulos et al 2017,10.1016/J.ENPOL.2017.02.048,GRC,GR,Greece,OECD,Wind onshore,2015,WACC (nominal after-tax),12.00%,empirical result,Survey of expert estimates,Combination of interviews and estimate based on financial market data,n/a
academic peer-reviewed study,Angelopoulos et al 2017,10.1016/J.ENPOL.2017.02.048,GRC,GR,Greece,OECD,Wind onshore,2016,Cost of debt,7.00%,empirical result,Survey of expert estimates,Combination of interviews and estimate based on financial market data (middle of range),n/a
academic peer-reviewed study,Angelopoulos et al 2017,10.1016/J.ENPOL.2017.02.048,GRC,GR,Greece,OECD,Wind onshore,2016,Return on equity,14.50%,empirical result,Survey of expert estimates,Combination of interviews and estimate based on financial market data (middle of range),n/a
academic peer-reviewed study,Angelopoulos et al 2017,10.1016/J.ENPOL.2017.02.048,GRC,GR,Greece,OECD,Wind onshore,2016,Leverage (debt share),65.00%,empirical result,Survey of expert estimates,Combination of interviews and estimate based on financial market data (middle of range),n/a
academic peer-reviewed study,Angelopoulos et al 2017,10.1016/J.ENPOL.2017.02.048,GRC,GR,Greece,OECD,Wind onshore,2016,WACC (nominal after-tax),11.00%,empirical result,Survey of expert estimates,Combination of interviews and estimate based on financial market data (middle of range),n/a
academic peer-reviewed study,Angelopoulos et al 2017,10.1016/J.ENPOL.2017.02.048,GRC,GR,Greece,OECD,Solar PV,2014,Cost of debt,12.40%,empirical result,Survey of expert estimates,Estimate based on financial market data (middle of range),n/a
academic peer-reviewed study,Angelopoulos et al 2017,10.1016/J.ENPOL.2017.02.048,GRC,GR,Greece,OECD,Solar PV,2014,Return on equity,20.70%,empirical result,Survey of expert estimates,Estimate based on financial market data,n/a
academic peer-reviewed study,Angelopoulos et al 2017,10.1016/J.ENPOL.2017.02.048,GRC,GR,Greece,OECD,Solar PV,2014,Leverage (debt share),70.00%,assumption in article,n/a,n/a,n/a
academic peer-reviewed study,Angelopoulos et al 2017,10.1016/J.ENPOL.2017.02.048,GRC,GR,Greece,OECD,Solar PV,2014,WACC (nominal after-tax),13.80%,empirical result,Survey of expert estimates,Estimate based on financial market data,n/a
academic peer-reviewed study,Angelopoulos et al 2017,10.1016/J.ENPOL.2017.02.048,GRC,GR,Greece,OECD,Solar PV,2015,Cost of debt,10.50%,empirical result,Survey of expert estimates,Combination of interviews and estimate based on financial market data (middle of range),n/a
academic peer-reviewed study,Angelopoulos et al 2017,10.1016/J.ENPOL.2017.02.048,GRC,GR,Greece,OECD,Solar PV,2015,Return on equity,15.50%,empirical result,Survey of expert estimates,Combination of interviews and estimate based on financial market data (middle of range),n/a
academic peer-reviewed study,Angelopoulos et al 2017,10.1016/J.ENPOL.2017.02.048,GRC,GR,Greece,OECD,Solar PV,2015,Leverage (debt share),55.00%,empirical result,Survey of expert estimates,Combination of interviews and estimate based on financial market data,n/a
academic peer-reviewed study,Angelopoulos et al 2017,10.1016/J.ENPOL.2017.02.048,GRC,GR,Greece,OECD,Solar PV,2015,WACC (nominal after-tax),13.30%,empirical result,Survey of expert estimates,Combination of interviews and estimate based on financial market data (middle of range),n/a
academic peer-reviewed study,Angelopoulos et al 2017,10.1016/J.ENPOL.2017.02.048,GRC,GR,Greece,OECD,Solar PV,2016,Cost of debt,9.00%,empirical result,Survey of expert estimates,Combination of interviews and estimate based on financial market data (middle of range),n/a
academic peer-reviewed study,Angelopoulos et al 2017,10.1016/J.ENPOL.2017.02.048,GRC,GR,Greece,OECD,Solar PV,2016,Return on equity,12.50%,empirical result,Survey of expert estimates,Combination of interviews and estimate based on financial market data (middle of range),n/a
academic peer-reviewed study,Angelopoulos et al 2017,10.1016/J.ENPOL.2017.02.048,GRC,GR,Greece,OECD,Solar PV,2016,Leverage (debt share),60.00%,empirical result,Survey of expert estimates,Combination of interviews and estimate based on financial market data,n/a
academic peer-reviewed study,Angelopoulos et al 2017,10.1016/J.ENPOL.2017.02.048,GRC,GR,Greece,OECD,Solar PV,2016,WACC (nominal after-tax),9.50%,empirical result,Survey of expert estimates,Combination of interviews and estimate based on financial market data (middle of range),n/a
academic peer-reviewed study,Szabo et al 2010,10.1016/j.enpol.2010.03.001,,xxx,Avr EU/US,non-OECD,Wind onshore,2009,WACC (nominal vanilla),7.50%,empirical result,Survey of expert estimates,Archival documents and expert judgement on influence of technology-specific risks (middle of range),n/a
academic peer-reviewed study,Szabo et al 2010,10.1016/j.enpol.2010.03.001,,xxx,Avr EU/US,non-OECD,Solar PV,2009,WACC (nominal vanilla),10.00%,empirical result,Survey of expert estimates,Archival documents and expert judgement on influence of technology-specific risks (middle of range),n/a
academic peer-reviewed study,Kumar et al 2017,10.1007/978-981-10-4901-9_10,VNM,VN,Viet Nam,non-OECD,Solar PV,2016,WACC (nominal after-tax),10.00%,empirical result,Survey of expert estimates,Expert interviews,n/a
academic peer-reviewed study,Kumar et al 2017,10.1007/978-981-10-4901-9_10,VNM,VN,Viet Nam,non-OECD,Solar PV,2016,Cost of debt,10.00%,empirical result,Survey of expert estimates,Expert interviews,n/a
academic peer-reviewed study,Kumar et al 2017,10.1007/978-981-10-4901-9_10,VNM,VN,Viet Nam,non-OECD,Solar PV,2016,Leverage (debt share),80.00%,empirical result,Survey of expert estimates,Expert interviews,n/a
academic peer-reviewed study,Kumar et al 2017,10.1007/978-981-10-4901-9_10,THA,TH,Thailand,non-OECD,Solar PV,2016,WACC (nominal after-tax),11.50%,empirical result,Survey of expert estimates,Expert interviews,n/a
academic peer-reviewed study,Kumar et al 2017,10.1007/978-981-10-4901-9_10,THA,TH,Thailand,non-OECD,Solar PV,2016,Cost of debt,12.00%,empirical result,Survey of expert estimates,Expert interviews,n/a
academic peer-reviewed study,Kumar et al 2017,10.1007/978-981-10-4901-9_10,THA,TH,Thailand,non-OECD,Solar PV,2016,Leverage (debt share),80.00%,empirical result,Survey of expert estimates,Expert interviews,n/a
academic peer-reviewed study,Kumar et al 2017,10.1007/978-981-10-4901-9_10,CHN,CN,China,non-OECD,Solar PV,2016,WACC (nominal after-tax),7.00%,empirical result,Survey of expert estimates,Expert interviews,n/a
academic peer-reviewed study,Kumar et al 2017,10.1007/978-981-10-4901-9_10,CHN,CN,China,non-OECD,Solar PV,2016,Cost of debt,4.90%,empirical result,Survey of expert estimates,Expert interviews,n/a
academic peer-reviewed study,Kumar et al 2017,10.1007/978-981-10-4901-9_10,CHN,CN,China,non-OECD,Solar PV,2016,Leverage (debt share),80.00%,empirical result,Survey of expert estimates,Expert interviews,n/a
academic peer-reviewed study,Kumar et al 2017,10.1007/978-981-10-4901-9_10,MYS,MY,Malaysia,non-OECD,Solar PV,2016,WACC (nominal after-tax),10.00%,empirical result,Survey of expert estimates,Expert interviews,n/a
academic peer-reviewed study,Kumar et al 2017,10.1007/978-981-10-4901-9_10,MYS,MY,Malaysia,non-OECD,Solar PV,2016,Cost of debt,7.00%,empirical result,Survey of expert estimates,Expert interviews (middle of range),n/a
academic peer-reviewed study,Kumar et al 2017,10.1007/978-981-10-4901-9_10,MYS,MY,Malaysia,non-OECD,Solar PV,2016,Leverage (debt share),80.00%,empirical result,Survey of expert estimates,Expert interviews,n/a
academic peer-reviewed study,Kumar et al 2017,10.1007/978-981-10-4901-9_10,KHM,KH,Cambodia,non-OECD,Solar PV,2016,WACC (nominal after-tax),10.00%,empirical result,Survey of expert estimates,Expert interviews,n/a
academic peer-reviewed study,Kumar et al 2017,10.1007/978-981-10-4901-9_10,KHM,KH,Cambodia,non-OECD,Solar PV,2016,Cost of debt,1.40%,empirical result,Survey of expert estimates,Expert interviews,n/a
academic peer-reviewed study,Kumar et al 2017,10.1007/978-981-10-4901-9_10,KHM,KH,Cambodia,non-OECD,Solar PV,2016,Leverage (debt share),80.00%,empirical result,Survey of expert estimates,Expert interviews,n/a
academic peer-reviewed study,Kumar et al 2017,10.1007/978-981-10-4901-9_10,IND,IN,India,non-OECD,Solar PV,2016,WACC (nominal after-tax),10.00%,empirical result,Survey of expert estimates,Expert interviews,n/a
academic peer-reviewed study,Kumar et al 2017,10.1007/978-981-10-4901-9_10,IND,IN,India,non-OECD,Solar PV,2016,Cost of debt,10.80%,empirical result,Survey of expert estimates,Expert interviews,n/a
academic peer-reviewed study,Kumar et al 2017,10.1007/978-981-10-4901-9_10,IND,IN,India,non-OECD,Solar PV,2016,Leverage (debt share),70.00%,empirical result,Survey of expert estimates,Expert interviews,n/a
academic peer-reviewed study,Egli et al 2023,10.1016/j.enpol.2023.113849,FRA,FR,France,OECD,Solar PV,2012,WACC (nominal after-tax),13.30%,empirical result,Replication of auction results,Re-engineering of financial LCOE data of winning auction results (average of 18 projects),n/a
academic peer-reviewed study,Egli et al 2023,10.1016/j.enpol.2023.113849,FRA,FR,France,OECD,Solar PV,2014,WACC (nominal after-tax),13.80%,empirical result,Replication of auction results,Re-engineering of financial LCOE data of winning auction results (average of 16 projects),n/a
academic peer-reviewed study,Egli et al 2023,10.1016/j.enpol.2023.113849,FRA,FR,France,OECD,Solar PV,2015,WACC (nominal after-tax),6.00%,empirical result,Replication of auction results,Re-engineering of financial LCOE data of winning auction results (average of 127 projects),n/a
academic peer-reviewed study,Egli et al 2023,10.1016/j.enpol.2023.113849,FRA,FR,France,OECD,Solar PV,2016,WACC (nominal after-tax),3.70%,empirical result,Replication of auction results,Re-engineering of financial LCOE data of winning auction results (average of 73 projects),n/a
academic peer-reviewed study,Egli et al 2023,10.1016/j.enpol.2023.113849,FRA,FR,France,OECD,Solar PV,2018,WACC (nominal after-tax),5.60%,empirical result,Replication of auction results,Re-engineering of financial LCOE data of winning auction results (average of 173 projects),n/a
academic peer-reviewed study,Egli et al 2023,10.1016/j.enpol.2023.113849,FRA,FR,France,OECD,Solar PV,2019,WACC (nominal after-tax),6.60%,empirical result,Replication of auction results,Re-engineering of financial LCOE data of winning auction results (average of 75 projects),n/a
academic peer-reviewed study,Egli et al 2023,10.1016/j.enpol.2023.113849,DEU,DE,Germany,OECD,Solar PV,2015,WACC (nominal after-tax),5.00%,empirical result,Replication of auction results,Re-engineering of financial LCOE data of winning auction results (average of 57 projects),n/a
academic peer-reviewed study,Egli et al 2023,10.1016/j.enpol.2023.113849,DEU,DE,Germany,OECD,Solar PV,2016,WACC (nominal after-tax),2.90%,empirical result,Replication of auction results,Re-engineering of financial LCOE data of winning auction results (average of 113 projects),n/a
academic peer-reviewed study,Egli et al 2023,10.1016/j.enpol.2023.113849,DEU,DE,Germany,OECD,Solar PV,2017,WACC (nominal after-tax),0.20%,empirical result,Replication of auction results,Re-engineering of financial LCOE data of winning auction results (average of 90 projects),n/a
academic peer-reviewed study,Egli et al 2023,10.1016/j.enpol.2023.113849,DEU,DE,Germany,OECD,Solar PV,2019,WACC (nominal after-tax),2.10%,empirical result,Replication of auction results,Re-engineering of financial LCOE data of winning auction results (average of 362 projects),n/a
academic peer-reviewed study,Egli et al 2023,10.1016/j.enpol.2023.113849,DEU,DE,Germany,OECD,Solar PV,2020,WACC (nominal after-tax),1.50%,empirical result,Replication of auction results,Re-engineering of financial LCOE data of winning auction results (average of 315 projects),n/a
academic peer-reviewed study,Egli et al 2023,10.1016/j.enpol.2023.113849,IND,IN,India,non-OECD,Solar PV,2011,WACC (nominal after-tax),9.20%,empirical result,Replication of auction results,Re-engineering of financial LCOE data of winning auction results (average of 25 projects),n/a
academic peer-reviewed study,Egli et al 2023,10.1016/j.enpol.2023.113849,IND,IN,India,non-OECD,Solar PV,2012,WACC (nominal after-tax),11.50%,empirical result,Replication of auction results,Re-engineering of financial LCOE data of winning auction results (average of 12 projects),n/a
academic peer-reviewed study,Egli et al 2023,10.1016/j.enpol.2023.113849,IND,IN,India,non-OECD,Solar PV,2013,WACC (nominal after-tax),8.10%,empirical result,Replication of auction results,Re-engineering of financial LCOE data of winning auction results (average of 41 projects),n/a
academic peer-reviewed study,Egli et al 2023,10.1016/j.enpol.2023.113849,IND,IN,India,non-OECD,Solar PV,2014,WACC (nominal after-tax),12.60%,empirical result,Replication of auction results,Re-engineering of financial LCOE data of winning auction results (average of 119 projects),n/a
academic peer-reviewed study,Egli et al 2023,10.1016/j.enpol.2023.113849,IND,IN,India,non-OECD,Solar PV,2015,WACC (nominal after-tax),11.60%,empirical result,Replication of auction results,Re-engineering of financial LCOE data of winning auction results (average of 77 projects),n/a
academic peer-reviewed study,Egli et al 2023,10.1016/j.enpol.2023.113849,IND,IN,India,non-OECD,Solar PV,2016,WACC (nominal after-tax),10.40%,empirical result,Replication of auction results,Re-engineering of financial LCOE data of winning auction results (average of 134 projects),n/a
academic peer-reviewed study,Egli et al 2023,10.1016/j.enpol.2023.113849,IND,IN,India,non-OECD,Solar PV,2017,WACC (nominal after-tax),8.30%,empirical result,Replication of auction results,Re-engineering of financial LCOE data of winning auction results (average of 39 projects),n/a
academic peer-reviewed study,Egli et al 2023,10.1016/j.enpol.2023.113849,IND,IN,India,non-OECD,Solar PV,2018,WACC (nominal after-tax),11.00%,empirical result,Replication of auction results,Re-engineering of financial LCOE data of winning auction results (average of 123 projects),n/a
academic peer-reviewed study,Egli et al 2023,10.1016/j.enpol.2023.113849,IND,IN,India,non-OECD,Solar PV,2019,WACC (nominal after-tax),9.20%,empirical result,Replication of auction results,Re-engineering of financial LCOE data of winning auction results (average of 3 projects),n/a
academic peer-reviewed study,Egli et al 2023,10.1016/j.enpol.2023.113849,JOR,JO,Jordan,non-OECD,Solar PV,2013,WACC (nominal after-tax),16.20%,empirical result,Replication of auction results,Re-engineering of financial LCOE data of winning auction results (average of 15 projects),n/a
academic peer-reviewed study,Egli et al 2023,10.1016/j.enpol.2023.113849,JOR,JO,Jordan,non-OECD,Solar PV,2015,WACC (nominal after-tax),6.90%,empirical result,Replication of auction results,Re-engineering of financial LCOE data of winning auction results (average of 1 project),n/a
academic peer-reviewed study,Egli et al 2023,10.1016/j.enpol.2023.113849,ZAF,ZA,South Africa,non-OECD,Solar PV,2011,WACC (nominal after-tax),21.40%,empirical result,Replication of auction results,Re-engineering of financial LCOE data of winning auction results (average of 14 projects),n/a
academic peer-reviewed study,Egli et al 2023,10.1016/j.enpol.2023.113849,ZAF,ZA,South Africa,non-OECD,Solar PV,2012,WACC (nominal after-tax),7.80%,empirical result,Replication of auction results,Re-engineering of financial LCOE data of winning auction results (average of 7 projects),n/a
academic peer-reviewed study,Egli et al 2023,10.1016/j.enpol.2023.113849,ZAF,ZA,South Africa,non-OECD,Solar PV,2013,WACC (nominal after-tax),9.10%,empirical result,Replication of auction results,Re-engineering of financial LCOE data of winning auction results (average of 6 projects),n/a
academic peer-reviewed study,Egli et al 2023,10.1016/j.enpol.2023.113849,ZAF,ZA,South Africa,non-OECD,Solar PV,2015,WACC (nominal after-tax),7.90%,empirical result,Replication of auction results,Re-engineering of financial LCOE data of winning auction results (average of 7 projects),n/a
academic peer-reviewed study,Egli et al 2023,10.1016/j.enpol.2023.113849,ARE,AE,United Arab Emirates,non-OECD,Solar PV,2016,WACC (nominal after-tax),2.60%,empirical result,Replication of auction results,Re-engineering of financial LCOE data of winning auction results (average of 1 project),n/a
academic peer-reviewed study,Egli et al 2023,10.1016/j.enpol.2023.113849,ARE,AE,United Arab Emirates,non-OECD,Solar PV,2017,WACC (nominal after-tax),5.20%,empirical result,Replication of auction results,Re-engineering of financial LCOE data of winning auction results (average of 1 project),n/a
academic peer-reviewed study,Egli et al 2023,10.1016/j.enpol.2023.113849,USA,US,United States,OECD,Solar PV,2017,WACC (nominal after-tax),3.00%,empirical result,Replication of auction results,Re-engineering of financial LCOE data of winning auction results (average of 9 projects),n/a
academic peer-reviewed study,Egli et al 2023,10.1016/j.enpol.2023.113849,USA,US,United States,OECD,Solar PV,2018,WACC (nominal after-tax),3.10%,empirical result,Replication of auction results,Re-engineering of financial LCOE data of winning auction results (average of 5 projects),n/a
academic peer-reviewed study,Schmidt et al 2019,10.1038/s41893-019-0375-2,DEU,DE,Germany,OECD,Solar PV,2018,WACC (nominal after-tax),1.55%,empirical result,Analysis of financial market data,Combining interest rate data with mark-ups estimated from data in Egli et al 2018,n/a
academic peer-reviewed study,Schmidt et al 2019,10.1038/s41893-019-0375-2,DEU,DE,Germany,OECD,Wind onshore,2018,WACC (nominal after-tax),1.89%,empirical result,Analysis of financial market data,Combining interest rate data with mark-ups estimated from data in Egli et al 2018,n/a
academic peer-reviewed study,Ðukan/Kitzing 2023,10.1016/j.enpol.2022.113395,FRA,FR,France,OECD,Wind onshore,2015,WACC (nominal after-tax),5.00%,empirical result,Survey of expert estimates,Expert interviews,averaged value for the country and technology and year
academic peer-reviewed study,Ðukan/Kitzing 2023,10.1016/j.enpol.2022.113396,FRA,FR,France,OECD,Wind onshore,2016,WACC (nominal after-tax),5.00%,empirical result,Survey of expert estimates,Expert interviews,averaged value for the country and technology and year
academic peer-reviewed study,Ðukan/Kitzing 2023,10.1016/j.enpol.2022.113397,GBR,GB,United Kingdom,OECD,Wind onshore,2016,WACC (nominal after-tax),6.50%,empirical result,Survey of expert estimates,Expert interviews,averaged value for the country and technology and year
academic peer-reviewed study,Ðukan/Kitzing 2023,10.1016/j.enpol.2022.113398,LTU,LT,Lithuania,OECD,Wind onshore,2016,WACC (nominal after-tax),6.00%,empirical result,Survey of expert estimates,Expert interviews,averaged value for the country and technology and year
academic peer-reviewed study,Ðukan/Kitzing 2023,10.1016/j.enpol.2022.113399,DEU,DE,Germany,OECD,Wind onshore,2017,WACC (nominal after-tax),5.50%,empirical result,Survey of expert estimates,Expert interviews,averaged value for the country and technology and year
academic peer-reviewed study,Ðukan/Kitzing 2023,10.1016/j.enpol.2022.113400,DEU,DE,Germany,OECD,Wind offshore,2017,WACC (nominal after-tax),6.00%,empirical result,Survey of expert estimates,Expert interviews,averaged value for the country and technology and year
academic peer-reviewed study,Ðukan/Kitzing 2023,10.1016/j.enpol.2022.113401,FRA,FR,France,OECD,Wind onshore,2017,WACC (nominal after-tax),5.00%,empirical result,Survey of expert estimates,Expert interviews,averaged value for the country and technology and year
academic peer-reviewed study,Ðukan/Kitzing 2023,10.1016/j.enpol.2022.113402,AUT,AT,Austria,OECD,Wind onshore,2018,WACC (nominal after-tax),6.14%,empirical result,Survey of expert estimates,Expert interviews,averaged value for the country and technology and year
academic peer-reviewed study,Ðukan/Kitzing 2023,10.1016/j.enpol.2022.113403,CZE,CZ,Czech Republic,OECD,Wind onshore,2018,WACC (nominal after-tax),6.00%,empirical result,Survey of expert estimates,Expert interviews,averaged value for the country and technology and year
academic peer-reviewed study,Ðukan/Kitzing 2023,10.1016/j.enpol.2022.113404,CZE,CZ,Czech Republic,OECD,Solar PV,2018,WACC (nominal after-tax),5.50%,empirical result,Survey of expert estimates,Expert interviews,averaged value for the country and technology and year
academic peer-reviewed study,Ðukan/Kitzing 2023,10.1016/j.enpol.2022.113405,DEU,DE,Germany,OECD,Wind onshore,2018,WACC (nominal after-tax),1.90%,empirical result,Survey of expert estimates,Expert interviews,averaged value for the country and technology and year
academic peer-reviewed study,Ðukan/Kitzing 2023,10.1016/j.enpol.2022.113406,DEU,DE,Germany,OECD,Wind offshore,2018,WACC (nominal after-tax),6.00%,empirical result,Survey of expert estimates,Expert interviews,averaged value for the country and technology and year
academic peer-reviewed study,Ðukan/Kitzing 2023,10.1016/j.enpol.2022.113407,ESP,ES,Spain,OECD,Wind onshore,2018,WACC (nominal after-tax),5.27%,empirical result,Survey of expert estimates,Expert interviews,averaged value for the country and technology and year
academic peer-reviewed study,Ðukan/Kitzing 2023,10.1016/j.enpol.2022.113408,ESP,ES,Spain,OECD,Solar PV,2018,WACC (nominal after-tax),5.27%,empirical result,Survey of expert estimates,Expert interviews,averaged value for the country and technology and year
academic peer-reviewed study,Ðukan/Kitzing 2023,10.1016/j.enpol.2022.113409,FIN,FI,Finland,OECD,Wind onshore,2018,WACC (nominal after-tax),4.00%,empirical result,Survey of expert estimates,Expert interviews,averaged value for the country and technology and year
academic peer-reviewed study,Ðukan/Kitzing 2023,10.1016/j.enpol.2022.113410,FRA,FR,France,OECD,Wind onshore,2018,WACC (nominal after-tax),3.13%,empirical result,Survey of expert estimates,Expert interviews,averaged value for the country and technology and year
academic peer-reviewed study,Ðukan/Kitzing 2023,10.1016/j.enpol.2022.113411,FRA,FR,France,OECD,Wind offshore,2018,WACC (nominal after-tax),4.25%,empirical result,Survey of expert estimates,Expert interviews,averaged value for the country and technology and year
academic peer-reviewed study,Ðukan/Kitzing 2023,10.1016/j.enpol.2022.113412,FRA,FR,France,OECD,Solar PV,2018,WACC (nominal after-tax),3.41%,empirical result,Survey of expert estimates,Expert interviews,averaged value for the country and technology and year
academic peer-reviewed study,Ðukan/Kitzing 2023,10.1016/j.enpol.2022.113413,GBR,GB,United Kingdom,OECD,Wind offshore,2018,WACC (nominal after-tax),7.00%,empirical result,Survey of expert estimates,Expert interviews,averaged value for the country and technology and year
academic peer-reviewed study,Ðukan/Kitzing 2023,10.1016/j.enpol.2022.113414,GBR,GB,United Kingdom,OECD,Wind onshore,2018,WACC (nominal after-tax),5.64%,empirical result,Survey of expert estimates,Expert interviews,averaged value for the country and technology and year
academic peer-reviewed study,Ðukan/Kitzing 2023,10.1016/j.enpol.2022.113415,GBR,GB,United Kingdom,OECD,Solar PV,2018,WACC (nominal after-tax),5.50%,empirical result,Survey of expert estimates,Expert interviews,averaged value for the country and technology and year
academic peer-reviewed study,Ðukan/Kitzing 2023,10.1016/j.enpol.2022.113416,GRC,GR,Greece,OECD,Solar PV,2018,WACC (nominal after-tax),6.00%,empirical result,Survey of expert estimates,Expert interviews,averaged value for the country and technology and year
academic peer-reviewed study,Ðukan/Kitzing 2023,10.1016/j.enpol.2022.113417,GRC,GR,Greece,OECD,Wind onshore,2018,WACC (nominal after-tax),6.20%,empirical result,Survey of expert estimates,Expert interviews,averaged value for the country and technology and year
academic peer-reviewed study,Ðukan/Kitzing 2023,10.1016/j.enpol.2022.113418,HUN,HU,Hungary,OECD,Solar PV,2018,WACC (nominal after-tax),5.66%,empirical result,Survey of expert estimates,Expert interviews,averaged value for the country and technology and year
academic peer-reviewed study,Ðukan/Kitzing 2023,10.1016/j.enpol.2022.113419,IRL,IE,Ireland,OECD,Wind offshore,2018,WACC (nominal after-tax),7.75%,empirical result,Survey of expert estimates,Expert interviews,averaged value for the country and technology and year
academic peer-reviewed study,Ðukan/Kitzing 2023,10.1016/j.enpol.2022.113420,ITA,IT,Italy,OECD,Wind onshore,2018,WACC (nominal after-tax),4.66%,empirical result,Survey of expert estimates,Expert interviews,averaged value for the country and technology and year
academic peer-reviewed study,Ðukan/Kitzing 2023,10.1016/j.enpol.2022.113421,LTU,LT,Lithuania,OECD,Wind onshore,2018,WACC (nominal after-tax),8.00%,empirical result,Survey of expert estimates,Expert interviews,averaged value for the country and technology and year
academic peer-reviewed study,Ðukan/Kitzing 2023,10.1016/j.enpol.2022.113422,LVA,LV,Latvia,OECD,Wind onshore,2018,WACC (nominal after-tax),9.08%,empirical result,Survey of expert estimates,Expert interviews,averaged value for the country and technology and year
academic peer-reviewed study,Ðukan/Kitzing 2023,10.1016/j.enpol.2022.113423,LVA,LV,Latvia,OECD,Solar PV,2018,WACC (nominal after-tax),12.10%,empirical result,Survey of expert estimates,Expert interviews,averaged value for the country and technology and year
academic peer-reviewed study,Ðukan/Kitzing 2023,10.1016/j.enpol.2022.113424,NLD,NL,Netherlands,OECD,Wind onshore,2018,WACC (nominal after-tax),5.30%,empirical result,Survey of expert estimates,Expert interviews,averaged value for the country and technology and year
academic peer-reviewed study,Ðukan/Kitzing 2023,10.1016/j.enpol.2022.113425,NLD,NL,Netherlands,OECD,Solar PV,2018,WACC (nominal after-tax),5.50%,empirical result,Survey of expert estimates,Expert interviews,averaged value for the country and technology and year
academic peer-reviewed study,Ðukan/Kitzing 2023,10.1016/j.enpol.2022.113426,POL,PL,Poland,OECD,Wind onshore,2018,WACC (nominal after-tax),4.57%,empirical result,Survey of expert estimates,Expert interviews,averaged value for the country and technology and year
academic peer-reviewed study,Ðukan/Kitzing 2023,10.1016/j.enpol.2022.113427,PRT,PT,Portugal,OECD,Wind onshore,2018,WACC (nominal after-tax),5.27%,empirical result,Survey of expert estimates,Expert interviews,averaged value for the country and technology and year
academic peer-reviewed study,Ðukan/Kitzing 2023,10.1016/j.enpol.2022.113428,PRT,PT,Portugal,OECD,Solar PV,2018,WACC (nominal after-tax),5.27%,empirical result,Survey of expert estimates,Expert interviews,averaged value for the country and technology and year
academic peer-reviewed study,Ðukan/Kitzing 2023,10.1016/j.enpol.2022.113429,ROU,RO,Romania,non-OECD,Wind onshore,2018,WACC (nominal after-tax),7.75%,empirical result,Survey of expert estimates,Expert interviews,averaged value for the country and technology and year
academic peer-reviewed study,Ðukan/Kitzing 2023,10.1016/j.enpol.2022.113430,ROU,RO,Romania,non-OECD,Solar PV,2018,WACC (nominal after-tax),7.50%,empirical result,Survey of expert estimates,Expert interviews,averaged value for the country and technology and year
academic peer-reviewed study,Ðukan/Kitzing 2023,10.1016/j.enpol.2022.113431,SWE,SE,Sweden,OECD,Wind onshore,2018,WACC (nominal after-tax),5.53%,empirical result,Survey of expert estimates,Expert interviews,averaged value for the country and technology and year
academic peer-reviewed study,Ðukan/Kitzing 2023,10.1016/j.enpol.2022.113432,SVN,SI,Slovenia,OECD,Wind onshore,2018,WACC (nominal after-tax),4.50%,empirical result,Survey of expert estimates,Expert interviews,averaged value for the country and technology and year
academic peer-reviewed study,Ðukan/Kitzing 2023,10.1016/j.enpol.2022.113433,SVK,SK,Slovakia,non-OECD,Solar PV,2018,WACC (nominal after-tax),5.50%,empirical result,Survey of expert estimates,Expert interviews,averaged value for the country and technology and year
academic peer-reviewed study,Ðukan/Kitzing 2023,10.1016/j.enpol.2022.113434,AUT,AT,Austria,OECD,Wind onshore,2019,WACC (nominal after-tax),4.52%,empirical result,Survey of expert estimates,Expert interviews,averaged value for the country and technology and year
academic peer-reviewed study,Ðukan/Kitzing 2023,10.1016/j.enpol.2022.113435,BEL,BE,Belgium,OECD,Wind offshore,2019,WACC (nominal after-tax),3.88%,empirical result,Survey of expert estimates,Expert interviews,averaged value for the country and technology and year
academic peer-reviewed study,Ðukan/Kitzing 2023,10.1016/j.enpol.2022.113436,BEL,BE,Belgium,OECD,Wind onshore,2019,WACC (nominal after-tax),3.72%,empirical result,Survey of expert estimates,Expert interviews,averaged value for the country and technology and year
academic peer-reviewed study,Ðukan/Kitzing 2023,10.1016/j.enpol.2022.113437,BGR,BG,Bulgaria,non-OECD,Wind onshore,2019,WACC (nominal after-tax),5.50%,empirical result,Survey of expert estimates,Expert interviews,averaged value for the country and technology and year
academic peer-reviewed study,Ðukan/Kitzing 2023,10.1016/j.enpol.2022.113438,BGR,BG,Bulgaria,non-OECD,Solar PV,2019,WACC (nominal after-tax),5.50%,empirical result,Survey of expert estimates,Expert interviews,averaged value for the country and technology and year
academic peer-reviewed study,Ðukan/Kitzing 2023,10.1016/j.enpol.2022.113439,CYP,CY,Cyprus,non-OECD,Solar PV,2019,WACC (nominal after-tax),5.00%,empirical result,Survey of expert estimates,Expert interviews,averaged value for the country and technology and year
academic peer-reviewed study,Ðukan/Kitzing 2023,10.1016/j.enpol.2022.113440,CYP,CY,Cyprus,non-OECD,Wind onshore,2019,WACC (nominal after-tax),5.20%,empirical result,Survey of expert estimates,Expert interviews,averaged value for the country and technology and year
academic peer-reviewed study,Ðukan/Kitzing 2023,10.1016/j.enpol.2022.113441,CZE,CZ,Czech Republic,OECD,Wind onshore,2019,WACC (nominal after-tax),6.00%,empirical result,Survey of expert estimates,Expert interviews,averaged value for the country and technology and year
academic peer-reviewed study,Ðukan/Kitzing 2023,10.1016/j.enpol.2022.113442,CZE,CZ,Czech Republic,OECD,Solar PV,2019,WACC (nominal after-tax),5.50%,empirical result,Survey of expert estimates,Expert interviews,averaged value for the country and technology and year
academic peer-reviewed study,Ðukan/Kitzing 2023,10.1016/j.enpol.2022.113443,DEU,DE,Germany,OECD,Wind onshore,2019,WACC (nominal after-tax),1.92%,empirical result,Survey of expert estimates,Expert interviews,averaged value for the country and technology and year
academic peer-reviewed study,Ðukan/Kitzing 2023,10.1016/j.enpol.2022.113444,DNK,DK,Denmark,OECD,Wind onshore,2019,WACC (nominal after-tax),2.50%,empirical result,Survey of expert estimates,Expert interviews,averaged value for the country and technology and year
academic peer-reviewed study,Ðukan/Kitzing 2023,10.1016/j.enpol.2022.113445,EST,EE,Estonia,OECD,Solar PV,2019,WACC (nominal after-tax),7.21%,empirical result,Survey of expert estimates,Expert interviews,averaged value for the country and technology and year
academic peer-reviewed study,Ðukan/Kitzing 2023,10.1016/j.enpol.2022.113446,EST,EE,Estonia,OECD,Wind onshore,2019,WACC (nominal after-tax),8.06%,empirical result,Survey of expert estimates,Expert interviews,averaged value for the country and technology and year
academic peer-reviewed study,Ðukan/Kitzing 2023,10.1016/j.enpol.2022.113447,ESP,ES,Spain,OECD,Wind onshore,2019,WACC (nominal after-tax),5.17%,empirical result,Survey of expert estimates,Expert interviews,averaged value for the country and technology and year
academic peer-reviewed study,Ðukan/Kitzing 2023,10.1016/j.enpol.2022.113448,ESP,ES,Spain,OECD,Solar PV,2019,WACC (nominal after-tax),5.17%,empirical result,Survey of expert estimates,Expert interviews,averaged value for the country and technology and year
academic peer-reviewed study,Ðukan/Kitzing 2023,10.1016/j.enpol.2022.113449,FIN,FI,Finland,OECD,Wind onshore,2019,WACC (nominal after-tax),4.25%,empirical result,Survey of expert estimates,Expert interviews,averaged value for the country and technology and year
academic peer-reviewed study,Ðukan/Kitzing 2023,10.1016/j.enpol.2022.113450,FRA,FR,France,OECD,Wind onshore,2019,WACC (nominal after-tax),2.99%,empirical result,Survey of expert estimates,Expert interviews,averaged value for the country and technology and year
academic peer-reviewed study,Ðukan/Kitzing 2023,10.1016/j.enpol.2022.113451,FRA,FR,France,OECD,Wind offshore,2019,WACC (nominal after-tax),4.13%,empirical result,Survey of expert estimates,Expert interviews,averaged value for the country and technology and year
academic peer-reviewed study,Ðukan/Kitzing 2023,10.1016/j.enpol.2022.113452,FRA,FR,France,OECD,Solar PV,2019,WACC (nominal after-tax),3.26%,empirical result,Survey of expert estimates,Expert interviews,averaged value for the country and technology and year
academic peer-reviewed study,Ðukan/Kitzing 2023,10.1016/j.enpol.2022.113453,GBR,GB,United Kingdom,OECD,Wind onshore,2019,WACC (nominal after-tax),3.35%,empirical result,Survey of expert estimates,Expert interviews,averaged value for the country and technology and year
academic peer-reviewed study,Ðukan/Kitzing 2023,10.1016/j.enpol.2022.113454,GBR,GB,United Kingdom,OECD,Solar PV,2019,WACC (nominal after-tax),5.50%,empirical result,Survey of expert estimates,Expert interviews,averaged value for the country and technology and year
academic peer-reviewed study,Ðukan/Kitzing 2023,10.1016/j.enpol.2022.113455,GRC,GR,Greece,OECD,Solar PV,2019,WACC (nominal after-tax),6.00%,empirical result,Survey of expert estimates,Expert interviews,averaged value for the country and technology and year
academic peer-reviewed study,Ðukan/Kitzing 2023,10.1016/j.enpol.2022.113456,GRC,GR,Greece,OECD,Wind onshore,2019,WACC (nominal after-tax),6.20%,empirical result,Survey of expert estimates,Expert interviews,averaged value for the country and technology and year
academic peer-reviewed study,Ðukan/Kitzing 2023,10.1016/j.enpol.2022.113457,HRV,HR,Croatia,non-OECD,Wind onshore,2019,WACC (nominal after-tax),7.83%,empirical result,Survey of expert estimates,Expert interviews,averaged value for the country and technology and year
academic peer-reviewed study,Ðukan/Kitzing 2023,10.1016/j.enpol.2022.113458,HUN,HU,Hungary,OECD,Solar PV,2019,WACC (nominal after-tax),5.49%,empirical result,Survey of expert estimates,Expert interviews,averaged value for the country and technology and year
academic peer-reviewed study,Ðukan/Kitzing 2023,10.1016/j.enpol.2022.113459,HUN,HU,Hungary,OECD,Wind onshore,2019,WACC (nominal after-tax),4.63%,empirical result,Survey of expert estimates,Expert interviews,averaged value for the country and technology and year
academic peer-reviewed study,Ðukan/Kitzing 2023,10.1016/j.enpol.2022.113460,IRL,IE,Ireland,OECD,Wind onshore,2019,WACC (nominal after-tax),7.75%,empirical result,Survey of expert estimates,Expert interviews,averaged value for the country and technology and year
academic peer-reviewed study,Ðukan/Kitzing 2023,10.1016/j.enpol.2022.113461,ITA,IT,Italy,OECD,Wind onshore,2019,WACC (nominal after-tax),5.03%,empirical result,Survey of expert estimates,Expert interviews,averaged value for the country and technology and year
academic peer-reviewed study,Ðukan/Kitzing 2023,10.1016/j.enpol.2022.113462,LTU,LT,Lithuania,OECD,Wind onshore,2019,WACC (nominal after-tax),9.50%,empirical result,Survey of expert estimates,Expert interviews,averaged value for the country and technology and year
academic peer-reviewed study,Ðukan/Kitzing 2023,10.1016/j.enpol.2022.113463,LVA,LV,Latvia,OECD,Wind onshore,2019,WACC (nominal after-tax),9.08%,empirical result,Survey of expert estimates,Expert interviews,averaged value for the country and technology and year
academic peer-reviewed study,Ðukan/Kitzing 2023,10.1016/j.enpol.2022.113464,LVA,LV,Latvia,OECD,Solar PV,2019,WACC (nominal after-tax),12.10%,empirical result,Survey of expert estimates,Expert interviews,averaged value for the country and technology and year
academic peer-reviewed study,Ðukan/Kitzing 2023,10.1016/j.enpol.2022.113465,NLD,NL,Netherlands,OECD,Wind onshore,2019,WACC (nominal after-tax),4.83%,empirical result,Survey of expert estimates,Expert interviews,averaged value for the country and technology and year
academic peer-reviewed study,Ðukan/Kitzing 2023,10.1016/j.enpol.2022.113466,NLD,NL,Netherlands,OECD,Wind offshore,2019,WACC (nominal after-tax),4.65%,empirical result,Survey of expert estimates,Expert interviews,averaged value for the country and technology and year
academic peer-reviewed study,Ðukan/Kitzing 2023,10.1016/j.enpol.2022.113467,NLD,NL,Netherlands,OECD,Solar PV,2019,WACC (nominal after-tax),5.50%,empirical result,Survey of expert estimates,Expert interviews,averaged value for the country and technology and year
academic peer-reviewed study,Ðukan/Kitzing 2023,10.1016/j.enpol.2022.113468,POL,PL,Poland,OECD,Wind onshore,2019,WACC (nominal after-tax),4.57%,empirical result,Survey of expert estimates,Expert interviews,averaged value for the country and technology and year
academic peer-reviewed study,Ðukan/Kitzing 2023,10.1016/j.enpol.2022.113469,PRT,PT,Portugal,OECD,Wind onshore,2019,WACC (nominal after-tax),5.17%,empirical result,Survey of expert estimates,Expert interviews,averaged value for the country and technology and year
academic peer-reviewed study,Ðukan/Kitzing 2023,10.1016/j.enpol.2022.113470,PRT,PT,Portugal,OECD,Solar PV,2019,WACC (nominal after-tax),5.17%,empirical result,Survey of expert estimates,Expert interviews,averaged value for the country and technology and year
academic peer-reviewed study,Ðukan/Kitzing 2023,10.1016/j.enpol.2022.113471,ROU,RO,Romania,non-OECD,Wind onshore,2019,WACC (nominal after-tax),7.75%,empirical result,Survey of expert estimates,Expert interviews,averaged value for the country and technology and year
academic peer-reviewed study,Ðukan/Kitzing 2023,10.1016/j.enpol.2022.113472,ROU,RO,Romania,non-OECD,Solar PV,2019,WACC (nominal after-tax),7.75%,empirical result,Survey of expert estimates,Expert interviews,averaged value for the country and technology and year
academic peer-reviewed study,Ðukan/Kitzing 2023,10.1016/j.enpol.2022.113473,SWE,SE,Sweden,OECD,Wind onshore,2019,WACC (nominal after-tax),5.90%,empirical result,Survey of expert estimates,Expert interviews,averaged value for the country and technology and year
academic peer-reviewed study,Ðukan/Kitzing 2023,10.1016/j.enpol.2022.113474,SVK,SK,Slovakia,non-OECD,Solar PV,2019,WACC (nominal after-tax),5.50%,empirical result,Survey of expert estimates,Expert interviews,averaged value for the country and technology and year
academic peer-reviewed study,Ðukan/Kitzing 2023,10.1016/j.enpol.2022.113475,NLD,NL,Netherlands,OECD,Wind onshore,2020,WACC (nominal after-tax),3.30%,empirical result,Survey of expert estimates,Expert interviews,averaged value for the country and technology and year
academic peer-reviewed study,Ðukan/Kitzing 2023,10.1016/j.enpol.2022.113476,FRA,FR,France,OECD,Wind onshore,2015,Leverage (debt share),80.00%,empirical result,Survey of expert estimates,Expert interviews,averaged value for the country and technology and year
academic peer-reviewed study,Ðukan/Kitzing 2023,10.1016/j.enpol.2022.113477,FRA,FR,France,OECD,Wind onshore,2016,Leverage (debt share),90.00%,empirical result,Survey of expert estimates,Expert interviews,averaged value for the country and technology and year
academic peer-reviewed study,Ðukan/Kitzing 2023,10.1016/j.enpol.2022.113478,GBR,GB,United Kingdom,OECD,Wind onshore,2016,Leverage (debt share),0.00%,empirical result,Survey of expert estimates,Expert interviews,averaged value for the country and technology and year
academic peer-reviewed study,Ðukan/Kitzing 2023,10.1016/j.enpol.2022.113479,LTU,LT,Lithuania,OECD,Wind onshore,2016,Leverage (debt share),70.00%,empirical result,Survey of expert estimates,Expert interviews,averaged value for the country and technology and year
academic peer-reviewed study,Ðukan/Kitzing 2023,10.1016/j.enpol.2022.113480,DEU,DE,Germany,OECD,Wind onshore,2017,Leverage (debt share),0.00%,empirical result,Survey of expert estimates,Expert interviews,averaged value for the country and technology and year
academic peer-reviewed study,Ðukan/Kitzing 2023,10.1016/j.enpol.2022.113481,DEU,DE,Germany,OECD,Wind offshore,2017,Leverage (debt share),0.00%,empirical result,Survey of expert estimates,Expert interviews,averaged value for the country and technology and year
academic peer-reviewed study,Ðukan/Kitzing 2023,10.1016/j.enpol.2022.113482,FRA,FR,France,OECD,Wind onshore,2017,Leverage (debt share),100.00%,empirical result,Survey of expert estimates,Expert interviews.  100% leverage double-checked: was reported in study,averaged value for the country and technology and year
academic peer-reviewed study,Ðukan/Kitzing 2023,10.1016/j.enpol.2022.113483,AUT,AT,Austria,OECD,Wind onshore,2018,Leverage (debt share),70.40%,empirical result,Survey of expert estimates,Expert interviews,averaged value for the country and technology and year
academic peer-reviewed study,Ðukan/Kitzing 2023,10.1016/j.enpol.2022.113484,BEL,BE,Belgium,OECD,Wind offshore,2018,Leverage (debt share),75.00%,empirical result,Survey of expert estimates,Expert interviews,averaged value for the country and technology and year
academic peer-reviewed study,Ðukan/Kitzing 2023,10.1016/j.enpol.2022.113485,CZE,CZ,Czech Republic,OECD,Wind onshore,2018,Leverage (debt share),76.67%,empirical result,Survey of expert estimates,Expert interviews,averaged value for the country and technology and year
academic peer-reviewed study,Ðukan/Kitzing 2023,10.1016/j.enpol.2022.113486,CZE,CZ,Czech Republic,OECD,Solar PV,2018,Leverage (debt share),63.33%,empirical result,Survey of expert estimates,Expert interviews,averaged value for the country and technology and year
academic peer-reviewed study,Ðukan/Kitzing 2023,10.1016/j.enpol.2022.113487,DEU,DE,Germany,OECD,Wind onshore,2018,Leverage (debt share),86.50%,empirical result,Survey of expert estimates,Expert interviews,averaged value for the country and technology and year
academic peer-reviewed study,Ðukan/Kitzing 2023,10.1016/j.enpol.2022.113488,DEU,DE,Germany,OECD,Wind offshore,2018,Leverage (debt share),0.00%,empirical result,Survey of expert estimates,Expert interviews,averaged value for the country and technology and year
academic peer-reviewed study,Ðukan/Kitzing 2023,10.1016/j.enpol.2022.113489,DNK,DK,Denmark,OECD,Wind onshore,2018,Leverage (debt share),77.50%,empirical result,Survey of expert estimates,Expert interviews,averaged value for the country and technology and year
academic peer-reviewed study,Ðukan/Kitzing 2023,10.1016/j.enpol.2022.113490,ESP,ES,Spain,OECD,Wind onshore,2018,Leverage (debt share),49.33%,empirical result,Survey of expert estimates,Expert interviews,averaged value for the country and technology and year
academic peer-reviewed study,Ðukan/Kitzing 2023,10.1016/j.enpol.2022.113491,ESP,ES,Spain,OECD,Solar PV,2018,Leverage (debt share),49.33%,empirical result,Survey of expert estimates,Expert interviews,averaged value for the country and technology and year
academic peer-reviewed study,Ðukan/Kitzing 2023,10.1016/j.enpol.2022.113492,FIN,FI,Finland,OECD,Wind onshore,2018,Leverage (debt share),75.00%,empirical result,Survey of expert estimates,Expert interviews,averaged value for the country and technology and year
academic peer-reviewed study,Ðukan/Kitzing 2023,10.1016/j.enpol.2022.113493,FRA,FR,France,OECD,Wind onshore,2018,Leverage (debt share),83.50%,empirical result,Survey of expert estimates,Expert interviews,averaged value for the country and technology and year
academic peer-reviewed study,Ðukan/Kitzing 2023,10.1016/j.enpol.2022.113494,FRA,FR,France,OECD,Wind offshore,2018,Leverage (debt share),82.50%,empirical result,Survey of expert estimates,Expert interviews,averaged value for the country and technology and year
academic peer-reviewed study,Ðukan/Kitzing 2023,10.1016/j.enpol.2022.113495,FRA,FR,France,OECD,Solar PV,2018,Leverage (debt share),87.50%,empirical result,Survey of expert estimates,Expert interviews,averaged value for the country and technology and year
academic peer-reviewed study,Ðukan/Kitzing 2023,10.1016/j.enpol.2022.113496,GBR,GB,United Kingdom,OECD,Wind offshore,2018,Leverage (debt share),37.50%,empirical result,Survey of expert estimates,Expert interviews,averaged value for the country and technology and year
academic peer-reviewed study,Ðukan/Kitzing 2023,10.1016/j.enpol.2022.113497,GBR,GB,United Kingdom,OECD,Wind onshore,2018,Leverage (debt share),50.00%,empirical result,Survey of expert estimates,Expert interviews,averaged value for the country and technology and year
academic peer-reviewed study,Ðukan/Kitzing 2023,10.1016/j.enpol.2022.113498,GRC,GR,Greece,OECD,Solar PV,2018,Leverage (debt share),77.50%,empirical result,Survey of expert estimates,Expert interviews,averaged value for the country and technology and year
academic peer-reviewed study,Ðukan/Kitzing 2023,10.1016/j.enpol.2022.113499,GRC,GR,Greece,OECD,Wind onshore,2018,Leverage (debt share),75.00%,empirical result,Survey of expert estimates,Expert interviews,averaged value for the country and technology and year
academic peer-reviewed study,Ðukan/Kitzing 2023,10.1016/j.enpol.2022.113500,HUN,HU,Hungary,OECD,Solar PV,2018,Leverage (debt share),69.58%,empirical result,Survey of expert estimates,Expert interviews,averaged value for the country and technology and year
academic peer-reviewed study,Ðukan/Kitzing 2023,10.1016/j.enpol.2022.113501,IRL,IE,Ireland,OECD,Wind offshore,2018,Leverage (debt share),85.00%,empirical result,Survey of expert estimates,Expert interviews,averaged value for the country and technology and year
academic peer-reviewed study,Ðukan/Kitzing 2023,10.1016/j.enpol.2022.113502,ITA,IT,Italy,OECD,Wind onshore,2018,Leverage (debt share),81.33%,empirical result,Survey of expert estimates,Expert interviews,averaged value for the country and technology and year
academic peer-reviewed study,Ðukan/Kitzing 2023,10.1016/j.enpol.2022.113503,LTU,LT,Lithuania,OECD,Wind onshore,2018,Leverage (debt share),69.00%,empirical result,Survey of expert estimates,Expert interviews,averaged value for the country and technology and year
academic peer-reviewed study,Ðukan/Kitzing 2023,10.1016/j.enpol.2022.113504,LVA,LV,Latvia,OECD,Wind onshore,2018,Leverage (debt share),55.33%,empirical result,Survey of expert estimates,Expert interviews,averaged value for the country and technology and year
academic peer-reviewed study,Ðukan/Kitzing 2023,10.1016/j.enpol.2022.113505,LVA,LV,Latvia,OECD,Wind offshore,2018,Leverage (debt share),60.00%,empirical result,Survey of expert estimates,Expert interviews,averaged value for the country and technology and year
academic peer-reviewed study,Ðukan/Kitzing 2023,10.1016/j.enpol.2022.113506,LVA,LV,Latvia,OECD,Solar PV,2018,Leverage (debt share),55.33%,empirical result,Survey of expert estimates,Expert interviews,averaged value for the country and technology and year
academic peer-reviewed study,Ðukan/Kitzing 2023,10.1016/j.enpol.2022.113507,NLD,NL,Netherlands,OECD,Wind onshore,2018,Leverage (debt share),40.00%,empirical result,Survey of expert estimates,Expert interviews,averaged value for the country and technology and year
academic peer-reviewed study,Ðukan/Kitzing 2023,10.1016/j.enpol.2022.113508,NLD,NL,Netherlands,OECD,Solar PV,2018,Leverage (debt share),0.00%,empirical result,Survey of expert estimates,Expert interviews,averaged value for the country and technology and year
academic peer-reviewed study,Ðukan/Kitzing 2023,10.1016/j.enpol.2022.113509,POL,PL,Poland,OECD,Wind onshore,2018,Leverage (debt share),69.00%,empirical result,Survey of expert estimates,Expert interviews,averaged value for the country and technology and year
academic peer-reviewed study,Ðukan/Kitzing 2023,10.1016/j.enpol.2022.113510,PRT,PT,Portugal,OECD,Wind onshore,2018,Leverage (debt share),49.33%,empirical result,Survey of expert estimates,Expert interviews,averaged value for the country and technology and year
academic peer-reviewed study,Ðukan/Kitzing 2023,10.1016/j.enpol.2022.113511,PRT,PT,Portugal,OECD,Solar PV,2018,Leverage (debt share),49.33%,empirical result,Survey of expert estimates,Expert interviews,averaged value for the country and technology and year
academic peer-reviewed study,Ðukan/Kitzing 2023,10.1016/j.enpol.2022.113512,ROU,RO,Romania,non-OECD,Wind onshore,2018,Leverage (debt share),60.00%,empirical result,Survey of expert estimates,Expert interviews,averaged value for the country and technology and year
academic peer-reviewed study,Ðukan/Kitzing 2023,10.1016/j.enpol.2022.113513,ROU,RO,Romania,non-OECD,Solar PV,2018,Leverage (debt share),57.50%,empirical result,Survey of expert estimates,Expert interviews,averaged value for the country and technology and year
academic peer-reviewed study,Ðukan/Kitzing 2023,10.1016/j.enpol.2022.113514,SWE,SE,Sweden,OECD,Wind onshore,2018,Leverage (debt share),48.33%,empirical result,Survey of expert estimates,Expert interviews,averaged value for the country and technology and year
academic peer-reviewed study,Ðukan/Kitzing 2023,10.1016/j.enpol.2022.113515,SVN,SI,Slovenia,OECD,Wind onshore,2018,Leverage (debt share),75.00%,empirical result,Survey of expert estimates,Expert interviews,averaged value for the country and technology and year
academic peer-reviewed study,Ðukan/Kitzing 2023,10.1016/j.enpol.2022.113516,SVK,SK,Slovakia,non-OECD,Solar PV,2018,Leverage (debt share),74.00%,empirical result,Survey of expert estimates,Expert interviews,averaged value for the country and technology and year
academic peer-reviewed study,Ðukan/Kitzing 2023,10.1016/j.enpol.2022.113517,SVK,SK,Slovakia,non-OECD,Wind onshore,2018,Leverage (debt share),90.00%,empirical result,Survey of expert estimates,Expert interviews,averaged value for the country and technology and year
academic peer-reviewed study,Ðukan/Kitzing 2023,10.1016/j.enpol.2022.113518,AUT,AT,Austria,OECD,Wind onshore,2019,Leverage (debt share),83.33%,empirical result,Survey of expert estimates,Expert interviews,averaged value for the country and technology and year
academic peer-reviewed study,Ðukan/Kitzing 2023,10.1016/j.enpol.2022.113519,BEL,BE,Belgium,OECD,Wind offshore,2019,Leverage (debt share),76.67%,empirical result,Survey of expert estimates,Expert interviews,averaged value for the country and technology and year
academic peer-reviewed study,Ðukan/Kitzing 2023,10.1016/j.enpol.2022.113520,BEL,BE,Belgium,OECD,Wind onshore,2019,Leverage (debt share),78.33%,empirical result,Survey of expert estimates,Expert interviews,averaged value for the country and technology and year
academic peer-reviewed study,Ðukan/Kitzing 2023,10.1016/j.enpol.2022.113521,BGR,BG,Bulgaria,non-OECD,Wind onshore,2019,Leverage (debt share),75.00%,empirical result,Survey of expert estimates,Expert interviews,averaged value for the country and technology and year
academic peer-reviewed study,Ðukan/Kitzing 2023,10.1016/j.enpol.2022.113522,BGR,BG,Bulgaria,non-OECD,Solar PV,2019,Leverage (debt share),75.00%,empirical result,Survey of expert estimates,Expert interviews,averaged value for the country and technology and year
academic peer-reviewed study,Ðukan/Kitzing 2023,10.1016/j.enpol.2022.113523,CYP,CY,Cyprus,non-OECD,Solar PV,2019,Leverage (debt share),73.75%,empirical result,Survey of expert estimates,Expert interviews,averaged value for the country and technology and year
academic peer-reviewed study,Ðukan/Kitzing 2023,10.1016/j.enpol.2022.113524,CYP,CY,Cyprus,non-OECD,Wind onshore,2019,Leverage (debt share),75.00%,empirical result,Survey of expert estimates,Expert interviews,averaged value for the country and technology and year
academic peer-reviewed study,Ðukan/Kitzing 2023,10.1016/j.enpol.2022.113525,CZE,CZ,Czech Republic,OECD,Wind onshore,2019,Leverage (debt share),76.67%,empirical result,Survey of expert estimates,Expert interviews,averaged value for the country and technology and year
academic peer-reviewed study,Ðukan/Kitzing 2023,10.1016/j.enpol.2022.113526,CZE,CZ,Czech Republic,OECD,Solar PV,2019,Leverage (debt share),63.33%,empirical result,Survey of expert estimates,Expert interviews,averaged value for the country and technology and year
academic peer-reviewed study,Ðukan/Kitzing 2023,10.1016/j.enpol.2022.113527,DEU,DE,Germany,OECD,Wind onshore,2019,Leverage (debt share),85.40%,empirical result,Survey of expert estimates,Expert interviews,averaged value for the country and technology and year
academic peer-reviewed study,Ðukan/Kitzing 2023,10.1016/j.enpol.2022.113528,DNK,DK,Denmark,OECD,Wind onshore,2019,Leverage (debt share),78.75%,empirical result,Survey of expert estimates,Expert interviews,averaged value for the country and technology and year
academic peer-reviewed study,Ðukan/Kitzing 2023,10.1016/j.enpol.2022.113529,EST,EE,Estonia,OECD,Solar PV,2019,Leverage (debt share),70.00%,empirical result,Survey of expert estimates,Expert interviews,averaged value for the country and technology and year
academic peer-reviewed study,Ðukan/Kitzing 2023,10.1016/j.enpol.2022.113530,EST,EE,Estonia,OECD,Wind onshore,2019,Leverage (debt share),72.00%,empirical result,Survey of expert estimates,Expert interviews,averaged value for the country and technology and year
academic peer-reviewed study,Ðukan/Kitzing 2023,10.1016/j.enpol.2022.113531,ESP,ES,Spain,OECD,Wind onshore,2019,Leverage (debt share),50.00%,empirical result,Survey of expert estimates,Expert interviews,averaged value for the country and technology and year
academic peer-reviewed study,Ðukan/Kitzing 2023,10.1016/j.enpol.2022.113532,ESP,ES,Spain,OECD,Solar PV,2019,Leverage (debt share),53.33%,empirical result,Survey of expert estimates,Expert interviews,averaged value for the country and technology and year
academic peer-reviewed study,Ðukan/Kitzing 2023,10.1016/j.enpol.2022.113533,FIN,FI,Finland,OECD,Wind onshore,2019,Leverage (debt share),70.00%,empirical result,Survey of expert estimates,Expert interviews,averaged value for the country and technology and year
academic peer-reviewed study,Ðukan/Kitzing 2023,10.1016/j.enpol.2022.113534,FRA,FR,France,OECD,Wind onshore,2019,Leverage (debt share),85.40%,empirical result,Survey of expert estimates,Expert interviews,averaged value for the country and technology and year
academic peer-reviewed study,Ðukan/Kitzing 2023,10.1016/j.enpol.2022.113535,FRA,FR,France,OECD,Wind offshore,2019,Leverage (debt share),82.50%,empirical result,Survey of expert estimates,Expert interviews,averaged value for the country and technology and year
academic peer-reviewed study,Ðukan/Kitzing 2023,10.1016/j.enpol.2022.113536,FRA,FR,France,OECD,Solar PV,2019,Leverage (debt share),87.50%,empirical result,Survey of expert estimates,Expert interviews,averaged value for the country and technology and year
academic peer-reviewed study,Ðukan/Kitzing 2023,10.1016/j.enpol.2022.113537,GBR,GB,United Kingdom,OECD,Wind offshore,2019,Leverage (debt share),75.00%,empirical result,Survey of expert estimates,Expert interviews,averaged value for the country and technology and year
academic peer-reviewed study,Ðukan/Kitzing 2023,10.1016/j.enpol.2022.113538,GBR,GB,United Kingdom,OECD,Wind onshore,2019,Leverage (debt share),70.00%,empirical result,Survey of expert estimates,Expert interviews,averaged value for the country and technology and year
academic peer-reviewed study,Ðukan/Kitzing 2023,10.1016/j.enpol.2022.113539,GBR,GB,United Kingdom,OECD,Solar PV,2019,Leverage (debt share),0.00%,empirical result,Survey of expert estimates,Expert interviews,averaged value for the country and technology and year
academic peer-reviewed study,Ðukan/Kitzing 2023,10.1016/j.enpol.2022.113540,GRC,GR,Greece,OECD,Solar PV,2019,Leverage (debt share),77.50%,empirical result,Survey of expert estimates,Expert interviews,averaged value for the country and technology and year
academic peer-reviewed study,Ðukan/Kitzing 2023,10.1016/j.enpol.2022.113541,GRC,GR,Greece,OECD,Wind onshore,2019,Leverage (debt share),75.00%,empirical result,Survey of expert estimates,Expert interviews,averaged value for the country and technology and year
academic peer-reviewed study,Ðukan/Kitzing 2023,10.1016/j.enpol.2022.113542,HRV,HR,Croatia,non-OECD,Wind onshore,2019,Leverage (debt share),70.00%,empirical result,Survey of expert estimates,Expert interviews,averaged value for the country and technology and year
academic peer-reviewed study,Ðukan/Kitzing 2023,10.1016/j.enpol.2022.113543,HUN,HU,Hungary,OECD,Solar PV,2019,Leverage (debt share),70.42%,empirical result,Survey of expert estimates,Expert interviews,averaged value for the country and technology and year
academic peer-reviewed study,Ðukan/Kitzing 2023,10.1016/j.enpol.2022.113544,HUN,HU,Hungary,OECD,Wind onshore,2019,Leverage (debt share),65.00%,empirical result,Survey of expert estimates,Expert interviews,averaged value for the country and technology and year
academic peer-reviewed study,Ðukan/Kitzing 2023,10.1016/j.enpol.2022.113545,IRL,IE,Ireland,OECD,Wind onshore,2019,Leverage (debt share),85.00%,empirical result,Survey of expert estimates,Expert interviews,averaged value for the country and technology and year
academic peer-reviewed study,Ðukan/Kitzing 2023,10.1016/j.enpol.2022.113546,ITA,IT,Italy,OECD,Wind onshore,2019,Leverage (debt share),79.50%,empirical result,Survey of expert estimates,Expert interviews,averaged value for the country and technology and year
academic peer-reviewed study,Ðukan/Kitzing 2023,10.1016/j.enpol.2022.113547,LTU,LT,Lithuania,OECD,Wind onshore,2019,Leverage (debt share),75.00%,empirical result,Survey of expert estimates,Expert interviews,averaged value for the country and technology and year
academic peer-reviewed study,Ðukan/Kitzing 2023,10.1016/j.enpol.2022.113548,LVA,LV,Latvia,OECD,Wind onshore,2019,Leverage (debt share),55.33%,empirical result,Survey of expert estimates,Expert interviews,averaged value for the country and technology and year
academic peer-reviewed study,Ðukan/Kitzing 2023,10.1016/j.enpol.2022.113549,LVA,LV,Latvia,OECD,Wind offshore,2019,Leverage (debt share),60.00%,empirical result,Survey of expert estimates,Expert interviews,averaged value for the country and technology and year
academic peer-reviewed study,Ðukan/Kitzing 2023,10.1016/j.enpol.2022.113550,LVA,LV,Latvia,OECD,Solar PV,2019,Leverage (debt share),55.33%,empirical result,Survey of expert estimates,Expert interviews,averaged value for the country and technology and year
academic peer-reviewed study,Ðukan/Kitzing 2023,10.1016/j.enpol.2022.113551,NLD,NL,Netherlands,OECD,Wind onshore,2019,Leverage (debt share),53.33%,empirical result,Survey of expert estimates,Expert interviews,averaged value for the country and technology and year
academic peer-reviewed study,Ðukan/Kitzing 2023,10.1016/j.enpol.2022.113552,NLD,NL,Netherlands,OECD,Wind offshore,2019,Leverage (debt share),78.75%,empirical result,Survey of expert estimates,Expert interviews,averaged value for the country and technology and year
academic peer-reviewed study,Ðukan/Kitzing 2023,10.1016/j.enpol.2022.113553,NLD,NL,Netherlands,OECD,Solar PV,2019,Leverage (debt share),0.00%,empirical result,Survey of expert estimates,Expert interviews,averaged value for the country and technology and year
academic peer-reviewed study,Ðukan/Kitzing 2023,10.1016/j.enpol.2022.113554,POL,PL,Poland,OECD,Wind onshore,2019,Leverage (debt share),69.00%,empirical result,Survey of expert estimates,Expert interviews,averaged value for the country and technology and year
academic peer-reviewed study,Ðukan/Kitzing 2023,10.1016/j.enpol.2022.113555,PRT,PT,Portugal,OECD,Wind onshore,2019,Leverage (debt share),53.33%,empirical result,Survey of expert estimates,Expert interviews,averaged value for the country and technology and year
academic peer-reviewed study,Ðukan/Kitzing 2023,10.1016/j.enpol.2022.113556,PRT,PT,Portugal,OECD,Solar PV,2019,Leverage (debt share),53.33%,empirical result,Survey of expert estimates,Expert interviews,averaged value for the country and technology and year
academic peer-reviewed study,Ðukan/Kitzing 2023,10.1016/j.enpol.2022.113557,ROU,RO,Romania,non-OECD,Wind onshore,2019,Leverage (debt share),60.00%,empirical result,Survey of expert estimates,Expert interviews,averaged value for the country and technology and year
academic peer-reviewed study,Ðukan/Kitzing 2023,10.1016/j.enpol.2022.113558,ROU,RO,Romania,non-OECD,Solar PV,2019,Leverage (debt share),57.50%,empirical result,Survey of expert estimates,Expert interviews,averaged value for the country and technology and year
academic peer-reviewed study,Ðukan/Kitzing 2023,10.1016/j.enpol.2022.113559,SWE,SE,Sweden,OECD,Wind onshore,2019,Leverage (debt share),48.75%,empirical result,Survey of expert estimates,Expert interviews,averaged value for the country and technology and year
academic peer-reviewed study,Ðukan/Kitzing 2023,10.1016/j.enpol.2022.113560,SVK,SK,Slovakia,non-OECD,Solar PV,2019,Leverage (debt share),74.00%,empirical result,Survey of expert estimates,Expert interviews,averaged value for the country and technology and year
academic peer-reviewed study,Ðukan/Kitzing 2023,10.1016/j.enpol.2022.113561,SVK,SK,Slovakia,non-OECD,Wind onshore,2019,Leverage (debt share),90.00%,empirical result,Survey of expert estimates,Expert interviews,averaged value for the country and technology and year
academic peer-reviewed study,Ðukan/Kitzing 2023,10.1016/j.enpol.2022.113562,NLD,NL,Netherlands,OECD,Wind onshore,2020,Leverage (debt share),80.00%,empirical result,Survey of expert estimates,Expert interviews,averaged value for the country and technology and year
academic peer-reviewed study,Ðukan/Kitzing 2023,10.1016/j.enpol.2022.113563,FRA,FR,France,OECD,Wind onshore,2015,Return on equity,9.00%,empirical result,Survey of expert estimates,Expert interviews,averaged value for the country and technology and year
academic peer-reviewed study,Ðukan/Kitzing 2023,10.1016/j.enpol.2022.113564,FRA,FR,France,OECD,Wind onshore,2016,Return on equity,8.20%,empirical result,Survey of expert estimates,Expert interviews,averaged value for the country and technology and year
academic peer-reviewed study,Ðukan/Kitzing 2023,10.1016/j.enpol.2022.113565,GBR,GB,United Kingdom,OECD,Wind onshore,2016,Return on equity,6.50%,empirical result,Survey of expert estimates,Expert interviews,averaged value for the country and technology and year
academic peer-reviewed study,Ðukan/Kitzing 2023,10.1016/j.enpol.2022.113566,LTU,LT,Lithuania,OECD,Wind onshore,2016,Return on equity,15.00%,empirical result,Survey of expert estimates,Expert interviews,averaged value for the country and technology and year
academic peer-reviewed study,Ðukan/Kitzing 2023,10.1016/j.enpol.2022.113567,DEU,DE,Germany,OECD,Wind onshore,2017,Return on equity,5.50%,empirical result,Survey of expert estimates,Expert interviews,averaged value for the country and technology and year
academic peer-reviewed study,Ðukan/Kitzing 2023,10.1016/j.enpol.2022.113568,DEU,DE,Germany,OECD,Wind offshore,2017,Return on equity,6.75%,empirical result,Survey of expert estimates,Expert interviews,averaged value for the country and technology and year
academic peer-reviewed study,Ðukan/Kitzing 2023,10.1016/j.enpol.2022.113569,FRA,FR,France,OECD,Wind onshore,2017,Return on equity,7.60%,empirical result,Survey of expert estimates,Expert interviews,averaged value for the country and technology and year
academic peer-reviewed study,Ðukan/Kitzing 2023,10.1016/j.enpol.2022.113570,AUT,AT,Austria,OECD,Wind onshore,2018,Return on equity,6.57%,empirical result,Survey of expert estimates,Expert interviews,averaged value for the country and technology and year
academic peer-reviewed study,Ðukan/Kitzing 2023,10.1016/j.enpol.2022.113571,CZE,CZ,Czech Republic,OECD,Wind onshore,2018,Return on equity,8.10%,empirical result,Survey of expert estimates,Expert interviews,averaged value for the country and technology and year
academic peer-reviewed study,Ðukan/Kitzing 2023,10.1016/j.enpol.2022.113572,CZE,CZ,Czech Republic,OECD,Solar PV,2018,Return on equity,6.17%,empirical result,Survey of expert estimates,Expert interviews,averaged value for the country and technology and year
academic peer-reviewed study,Ðukan/Kitzing 2023,10.1016/j.enpol.2022.113573,DEU,DE,Germany,OECD,Wind onshore,2018,Return on equity,4.45%,empirical result,Survey of expert estimates,Expert interviews,averaged value for the country and technology and year
academic peer-reviewed study,Ðukan/Kitzing 2023,10.1016/j.enpol.2022.113574,DEU,DE,Germany,OECD,Wind offshore,2018,Return on equity,6.75%,empirical result,Survey of expert estimates,Expert interviews,averaged value for the country and technology and year
academic peer-reviewed study,Ðukan/Kitzing 2023,10.1016/j.enpol.2022.113575,DNK,DK,Denmark,OECD,Wind onshore,2018,Return on equity,7.00%,empirical result,Survey of expert estimates,Expert interviews,averaged value for the country and technology and year
academic peer-reviewed study,Ðukan/Kitzing 2023,10.1016/j.enpol.2022.113576,ESP,ES,Spain,OECD,Wind onshore,2018,Return on equity,7.52%,empirical result,Survey of expert estimates,Expert interviews,averaged value for the country and technology and year
academic peer-reviewed study,Ðukan/Kitzing 2023,10.1016/j.enpol.2022.113577,ESP,ES,Spain,OECD,Solar PV,2018,Return on equity,7.52%,empirical result,Survey of expert estimates,Expert interviews,averaged value for the country and technology and year
academic peer-reviewed study,Ðukan/Kitzing 2023,10.1016/j.enpol.2022.113578,FIN,FI,Finland,OECD,Wind onshore,2018,Return on equity,5.75%,empirical result,Survey of expert estimates,Expert interviews,averaged value for the country and technology and year
academic peer-reviewed study,Ðukan/Kitzing 2023,10.1016/j.enpol.2022.113579,FRA,FR,France,OECD,Wind onshore,2018,Return on equity,6.91%,empirical result,Survey of expert estimates,Expert interviews,averaged value for the country and technology and year
academic peer-reviewed study,Ðukan/Kitzing 2023,10.1016/j.enpol.2022.113580,FRA,FR,France,OECD,Wind offshore,2018,Return on equity,8.25%,empirical result,Survey of expert estimates,Expert interviews,averaged value for the country and technology and year
academic peer-reviewed study,Ðukan/Kitzing 2023,10.1016/j.enpol.2022.113581,FRA,FR,France,OECD,Solar PV,2018,Return on equity,6.33%,empirical result,Survey of expert estimates,Expert interviews,averaged value for the country and technology and year
academic peer-reviewed study,Ðukan/Kitzing 2023,10.1016/j.enpol.2022.113582,GBR,GB,United Kingdom,OECD,Wind offshore,2018,Return on equity,8.00%,empirical result,Survey of expert estimates,Expert interviews,averaged value for the country and technology and year
academic peer-reviewed study,Ðukan/Kitzing 2023,10.1016/j.enpol.2022.113583,GBR,GB,United Kingdom,OECD,Wind onshore,2018,Return on equity,9.50%,empirical result,Survey of expert estimates,Expert interviews,averaged value for the country and technology and year
academic peer-reviewed study,Ðukan/Kitzing 2023,10.1016/j.enpol.2022.113584,GBR,GB,United Kingdom,OECD,Solar PV,2018,Return on equity,5.50%,empirical result,Survey of expert estimates,Expert interviews,averaged value for the country and technology and year
academic peer-reviewed study,Ðukan/Kitzing 2023,10.1016/j.enpol.2022.113585,GRC,GR,Greece,OECD,Solar PV,2018,Return on equity,9.50%,empirical result,Survey of expert estimates,Expert interviews,averaged value for the country and technology and year
academic peer-reviewed study,Ðukan/Kitzing 2023,10.1016/j.enpol.2022.113586,GRC,GR,Greece,OECD,Wind onshore,2018,Return on equity,11.00%,empirical result,Survey of expert estimates,Expert interviews,averaged value for the country and technology and year
academic peer-reviewed study,Ðukan/Kitzing 2023,10.1016/j.enpol.2022.113587,HUN,HU,Hungary,OECD,Solar PV,2018,Return on equity,7.04%,empirical result,Survey of expert estimates,Expert interviews,averaged value for the country and technology and year
academic peer-reviewed study,Ðukan/Kitzing 2023,10.1016/j.enpol.2022.113588,IRL,IE,Ireland,OECD,Wind offshore,2018,Return on equity,10.00%,empirical result,Survey of expert estimates,Expert interviews,averaged value for the country and technology and year
academic peer-reviewed study,Ðukan/Kitzing 2023,10.1016/j.enpol.2022.113589,ITA,IT,Italy,OECD,Wind onshore,2018,Return on equity,7.25%,empirical result,Survey of expert estimates,Expert interviews,averaged value for the country and technology and year
academic peer-reviewed study,Ðukan/Kitzing 2023,10.1016/j.enpol.2022.113590,LTU,LT,Lithuania,OECD,Wind onshore,2018,Return on equity,8.00%,empirical result,Survey of expert estimates,Expert interviews,averaged value for the country and technology and year
academic peer-reviewed study,Ðukan/Kitzing 2023,10.1016/j.enpol.2022.113591,LVA,LV,Latvia,OECD,Wind onshore,2018,Return on equity,19.17%,empirical result,Survey of expert estimates,Expert interviews,averaged value for the country and technology and year
academic peer-reviewed study,Ðukan/Kitzing 2023,10.1016/j.enpol.2022.113592,LVA,LV,Latvia,OECD,Wind offshore,2018,Return on equity,21.00%,empirical result,Survey of expert estimates,Expert interviews,averaged value for the country and technology and year
academic peer-reviewed study,Ðukan/Kitzing 2023,10.1016/j.enpol.2022.113593,LVA,LV,Latvia,OECD,Solar PV,2018,Return on equity,19.89%,empirical result,Survey of expert estimates,Expert interviews,averaged value for the country and technology and year
academic peer-reviewed study,Ðukan/Kitzing 2023,10.1016/j.enpol.2022.113594,NLD,NL,Netherlands,OECD,Wind onshore,2018,Return on equity,9.00%,empirical result,Survey of expert estimates,Expert interviews,averaged value for the country and technology and year
academic peer-reviewed study,Ðukan/Kitzing 2023,10.1016/j.enpol.2022.113595,NLD,NL,Netherlands,OECD,Solar PV,2018,Return on equity,5.50%,empirical result,Survey of expert estimates,Expert interviews,averaged value for the country and technology and year
academic peer-reviewed study,Ðukan/Kitzing 2023,10.1016/j.enpol.2022.113596,POL,PL,Poland,OECD,Wind onshore,2018,Return on equity,9.10%,empirical result,Survey of expert estimates,Expert interviews,averaged value for the country and technology and year
academic peer-reviewed study,Ðukan/Kitzing 2023,10.1016/j.enpol.2022.113597,PRT,PT,Portugal,OECD,Wind onshore,2018,Return on equity,7.52%,empirical result,Survey of expert estimates,Expert interviews,averaged value for the country and technology and year
academic peer-reviewed study,Ðukan/Kitzing 2023,10.1016/j.enpol.2022.113598,PRT,PT,Portugal,OECD,Solar PV,2018,Return on equity,7.52%,empirical result,Survey of expert estimates,Expert interviews,averaged value for the country and technology and year
academic peer-reviewed study,Ðukan/Kitzing 2023,10.1016/j.enpol.2022.113599,ROU,RO,Romania,non-OECD,Wind onshore,2018,Return on equity,10.00%,empirical result,Survey of expert estimates,Expert interviews,averaged value for the country and technology and year
academic peer-reviewed study,Ðukan/Kitzing 2023,10.1016/j.enpol.2022.113600,ROU,RO,Romania,non-OECD,Solar PV,2018,Return on equity,10.00%,empirical result,Survey of expert estimates,Expert interviews,averaged value for the country and technology and year
academic peer-reviewed study,Ðukan/Kitzing 2023,10.1016/j.enpol.2022.113601,SWE,SE,Sweden,OECD,Wind onshore,2018,Return on equity,8.83%,empirical result,Survey of expert estimates,Expert interviews,averaged value for the country and technology and year
academic peer-reviewed study,Ðukan/Kitzing 2023,10.1016/j.enpol.2022.113602,SVN,SI,Slovenia,OECD,Wind onshore,2018,Return on equity,9.50%,empirical result,Survey of expert estimates,Expert interviews,averaged value for the country and technology and year
academic peer-reviewed study,Ðukan/Kitzing 2023,10.1016/j.enpol.2022.113603,SVK,SK,Slovakia,non-OECD,Solar PV,2018,Return on equity,10.00%,empirical result,Survey of expert estimates,Expert interviews,averaged value for the country and technology and year
academic peer-reviewed study,Ðukan/Kitzing 2023,10.1016/j.enpol.2022.113604,AUT,AT,Austria,OECD,Wind onshore,2019,Return on equity,6.39%,empirical result,Survey of expert estimates,Expert interviews,averaged value for the country and technology and year
academic peer-reviewed study,Ðukan/Kitzing 2023,10.1016/j.enpol.2022.113605,BEL,BE,Belgium,OECD,Wind offshore,2019,Return on equity,10.00%,empirical result,Survey of expert estimates,Expert interviews,averaged value for the country and technology and year
academic peer-reviewed study,Ðukan/Kitzing 2023,10.1016/j.enpol.2022.113606,BEL,BE,Belgium,OECD,Wind onshore,2019,Return on equity,8.83%,empirical result,Survey of expert estimates,Expert interviews,averaged value for the country and technology and year
academic peer-reviewed study,Ðukan/Kitzing 2023,10.1016/j.enpol.2022.113607,BGR,BG,Bulgaria,non-OECD,Wind onshore,2019,Return on equity,12.25%,empirical result,Survey of expert estimates,Expert interviews,averaged value for the country and technology and year
academic peer-reviewed study,Ðukan/Kitzing 2023,10.1016/j.enpol.2022.113608,BGR,BG,Bulgaria,non-OECD,Solar PV,2019,Return on equity,12.25%,empirical result,Survey of expert estimates,Expert interviews,averaged value for the country and technology and year
academic peer-reviewed study,Ðukan/Kitzing 2023,10.1016/j.enpol.2022.113609,CYP,CY,Cyprus,non-OECD,Solar PV,2019,Return on equity,10.50%,empirical result,Survey of expert estimates,Expert interviews,averaged value for the country and technology and year
academic peer-reviewed study,Ðukan/Kitzing 2023,10.1016/j.enpol.2022.113610,CZE,CZ,Czech Republic,OECD,Wind onshore,2019,Return on equity,8.10%,empirical result,Survey of expert estimates,Expert interviews,averaged value for the country and technology and year
academic peer-reviewed study,Ðukan/Kitzing 2023,10.1016/j.enpol.2022.113611,CZE,CZ,Czech Republic,OECD,Solar PV,2019,Return on equity,6.17%,empirical result,Survey of expert estimates,Expert interviews,averaged value for the country and technology and year
academic peer-reviewed study,Ðukan/Kitzing 2023,10.1016/j.enpol.2022.113612,DEU,DE,Germany,OECD,Wind onshore,2019,Return on equity,4.81%,empirical result,Survey of expert estimates,Expert interviews,averaged value for the country and technology and year
academic peer-reviewed study,Ðukan/Kitzing 2023,10.1016/j.enpol.2022.113613,DNK,DK,Denmark,OECD,Wind onshore,2019,Return on equity,7.00%,empirical result,Survey of expert estimates,Expert interviews,averaged value for the country and technology and year
academic peer-reviewed study,Ðukan/Kitzing 2023,10.1016/j.enpol.2022.113614,EST,EE,Estonia,OECD,Solar PV,2019,Return on equity,12.19%,empirical result,Survey of expert estimates,Expert interviews,averaged value for the country and technology and year
academic peer-reviewed study,Ðukan/Kitzing 2023,10.1016/j.enpol.2022.113615,EST,EE,Estonia,OECD,Wind onshore,2019,Return on equity,13.33%,empirical result,Survey of expert estimates,Expert interviews,averaged value for the country and technology and year
academic peer-reviewed study,Ðukan/Kitzing 2023,10.1016/j.enpol.2022.113616,ESP,ES,Spain,OECD,Wind onshore,2019,Return on equity,7.33%,empirical result,Survey of expert estimates,Expert interviews,averaged value for the country and technology and year
academic peer-reviewed study,Ðukan/Kitzing 2023,10.1016/j.enpol.2022.113617,ESP,ES,Spain,OECD,Solar PV,2019,Return on equity,8.00%,empirical result,Survey of expert estimates,Expert interviews,averaged value for the country and technology and year
academic peer-reviewed study,Ðukan/Kitzing 2023,10.1016/j.enpol.2022.113618,FIN,FI,Finland,OECD,Wind onshore,2019,Return on equity,6.33%,empirical result,Survey of expert estimates,Expert interviews,averaged value for the country and technology and year
academic peer-reviewed study,Ðukan/Kitzing 2023,10.1016/j.enpol.2022.113619,FRA,FR,France,OECD,Wind onshore,2019,Return on equity,6.11%,empirical result,Survey of expert estimates,Expert interviews,averaged value for the country and technology and year
academic peer-reviewed study,Ðukan/Kitzing 2023,10.1016/j.enpol.2022.113620,FRA,FR,France,OECD,Wind offshore,2019,Return on equity,7.45%,empirical result,Survey of expert estimates,Expert interviews,averaged value for the country and technology and year
academic peer-reviewed study,Ðukan/Kitzing 2023,10.1016/j.enpol.2022.113621,FRA,FR,France,OECD,Solar PV,2019,Return on equity,5.67%,empirical result,Survey of expert estimates,Expert interviews,averaged value for the country and technology and year
academic peer-reviewed study,Ðukan/Kitzing 2023,10.1016/j.enpol.2022.113622,GBR,GB,United Kingdom,OECD,Wind onshore,2019,Return on equity,8.00%,empirical result,Survey of expert estimates,Expert interviews,averaged value for the country and technology and year
academic peer-reviewed study,Ðukan/Kitzing 2023,10.1016/j.enpol.2022.113623,GBR,GB,United Kingdom,OECD,Solar PV,2019,Return on equity,5.50%,empirical result,Survey of expert estimates,Expert interviews,averaged value for the country and technology and year
academic peer-reviewed study,Ðukan/Kitzing 2023,10.1016/j.enpol.2022.113624,GRC,GR,Greece,OECD,Solar PV,2019,Return on equity,9.50%,empirical result,Survey of expert estimates,Expert interviews,averaged value for the country and technology and year
academic peer-reviewed study,Ðukan/Kitzing 2023,10.1016/j.enpol.2022.113625,GRC,GR,Greece,OECD,Wind onshore,2019,Return on equity,11.00%,empirical result,Survey of expert estimates,Expert interviews,averaged value for the country and technology and year
academic peer-reviewed study,Ðukan/Kitzing 2023,10.1016/j.enpol.2022.113626,HRV,HR,Croatia,non-OECD,Wind onshore,2019,Return on equity,9.17%,empirical result,Survey of expert estimates,Expert interviews,averaged value for the country and technology and year
academic peer-reviewed study,Ðukan/Kitzing 2023,10.1016/j.enpol.2022.113627,HUN,HU,Hungary,OECD,Solar PV,2019,Return on equity,7.04%,empirical result,Survey of expert estimates,Expert interviews,averaged value for the country and technology and year
academic peer-reviewed study,Ðukan/Kitzing 2023,10.1016/j.enpol.2022.113628,HUN,HU,Hungary,OECD,Wind onshore,2019,Return on equity,6.00%,empirical result,Survey of expert estimates,Expert interviews,averaged value for the country and technology and year
academic peer-reviewed study,Ðukan/Kitzing 2023,10.1016/j.enpol.2022.113629,IRL,IE,Ireland,OECD,Wind onshore,2019,Return on equity,10.00%,empirical result,Survey of expert estimates,Expert interviews,averaged value for the country and technology and year
academic peer-reviewed study,Ðukan/Kitzing 2023,10.1016/j.enpol.2022.113630,ITA,IT,Italy,OECD,Wind onshore,2019,Return on equity,7.00%,empirical result,Survey of expert estimates,Expert interviews,averaged value for the country and technology and year
academic peer-reviewed study,Ðukan/Kitzing 2023,10.1016/j.enpol.2022.113631,LTU,LT,Lithuania,OECD,Wind onshore,2019,Return on equity,8.00%,empirical result,Survey of expert estimates,Expert interviews,averaged value for the country and technology and year
academic peer-reviewed study,Ðukan/Kitzing 2023,10.1016/j.enpol.2022.113632,LVA,LV,Latvia,OECD,Wind onshore,2019,Return on equity,19.17%,empirical result,Survey of expert estimates,Expert interviews,averaged value for the country and technology and year
academic peer-reviewed study,Ðukan/Kitzing 2023,10.1016/j.enpol.2022.113633,LVA,LV,Latvia,OECD,Wind offshore,2019,Return on equity,21.00%,empirical result,Survey of expert estimates,Expert interviews,averaged value for the country and technology and year
academic peer-reviewed study,Ðukan/Kitzing 2023,10.1016/j.enpol.2022.113634,LVA,LV,Latvia,OECD,Solar PV,2019,Return on equity,19.89%,empirical result,Survey of expert estimates,Expert interviews,averaged value for the country and technology and year
academic peer-reviewed study,Ðukan/Kitzing 2023,10.1016/j.enpol.2022.113635,NLD,NL,Netherlands,OECD,Wind onshore,2019,Return on equity,9.67%,empirical result,Survey of expert estimates,Expert interviews,averaged value for the country and technology and year
academic peer-reviewed study,Ðukan/Kitzing 2023,10.1016/j.enpol.2022.113636,NLD,NL,Netherlands,OECD,Wind offshore,2019,Return on equity,5.50%,empirical result,Survey of expert estimates,Expert interviews,averaged value for the country and technology and year
academic peer-reviewed study,Ðukan/Kitzing 2023,10.1016/j.enpol.2022.113637,NLD,NL,Netherlands,OECD,Solar PV,2019,Return on equity,5.50%,empirical result,Survey of expert estimates,Expert interviews,averaged value for the country and technology and year
academic peer-reviewed study,Ðukan/Kitzing 2023,10.1016/j.enpol.2022.113638,POL,PL,Poland,OECD,Wind onshore,2019,Return on equity,9.10%,empirical result,Survey of expert estimates,Expert interviews,averaged value for the country and technology and year
academic peer-reviewed study,Ðukan/Kitzing 2023,10.1016/j.enpol.2022.113639,PRT,PT,Portugal,OECD,Wind onshore,2019,Return on equity,8.50%,empirical result,Survey of expert estimates,Expert interviews,averaged value for the country and technology and year
academic peer-reviewed study,Ðukan/Kitzing 2023,10.1016/j.enpol.2022.113640,PRT,PT,Portugal,OECD,Solar PV,2019,Return on equity,8.00%,empirical result,Survey of expert estimates,Expert interviews,averaged value for the country and technology and year
academic peer-reviewed study,Ðukan/Kitzing 2023,10.1016/j.enpol.2022.113641,ROU,RO,Romania,non-OECD,Wind onshore,2019,Return on equity,10.00%,empirical result,Survey of expert estimates,Expert interviews,averaged value for the country and technology and year
academic peer-reviewed study,Ðukan/Kitzing 2023,10.1016/j.enpol.2022.113642,ROU,RO,Romania,non-OECD,Solar PV,2019,Return on equity,10.00%,empirical result,Survey of expert estimates,Expert interviews,averaged value for the country and technology and year
academic peer-reviewed study,Ðukan/Kitzing 2023,10.1016/j.enpol.2022.113643,SWE,SE,Sweden,OECD,Wind onshore,2019,Return on equity,8.50%,empirical result,Survey of expert estimates,Expert interviews,averaged value for the country and technology and year
academic peer-reviewed study,Ðukan/Kitzing 2023,10.1016/j.enpol.2022.113644,SVK,SK,Slovakia,non-OECD,Solar PV,2019,Return on equity,10.00%,empirical result,Survey of expert estimates,Expert interviews,averaged value for the country and technology and year
academic peer-reviewed study,Ðukan/Kitzing 2023,10.1016/j.enpol.2022.113645,NLD,NL,Netherlands,OECD,Wind onshore,2020,Return on equity,12.00%,empirical result,Survey of expert estimates,Expert interviews,averaged value for the country and technology and year
academic peer-reviewed study,Ðukan/Kitzing 2023,10.1016/j.enpol.2022.113646,FRA,FR,France,OECD,Wind onshore,2015,Cost of debt,2.00%,empirical result,Survey of expert estimates,Expert interviews,averaged value for the country and technology and year
academic peer-reviewed study,Ðukan/Kitzing 2023,10.1016/j.enpol.2022.113647,FRA,FR,France,OECD,Wind onshore,2016,Cost of debt,1.50%,empirical result,Survey of expert estimates,Expert interviews,averaged value for the country and technology and year
academic peer-reviewed study,Ðukan/Kitzing 2023,10.1016/j.enpol.2022.113648,LTU,LT,Lithuania,OECD,Wind onshore,2016,Cost of debt,2.00%,empirical result,Survey of expert estimates,Expert interviews,averaged value for the country and technology and year
academic peer-reviewed study,Ðukan/Kitzing 2023,10.1016/j.enpol.2022.113649,FRA,FR,France,OECD,Wind onshore,2017,Cost of debt,1.80%,empirical result,Survey of expert estimates,Expert interviews,averaged value for the country and technology and year
academic peer-reviewed study,Ðukan/Kitzing 2023,10.1016/j.enpol.2022.113650,AUT,AT,Austria,OECD,Wind onshore,2018,Cost of debt,2.01%,empirical result,Survey of expert estimates,Expert interviews,averaged value for the country and technology and year
academic peer-reviewed study,Ðukan/Kitzing 2023,10.1016/j.enpol.2022.113651,BEL,BE,Belgium,OECD,Wind offshore,2018,Cost of debt,1.35%,empirical result,Survey of expert estimates,Expert interviews,averaged value for the country and technology and year
academic peer-reviewed study,Ðukan/Kitzing 2023,10.1016/j.enpol.2022.113652,CZE,CZ,Czech Republic,OECD,Wind onshore,2018,Cost of debt,3.10%,empirical result,Survey of expert estimates,Expert interviews,averaged value for the country and technology and year
academic peer-reviewed study,Ðukan/Kitzing 2023,10.1016/j.enpol.2022.113653,CZE,CZ,Czech Republic,OECD,Solar PV,2018,Cost of debt,3.17%,empirical result,Survey of expert estimates,Expert interviews,averaged value for the country and technology and year
academic peer-reviewed study,Ðukan/Kitzing 2023,10.1016/j.enpol.2022.113654,DEU,DE,Germany,OECD,Wind onshore,2018,Cost of debt,1.69%,empirical result,Survey of expert estimates,Expert interviews,averaged value for the country and technology and year
academic peer-reviewed study,Ðukan/Kitzing 2023,10.1016/j.enpol.2022.113655,DNK,DK,Denmark,OECD,Wind onshore,2018,Cost of debt,1.50%,empirical result,Survey of expert estimates,Expert interviews,averaged value for the country and technology and year
academic peer-reviewed study,Ðukan/Kitzing 2023,10.1016/j.enpol.2022.113656,ESP,ES,Spain,OECD,Wind onshore,2018,Cost of debt,2.17%,empirical result,Survey of expert estimates,Expert interviews,averaged value for the country and technology and year
academic peer-reviewed study,Ðukan/Kitzing 2023,10.1016/j.enpol.2022.113657,ESP,ES,Spain,OECD,Solar PV,2018,Cost of debt,2.17%,empirical result,Survey of expert estimates,Expert interviews,averaged value for the country and technology and year
academic peer-reviewed study,Ðukan/Kitzing 2023,10.1016/j.enpol.2022.113658,FIN,FI,Finland,OECD,Wind onshore,2018,Cost of debt,1.25%,empirical result,Survey of expert estimates,Expert interviews,averaged value for the country and technology and year
academic peer-reviewed study,Ðukan/Kitzing 2023,10.1016/j.enpol.2022.113659,FRA,FR,France,OECD,Wind onshore,2018,Cost of debt,1.87%,empirical result,Survey of expert estimates,Expert interviews,averaged value for the country and technology and year
academic peer-reviewed study,Ðukan/Kitzing 2023,10.1016/j.enpol.2022.113660,FRA,FR,France,OECD,Wind offshore,2018,Cost of debt,1.85%,empirical result,Survey of expert estimates,Expert interviews,averaged value for the country and technology and year
academic peer-reviewed study,Ðukan/Kitzing 2023,10.1016/j.enpol.2022.113661,FRA,FR,France,OECD,Solar PV,2018,Cost of debt,1.70%,empirical result,Survey of expert estimates,Expert interviews,averaged value for the country and technology and year
academic peer-reviewed study,Ðukan/Kitzing 2023,10.1016/j.enpol.2022.113662,GBR,GB,United Kingdom,OECD,Wind offshore,2018,Cost of debt,2.43%,empirical result,Survey of expert estimates,Expert interviews,averaged value for the country and technology and year
academic peer-reviewed study,Ðukan/Kitzing 2023,10.1016/j.enpol.2022.113663,GBR,GB,United Kingdom,OECD,Wind onshore,2018,Cost of debt,4.05%,empirical result,Survey of expert estimates,Expert interviews,averaged value for the country and technology and year
academic peer-reviewed study,Ðukan/Kitzing 2023,10.1016/j.enpol.2022.113664,GRC,GR,Greece,OECD,Solar PV,2018,Cost of debt,3.25%,empirical result,Survey of expert estimates,Expert interviews,averaged value for the country and technology and year
academic peer-reviewed study,Ðukan/Kitzing 2023,10.1016/j.enpol.2022.113665,GRC,GR,Greece,OECD,Wind onshore,2018,Cost of debt,4.67%,empirical result,Survey of expert estimates,Expert interviews,averaged value for the country and technology and year
academic peer-reviewed study,Ðukan/Kitzing 2023,10.1016/j.enpol.2022.113666,HUN,HU,Hungary,OECD,Solar PV,2018,Cost of debt,4.55%,empirical result,Survey of expert estimates,Expert interviews,averaged value for the country and technology and year
academic peer-reviewed study,Ðukan/Kitzing 2023,10.1016/j.enpol.2022.113667,IRL,IE,Ireland,OECD,Wind offshore,2018,Cost of debt,3.50%,empirical result,Survey of expert estimates,Expert interviews,averaged value for the country and technology and year
academic peer-reviewed study,Ðukan/Kitzing 2023,10.1016/j.enpol.2022.113668,ITA,IT,Italy,OECD,Wind onshore,2018,Cost of debt,2.10%,empirical result,Survey of expert estimates,Expert interviews,averaged value for the country and technology and year
academic peer-reviewed study,Ðukan/Kitzing 2023,10.1016/j.enpol.2022.113669,LTU,LT,Lithuania,OECD,Wind onshore,2018,Cost of debt,2.26%,empirical result,Survey of expert estimates,Expert interviews,averaged value for the country and technology and year
academic peer-reviewed study,Ðukan/Kitzing 2023,10.1016/j.enpol.2022.113670,LVA,LV,Latvia,OECD,Wind onshore,2018,Cost of debt,4.92%,empirical result,Survey of expert estimates,Expert interviews,averaged value for the country and technology and year
academic peer-reviewed study,Ðukan/Kitzing 2023,10.1016/j.enpol.2022.113671,LVA,LV,Latvia,OECD,Wind offshore,2018,Cost of debt,5.00%,empirical result,Survey of expert estimates,Expert interviews,averaged value for the country and technology and year
academic peer-reviewed study,Ðukan/Kitzing 2023,10.1016/j.enpol.2022.113672,LVA,LV,Latvia,OECD,Solar PV,2018,Cost of debt,4.79%,empirical result,Survey of expert estimates,Expert interviews,averaged value for the country and technology and year
academic peer-reviewed study,Ðukan/Kitzing 2023,10.1016/j.enpol.2022.113673,NLD,NL,Netherlands,OECD,Wind onshore,2018,Cost of debt,2.00%,empirical result,Survey of expert estimates,Expert interviews,averaged value for the country and technology and year
academic peer-reviewed study,Ðukan/Kitzing 2023,10.1016/j.enpol.2022.113674,POL,PL,Poland,OECD,Wind onshore,2018,Cost of debt,2.76%,empirical result,Survey of expert estimates,Expert interviews,averaged value for the country and technology and year
academic peer-reviewed study,Ðukan/Kitzing 2023,10.1016/j.enpol.2022.113675,PRT,PT,Portugal,OECD,Wind onshore,2018,Cost of debt,2.17%,empirical result,Survey of expert estimates,Expert interviews,averaged value for the country and technology and year
academic peer-reviewed study,Ðukan/Kitzing 2023,10.1016/j.enpol.2022.113676,PRT,PT,Portugal,OECD,Solar PV,2018,Cost of debt,2.17%,empirical result,Survey of expert estimates,Expert interviews,averaged value for the country and technology and year
academic peer-reviewed study,Ðukan/Kitzing 2023,10.1016/j.enpol.2022.113677,ROU,RO,Romania,non-OECD,Wind onshore,2018,Cost of debt,5.75%,empirical result,Survey of expert estimates,Expert interviews,averaged value for the country and technology and year
academic peer-reviewed study,Ðukan/Kitzing 2023,10.1016/j.enpol.2022.113678,ROU,RO,Romania,non-OECD,Solar PV,2018,Cost of debt,5.50%,empirical result,Survey of expert estimates,Expert interviews,averaged value for the country and technology and year
academic peer-reviewed study,Ðukan/Kitzing 2023,10.1016/j.enpol.2022.113679,SWE,SE,Sweden,OECD,Wind onshore,2018,Cost of debt,1.83%,empirical result,Survey of expert estimates,Expert interviews,averaged value for the country and technology and year
academic peer-reviewed study,Ðukan/Kitzing 2023,10.1016/j.enpol.2022.113680,SVN,SI,Slovenia,OECD,Wind onshore,2018,Cost of debt,3.50%,empirical result,Survey of expert estimates,Expert interviews,averaged value for the country and technology and year
academic peer-reviewed study,Ðukan/Kitzing 2023,10.1016/j.enpol.2022.113681,SVK,SK,Slovakia,non-OECD,Solar PV,2018,Cost of debt,3.70%,empirical result,Survey of expert estimates,Expert interviews,averaged value for the country and technology and year
academic peer-reviewed study,Ðukan/Kitzing 2023,10.1016/j.enpol.2022.113682,AUT,AT,Austria,OECD,Wind onshore,2019,Cost of debt,1.89%,empirical result,Survey of expert estimates,Expert interviews,averaged value for the country and technology and year
academic peer-reviewed study,Ðukan/Kitzing 2023,10.1016/j.enpol.2022.113683,BEL,BE,Belgium,OECD,Wind offshore,2019,Cost of debt,2.20%,empirical result,Survey of expert estimates,Expert interviews,averaged value for the country and technology and year
academic peer-reviewed study,Ðukan/Kitzing 2023,10.1016/j.enpol.2022.113684,BEL,BE,Belgium,OECD,Wind onshore,2019,Cost of debt,2.33%,empirical result,Survey of expert estimates,Expert interviews,averaged value for the country and technology and year
academic peer-reviewed study,Ðukan/Kitzing 2023,10.1016/j.enpol.2022.113685,BGR,BG,Bulgaria,non-OECD,Wind onshore,2019,Cost of debt,3.08%,empirical result,Survey of expert estimates,Expert interviews,averaged value for the country and technology and year
academic peer-reviewed study,Ðukan/Kitzing 2023,10.1016/j.enpol.2022.113686,BGR,BG,Bulgaria,non-OECD,Solar PV,2019,Cost of debt,3.08%,empirical result,Survey of expert estimates,Expert interviews,averaged value for the country and technology and year
academic peer-reviewed study,Ðukan/Kitzing 2023,10.1016/j.enpol.2022.113687,CYP,CY,Cyprus,non-OECD,Solar PV,2019,Cost of debt,3.38%,empirical result,Survey of expert estimates,Expert interviews,averaged value for the country and technology and year
academic peer-reviewed study,Ðukan/Kitzing 2023,10.1016/j.enpol.2022.113688,CYP,CY,Cyprus,non-OECD,Wind onshore,2019,Cost of debt,3.50%,empirical result,Survey of expert estimates,Expert interviews,averaged value for the country and technology and year
academic peer-reviewed study,Ðukan/Kitzing 2023,10.1016/j.enpol.2022.113689,CZE,CZ,Czech Republic,OECD,Wind onshore,2019,Cost of debt,3.10%,empirical result,Survey of expert estimates,Expert interviews,averaged value for the country and technology and year
academic peer-reviewed study,Ðukan/Kitzing 2023,10.1016/j.enpol.2022.113690,CZE,CZ,Czech Republic,OECD,Solar PV,2019,Cost of debt,3.17%,empirical result,Survey of expert estimates,Expert interviews,averaged value for the country and technology and year
academic peer-reviewed study,Ðukan/Kitzing 2023,10.1016/j.enpol.2022.113691,DEU,DE,Germany,OECD,Wind onshore,2019,Cost of debt,1.23%,empirical result,Survey of expert estimates,Expert interviews,averaged value for the country and technology and year
academic peer-reviewed study,Ðukan/Kitzing 2023,10.1016/j.enpol.2022.113692,DNK,DK,Denmark,OECD,Wind onshore,2019,Cost of debt,1.33%,empirical result,Survey of expert estimates,Expert interviews,averaged value for the country and technology and year
academic peer-reviewed study,Ðukan/Kitzing 2023,10.1016/j.enpol.2022.113693,EST,EE,Estonia,OECD,Solar PV,2019,Cost of debt,3.56%,empirical result,Survey of expert estimates,Expert interviews,averaged value for the country and technology and year
academic peer-reviewed study,Ðukan/Kitzing 2023,10.1016/j.enpol.2022.113694,EST,EE,Estonia,OECD,Wind onshore,2019,Cost of debt,3.80%,empirical result,Survey of expert estimates,Expert interviews,averaged value for the country and technology and year
academic peer-reviewed study,Ðukan/Kitzing 2023,10.1016/j.enpol.2022.113695,ESP,ES,Spain,OECD,Wind onshore,2019,Cost of debt,1.94%,empirical result,Survey of expert estimates,Expert interviews,averaged value for the country and technology and year
academic peer-reviewed study,Ðukan/Kitzing 2023,10.1016/j.enpol.2022.113696,ESP,ES,Spain,OECD,Solar PV,2019,Cost of debt,1.83%,empirical result,Survey of expert estimates,Expert interviews,averaged value for the country and technology and year
academic peer-reviewed study,Ðukan/Kitzing 2023,10.1016/j.enpol.2022.113697,FIN,FI,Finland,OECD,Wind onshore,2019,Cost of debt,1.50%,empirical result,Survey of expert estimates,Expert interviews,averaged value for the country and technology and year
academic peer-reviewed study,Ðukan/Kitzing 2023,10.1016/j.enpol.2022.113698,FRA,FR,France,OECD,Wind onshore,2019,Cost of debt,1.55%,empirical result,Survey of expert estimates,Expert interviews,averaged value for the country and technology and year
academic peer-reviewed study,Ðukan/Kitzing 2023,10.1016/j.enpol.2022.113699,FRA,FR,France,OECD,Wind offshore,2019,Cost of debt,1.90%,empirical result,Survey of expert estimates,Expert interviews,averaged value for the country and technology and year
academic peer-reviewed study,Ðukan/Kitzing 2023,10.1016/j.enpol.2022.113700,FRA,FR,France,OECD,Solar PV,2019,Cost of debt,1.72%,empirical result,Survey of expert estimates,Expert interviews,averaged value for the country and technology and year
academic peer-reviewed study,Ðukan/Kitzing 2023,10.1016/j.enpol.2022.113701,GBR,GB,United Kingdom,OECD,Wind offshore,2019,Cost of debt,1.20%,empirical result,Survey of expert estimates,Expert interviews,averaged value for the country and technology and year
academic peer-reviewed study,Ðukan/Kitzing 2023,10.1016/j.enpol.2022.113702,GBR,GB,United Kingdom,OECD,Wind onshore,2019,Cost of debt,2.75%,empirical result,Survey of expert estimates,Expert interviews,averaged value for the country and technology and year
academic peer-reviewed study,Ðukan/Kitzing 2023,10.1016/j.enpol.2022.113703,GRC,GR,Greece,OECD,Solar PV,2019,Cost of debt,3.25%,empirical result,Survey of expert estimates,Expert interviews,averaged value for the country and technology and year
academic peer-reviewed study,Ðukan/Kitzing 2023,10.1016/j.enpol.2022.113704,GRC,GR,Greece,OECD,Wind onshore,2019,Cost of debt,4.67%,empirical result,Survey of expert estimates,Expert interviews,averaged value for the country and technology and year
academic peer-reviewed study,Ðukan/Kitzing 2023,10.1016/j.enpol.2022.113705,HRV,HR,Croatia,non-OECD,Wind onshore,2019,Cost of debt,3.67%,empirical result,Survey of expert estimates,Expert interviews,averaged value for the country and technology and year
academic peer-reviewed study,Ðukan/Kitzing 2023,10.1016/j.enpol.2022.113706,HUN,HU,Hungary,OECD,Solar PV,2019,Cost of debt,4.46%,empirical result,Survey of expert estimates,Expert interviews,averaged value for the country and technology and year
academic peer-reviewed study,Ðukan/Kitzing 2023,10.1016/j.enpol.2022.113707,HUN,HU,Hungary,OECD,Wind onshore,2019,Cost of debt,3.90%,empirical result,Survey of expert estimates,Expert interviews,averaged value for the country and technology and year
academic peer-reviewed study,Ðukan/Kitzing 2023,10.1016/j.enpol.2022.113708,IRL,IE,Ireland,OECD,Wind onshore,2019,Cost of debt,3.50%,empirical result,Survey of expert estimates,Expert interviews,averaged value for the country and technology and year
academic peer-reviewed study,Ðukan/Kitzing 2023,10.1016/j.enpol.2022.113709,ITA,IT,Italy,OECD,Wind onshore,2019,Cost of debt,2.95%,empirical result,Survey of expert estimates,Expert interviews,averaged value for the country and technology and year
academic peer-reviewed study,Ðukan/Kitzing 2023,10.1016/j.enpol.2022.113710,LTU,LT,Lithuania,OECD,Wind onshore,2019,Cost of debt,2.64%,empirical result,Survey of expert estimates,Expert interviews,averaged value for the country and technology and year
academic peer-reviewed study,Ðukan/Kitzing 2023,10.1016/j.enpol.2022.113711,LVA,LV,Latvia,OECD,Wind onshore,2019,Cost of debt,4.92%,empirical result,Survey of expert estimates,Expert interviews,averaged value for the country and technology and year
academic peer-reviewed study,Ðukan/Kitzing 2023,10.1016/j.enpol.2022.113712,LVA,LV,Latvia,OECD,Wind offshore,2019,Cost of debt,5.00%,empirical result,Survey of expert estimates,Expert interviews,averaged value for the country and technology and year
academic peer-reviewed study,Ðukan/Kitzing 2023,10.1016/j.enpol.2022.113713,LVA,LV,Latvia,OECD,Solar PV,2019,Cost of debt,4.79%,empirical result,Survey of expert estimates,Expert interviews,averaged value for the country and technology and year
academic peer-reviewed study,Ðukan/Kitzing 2023,10.1016/j.enpol.2022.113714,NLD,NL,Netherlands,OECD,Wind onshore,2019,Cost of debt,2.13%,empirical result,Survey of expert estimates,Expert interviews,averaged value for the country and technology and year
academic peer-reviewed study,Ðukan/Kitzing 2023,10.1016/j.enpol.2022.113715,NLD,NL,Netherlands,OECD,Wind offshore,2019,Cost of debt,1.50%,empirical result,Survey of expert estimates,Expert interviews,averaged value for the country and technology and year
academic peer-reviewed study,Ðukan/Kitzing 2023,10.1016/j.enpol.2022.113716,POL,PL,Poland,OECD,Wind onshore,2019,Cost of debt,2.76%,empirical result,Survey of expert estimates,Expert interviews,averaged value for the country and technology and year
academic peer-reviewed study,Ðukan/Kitzing 2023,10.1016/j.enpol.2022.113717,PRT,PT,Portugal,OECD,Wind onshore,2019,Cost of debt,1.83%,empirical result,Survey of expert estimates,Expert interviews,averaged value for the country and technology and year
academic peer-reviewed study,Ðukan/Kitzing 2023,10.1016/j.enpol.2022.113718,PRT,PT,Portugal,OECD,Solar PV,2019,Cost of debt,1.83%,empirical result,Survey of expert estimates,Expert interviews,averaged value for the country and technology and year
academic peer-reviewed study,Ðukan/Kitzing 2023,10.1016/j.enpol.2022.113719,ROU,RO,Romania,non-OECD,Wind onshore,2019,Cost of debt,5.50%,empirical result,Survey of expert estimates,Expert interviews,averaged value for the country and technology and year
academic peer-reviewed study,Ðukan/Kitzing 2023,10.1016/j.enpol.2022.113720,ROU,RO,Romania,non-OECD,Solar PV,2019,Cost of debt,5.50%,empirical result,Survey of expert estimates,Expert interviews,averaged value for the country and technology and year
academic peer-reviewed study,Ðukan/Kitzing 2023,10.1016/j.enpol.2022.113721,SWE,SE,Sweden,OECD,Wind onshore,2019,Cost of debt,1.75%,empirical result,Survey of expert estimates,Expert interviews,averaged value for the country and technology and year
academic peer-reviewed study,Ðukan/Kitzing 2023,10.1016/j.enpol.2022.113722,SVK,SK,Slovakia,non-OECD,Solar PV,2019,Cost of debt,3.70%,empirical result,Survey of expert estimates,Expert interviews,averaged value for the country and technology and year
academic peer-reviewed study,Ðukan/Kitzing 2023,10.1016/j.enpol.2022.113723,NLD,NL,Netherlands,OECD,Wind onshore,2020,Cost of debt,1.50%,empirical result,Survey of expert estimates,Expert interviews,averaged value for the country and technology and year
academic peer-reviewed study,Chawla et al 2020,10.1080/20430795.2019.1706313,IND,IN,India,non-OECD,Solar PV,2016,Cost of debt,14.00%,empirical result,Elicitation of project finance data,Interaction with market participants for specific projects,n/a
academic peer-reviewed study,Chawla et al 2020,10.1080/20430795.2019.1706313,IND,IN,India,non-OECD,Solar PV,2016,Return on equity,16.00%,empirical result,Elicitation of project finance data,Interaction with market participants for specific projects,n/a
academic peer-reviewed study,Chawla et al 2020,10.1080/20430795.2019.1706313,IND,IN,India,non-OECD,Solar PV,2016,Leverage (debt share),70.00%,empirical result,Elicitation of project finance data,Interaction with market participants for specific projects,n/a
academic peer-reviewed study,Chawla et al 2020,10.1080/20430795.2019.1706313,IND,IN,India,non-OECD,Solar PV,2016,WACC (nominal after-tax),11.21%,empirical result,Elicitation of project finance data,Interaction with market participants for specific projects,n/a
academic peer-reviewed study,Chawla et al 2020,10.1080/20430795.2019.1706313,IND,IN,India,non-OECD,Solar PV,2017,Cost of debt,9.00%,empirical result,Elicitation of project finance data,Interaction with market participants for specific projects,n/a
academic peer-reviewed study,Chawla et al 2020,10.1080/20430795.2019.1706313,IND,IN,India,non-OECD,Solar PV,2017,Return on equity,14.00%,empirical result,Elicitation of project finance data,Interaction with market participants for specific projects,n/a
academic peer-reviewed study,Chawla et al 2020,10.1080/20430795.2019.1706313,IND,IN,India,non-OECD,Solar PV,2017,Leverage (debt share),80.00%,empirical result,Elicitation of project finance data,Interaction with market participants for specific projects,n/a
academic peer-reviewed study,Chawla et al 2020,10.1080/20430795.2019.1706313,IND,IN,India,non-OECD,Solar PV,2017,WACC (nominal after-tax),8.32%,empirical result,Elicitation of project finance data,Interaction with market participants for specific projects,n/a
academic peer-reviewed study,Chawla et al 2020,10.1080/20430795.2019.1706313,IND,IN,India,non-OECD,Wind onshore,2017,Cost of debt,10.00%,empirical result,Elicitation of project finance data,Interaction with market participants for specific projects,n/a
academic peer-reviewed study,Chawla et al 2020,10.1080/20430795.2019.1706313,IND,IN,India,non-OECD,Wind onshore,2017,Return on equity,16.00%,empirical result,Elicitation of project finance data,Interaction with market participants for specific projects,n/a
academic peer-reviewed study,Chawla et al 2020,10.1080/20430795.2019.1706313,IND,IN,India,non-OECD,Wind onshore,2017,Leverage (debt share),70.00%,empirical result,Elicitation of project finance data,Interaction with market participants for specific projects,n/a
academic peer-reviewed study,Chawla et al 2020,10.1080/20430795.2019.1706313,IND,IN,India,non-OECD,Wind onshore,2017,WACC (nominal after-tax),9.38%,empirical result,Elicitation of project finance data,Interaction with market participants for specific projects,n/a
academic peer-reviewed study,Mora et al 2019,10.1016/j.apenergy.2019.113419,GBR,GB,United Kingdom,OECD,Wind offshore,2014,Leverage (debt share),70.00%,assumption in article,n/a,n/a,n/a
academic peer-reviewed study,Mora et al 2019,10.1016/j.apenergy.2019.113419,GBR,GB,United Kingdom,OECD,Wind offshore,2016,Leverage (debt share),75.00%,assumption in article,n/a,n/a,n/a
academic peer-reviewed study,Tagliapietra et al 2019,10.1016/j.enpol.2019.05.011,TUR,TR,Turkey,OECD,Wind onshore,2017,Return on equity,5.55%,empirical result,Replication of auction results,Reverse engineered project returns (assuming all equity) based on project data,n/a
academic peer-reviewed study,Das et al 2021,10.1080/20421338.2020.1762302,IND,IN,India,non-OECD,Solar PV,2015,WACC (nominal vanilla),12.70%,assumption in article,n/a,n/a,Taken from Government of Gujarat Guidelines (2015)
academic peer-reviewed study,Das et al 2021,10.1080/20421338.2020.1762302,IND,IN,India,non-OECD,Solar PV,2015,WACC (nominal vanilla),13.00%,assumption in article,n/a,n/a,Project developer interviews (interview process not disclosed)
academic peer-reviewed study,Das et al 2021,10.1080/20421338.2020.1762302,IND,IN,India,non-OECD,Wind onshore,2016,WACC (nominal vanilla),11.80%,assumption in article,n/a,n/a,Taken from Government of Gujarat Guidelines (2016)
academic peer-reviewed study,Das et al 2021,10.1080/20421338.2020.1762302,IND,IN,India,non-OECD,Wind onshore,2016,WACC (nominal vanilla),13.00%,assumption in article,n/a,n/a,Project developer interviews (interview process not disclosed)
academic peer-reviewed study,Rong et al 2021,10.32604/EE.2022.015485,CHN,CN,China,non-OECD,Wind onshore,2014,Return on equity,7.95%,empirical result,Analysis of financial market data,Costs are estimated using company financials of 134 firms listed on Shenzhen stock exchange,n/a
academic peer-reviewed study,Rong et al 2021,10.32604/EE.2022.015485,CHN,CN,China,non-OECD,Wind onshore,2015,Return on equity,7.21%,empirical result,Analysis of financial market data,Costs are estimated using company financials of 134 firms listed on Shenzhen stock exchange,n/a
academic peer-reviewed study,Rong et al 2021,10.32604/EE.2022.015485,CHN,CN,China,non-OECD,Wind onshore,2016,Return on equity,6.36%,empirical result,Analysis of financial market data,Costs are estimated using company financials of 134 firms listed on Shenzhen stock exchange,n/a
academic peer-reviewed study,Rong et al 2021,10.32604/EE.2022.015485,CHN,CN,China,non-OECD,Wind onshore,2017,Return on equity,6.22%,empirical result,Analysis of financial market data,Costs are estimated using company financials of 134 firms listed on Shenzhen stock exchange,n/a
academic peer-reviewed study,Rong et al 2021,10.32604/EE.2022.015485,CHN,CN,China,non-OECD,Wind onshore,2018,Return on equity,7.26%,empirical result,Analysis of financial market data,Costs are estimated using company financials of 134 firms listed on Shenzhen stock exchange,n/a
academic peer-reviewed study,Rong et al 2021,10.32604/EE.2022.015485,CHN,CN,China,non-OECD,Wind onshore,2019,Return on equity,7.96%,empirical result,Analysis of financial market data,Costs are estimated using company financials of 134 firms listed on Shenzhen stock exchange,n/a
academic peer-reviewed study,Rong et al 2021,10.32604/EE.2022.015485,CHN,CN,China,non-OECD,Solar PV,2014,Return on equity,11.32%,empirical result,Analysis of financial market data,Costs are estimated using company financials of 134 firms listed on Shenzhen stock exchange,n/a
academic peer-reviewed study,Rong et al 2021,10.32604/EE.2022.015485,CHN,CN,China,non-OECD,Solar PV,2015,Return on equity,13.36%,empirical result,Analysis of financial market data,Costs are estimated using company financials of 134 firms listed on Shenzhen stock exchange,n/a
academic peer-reviewed study,Rong et al 2021,10.32604/EE.2022.015485,CHN,CN,China,non-OECD,Solar PV,2016,Return on equity,12.41%,empirical result,Analysis of financial market data,Costs are estimated using company financials of 134 firms listed on Shenzhen stock exchange,n/a
academic peer-reviewed study,Rong et al 2021,10.32604/EE.2022.015485,CHN,CN,China,non-OECD,Solar PV,2017,Return on equity,12.37%,empirical result,Analysis of financial market data,Costs are estimated using company financials of 134 firms listed on Shenzhen stock exchange,n/a
academic peer-reviewed study,Rong et al 2021,10.32604/EE.2022.015485,CHN,CN,China,non-OECD,Solar PV,2018,Return on equity,12.69%,empirical result,Analysis of financial market data,Costs are estimated using company financials of 134 firms listed on Shenzhen stock exchange,n/a
academic peer-reviewed study,Rong et al 2021,10.32604/EE.2022.015485,CHN,CN,China,non-OECD,Solar PV,2019,Return on equity,13.29%,empirical result,Analysis of financial market data,Costs are estimated using company financials of 134 firms listed on Shenzhen stock exchange,n/a
academic peer-reviewed study,Rong et al 2021,10.32604/EE.2022.015485,CHN,CN,China,non-OECD,Wind onshore,2014,WACC (nominal after-tax),6.18%,empirical result,Analysis of financial market data,Costs are estimated using company financials of 134 firms listed on Shenzhen stock exchange,n/a
academic peer-reviewed study,Rong et al 2021,10.32604/EE.2022.015485,CHN,CN,China,non-OECD,Wind onshore,2015,WACC (nominal after-tax),5.80%,empirical result,Analysis of financial market data,Costs are estimated using company financials of 134 firms listed on Shenzhen stock exchange,n/a
academic peer-reviewed study,Rong et al 2021,10.32604/EE.2022.015485,CHN,CN,China,non-OECD,Wind onshore,2016,WACC (nominal after-tax),5.30%,empirical result,Analysis of financial market data,Costs are estimated using company financials of 134 firms listed on Shenzhen stock exchange,n/a
academic peer-reviewed study,Rong et al 2021,10.32604/EE.2022.015485,CHN,CN,China,non-OECD,Wind onshore,2017,WACC (nominal after-tax),5.12%,empirical result,Analysis of financial market data,Costs are estimated using company financials of 134 firms listed on Shenzhen stock exchange,n/a
academic peer-reviewed study,Rong et al 2021,10.32604/EE.2022.015485,CHN,CN,China,non-OECD,Wind onshore,2018,WACC (nominal after-tax),5.48%,empirical result,Analysis of financial market data,Costs are estimated using company financials of 134 firms listed on Shenzhen stock exchange,n/a
academic peer-reviewed study,Rong et al 2021,10.32604/EE.2022.015485,CHN,CN,China,non-OECD,Wind onshore,2019,WACC (nominal after-tax),5.72%,empirical result,Analysis of financial market data,Costs are estimated using company financials of 134 firms listed on Shenzhen stock exchange,n/a
academic peer-reviewed study,Rong et al 2021,10.32604/EE.2022.015485,CHN,CN,China,non-OECD,Solar PV,2014,WACC (nominal after-tax),8.34%,empirical result,Analysis of financial market data,Costs are estimated using company financials of 134 firms listed on Shenzhen stock exchange,n/a
academic peer-reviewed study,Rong et al 2021,10.32604/EE.2022.015485,CHN,CN,China,non-OECD,Solar PV,2015,WACC (nominal after-tax),9.32%,empirical result,Analysis of financial market data,Costs are estimated using company financials of 134 firms listed on Shenzhen stock exchange,n/a
academic peer-reviewed study,Rong et al 2021,10.32604/EE.2022.015485,CHN,CN,China,non-OECD,Solar PV,2016,WACC (nominal after-tax),8.63%,empirical result,Analysis of financial market data,Costs are estimated using company financials of 134 firms listed on Shenzhen stock exchange,n/a
academic peer-reviewed study,Rong et al 2021,10.32604/EE.2022.015485,CHN,CN,China,non-OECD,Solar PV,2017,WACC (nominal after-tax),8.43%,empirical result,Analysis of financial market data,Costs are estimated using company financials of 134 firms listed on Shenzhen stock exchange,n/a
academic peer-reviewed study,Rong et al 2021,10.32604/EE.2022.015485,CHN,CN,China,non-OECD,Solar PV,2018,WACC (nominal after-tax),8.48%,empirical result,Analysis of financial market data,Costs are estimated using company financials of 134 firms listed on Shenzhen stock exchange,n/a
academic peer-reviewed study,Rong et al 2021,10.32604/EE.2022.015485,CHN,CN,China,non-OECD,Solar PV,2019,WACC (nominal after-tax),8.66%,empirical result,Analysis of financial market data,Costs are estimated using company financials of 134 firms listed on Shenzhen stock exchange,n/a
academic peer-reviewed study,Zhang et al 2021,10.1080/1540496X.2019.1598371,CHN,CN,China,non-OECD,Solar PV,2016,WACC (nominal pre-tax),6.00%,assumption in article,n/a,n/a,n/a
academic peer-reviewed study,Zhang et al 2021,10.1080/1540496X.2019.1598371,CHN,CN,China,non-OECD,Solar PV,2016,Cost of debt,4.90%,empirical result,Survey of expert estimates,n/a,n/a
academic peer-reviewed study,Zhang et al 2021,10.1080/1540496X.2019.1598371,CHN,CN,China,non-OECD,Solar PV,2016,Return on equity,20.00%,assumption in article,n/a,n/a,n/a
academic peer-reviewed study,Zhang et al 2021,10.1080/1540496X.2019.1598371,CHN,CN,China,non-OECD,Solar PV,2016,Leverage (debt share),80.00%,empirical result,Survey of expert estimates,n/a,n/a
academic peer-reviewed study,Zhang et al 2021,10.1080/1540496X.2019.1598371,CHN,CN,China,non-OECD,Solar PV,2016,Tax Rate,25.00%,assumption in article,n/a,n/a,n/a
academic peer-reviewed study,Zhang et al 2021,10.1080/1540496X.2019.1598371,CHN,CN,China,non-OECD,Solar PV,2016,WACC (nominal after-tax),6.94%,value calculated for meta analysis,n/a,n/a,n/a
academic peer-reviewed study,Schinko et al 2019,10.1186/s13705-018-0186-8,MAR,MA,Morocco,non-OECD,Solar PV,2018,Return on equity,14.00%,assumption in article,n/a,n/a,n/a
academic peer-reviewed study,Schinko et al 2019,10.1186/s13705-018-0186-8,MAR,MA,Morocco,non-OECD,Solar PV,2018,Cost of debt,3.10%,assumption in article,n/a,n/a,n/a
academic peer-reviewed study,Schinko et al 2019,10.1186/s13705-018-0186-8,MAR,MA,Morocco,non-OECD,Solar PV,2018,Leverage (debt share),86.00%,assumption in article,n/a,n/a,n/a
academic peer-reviewed study,Schinko et al 2019,10.1186/s13705-018-0186-8,MAR,MA,Morocco,non-OECD,Wind onshore,2018,Return on equity,14.00%,assumption in article,n/a,n/a,n/a
academic peer-reviewed study,Schinko et al 2019,10.1186/s13705-018-0186-8,MAR,MA,Morocco,non-OECD,Wind onshore,2018,Cost of debt,4.00%,assumption in article,n/a,n/a,n/a
academic peer-reviewed study,Schinko et al 2019,10.1186/s13705-018-0186-8,MAR,MA,Morocco,non-OECD,Wind onshore,2018,Leverage (debt share),80.00%,assumption in article,n/a,n/a,n/a
academic peer-reviewed study,Schinko et al 2019,10.1186/s13705-018-0186-8,MAR,MA,Morocco,non-OECD,Solar PV,2018,WACC (nominal after-tax),4.25%,value calculated for meta analysis,n/a,n/a,Assuming a tax rate of 14% (https://taxsummaries.pwc.com/morocco/corporate/significant-developments)
academic peer-reviewed study,Schinko et al 2019,10.1186/s13705-018-0186-8,MAR,MA,Morocco,non-OECD,Wind onshore,2018,WACC (nominal after-tax),5.55%,value calculated for meta analysis,n/a,n/a,Assuming a tax rate of 14% (https://taxsummaries.pwc.com/morocco/corporate/significant-developments)
academic peer-reviewed study,M.A. Aqeeq et al 2023,10.1016/j.eneco.2023.106696,PAK,PK,Pakistan,non-OECD,Solar PV,2020,Return on equity,14.00%,empirical result,Analysis of financial market data,Average of 5 40MW+ utility scale plants,n/a
academic peer-reviewed study,M.A. Aqeeq et al 2023,10.1016/j.eneco.2023.106696,PAK,PK,Pakistan,non-OECD,Solar PV,2020,Debt margin on LIBOR,4.25%,empirical result,Analysis of financial market data,Average of 5 40MW+ utility scale plants,n/a
academic peer-reviewed study,M.A. Aqeeq et al 2023,10.1016/j.eneco.2023.106696,PAK,PK,Pakistan,non-OECD,Solar PV,2020,Leverage (debt share),80.00%,empirical result,Analysis of financial market data,Average of 5 40MW+ utility scale plants,n/a
academic peer-reviewed study,M.A. Aqeeq et al 2023,10.1016/j.eneco.2023.106696,PAK,PK,Pakistan,non-OECD,Solar PV,2020,WACC (nominal after-tax),6.44%,value calculated for meta analysis,n/a,n/a,LIBOR 2020 = 0.3% (https://www.macrotrends.net/1433/historical-libor-rates-chart). Solar PV is tax exempt in Pakistan
academic peer-reviewed study,W. Blyth et al 2023,10.1016/j.apenergy.2023.121938,GBR,GB,United Kingdom,OECD,Solar PV,2022,WACC (nominal vanilla),2.80%,assumption in article,n/a,n/a,n/a
academic peer-reviewed study,W. Blyth et al 2023,10.1016/j.apenergy.2023.121938,GBR,GB,United Kingdom,OECD,Wind onshore,2022,WACC (nominal vanilla),5.60%,assumption in article,n/a,n/a,n/a
academic peer-reviewed study,W. Blyth et al 2023,10.1016/j.apenergy.2023.121938,GBR,GB,United Kingdom,OECD,Wind offshore,2022,WACC (nominal vanilla),7.40%,assumption in article,n/a,n/a,n/a
academic peer-reviewed study,Gohdes et al 2022,10.1016/j.eneco.2022.106312,AUS,AU,Australia,OECD,Wind onshore,2020,Return on equity,9.25%,empirical result,Survey of expert estimates,14 interviews for different PPA scenarios (6.25%- 12.25%; middle of range),n/a
academic peer-reviewed study,Gohdes et al 2022,10.1016/j.eneco.2022.106312,AUS,AU,Australia,OECD,Wind onshore,2020,Debt margin on gov bond,2.00%,empirical result,Survey of expert estimates,14 interviews for different PPA scenarios (1.4%- 2.6%; middle of range),n/a
academic peer-reviewed study,Gohdes et al 2022,10.1016/j.eneco.2022.106312,AUS,AU,Australia,OECD,Wind onshore,2020,Leverage (debt share),56.60%,empirical result,Survey of expert estimates,14 interviews for different PPA scenarios (40.75%- 72.5%; middle of range),n/a
academic peer-reviewed study,Gohdes et al 2022,10.1016/j.eneco.2022.106312,AUS,AU,Australia,OECD,Wind onshore,2020,WACC (nominal after-tax),5.46%,value calculated for meta analysis,n/a,n/a,n/a
academic peer-reviewed study,Feldman et al 2020,10.1016/j.enpol.2020.111525,USA,US,United States,OECD,Solar PV,2020,Return on equity,12.50%,empirical result,Analysis of financial market data,Return on Equity using CAPM; Cost of Debt with Black-Scholes model,n/a
academic peer-reviewed study,Feldman et al 2020,10.1016/j.enpol.2020.111525,USA,US,United States,OECD,Solar PV,2020,Cost of debt,4.40%,empirical result,Analysis of financial market data,Return on Equity using CAPM; Cost of Debt with Black-Scholes model,n/a
academic peer-reviewed study,Feldman et al 2020,10.1016/j.enpol.2020.111525,USA,US,United States,OECD,Solar PV,2020,Leverage (debt share),59.90%,empirical result,Analysis of financial market data,Return on Equity using CAPM; Cost of Debt with Black-Scholes model,n/a
academic peer-reviewed study,Feldman et al 2020,10.1016/j.enpol.2020.111525,USA,US,United States,OECD,Solar PV,2020,Tax Rate,21.00%,empirical result,Analysis of financial market data,Return on Equity using CAPM; Cost of Debt with Black-Scholes model,n/a
academic peer-reviewed study,Feldman et al 2020,10.1016/j.enpol.2020.111525,USA,US,United States,OECD,Solar PV,2020,WACC (nominal after-tax),7.09%,empirical result,Analysis of financial market data,Return on Equity using CAPM; Cost of Debt with Black-Scholes model,n/a
academic peer-reviewed study,De Araujo et al. 2021,https://www.ieomsociety.org/brazil2020/papers/256.pdf,BRA,BR,Brazil,non-OECD,Wind onshore,2021,Cost of debt,7.30%,assumption in article,Analysis of financial market data,Costs estimated using the BNDES rate,n/a
academic peer-reviewed study,Vázquez-Vázquez et al. 2021,10.3390/infrastructures6070095,ESP,ES,Spain,OECD,Solar PV,2020,Return on equity,10.26%,empirical result,Analysis of financial market data,Average of adjusted CAPM for UK and Spanish investor investing in Spain (implied cost of equity),n/a
academic peer-reviewed study,Vázquez-Vázquez et al. 2021,10.3390/infrastructures6070095,ESP,ES,Spain,OECD,Solar PV,2020,Leverage (debt share),70.00%,assumption in article,Analysis of financial market data,n/a,n/a
academic peer-reviewed study,Vázquez-Vázquez et al. 2021,10.3390/infrastructures6070095,ESP,ES,Spain,OECD,Solar PV,2020,Cost of debt,2.50%,assumption in article,Analysis of financial market data,n/a,n/a
academic peer-reviewed study,Vázquez-Vázquez et al 2021,10.3390/infrastructures6070095,ESP,ES,Spain,OECD,Solar PV,2020,WACC (nominal after-tax),4.39%,value calculated for meta analysis,n/a,n/a,calculated using the tax rate of 25% based in KPMG
academic peer-reviewed study,Martin et al. 2020,10.3390/en13133383,DNK,DK,Denmark,OECD,Solar PV,2019,Return on equity,18.00%,assumption in article,n/a,n/a,n/a
academic peer-reviewed study,Martin et al. 2020,10.3390/en13133384,DNK,DK,Denmark,OECD,Solar PV,2019,Leverage (debt share),70.00%,assumption in article,n/a,n/a,n/a
academic peer-reviewed study,Martin et al. 2020,10.3390/en13133385,DNK,DK,Denmark,OECD,Solar PV,2019,Cost of debt,3.00%,assumption in article,n/a,n/a,n/a
academic peer-reviewed study,Martin et al. 2020,10.3390/en13133383,DNK,DK,Denmark,OECD,Wind onshore,2019,Return on equity,18.00%,assumption in article,n/a,n/a,n/a
academic peer-reviewed study,Martin et al. 2020,10.3390/en13133384,DNK,DK,Denmark,OECD,Wind onshore,2019,Leverage (debt share),70.00%,assumption in article,n/a,n/a,n/a
academic peer-reviewed study,Martin et al. 2020,10.3390/en13133385,DNK,DK,Denmark,OECD,Wind onshore,2019,Cost of debt,3.00%,assumption in article,n/a,n/a,n/a
academic peer-reviewed study,Duffy et al 2020,10.1016/j.apenergy.2020.114777,DEU,DE,Germany,OECD,Wind onshore,2010,WACC (nominal after-tax),5.16%,empirical result,Survey of expert estimates,middle of reporting periods year taken (for 2008-2010 > 2009 and for 2014-2016 > 2015). Values taken from a chart,calculated using a 2% inflation rate (as assumed in the article) from a post-tax real WACC to a post-tax nominal WACC
academic peer-reviewed study,Duffy et al 2020,10.1016/j.apenergy.2020.114778,DEU,DE,Germany,OECD,Wind onshore,2016,WACC (nominal after-tax),3.33%,empirical result,Survey of expert estimates,middle of reporting periods year taken (for 2008-2010 > 2009 and for 2014-2016 > 2015). Values taken from a chart,calculated using a 2% inflation rate (as assumed in the article) from a post-tax real WACC to a post-tax nominal WACC
academic peer-reviewed study,Duffy et al 2020,10.1016/j.apenergy.2020.114779,DNK,DK,Denmark,OECD,Wind onshore,2010,WACC (nominal after-tax),5.06%,empirical result,Survey of expert estimates,middle of reporting periods year taken (for 2008-2010 > 2009 and for 2014-2016 > 2015). Values taken from a chart,calculated using a 2% inflation rate (as assumed in the article) from a post-tax real WACC to a post-tax nominal WACC
academic peer-reviewed study,Duffy et al 2020,10.1016/j.apenergy.2020.114780,DNK,DK,Denmark,OECD,Wind onshore,2016,WACC (nominal after-tax),3.22%,empirical result,Survey of expert estimates,middle of reporting periods year taken (for 2008-2010 > 2009 and for 2014-2016 > 2015). Values taken from a chart,calculated using a 2% inflation rate (as assumed in the article) from a post-tax real WACC to a post-tax nominal WACC
academic peer-reviewed study,Duffy et al 2020,10.1016/j.apenergy.2020.114781,IRL,IE,Ireland,OECD,Wind onshore,2010,WACC (nominal after-tax),7.30%,empirical result,Analysis of financial market data,middle of reporting periods year taken (for 2008-2010 > 2009 and for 2014-2016 > 2015). Values taken from a chart,calculated using a 2% inflation rate (as assumed in the article) from a post-tax real WACC to a post-tax nominal WACC
academic peer-reviewed study,Duffy et al 2020,10.1016/j.apenergy.2020.114782,IRL,IE,Ireland,OECD,Wind onshore,2016,WACC (nominal after-tax),6.59%,empirical result,Analysis of financial market data,middle of reporting periods year taken (for 2008-2010 > 2009 and for 2014-2016 > 2015). Values taken from a chart,calculated using a 2% inflation rate (as assumed in the article) from a post-tax real WACC to a post-tax nominal WACC
academic peer-reviewed study,Duffy et al 2020,10.1016/j.apenergy.2020.114783,NOR,NO,Norway,OECD,Wind onshore,2010,WACC (nominal after-tax),7.61%,empirical result,Analysis of financial market data,middle of reporting periods year taken (for 2008-2010 > 2009 and for 2014-2016 > 2015). Values taken from a chart,calculated using a 2% inflation rate (as assumed in the article) from a post-tax real WACC to a post-tax nominal WACC
academic peer-reviewed study,Duffy et al 2020,10.1016/j.apenergy.2020.114784,NOR,NO,Norway,OECD,Wind onshore,2016,WACC (nominal after-tax),4.96%,empirical result,Analysis of financial market data,middle of reporting periods year taken (for 2008-2010 > 2009 and for 2014-2016 > 2015). Values taken from a chart,calculated using a 2% inflation rate (as assumed in the article) from a post-tax real WACC to a post-tax nominal WACC
academic peer-reviewed study,Duffy et al 2020,10.1016/j.apenergy.2020.114785,SWE,SE,Sweden ,OECD,Wind onshore,2010,WACC (nominal after-tax),7.61%,empirical result,Survey of expert estimates,middle of reporting periods year taken (for 2008-2010 > 2009 and for 2014-2016 > 2015). Values taken from a chart,calculated using a 2% inflation rate (as assumed in the article) from a post-tax real WACC to a post-tax nominal WACC
academic peer-reviewed study,Duffy et al 2020,10.1016/j.apenergy.2020.114786,SWE,SE,Sweden ,OECD,Wind onshore,2016,WACC (nominal after-tax),5.26%,empirical result,Survey of expert estimates,middle of reporting periods year taken (for 2008-2010 > 2009 and for 2014-2016 > 2015). Values taken from a chart,calculated using a 2% inflation rate (as assumed in the article) from a post-tax real WACC to a post-tax nominal WACC
academic peer-reviewed study,Duffy et al 2020,10.1016/j.apenergy.2020.114787,USA,US,United States ,OECD,Wind onshore,2010,WACC (nominal after-tax),6.69%,empirical result,Analysis of financial market data,middle of reporting periods year taken (for 2008-2010 > 2009 and for 2014-2016 > 2015). Values taken from a chart,calculated using a 2% inflation rate (as assumed in the article) from a post-tax real WACC to a post-tax nominal WACC
academic peer-reviewed study,Duffy et al 2020,10.1016/j.apenergy.2020.114788,USA,US,United States ,OECD,Wind onshore,2016,WACC (nominal after-tax),5.98%,empirical result,Analysis of financial market data,middle of reporting periods year taken (for 2008-2010 > 2009 and for 2014-2016 > 2015). Values taken from a chart,calculated using a 2% inflation rate (as assumed in the article) from a post-tax real WACC to a post-tax nominal WACC
academic peer-reviewed study,Broughel/Wüstenhagen 2022,10.1007/978-3-030-80787-0_14,CHE,CH,Switzerland,OECD,Wind onshore,2017,WACC (nominal after-tax),3.97%,empirical result,Survey of expert estimates,Based on regulatory WACC. Cross-checked with project developers during interviews,n/a
academic peer-reviewed study,Trypolska/Riabchyn 2022,10.32479/ijeep.11999,UKR,UA,Ukraine,non-OECD,Wind onshore,2020,WACC (nominal after-tax),15.50%,empirical result,Survey of expert estimates,Expert estimate of 15-16% mentioned in text,n/a
academic peer-reviewed study,Trypolska/Riabchyn 2022,10.32479/ijeep.12001,UKR,UA,Ukraine,non-OECD,Solar PV,2020,WACC (nominal after-tax),15.50%,empirical result,Survey of expert estimates,Expert estimate of 15-16% mentioned in text,n/a
academic peer-reviewed study,Lindahl et al 2022,10.1016/j.renene.2021.12.081,SWE,SE,Sweden,OECD,Solar PV,2020,WACC (nominal after-tax),3.42%,empirical result,Survey of expert estimates,Average of six projects. Value for 2019 - 2020. Last year taken as exact year not specified,n/a
academic peer-reviewed study,Lindahl et al. 2022,10.1016/j.renene.2021.12.085,SWE,SE,Sweden,OECD,Solar PV,2020,Cost of debt,2.09%,empirical result,Survey of expert estimates,Value for 2019 - 2020. Last year taken as exact year not specified,n/a
academic peer-reviewed study,Lindahl et al. 2022,10.1016/j.renene.2021.12.086,SWE,SE,Sweden,OECD,Solar PV,2020,Return on equity,4.72%,empirical result,Survey of expert estimates,Value for 2019 - 2020. Last year taken as exact year not specified,n/a
international organization report,IRENA 2023,https://www.irena.org/Publications/2023/May/The-cost-of-financing-for-renewable-power,USA,US,United States,OECD,Wind onshore,2020,Leverage (debt share),30.00%,empirical result,Survey of expert estimates,n/a,n/a
international organization report,IRENA 2023,https://www.irena.org/Publications/2023/May/The-cost-of-financing-for-renewable-power,USA,US,United States,OECD,Wind offshore,2020,Leverage (debt share),30.00%,empirical result,Survey of expert estimates,n/a,n/a
international organization report,IRENA 2023,https://www.irena.org/Publications/2023/May/The-cost-of-financing-for-renewable-power,USA,US,United States,OECD,Solar PV,2020,Leverage (debt share),25.00%,empirical result,Survey of expert estimates,n/a,n/a
international organization report,IRENA 2023,https://www.irena.org/Publications/2023/May/The-cost-of-financing-for-renewable-power,ESP,ES,Spain,OECD,Solar PV,2020,Leverage (debt share),60.00%,empirical result,Survey of expert estimates,n/a,n/a
international organization report,IRENA 2023,https://www.irena.org/Publications/2023/May/The-cost-of-financing-for-renewable-power,UKR,UA,Ukraine,non-OECD,Solar PV,2020,Leverage (debt share),70.00%,empirical result,Survey of expert estimates,n/a,n/a
international organization report,IRENA 2023,https://www.irena.org/Publications/2023/May/The-cost-of-financing-for-renewable-power,UKR,UA,Ukraine,non-OECD,Wind onshore,2020,Leverage (debt share),70.00%,empirical result,Survey of expert estimates,n/a,n/a
international organization report,IRENA 2023,https://www.irena.org/Publications/2023/May/The-cost-of-financing-for-renewable-power,DNK,DK,Denmark,OECD,Wind offshore,2020,Leverage (debt share),50.00%,empirical result,Survey of expert estimates,n/a,n/a
international organization report,IRENA 2023,https://www.irena.org/Publications/2023/May/The-cost-of-financing-for-renewable-power,BRA,BR,Brazil,non-OECD,Wind onshore,2020,Leverage (debt share),80.00%,empirical result,Survey of expert estimates,n/a,n/a
international organization report,IRENA 2023,https://www.irena.org/Publications/2023/May/The-cost-of-financing-for-renewable-power,BRA,BR,Brazil,non-OECD,Solar PV,2020,Leverage (debt share),80.00%,empirical result,Survey of expert estimates,n/a,n/a
international organization report,IRENA 2023,https://www.irena.org/Publications/2023/May/The-cost-of-financing-for-renewable-power,USA,US,United States,OECD,Solar PV,2020,Leverage (debt share),40.00%,empirical result,Survey of expert estimates,n/a,n/a
international organization report,IRENA 2023,https://www.irena.org/Publications/2023/May/The-cost-of-financing-for-renewable-power,DEU,DE,Germany,OECD,Wind onshore,2020,Leverage (debt share),85.00%,empirical result,Survey of expert estimates,n/a,n/a
international organization report,IRENA 2023,https://www.irena.org/Publications/2023/May/The-cost-of-financing-for-renewable-power,SWE,SE,Sweden,OECD,Wind onshore,2020,Leverage (debt share),50.00%,empirical result,Survey of expert estimates,n/a,n/a
international organization report,IRENA 2023,https://www.irena.org/Publications/2023/May/The-cost-of-financing-for-renewable-power,NLD,NL,Netherlands,OECD,Wind onshore,2020,Leverage (debt share),85.00%,empirical result,Survey of expert estimates,n/a,n/a
international organization report,IRENA 2023,https://www.irena.org/Publications/2023/May/The-cost-of-financing-for-renewable-power,TUR,TR,Turkey,OECD,Wind onshore,2020,Leverage (debt share),80.00%,empirical result,Survey of expert estimates,n/a,n/a
international organization report,IRENA 2023,https://www.irena.org/Publications/2023/May/The-cost-of-financing-for-renewable-power,URY,UY,Uruguay,non-OECD,Wind onshore,2020,Leverage (debt share),70.00%,empirical result,Survey of expert estimates,n/a,n/a
international organization report,IRENA 2023,https://www.irena.org/Publications/2023/May/The-cost-of-financing-for-renewable-power,GBR,GB,United Kingdom,OECD,Wind offshore,2020,Leverage (debt share),65.00%,empirical result,Survey of expert estimates,n/a,n/a
international organization report,IRENA 2023,https://www.irena.org/Publications/2023/May/The-cost-of-financing-for-renewable-power,USA,US,United States,OECD,Wind offshore,2020,Leverage (debt share),65.00%,empirical result,Survey of expert estimates,n/a,n/a
international organization report,IRENA 2023,https://www.irena.org/Publications/2023/May/The-cost-of-financing-for-renewable-power,ESP,ES,Spain,OECD,Wind onshore,2020,Leverage (debt share),80.00%,empirical result,Survey of expert estimates,n/a,n/a
international organization report,IRENA 2023,https://www.irena.org/Publications/2023/May/The-cost-of-financing-for-renewable-power,ESP,ES,Spain,OECD,Wind offshore,2020,Leverage (debt share),70.00%,empirical result,Survey of expert estimates,n/a,n/a
international organization report,IRENA 2023,https://www.irena.org/Publications/2023/May/The-cost-of-financing-for-renewable-power,ESP,ES,Spain,OECD,Solar PV,2020,Leverage (debt share),85.00%,empirical result,Survey of expert estimates,n/a,n/a
international organization report,IRENA 2023,https://www.irena.org/Publications/2023/May/The-cost-of-financing-for-renewable-power,DEU,DE,Germany,OECD,Solar PV,2020,Leverage (debt share),85.00%,empirical result,Survey of expert estimates,n/a,n/a
international organization report,IRENA 2023,https://www.irena.org/Publications/2023/May/The-cost-of-financing-for-renewable-power,AUS,AU,Australia,OECD,Solar PV,2020,Leverage (debt share),75.00%,empirical result,Survey of expert estimates,n/a,n/a
international organization report,IRENA 2023,https://www.irena.org/Publications/2023/May/The-cost-of-financing-for-renewable-power,ZAF,ZA,South Africa,non-OECD,Wind onshore,2020,Leverage (debt share),80.00%,empirical result,Survey of expert estimates,n/a,n/a
international organization report,IRENA 2023,https://www.irena.org/Publications/2023/May/The-cost-of-financing-for-renewable-power,KEN,KE,Kenya,non-OECD,Solar PV,2020,Leverage (debt share),75.00%,empirical result,Survey of expert estimates,n/a,n/a
international organization report,IRENA 2023,https://www.irena.org/Publications/2023/May/The-cost-of-financing-for-renewable-power,ZAF,ZA,South Africa,non-OECD,Solar PV,2020,Leverage (debt share),83.00%,empirical result,Survey of expert estimates,n/a,n/a
international organization report,IRENA 2023,https://www.irena.org/Publications/2023/May/The-cost-of-financing-for-renewable-power,KEN,KE,Kenya,non-OECD,Wind onshore,2020,Leverage (debt share),75.00%,empirical result,Survey of expert estimates,n/a,n/a
international organization report,IRENA 2023,https://www.irena.org/Publications/2023/May/The-cost-of-financing-for-renewable-power,GBR,GB,United Kingdom,OECD,Wind offshore,2020,Leverage (debt share),75.00%,empirical result,Survey of expert estimates,n/a,n/a
international organization report,IRENA 2023,https://www.irena.org/Publications/2023/May/The-cost-of-financing-for-renewable-power,DEU,DE,Germany,OECD,Wind offshore,2020,Leverage (debt share),73.00%,empirical result,Survey of expert estimates,n/a,n/a
international organization report,IRENA 2023,https://www.irena.org/Publications/2023/May/The-cost-of-financing-for-renewable-power,TWN,TW,Taiwan Province of China,non-OECD,Wind offshore,2020,Leverage (debt share),65.00%,empirical result,Survey of expert estimates,n/a,n/a
international organization report,IRENA 2023,https://www.irena.org/Publications/2023/May/The-cost-of-financing-for-renewable-power,FRA,FR,France,OECD,Solar PV,2020,Leverage (debt share),78.00%,empirical result,Survey of expert estimates,n/a,n/a
international organization report,IRENA 2023,https://www.irena.org/Publications/2023/May/The-cost-of-financing-for-renewable-power,USA,US,United States,OECD,Wind onshore,2020,Leverage (debt share),75.00%,empirical result,Survey of expert estimates,n/a,n/a
international organization report,IRENA 2023,https://www.irena.org/Publications/2023/May/The-cost-of-financing-for-renewable-power,USA,US,United States,OECD,Solar PV,2020,Leverage (debt share),75.00%,empirical result,Survey of expert estimates,n/a,n/a
international organization report,IRENA 2023,https://www.irena.org/Publications/2023/May/The-cost-of-financing-for-renewable-power,DEU,DE,Germany,OECD,Wind onshore,2020,Leverage (debt share),90.00%,empirical result,Survey of expert estimates,n/a,n/a
international organization report,IRENA 2023,https://www.irena.org/Publications/2023/May/The-cost-of-financing-for-renewable-power,DEU,DE,Germany,OECD,Solar PV,2020,Leverage (debt share),100.00%,empirical result,Survey of expert estimates, 100% leverage double-checked: was reported in study,n/a
international organization report,IRENA 2023,https://www.irena.org/Publications/2023/May/The-cost-of-financing-for-renewable-power,GBR,GB,United Kingdom,OECD,Wind onshore,2020,Leverage (debt share),70.00%,empirical result,Survey of expert estimates,n/a,n/a
international organization report,IRENA 2023,https://www.irena.org/Publications/2023/May/The-cost-of-financing-for-renewable-power,GBR,GB,United Kingdom,OECD,Solar PV,2020,Leverage (debt share),70.00%,empirical result,Survey of expert estimates,n/a,n/a
international organization report,IRENA 2023,https://www.irena.org/Publications/2023/May/The-cost-of-financing-for-renewable-power,USA,US,United States,OECD,Wind onshore,2020,Leverage (debt share),45.00%,empirical result,Survey of expert estimates,n/a,n/a
international organization report,IRENA 2023,https://www.irena.org/Publications/2023/May/The-cost-of-financing-for-renewable-power,USA,US,United States,OECD,Solar PV,2020,Leverage (debt share),45.00%,empirical result,Survey of expert estimates,n/a,n/a
international organization report,IRENA 2023,https://www.irena.org/Publications/2023/May/The-cost-of-financing-for-renewable-power,USA,US,United States,OECD,Wind offshore,2020,Leverage (debt share),45.00%,empirical result,Survey of expert estimates,n/a,n/a
international organization report,IRENA 2023,https://www.irena.org/Publications/2023/May/The-cost-of-financing-for-renewable-power,ZAF,ZA,South Africa,non-OECD,Wind onshore,2020,Leverage (debt share),70.00%,empirical result,Survey of expert estimates,n/a,n/a
international organization report,IRENA 2023,https://www.irena.org/Publications/2023/May/The-cost-of-financing-for-renewable-power,ZAF,ZA,South Africa,non-OECD,Solar PV,2020,Leverage (debt share),80.00%,empirical result,Survey of expert estimates,n/a,n/a
international organization report,IRENA 2023,https://www.irena.org/Publications/2023/May/The-cost-of-financing-for-renewable-power,USA,US,United States,OECD,Wind offshore,2020,Leverage (debt share),80.00%,empirical result,Survey of expert estimates,n/a,n/a
international organization report,IRENA 2023,https://www.irena.org/Publications/2023/May/The-cost-of-financing-for-renewable-power,GBR,GB,United Kingdom,OECD,Wind offshore,2020,Leverage (debt share),70.00%,empirical result,Survey of expert estimates,n/a,n/a
international organization report,IRENA 2023,https://www.irena.org/Publications/2023/May/The-cost-of-financing-for-renewable-power,AUS,AU,Australia,OECD,Solar PV,2020,Leverage (debt share),60.00%,empirical result,Survey of expert estimates,n/a,n/a
international organization report,IRENA 2023,https://www.irena.org/Publications/2023/May/The-cost-of-financing-for-renewable-power,BRA,BR,Brazil,non-OECD,Wind onshore,2020,Leverage (debt share),75.00%,empirical result,Survey of expert estimates,n/a,n/a
international organization report,IRENA 2023,https://www.irena.org/Publications/2023/May/The-cost-of-financing-for-renewable-power,UGA,UG,Uganda,non-OECD,Solar PV,2020,Leverage (debt share),70.00%,empirical result,Survey of expert estimates,n/a,n/a
international organization report,IRENA 2023,https://www.irena.org/Publications/2023/May/The-cost-of-financing-for-renewable-power,YEM,YE,Yemen,non-OECD,Solar PV,2020,Leverage (debt share),60.00%,empirical result,Survey of expert estimates,n/a,n/a
international organization report,IRENA 2023,https://www.irena.org/Publications/2023/May/The-cost-of-financing-for-renewable-power,VNM,VN,Viet Nam,non-OECD,Solar PV,2020,Leverage (debt share),70.00%,empirical result,Survey of expert estimates,n/a,n/a
international organization report,IRENA 2023,https://www.irena.org/Publications/2023/May/The-cost-of-financing-for-renewable-power,IND,IN,India,non-OECD,Solar PV,2020,Leverage (debt share),70.00%,empirical result,Survey of expert estimates,n/a,n/a
international organization report,IRENA 2023,https://www.irena.org/Publications/2023/May/The-cost-of-financing-for-renewable-power,IND,IN,India,non-OECD,Wind onshore,2020,Leverage (debt share),70.00%,empirical result,Survey of expert estimates,n/a,n/a
international organization report,IRENA 2023,https://www.irena.org/Publications/2023/May/The-cost-of-financing-for-renewable-power,DNK,DK,Denmark,OECD,Wind offshore,2020,Leverage (debt share),60.00%,empirical result,Survey of expert estimates,n/a,n/a
international organization report,IRENA 2023,https://www.irena.org/Publications/2023/May/The-cost-of-financing-for-renewable-power,DNK,DK,Denmark,OECD,Wind onshore,2020,Leverage (debt share),60.00%,empirical result,Survey of expert estimates,n/a,n/a
international organization report,IRENA 2023,https://www.irena.org/Publications/2023/May/The-cost-of-financing-for-renewable-power,CHL,CL,Chile,OECD,Wind onshore,2020,Leverage (debt share),70.00%,empirical result,Survey of expert estimates,n/a,n/a
international organization report,IRENA 2023,https://www.irena.org/Publications/2023/May/The-cost-of-financing-for-renewable-power,CHL,CL,Chile,OECD,Solar PV,2020,Leverage (debt share),75.00%,empirical result,Survey of expert estimates,n/a,n/a
international organization report,IRENA 2023,https://www.irena.org/Publications/2023/May/The-cost-of-financing-for-renewable-power,COL,CO,Colombia,OECD,Wind onshore,2020,Leverage (debt share),75.00%,empirical result,Survey of expert estimates,n/a,n/a
international organization report,IRENA 2023,https://www.irena.org/Publications/2023/May/The-cost-of-financing-for-renewable-power,MEX,MX,Mexico,OECD,Solar PV,2020,Leverage (debt share),70.00%,empirical result,Survey of expert estimates,n/a,n/a
international organization report,IRENA 2023,https://www.irena.org/Publications/2023/May/The-cost-of-financing-for-renewable-power,PER,PE,Peru,non-OECD,Wind onshore,2020,Leverage (debt share),75.00%,empirical result,Survey of expert estimates,n/a,n/a
international organization report,IRENA 2023,https://www.irena.org/Publications/2023/May/The-cost-of-financing-for-renewable-power,ARG,AR,Argentina,non-OECD,Wind onshore,2020,Leverage (debt share),70.00%,empirical result,Survey of expert estimates,n/a,n/a
international organization report,IRENA 2023,https://www.irena.org/Publications/2023/May/The-cost-of-financing-for-renewable-power,ITA,IT,Italy,OECD,Solar PV,2020,Leverage (debt share),80.00%,empirical result,Survey of expert estimates,n/a,n/a
international organization report,IRENA 2023,https://www.irena.org/Publications/2023/May/The-cost-of-financing-for-renewable-power,DNK,DK,Denmark,OECD,Solar PV,2020,Leverage (debt share),60.00%,empirical result,Survey of expert estimates,n/a,n/a
international organization report,IRENA 2023,https://www.irena.org/Publications/2023/May/The-cost-of-financing-for-renewable-power,NLD,NL,Netherlands,OECD,Solar PV,2020,Leverage (debt share),70.00%,empirical result,Survey of expert estimates,n/a,n/a
international organization report,IRENA 2023,https://www.irena.org/Publications/2023/May/The-cost-of-financing-for-renewable-power,DNK,DK,Denmark,OECD,Wind onshore,2020,Leverage (debt share),75.00%,empirical result,Survey of expert estimates,n/a,n/a
international organization report,IRENA 2023,https://www.irena.org/Publications/2023/May/The-cost-of-financing-for-renewable-power,IND,IN,India,non-OECD,Solar PV,2020,Leverage (debt share),66.00%,empirical result,Survey of expert estimates,n/a,n/a
international organization report,IRENA 2023,https://www.irena.org/Publications/2023/May/The-cost-of-financing-for-renewable-power,GRC,GR,Greece,OECD,Wind onshore,2020,Leverage (debt share),75.00%,empirical result,Survey of expert estimates,n/a,n/a
international organization report,IRENA 2023,https://www.irena.org/Publications/2023/May/The-cost-of-financing-for-renewable-power,GRC,GR,Greece,OECD,Solar PV,2020,Leverage (debt share),75.00%,empirical result,Survey of expert estimates,n/a,n/a
international organization report,IRENA 2023,https://www.irena.org/Publications/2023/May/The-cost-of-financing-for-renewable-power,CHN,CN,China,non-OECD,Wind onshore,2020,Leverage (debt share),70.00%,empirical result,Survey of expert estimates,n/a,n/a
international organization report,IRENA 2023,https://www.irena.org/Publications/2023/May/The-cost-of-financing-for-renewable-power,CHN,CN,China,non-OECD,Solar PV,2020,Leverage (debt share),70.00%,empirical result,Survey of expert estimates,n/a,n/a
international organization report,IRENA 2023,https://www.irena.org/Publications/2023/May/The-cost-of-financing-for-renewable-power,CHN,CN,China,non-OECD,Solar PV,2020,Leverage (debt share),80.00%,empirical result,Survey of expert estimates,n/a,n/a
international organization report,IRENA 2023,https://www.irena.org/Publications/2023/May/The-cost-of-financing-for-renewable-power,CHN,CN,China,non-OECD,Wind onshore,2020,Leverage (debt share),80.00%,empirical result,Survey of expert estimates,n/a,n/a
international organization report,IRENA 2023,https://www.irena.org/Publications/2023/May/The-cost-of-financing-for-renewable-power,CHN,CN,China,non-OECD,Wind offshore,2020,Leverage (debt share),80.00%,empirical result,Survey of expert estimates,n/a,n/a
international organization report,IRENA 2023,https://www.irena.org/Publications/2023/May/The-cost-of-financing-for-renewable-power,VNM,VN,Viet Nam,non-OECD,Wind onshore,2020,Leverage (debt share),68.00%,empirical result,Survey of expert estimates,n/a,n/a
international organization report,IRENA 2023,https://www.irena.org/Publications/2023/May/The-cost-of-financing-for-renewable-power,VNM,VN,Viet Nam,non-OECD,Solar PV,2020,Leverage (debt share),70.00%,empirical result,Survey of expert estimates,n/a,n/a
international organization report,IRENA 2023,https://www.irena.org/Publications/2023/May/The-cost-of-financing-for-renewable-power,SGP,SG,Singapore,non-OECD,Solar PV,2020,Leverage (debt share),68.00%,empirical result,Survey of expert estimates,n/a,n/a
international organization report,IRENA 2023,https://www.irena.org/Publications/2023/May/The-cost-of-financing-for-renewable-power,MYS,MY,Malaysia,non-OECD,Solar PV,2020,Leverage (debt share),75.00%,empirical result,Survey of expert estimates,n/a,n/a
international organization report,IRENA 2023,https://www.irena.org/Publications/2023/May/The-cost-of-financing-for-renewable-power,DNK,DK,Denmark,OECD,Wind onshore,2020,Leverage (debt share),75.00%,empirical result,Survey of expert estimates,n/a,n/a
international organization report,IRENA 2023,https://www.irena.org/Publications/2023/May/The-cost-of-financing-for-renewable-power,DNK,DK,Denmark,OECD,Solar PV,2020,Leverage (debt share),75.00%,empirical result,Survey of expert estimates,n/a,n/a
international organization report,IRENA 2023,https://www.irena.org/Publications/2023/May/The-cost-of-financing-for-renewable-power,ITA,IT,Italy,OECD,Wind onshore,2020,Leverage (debt share),65.00%,empirical result,Survey of expert estimates,n/a,n/a
international organization report,IRENA 2023,https://www.irena.org/Publications/2023/May/The-cost-of-financing-for-renewable-power,ITA,IT,Italy,OECD,Solar PV,2020,Leverage (debt share),65.00%,empirical result,Survey of expert estimates,n/a,n/a
international organization report,IRENA 2023,https://www.irena.org/Publications/2023/May/The-cost-of-financing-for-renewable-power,POL,PL,Poland,OECD,Wind onshore,2020,Leverage (debt share),65.00%,empirical result,Survey of expert estimates,n/a,n/a
international organization report,IRENA 2023,https://www.irena.org/Publications/2023/May/The-cost-of-financing-for-renewable-power,POL,PL,Poland,OECD,Solar PV,2020,Leverage (debt share),65.00%,empirical result,Survey of expert estimates,n/a,n/a
international organization report,IRENA 2023,https://www.irena.org/Publications/2023/May/The-cost-of-financing-for-renewable-power,BRA,BR,Brazil,non-OECD,Wind onshore,2020,Leverage (debt share),70.00%,empirical result,Survey of expert estimates,n/a,n/a
international organization report,IRENA 2023,https://www.irena.org/Publications/2023/May/The-cost-of-financing-for-renewable-power,BRA,BR,Brazil,non-OECD,Solar PV,2020,Leverage (debt share),70.00%,empirical result,Survey of expert estimates,n/a,n/a
international organization report,IRENA 2023,https://www.irena.org/Publications/2023/May/The-cost-of-financing-for-renewable-power,CHL,CL,Chile,OECD,Solar PV,2020,Leverage (debt share),50.00%,empirical result,Survey of expert estimates,n/a,n/a
international organization report,IRENA 2023,https://www.irena.org/Publications/2023/May/The-cost-of-financing-for-renewable-power,CHL,CL,Chile,OECD,Wind onshore,2020,Leverage (debt share),50.00%,empirical result,Survey of expert estimates,n/a,n/a
international organization report,IRENA 2023,https://www.irena.org/Publications/2023/May/The-cost-of-financing-for-renewable-power,COL,CO,Colombia,OECD,Wind onshore,2020,Leverage (debt share),60.00%,empirical result,Survey of expert estimates,n/a,n/a
international organization report,IRENA 2023,https://www.irena.org/Publications/2023/May/The-cost-of-financing-for-renewable-power,MEX,MX,Mexico,OECD,Wind onshore,2020,Leverage (debt share),60.00%,empirical result,Survey of expert estimates,n/a,n/a
international organization report,IRENA 2023,https://www.irena.org/Publications/2023/May/The-cost-of-financing-for-renewable-power,MEX,MX,Mexico,OECD,Solar PV,2020,Leverage (debt share),60.00%,empirical result,Survey of expert estimates,n/a,n/a
international organization report,IRENA 2023,https://www.irena.org/Publications/2023/May/The-cost-of-financing-for-renewable-power,DEU,DE,Germany,OECD,Wind onshore,2020,Leverage (debt share),55.00%,empirical result,Survey of expert estimates,n/a,n/a
international organization report,IRENA 2023,https://www.irena.org/Publications/2023/May/The-cost-of-financing-for-renewable-power,FRA,FR,France,OECD,Wind onshore,2020,Leverage (debt share),55.00%,empirical result,Survey of expert estimates,n/a,n/a
international organization report,IRENA 2023,https://www.irena.org/Publications/2023/May/The-cost-of-financing-for-renewable-power,FRA,FR,France,OECD,Solar PV,2020,Leverage (debt share),75.00%,empirical result,Survey of expert estimates,n/a,n/a
international organization report,IRENA 2023,https://www.irena.org/Publications/2023/May/The-cost-of-financing-for-renewable-power,IND,IN,India,non-OECD,Solar PV,2020,Leverage (debt share),85.00%,empirical result,Survey of expert estimates,n/a,n/a
international organization report,IRENA 2023,https://www.irena.org/Publications/2023/May/The-cost-of-financing-for-renewable-power,SWE,SE,Sweden,OECD,Wind onshore,2020,Leverage (debt share),70.00%,empirical result,Survey of expert estimates,n/a,n/a
international organization report,IRENA 2023,https://www.irena.org/Publications/2023/May/The-cost-of-financing-for-renewable-power,SWE,SE,Sweden,OECD,Solar PV,2020,Leverage (debt share),65.00%,empirical result,Survey of expert estimates,n/a,n/a
international organization report,IRENA 2023,https://www.irena.org/Publications/2023/May/The-cost-of-financing-for-renewable-power,NOR,NO,Norway,OECD,Wind onshore,2020,Leverage (debt share),60.00%,empirical result,Survey of expert estimates,n/a,n/a
international organization report,IRENA 2023,https://www.irena.org/Publications/2023/May/The-cost-of-financing-for-renewable-power,FIN,FI,Finland,OECD,Wind onshore,2020,Leverage (debt share),65.00%,empirical result,Survey of expert estimates,n/a,n/a
international organization report,IRENA 2023,https://www.irena.org/Publications/2023/May/The-cost-of-financing-for-renewable-power,IRL,IE,Ireland,OECD,Wind onshore,2020,Leverage (debt share),75.00%,empirical result,Survey of expert estimates,n/a,n/a
international organization report,IRENA 2023,https://www.irena.org/Publications/2023/May/The-cost-of-financing-for-renewable-power,ESP,ES,Spain,OECD,Solar PV,2020,Leverage (debt share),50.00%,empirical result,Survey of expert estimates,n/a,n/a
international organization report,IRENA 2023,https://www.irena.org/Publications/2023/May/The-cost-of-financing-for-renewable-power,AUS,AU,Australia,OECD,Solar PV,2020,Leverage (debt share),80.00%,empirical result,Survey of expert estimates,n/a,n/a
international organization report,IRENA 2023,https://www.irena.org/Publications/2023/May/The-cost-of-financing-for-renewable-power,CHN,CN,China,non-OECD,Solar PV,2020,Leverage (debt share),70.00%,empirical result,Survey of expert estimates,n/a,n/a
international organization report,IRENA 2023,https://www.irena.org/Publications/2023/May/The-cost-of-financing-for-renewable-power,MEX,MX,Mexico,OECD,Solar PV,2020,Leverage (debt share),75.00%,empirical result,Survey of expert estimates,n/a,n/a
international organization report,IRENA 2023,https://www.irena.org/Publications/2023/May/The-cost-of-financing-for-renewable-power,ROU,RO,Romania,non-OECD,Solar PV,2020,Leverage (debt share),70.00%,empirical result,Survey of expert estimates,n/a,n/a
international organization report,IRENA 2023,https://www.irena.org/Publications/2023/May/The-cost-of-financing-for-renewable-power,GBR,GB,United Kingdom,OECD,Wind offshore,2020,Leverage (debt share),67.00%,empirical result,Survey of expert estimates,n/a,n/a
international organization report,IRENA 2023,https://www.irena.org/Publications/2023/May/The-cost-of-financing-for-renewable-power,SWE,SE,Sweden,OECD,Wind onshore,2020,Leverage (debt share),67.00%,empirical result,Survey of expert estimates,n/a,n/a
international organization report,IRENA 2023,https://www.irena.org/Publications/2023/May/The-cost-of-financing-for-renewable-power,FIN,FI,Finland,OECD,Wind onshore,2020,Leverage (debt share),64.00%,empirical result,Survey of expert estimates,n/a,n/a
international organization report,IRENA 2023,https://www.irena.org/Publications/2023/May/The-cost-of-financing-for-renewable-power,DNK,DK,Denmark,OECD,Wind onshore,2020,Leverage (debt share),68.00%,empirical result,Survey of expert estimates,n/a,n/a
international organization report,IRENA 2023,https://www.irena.org/Publications/2023/May/The-cost-of-financing-for-renewable-power,IRL,IE,Ireland,OECD,Wind onshore,2020,Leverage (debt share),75.00%,empirical result,Survey of expert estimates,n/a,n/a
international organization report,IRENA 2023,https://www.irena.org/Publications/2023/May/The-cost-of-financing-for-renewable-power,CHN,CN,China,non-OECD,Solar PV,2020,Leverage (debt share),29.00%,empirical result,Survey of expert estimates,n/a,n/a
international organization report,IRENA 2023,https://www.irena.org/Publications/2023/May/The-cost-of-financing-for-renewable-power,ESP,ES,Spain,OECD,Solar PV,2020,Leverage (debt share),31.00%,empirical result,Survey of expert estimates,n/a,n/a
international organization report,IRENA 2023,https://www.irena.org/Publications/2023/May/The-cost-of-financing-for-renewable-power,HUN,HU,Hungary,OECD,Solar PV,2020,Leverage (debt share),29.00%,empirical result,Survey of expert estimates,n/a,n/a
international organization report,IRENA 2023,https://www.irena.org/Publications/2023/May/The-cost-of-financing-for-renewable-power,DNK,DK,Denmark,OECD,Wind onshore,2020,Leverage (debt share),70.00%,empirical result,Survey of expert estimates,n/a,n/a
international organization report,IRENA 2023,https://www.irena.org/Publications/2023/May/The-cost-of-financing-for-renewable-power,DNK,DK,Denmark,OECD,Solar PV,2020,Leverage (debt share),60.00%,empirical result,Survey of expert estimates,n/a,n/a
international organization report,IRENA 2023,https://www.irena.org/Publications/2023/May/The-cost-of-financing-for-renewable-power,DEU,DE,Germany,OECD,Wind onshore,2020,Leverage (debt share),80.00%,empirical result,Survey of expert estimates,n/a,n/a
international organization report,IRENA 2023,https://www.irena.org/Publications/2023/May/The-cost-of-financing-for-renewable-power,DEU,DE,Germany,OECD,Solar PV,2020,Leverage (debt share),75.00%,empirical result,Survey of expert estimates,n/a,n/a
international organization report,IRENA 2023,https://www.irena.org/Publications/2023/May/The-cost-of-financing-for-renewable-power,ESP,ES,Spain,OECD,Solar PV,2020,Leverage (debt share),70.00%,empirical result,Survey of expert estimates,n/a,n/a
international organization report,IRENA 2023,https://www.irena.org/Publications/2023/May/The-cost-of-financing-for-renewable-power,NLD,NL,Netherlands,OECD,Solar PV,2020,Leverage (debt share),70.00%,empirical result,Survey of expert estimates,n/a,n/a
international organization report,IRENA 2023,https://www.irena.org/Publications/2023/May/The-cost-of-financing-for-renewable-power,NLD,NL,Netherlands,OECD,Solar PV,2020,Leverage (debt share),85.00%,empirical result,Survey of expert estimates,n/a,n/a
international organization report,IRENA 2023,https://www.irena.org/Publications/2023/May/The-cost-of-financing-for-renewable-power,ITA,IT,Italy,OECD,Solar PV,2020,Leverage (debt share),70.00%,empirical result,Survey of expert estimates,n/a,n/a
international organization report,IRENA 2023,https://www.irena.org/Publications/2023/May/The-cost-of-financing-for-renewable-power,CHL,CL,Chile,OECD,Solar PV,2020,Leverage (debt share),70.00%,empirical result,Survey of expert estimates,n/a,n/a
international organization report,IRENA 2023,https://www.irena.org/Publications/2023/May/The-cost-of-financing-for-renewable-power,TUR,TR,Turkey,OECD,Wind onshore,2020,Leverage (debt share),75.00%,empirical result,Survey of expert estimates,n/a,n/a
international organization report,IRENA 2023,https://www.irena.org/Publications/2023/May/The-cost-of-financing-for-renewable-power,FRA,FR,France,OECD,Wind offshore,2020,Leverage (debt share),80.00%,empirical result,Survey of expert estimates,n/a,n/a
international organization report,IRENA 2023,https://www.irena.org/Publications/2023/May/The-cost-of-financing-for-renewable-power,CHL,CL,Chile,OECD,Wind onshore,2020,Leverage (debt share),80.00%,empirical result,Survey of expert estimates,n/a,n/a
international organization report,IRENA 2023,https://www.irena.org/Publications/2023/May/The-cost-of-financing-for-renewable-power,CHL,CL,Chile,OECD,Solar PV,2020,Leverage (debt share),85.00%,empirical result,Survey of expert estimates,n/a,n/a
international organization report,IRENA 2023,https://www.irena.org/Publications/2023/May/The-cost-of-financing-for-renewable-power,TUN,TN,Tunisia,non-OECD,Solar PV,2020,Leverage (debt share),70.00%,empirical result,Survey of expert estimates,n/a,n/a
international organization report,IRENA 2023,https://www.irena.org/Publications/2023/May/The-cost-of-financing-for-renewable-power,GRC,GR,Greece,OECD,Solar PV,2020,Leverage (debt share),70.00%,empirical result,Survey of expert estimates,n/a,n/a
international organization report,IRENA 2023,https://www.irena.org/Publications/2023/May/The-cost-of-financing-for-renewable-power,BGR,BG,Bulgaria,non-OECD,Solar PV,2020,Leverage (debt share),60.00%,empirical result,Survey of expert estimates,n/a,n/a
international organization report,IRENA 2023,https://www.irena.org/Publications/2023/May/The-cost-of-financing-for-renewable-power,HRV,HR,Croatia,non-OECD,Solar PV,2020,Leverage (debt share),75.00%,empirical result,Survey of expert estimates,n/a,n/a
international organization report,IRENA 2023,https://www.irena.org/Publications/2023/May/The-cost-of-financing-for-renewable-power,ROU,RO,Romania,non-OECD,Solar PV,2020,Leverage (debt share),60.00%,empirical result,Survey of expert estimates,n/a,n/a
international organization report,IRENA 2023,https://www.irena.org/Publications/2023/May/The-cost-of-financing-for-renewable-power,VNM,VN,Viet Nam,non-OECD,Solar PV,2020,Leverage (debt share),80.00%,empirical result,Survey of expert estimates,n/a,n/a
international organization report,IRENA 2023,https://www.irena.org/Publications/2023/May/The-cost-of-financing-for-renewable-power,VNM,VN,Viet Nam,non-OECD,Wind onshore,2020,Leverage (debt share),80.00%,empirical result,Survey of expert estimates,n/a,n/a
international organization report,IRENA 2023,https://www.irena.org/Publications/2023/May/The-cost-of-financing-for-renewable-power,EGY,EG,Egypt,non-OECD,Solar PV,2020,Leverage (debt share),75.00%,empirical result,Survey of expert estimates,n/a,n/a
international organization report,IRENA 2023,https://www.irena.org/Publications/2023/May/The-cost-of-financing-for-renewable-power,VNM,VN,Viet Nam,non-OECD,Wind onshore,2020,Leverage (debt share),70.00%,empirical result,Survey of expert estimates,n/a,n/a
international organization report,IRENA 2023,https://www.irena.org/Publications/2023/May/The-cost-of-financing-for-renewable-power,VNM,VN,Viet Nam,non-OECD,Solar PV,2020,Leverage (debt share),71.00%,empirical result,Survey of expert estimates,n/a,n/a
international organization report,IRENA 2023,https://www.irena.org/Publications/2023/May/The-cost-of-financing-for-renewable-power,DEU,DE,Germany,OECD,Wind onshore,2020,Leverage (debt share),85.00%,empirical result,Survey of expert estimates,n/a,n/a
international organization report,IRENA 2023,https://www.irena.org/Publications/2023/May/The-cost-of-financing-for-renewable-power,DEU,DE,Germany,OECD,Solar PV,2020,Leverage (debt share),93.00%,empirical result,Survey of expert estimates,n/a,n/a
international organization report,IRENA 2023,https://www.irena.org/Publications/2023/May/The-cost-of-financing-for-renewable-power,ESP,ES,Spain,OECD,Solar PV,2020,Leverage (debt share),60.00%,empirical result,Survey of expert estimates,n/a,n/a
international organization report,IRENA 2023,https://www.irena.org/Publications/2023/May/The-cost-of-financing-for-renewable-power,ESP,ES,Spain,OECD,Wind onshore,2020,Leverage (debt share),61.00%,empirical result,Survey of expert estimates,n/a,n/a
international organization report,IRENA 2023,https://www.irena.org/Publications/2023/May/The-cost-of-financing-for-renewable-power,SWE,SE,Sweden,OECD,Wind onshore,2020,Leverage (debt share),45.00%,empirical result,Survey of expert estimates,n/a,n/a
international organization report,IRENA 2023,https://www.irena.org/Publications/2023/May/The-cost-of-financing-for-renewable-power,FIN,FI,Finland,OECD,Wind onshore,2020,Leverage (debt share),45.00%,empirical result,Survey of expert estimates,n/a,n/a
international organization report,IRENA 2023,https://www.irena.org/Publications/2023/May/The-cost-of-financing-for-renewable-power,NOR,NO,Norway,OECD,Wind onshore,2020,Leverage (debt share),45.00%,empirical result,Survey of expert estimates,n/a,n/a
international organization report,IRENA 2023,https://www.irena.org/Publications/2023/May/The-cost-of-financing-for-renewable-power,GBR,GB,United Kingdom,OECD,Wind offshore,2020,Leverage (debt share),80.00%,empirical result,Survey of expert estimates,n/a,n/a
international organization report,IRENA 2023,https://www.irena.org/Publications/2023/May/The-cost-of-financing-for-renewable-power,USA,US,United States,OECD,Wind offshore,2020,Leverage (debt share),60.00%,empirical result,Survey of expert estimates,n/a,n/a
international organization report,IRENA 2023,https://www.irena.org/Publications/2023/May/The-cost-of-financing-for-renewable-power,ZAF,ZA,South Africa,non-OECD,Wind onshore,2020,Leverage (debt share),85.00%,empirical result,Survey of expert estimates,n/a,n/a
international organization report,IRENA 2023,https://www.irena.org/Publications/2023/May/The-cost-of-financing-for-renewable-power,CHL,CL,Chile,OECD,Solar PV,2020,Leverage (debt share),80.00%,empirical result,Survey of expert estimates,n/a,n/a
international organization report,IRENA 2023,https://www.irena.org/Publications/2023/May/The-cost-of-financing-for-renewable-power,VNM,VN,Viet Nam,non-OECD,Wind offshore,2020,Leverage (debt share),70.00%,empirical result,Survey of expert estimates,n/a,n/a
international organization report,IRENA 2023,https://www.irena.org/Publications/2023/May/The-cost-of-financing-for-renewable-power,CRI,CR,Costa Rica,OECD,Solar PV,2020,Leverage (debt share),70.00%,empirical result,Survey of expert estimates,n/a,n/a
international organization report,IRENA 2023,https://www.irena.org/Publications/2023/May/The-cost-of-financing-for-renewable-power,DNK,DK,Denmark,OECD,Solar PV,2020,Leverage (debt share),75.00%,empirical result,Survey of expert estimates,n/a,n/a
international organization report,IRENA 2023,https://www.irena.org/Publications/2023/May/The-cost-of-financing-for-renewable-power,NLD,NL,Netherlands,OECD,Solar PV,2020,Leverage (debt share),85.00%,empirical result,Survey of expert estimates,n/a,n/a
international organization report,IRENA 2023,https://www.irena.org/Publications/2023/May/The-cost-of-financing-for-renewable-power,FRA,FR,France,OECD,Solar PV,2020,Leverage (debt share),70.00%,empirical result,Survey of expert estimates,n/a,n/a
international organization report,IRENA 2023,https://www.irena.org/Publications/2023/May/The-cost-of-financing-for-renewable-power,ESP,ES,Spain,OECD,Solar PV,2020,Leverage (debt share),60.00%,empirical result,Survey of expert estimates,n/a,n/a
international organization report,IRENA 2023,https://www.irena.org/Publications/2023/May/The-cost-of-financing-for-renewable-power,PRT,PT,Portugal,OECD,Solar PV,2020,Leverage (debt share),60.00%,empirical result,Survey of expert estimates,n/a,n/a
international organization report,IRENA 2023,https://www.irena.org/Publications/2023/May/The-cost-of-financing-for-renewable-power,IRL,IE,Ireland,OECD,Solar PV,2020,Leverage (debt share),60.00%,empirical result,Survey of expert estimates,n/a,n/a
international organization report,IRENA 2023,https://www.irena.org/Publications/2023/May/The-cost-of-financing-for-renewable-power,AUT,AT,Austria,OECD,Solar PV,2020,Leverage (debt share),70.00%,empirical result,Survey of expert estimates,n/a,n/a
international organization report,IRENA 2023,https://www.irena.org/Publications/2023/May/The-cost-of-financing-for-renewable-power,EGY,EG,Egypt,non-OECD,Solar PV,2020,Leverage (debt share),60.00%,empirical result,Survey of expert estimates,n/a,n/a
international organization report,IRENA 2023,https://www.irena.org/Publications/2023/May/The-cost-of-financing-for-renewable-power,JOR,JO,Jordan,non-OECD,Solar PV,2020,Leverage (debt share),80.00%,empirical result,Survey of expert estimates,n/a,n/a
international organization report,IRENA 2023,https://www.irena.org/Publications/2023/May/The-cost-of-financing-for-renewable-power,MAR,MA,Morocco,non-OECD,Solar PV,2020,Leverage (debt share),60.00%,empirical result,Survey of expert estimates,n/a,n/a
international organization report,IRENA 2023,https://www.irena.org/Publications/2023/May/The-cost-of-financing-for-renewable-power,ITA,IT,Italy,OECD,Solar PV,2020,Leverage (debt share),50.00%,empirical result,Survey of expert estimates,n/a,n/a
international organization report,IRENA 2023,https://www.irena.org/Publications/2023/May/The-cost-of-financing-for-renewable-power,ITA,IT,Italy,OECD,Wind onshore,2020,Leverage (debt share),50.00%,empirical result,Survey of expert estimates,n/a,n/a
international organization report,IRENA 2023,https://www.irena.org/Publications/2023/May/The-cost-of-financing-for-renewable-power,GBR,GB,United Kingdom,OECD,Solar PV,2020,Leverage (debt share),60.00%,empirical result,Survey of expert estimates,n/a,n/a
international organization report,IRENA 2023,https://www.irena.org/Publications/2023/May/The-cost-of-financing-for-renewable-power,GBR,GB,United Kingdom,OECD,Wind onshore,2020,Leverage (debt share),60.00%,empirical result,Survey of expert estimates,n/a,n/a
international organization report,IRENA 2023,https://www.irena.org/Publications/2023/May/The-cost-of-financing-for-renewable-power,POL,PL,Poland,OECD,Solar PV,2020,Leverage (debt share),40.00%,empirical result,Survey of expert estimates,n/a,n/a
international organization report,IRENA 2023,https://www.irena.org/Publications/2023/May/The-cost-of-financing-for-renewable-power,POL,PL,Poland,OECD,Wind onshore,2020,Leverage (debt share),40.00%,empirical result,Survey of expert estimates,n/a,n/a
international organization report,IRENA 2023,https://www.irena.org/Publications/2023/May/The-cost-of-financing-for-renewable-power,DEU,DE,Germany,OECD,Solar PV,2020,Leverage (debt share),75.00%,empirical result,Survey of expert estimates,n/a,n/a
international organization report,IRENA 2023,https://www.irena.org/Publications/2023/May/The-cost-of-financing-for-renewable-power,DEU,DE,Germany,OECD,Wind onshore,2020,Leverage (debt share),70.00%,empirical result,Survey of expert estimates,n/a,n/a
international organization report,IRENA 2023,https://www.irena.org/Publications/2023/May/The-cost-of-financing-for-renewable-power,HRV,HR,Croatia,non-OECD,Wind onshore,2020,Leverage (debt share),70.00%,empirical result,Survey of expert estimates,n/a,n/a
international organization report,IRENA 2023,https://www.irena.org/Publications/2023/May/The-cost-of-financing-for-renewable-power,NLD,NL,Netherlands,OECD,Wind onshore,2020,Leverage (debt share),90.00%,empirical result,Survey of expert estimates,n/a,n/a
international organization report,IRENA 2023,https://www.irena.org/Publications/2023/May/The-cost-of-financing-for-renewable-power,NLD,NL,Netherlands,OECD,Solar PV,2020,Leverage (debt share),90.00%,empirical result,Survey of expert estimates,n/a,n/a
international organization report,IRENA 2023,https://www.irena.org/Publications/2023/May/The-cost-of-financing-for-renewable-power,USA,US,United States,OECD,Wind onshore,2020,Cost of debt,3.50%,empirical result,Survey of expert estimates,n/a,n/a
international organization report,IRENA 2023,https://www.irena.org/Publications/2023/May/The-cost-of-financing-for-renewable-power,USA,US,United States,OECD,Wind offshore,2020,Cost of debt,3.00%,empirical result,Survey of expert estimates,n/a,n/a
international organization report,IRENA 2023,https://www.irena.org/Publications/2023/May/The-cost-of-financing-for-renewable-power,USA,US,United States,OECD,Solar PV,2020,Cost of debt,3.50%,empirical result,Survey of expert estimates,n/a,n/a
international organization report,IRENA 2023,https://www.irena.org/Publications/2023/May/The-cost-of-financing-for-renewable-power,UKR,UA,Ukraine,non-OECD,Solar PV,2020,Cost of debt,15.50%,empirical result,Survey of expert estimates,n/a,n/a
international organization report,IRENA 2023,https://www.irena.org/Publications/2023/May/The-cost-of-financing-for-renewable-power,UKR,UA,Ukraine,non-OECD,Wind onshore,2020,Cost of debt,15.50%,empirical result,Survey of expert estimates,n/a,n/a
international organization report,IRENA 2023,https://www.irena.org/Publications/2023/May/The-cost-of-financing-for-renewable-power,BRA,BR,Brazil,non-OECD,Wind onshore,2020,Cost of debt,11.00%,empirical result,Survey of expert estimates,n/a,n/a
international organization report,IRENA 2023,https://www.irena.org/Publications/2023/May/The-cost-of-financing-for-renewable-power,BRA,BR,Brazil,non-OECD,Solar PV,2020,Cost of debt,11.00%,empirical result,Survey of expert estimates,n/a,n/a
international organization report,IRENA 2023,https://www.irena.org/Publications/2023/May/The-cost-of-financing-for-renewable-power,USA,US,United States,OECD,Solar PV,2020,Cost of debt,3.30%,empirical result,Survey of expert estimates,n/a,n/a
international organization report,IRENA 2023,https://www.irena.org/Publications/2023/May/The-cost-of-financing-for-renewable-power,DEU,DE,Germany,OECD,Wind onshore,2020,Cost of debt,1.00%,empirical result,Survey of expert estimates,n/a,n/a
international organization report,IRENA 2023,https://www.irena.org/Publications/2023/May/The-cost-of-financing-for-renewable-power,SWE,SE,Sweden,OECD,Wind onshore,2020,Cost of debt,3.00%,empirical result,Survey of expert estimates,n/a,n/a
international organization report,IRENA 2023,https://www.irena.org/Publications/2023/May/The-cost-of-financing-for-renewable-power,NLD,NL,Netherlands,OECD,Wind onshore,2020,Cost of debt,1.50%,empirical result,Survey of expert estimates,n/a,n/a
international organization report,IRENA 2023,https://www.irena.org/Publications/2023/May/The-cost-of-financing-for-renewable-power,TUR,TR,Turkey,OECD,Wind onshore,2020,Cost of debt,6.00%,empirical result,Survey of expert estimates,n/a,n/a
international organization report,IRENA 2023,https://www.irena.org/Publications/2023/May/The-cost-of-financing-for-renewable-power,URY,UY,Uruguay,non-OECD,Wind onshore,2020,Cost of debt,4.00%,empirical result,Survey of expert estimates,n/a,n/a
international organization report,IRENA 2023,https://www.irena.org/Publications/2023/May/The-cost-of-financing-for-renewable-power,GBR,GB,United Kingdom,OECD,Wind offshore,2020,Cost of debt,3.00%,empirical result,Survey of expert estimates,n/a,n/a
international organization report,IRENA 2023,https://www.irena.org/Publications/2023/May/The-cost-of-financing-for-renewable-power,USA,US,United States,OECD,Wind offshore,2020,Cost of debt,5.50%,empirical result,Survey of expert estimates,n/a,n/a
international organization report,IRENA 2023,https://www.irena.org/Publications/2023/May/The-cost-of-financing-for-renewable-power,ESP,ES,Spain,OECD,Wind onshore,2020,Cost of debt,4.30%,empirical result,Survey of expert estimates,n/a,n/a
international organization report,IRENA 2023,https://www.irena.org/Publications/2023/May/The-cost-of-financing-for-renewable-power,ESP,ES,Spain,OECD,Wind offshore,2020,Cost of debt,4.30%,empirical result,Survey of expert estimates,n/a,n/a
international organization report,IRENA 2023,https://www.irena.org/Publications/2023/May/The-cost-of-financing-for-renewable-power,ESP,ES,Spain,OECD,Solar PV,2020,Cost of debt,4.30%,empirical result,Survey of expert estimates,n/a,n/a
international organization report,IRENA 2023,https://www.irena.org/Publications/2023/May/The-cost-of-financing-for-renewable-power,DEU,DE,Germany,OECD,Solar PV,2020,Cost of debt,1.30%,empirical result,Survey of expert estimates,n/a,n/a
international organization report,IRENA 2023,https://www.irena.org/Publications/2023/May/The-cost-of-financing-for-renewable-power,AUS,AU,Australia,OECD,Solar PV,2020,Cost of debt,5.00%,empirical result,Survey of expert estimates,n/a,n/a
international organization report,IRENA 2023,https://www.irena.org/Publications/2023/May/The-cost-of-financing-for-renewable-power,ZAF,ZA,South Africa,non-OECD,Wind onshore,2020,Cost of debt,6.00%,empirical result,Survey of expert estimates,n/a,n/a
international organization report,IRENA 2023,https://www.irena.org/Publications/2023/May/The-cost-of-financing-for-renewable-power,KEN,KE,Kenya,non-OECD,Solar PV,2020,Cost of debt,6.50%,empirical result,Survey of expert estimates,n/a,n/a
international organization report,IRENA 2023,https://www.irena.org/Publications/2023/May/The-cost-of-financing-for-renewable-power,ZAF,ZA,South Africa,non-OECD,Solar PV,2020,Cost of debt,6.00%,empirical result,Survey of expert estimates,n/a,n/a
international organization report,IRENA 2023,https://www.irena.org/Publications/2023/May/The-cost-of-financing-for-renewable-power,KEN,KE,Kenya,non-OECD,Wind onshore,2020,Cost of debt,6.50%,empirical result,Survey of expert estimates,n/a,n/a
international organization report,IRENA 2023,https://www.irena.org/Publications/2023/May/The-cost-of-financing-for-renewable-power,GBR,GB,United Kingdom,OECD,Wind offshore,2020,Cost of debt,2.70%,empirical result,Survey of expert estimates,n/a,n/a
international organization report,IRENA 2023,https://www.irena.org/Publications/2023/May/The-cost-of-financing-for-renewable-power,DEU,DE,Germany,OECD,Wind offshore,2020,Cost of debt,1.60%,empirical result,Survey of expert estimates,n/a,n/a
international organization report,IRENA 2023,https://www.irena.org/Publications/2023/May/The-cost-of-financing-for-renewable-power,FRA,FR,France,OECD,Solar PV,2020,Cost of debt,1.00%,empirical result,Survey of expert estimates,n/a,n/a
international organization report,IRENA 2023,https://www.irena.org/Publications/2023/May/The-cost-of-financing-for-renewable-power,USA,US,United States,OECD,Wind onshore,2020,Cost of debt,3.50%,empirical result,Survey of expert estimates,n/a,n/a
international organization report,IRENA 2023,https://www.irena.org/Publications/2023/May/The-cost-of-financing-for-renewable-power,USA,US,United States,OECD,Solar PV,2020,Cost of debt,3.50%,empirical result,Survey of expert estimates,n/a,n/a
international organization report,IRENA 2023,https://www.irena.org/Publications/2023/May/The-cost-of-financing-for-renewable-power,DEU,DE,Germany,OECD,Wind onshore,2020,Cost of debt,2.00%,empirical result,Survey of expert estimates,n/a,n/a
international organization report,IRENA 2023,https://www.irena.org/Publications/2023/May/The-cost-of-financing-for-renewable-power,DEU,DE,Germany,OECD,Solar PV,2020,Cost of debt,2.00%,empirical result,Survey of expert estimates,n/a,n/a
international organization report,IRENA 2023,https://www.irena.org/Publications/2023/May/The-cost-of-financing-for-renewable-power,GBR,GB,United Kingdom,OECD,Wind onshore,2020,Cost of debt,4.00%,empirical result,Survey of expert estimates,n/a,n/a
international organization report,IRENA 2023,https://www.irena.org/Publications/2023/May/The-cost-of-financing-for-renewable-power,GBR,GB,United Kingdom,OECD,Solar PV,2020,Cost of debt,4.00%,empirical result,Survey of expert estimates,n/a,n/a
international organization report,IRENA 2023,https://www.irena.org/Publications/2023/May/The-cost-of-financing-for-renewable-power,USA,US,United States,OECD,Wind onshore,2020,Cost of debt,4.00%,empirical result,Survey of expert estimates,n/a,n/a
international organization report,IRENA 2023,https://www.irena.org/Publications/2023/May/The-cost-of-financing-for-renewable-power,USA,US,United States,OECD,Solar PV,2020,Cost of debt,4.00%,empirical result,Survey of expert estimates,n/a,n/a
international organization report,IRENA 2023,https://www.irena.org/Publications/2023/May/The-cost-of-financing-for-renewable-power,ZAF,ZA,South Africa,non-OECD,Wind onshore,2020,Cost of debt,10.00%,empirical result,Survey of expert estimates,n/a,n/a
international organization report,IRENA 2023,https://www.irena.org/Publications/2023/May/The-cost-of-financing-for-renewable-power,ZAF,ZA,South Africa,non-OECD,Solar PV,2020,Cost of debt,9.50%,empirical result,Survey of expert estimates,n/a,n/a
international organization report,IRENA 2023,https://www.irena.org/Publications/2023/May/The-cost-of-financing-for-renewable-power,USA,US,United States,OECD,Wind offshore,2020,Cost of debt,3.00%,empirical result,Survey of expert estimates,n/a,n/a
international organization report,IRENA 2023,https://www.irena.org/Publications/2023/May/The-cost-of-financing-for-renewable-power,GBR,GB,United Kingdom,OECD,Wind offshore,2020,Cost of debt,3.70%,empirical result,Survey of expert estimates,n/a,n/a
international organization report,IRENA 2023,https://www.irena.org/Publications/2023/May/The-cost-of-financing-for-renewable-power,AUS,AU,Australia,OECD,Solar PV,2020,Cost of debt,2.70%,empirical result,Survey of expert estimates,n/a,n/a
international organization report,IRENA 2023,https://www.irena.org/Publications/2023/May/The-cost-of-financing-for-renewable-power,BRA,BR,Brazil,non-OECD,Wind onshore,2020,Cost of debt,5.50%,empirical result,Survey of expert estimates,n/a,n/a
international organization report,IRENA 2023,https://www.irena.org/Publications/2023/May/The-cost-of-financing-for-renewable-power,UGA,UG,Uganda,non-OECD,Solar PV,2020,Cost of debt,8.00%,empirical result,Survey of expert estimates,n/a,n/a
international organization report,IRENA 2023,https://www.irena.org/Publications/2023/May/The-cost-of-financing-for-renewable-power,YEM,YE,Yemen,non-OECD,Solar PV,2020,Cost of debt,8.00%,empirical result,Survey of expert estimates,n/a,n/a
international organization report,IRENA 2023,https://www.irena.org/Publications/2023/May/The-cost-of-financing-for-renewable-power,VNM,VN,Viet Nam,non-OECD,Solar PV,2020,Cost of debt,8.00%,empirical result,Survey of expert estimates,n/a,n/a
international organization report,IRENA 2023,https://www.irena.org/Publications/2023/May/The-cost-of-financing-for-renewable-power,IND,IN,India,non-OECD,Solar PV,2020,Cost of debt,7.30%,empirical result,Survey of expert estimates,n/a,n/a
international organization report,IRENA 2023,https://www.irena.org/Publications/2023/May/The-cost-of-financing-for-renewable-power,IND,IN,India,non-OECD,Wind onshore,2020,Cost of debt,7.30%,empirical result,Survey of expert estimates,n/a,n/a
international organization report,IRENA 2023,https://www.irena.org/Publications/2023/May/The-cost-of-financing-for-renewable-power,CHL,CL,Chile,OECD,Wind onshore,2020,Cost of debt,8.00%,empirical result,Survey of expert estimates,n/a,n/a
international organization report,IRENA 2023,https://www.irena.org/Publications/2023/May/The-cost-of-financing-for-renewable-power,CHL,CL,Chile,OECD,Solar PV,2020,Cost of debt,7.00%,empirical result,Survey of expert estimates,n/a,n/a
international organization report,IRENA 2023,https://www.irena.org/Publications/2023/May/The-cost-of-financing-for-renewable-power,COL,CO,Colombia,OECD,Wind onshore,2020,Cost of debt,9.00%,empirical result,Survey of expert estimates,n/a,n/a
international organization report,IRENA 2023,https://www.irena.org/Publications/2023/May/The-cost-of-financing-for-renewable-power,MEX,MX,Mexico,OECD,Solar PV,2020,Cost of debt,9.00%,empirical result,Survey of expert estimates,n/a,n/a
international organization report,IRENA 2023,https://www.irena.org/Publications/2023/May/The-cost-of-financing-for-renewable-power,PER,PE,Peru,non-OECD,Wind onshore,2020,Cost of debt,9.00%,empirical result,Survey of expert estimates,n/a,n/a
international organization report,IRENA 2023,https://www.irena.org/Publications/2023/May/The-cost-of-financing-for-renewable-power,ARG,AR,Argentina,non-OECD,Wind onshore,2020,Cost of debt,10.00%,empirical result,Survey of expert estimates,n/a,n/a
international organization report,IRENA 2023,https://www.irena.org/Publications/2023/May/The-cost-of-financing-for-renewable-power,ITA,IT,Italy,OECD,Solar PV,2020,Cost of debt,1.80%,empirical result,Survey of expert estimates,n/a,n/a
international organization report,IRENA 2023,https://www.irena.org/Publications/2023/May/The-cost-of-financing-for-renewable-power,DNK,DK,Denmark,OECD,Solar PV,2020,Cost of debt,1.80%,empirical result,Survey of expert estimates,n/a,n/a
international organization report,IRENA 2023,https://www.irena.org/Publications/2023/May/The-cost-of-financing-for-renewable-power,NLD,NL,Netherlands,OECD,Solar PV,2020,Cost of debt,1.80%,empirical result,Survey of expert estimates,n/a,n/a
international organization report,IRENA 2023,https://www.irena.org/Publications/2023/May/The-cost-of-financing-for-renewable-power,DNK,DK,Denmark,OECD,Wind onshore,2020,Cost of debt,1.80%,empirical result,Survey of expert estimates,n/a,n/a
international organization report,IRENA 2023,https://www.irena.org/Publications/2023/May/The-cost-of-financing-for-renewable-power,IND,IN,India,non-OECD,Solar PV,2020,Cost of debt,6.00%,empirical result,Survey of expert estimates,n/a,n/a
international organization report,IRENA 2023,https://www.irena.org/Publications/2023/May/The-cost-of-financing-for-renewable-power,GRC,GR,Greece,OECD,Wind onshore,2020,Cost of debt,3.00%,empirical result,Survey of expert estimates,n/a,n/a
international organization report,IRENA 2023,https://www.irena.org/Publications/2023/May/The-cost-of-financing-for-renewable-power,GRC,GR,Greece,OECD,Solar PV,2020,Cost of debt,3.00%,empirical result,Survey of expert estimates,n/a,n/a
international organization report,IRENA 2023,https://www.irena.org/Publications/2023/May/The-cost-of-financing-for-renewable-power,CHN,CN,China,non-OECD,Wind onshore,2020,Cost of debt,3.90%,empirical result,Survey of expert estimates,n/a,n/a
international organization report,IRENA 2023,https://www.irena.org/Publications/2023/May/The-cost-of-financing-for-renewable-power,CHN,CN,China,non-OECD,Solar PV,2020,Cost of debt,3.90%,empirical result,Survey of expert estimates,n/a,n/a
international organization report,IRENA 2023,https://www.irena.org/Publications/2023/May/The-cost-of-financing-for-renewable-power,CHN,CN,China,non-OECD,Solar PV,2020,Cost of debt,3.80%,empirical result,Survey of expert estimates,n/a,n/a
international organization report,IRENA 2023,https://www.irena.org/Publications/2023/May/The-cost-of-financing-for-renewable-power,CHN,CN,China,non-OECD,Wind onshore,2020,Cost of debt,3.80%,empirical result,Survey of expert estimates,n/a,n/a
international organization report,IRENA 2023,https://www.irena.org/Publications/2023/May/The-cost-of-financing-for-renewable-power,CHN,CN,China,non-OECD,Wind offshore,2020,Cost of debt,3.60%,empirical result,Survey of expert estimates,n/a,n/a
international organization report,IRENA 2023,https://www.irena.org/Publications/2023/May/The-cost-of-financing-for-renewable-power,VNM,VN,Viet Nam,non-OECD,Wind onshore,2020,Cost of debt,7.00%,empirical result,Survey of expert estimates,n/a,n/a
international organization report,IRENA 2023,https://www.irena.org/Publications/2023/May/The-cost-of-financing-for-renewable-power,VNM,VN,Viet Nam,non-OECD,Solar PV,2020,Cost of debt,6.50%,empirical result,Survey of expert estimates,n/a,n/a
international organization report,IRENA 2023,https://www.irena.org/Publications/2023/May/The-cost-of-financing-for-renewable-power,SGP,SG,Singapore,non-OECD,Solar PV,2020,Cost of debt,4.00%,empirical result,Survey of expert estimates,n/a,n/a
international organization report,IRENA 2023,https://www.irena.org/Publications/2023/May/The-cost-of-financing-for-renewable-power,MYS,MY,Malaysia,non-OECD,Solar PV,2020,Cost of debt,4.80%,empirical result,Survey of expert estimates,n/a,n/a
international organization report,IRENA 2023,https://www.irena.org/Publications/2023/May/The-cost-of-financing-for-renewable-power,DNK,DK,Denmark,OECD,Wind onshore,2020,Cost of debt,1.90%,empirical result,Survey of expert estimates,n/a,n/a
international organization report,IRENA 2023,https://www.irena.org/Publications/2023/May/The-cost-of-financing-for-renewable-power,DNK,DK,Denmark,OECD,Solar PV,2020,Cost of debt,1.90%,empirical result,Survey of expert estimates,n/a,n/a
international organization report,IRENA 2023,https://www.irena.org/Publications/2023/May/The-cost-of-financing-for-renewable-power,ITA,IT,Italy,OECD,Wind onshore,2020,Cost of debt,4.50%,empirical result,Survey of expert estimates,n/a,n/a
international organization report,IRENA 2023,https://www.irena.org/Publications/2023/May/The-cost-of-financing-for-renewable-power,ITA,IT,Italy,OECD,Solar PV,2020,Cost of debt,4.50%,empirical result,Survey of expert estimates,n/a,n/a
international organization report,IRENA 2023,https://www.irena.org/Publications/2023/May/The-cost-of-financing-for-renewable-power,POL,PL,Poland,OECD,Wind onshore,2020,Cost of debt,5.00%,empirical result,Survey of expert estimates,n/a,n/a
international organization report,IRENA 2023,https://www.irena.org/Publications/2023/May/The-cost-of-financing-for-renewable-power,POL,PL,Poland,OECD,Solar PV,2020,Cost of debt,5.00%,empirical result,Survey of expert estimates,n/a,n/a
international organization report,IRENA 2023,https://www.irena.org/Publications/2023/May/The-cost-of-financing-for-renewable-power,BRA,BR,Brazil,non-OECD,Wind onshore,2020,Cost of debt,10.00%,empirical result,Survey of expert estimates,n/a,n/a
international organization report,IRENA 2023,https://www.irena.org/Publications/2023/May/The-cost-of-financing-for-renewable-power,BRA,BR,Brazil,non-OECD,Solar PV,2020,Cost of debt,10.00%,empirical result,Survey of expert estimates,n/a,n/a
international organization report,IRENA 2023,https://www.irena.org/Publications/2023/May/The-cost-of-financing-for-renewable-power,CHL,CL,Chile,OECD,Solar PV,2020,Cost of debt,4.00%,empirical result,Survey of expert estimates,n/a,n/a
international organization report,IRENA 2023,https://www.irena.org/Publications/2023/May/The-cost-of-financing-for-renewable-power,CHL,CL,Chile,OECD,Wind onshore,2020,Cost of debt,4.00%,empirical result,Survey of expert estimates,n/a,n/a
international organization report,IRENA 2023,https://www.irena.org/Publications/2023/May/The-cost-of-financing-for-renewable-power,COL,CO,Colombia,OECD,Wind onshore,2020,Cost of debt,4.50%,empirical result,Survey of expert estimates,n/a,n/a
international organization report,IRENA 2023,https://www.irena.org/Publications/2023/May/The-cost-of-financing-for-renewable-power,MEX,MX,Mexico,OECD,Wind onshore,2020,Cost of debt,4.50%,empirical result,Survey of expert estimates,n/a,n/a
international organization report,IRENA 2023,https://www.irena.org/Publications/2023/May/The-cost-of-financing-for-renewable-power,MEX,MX,Mexico,OECD,Solar PV,2020,Cost of debt,4.50%,empirical result,Survey of expert estimates,n/a,n/a
international organization report,IRENA 2023,https://www.irena.org/Publications/2023/May/The-cost-of-financing-for-renewable-power,DEU,DE,Germany,OECD,Wind onshore,2020,Cost of debt,1.30%,empirical result,Survey of expert estimates,n/a,n/a
international organization report,IRENA 2023,https://www.irena.org/Publications/2023/May/The-cost-of-financing-for-renewable-power,FRA,FR,France,OECD,Wind onshore,2020,Cost of debt,1.50%,empirical result,Survey of expert estimates,n/a,n/a
international organization report,IRENA 2023,https://www.irena.org/Publications/2023/May/The-cost-of-financing-for-renewable-power,FRA,FR,France,OECD,Solar PV,2020,Cost of debt,1.50%,empirical result,Survey of expert estimates,n/a,n/a
international organization report,IRENA 2023,https://www.irena.org/Publications/2023/May/The-cost-of-financing-for-renewable-power,IND,IN,India,non-OECD,Solar PV,2020,Cost of debt,6.00%,empirical result,Survey of expert estimates,n/a,n/a
international organization report,IRENA 2023,https://www.irena.org/Publications/2023/May/The-cost-of-financing-for-renewable-power,SWE,SE,Sweden,OECD,Wind onshore,2020,Cost of debt,2.50%,empirical result,Survey of expert estimates,n/a,n/a
international organization report,IRENA 2023,https://www.irena.org/Publications/2023/May/The-cost-of-financing-for-renewable-power,SWE,SE,Sweden,OECD,Solar PV,2020,Cost of debt,2.50%,empirical result,Survey of expert estimates,n/a,n/a
international organization report,IRENA 2023,https://www.irena.org/Publications/2023/May/The-cost-of-financing-for-renewable-power,NOR,NO,Norway,OECD,Wind onshore,2020,Cost of debt,2.80%,empirical result,Survey of expert estimates,n/a,n/a
international organization report,IRENA 2023,https://www.irena.org/Publications/2023/May/The-cost-of-financing-for-renewable-power,FIN,FI,Finland,OECD,Wind onshore,2020,Cost of debt,2.50%,empirical result,Survey of expert estimates,n/a,n/a
international organization report,IRENA 2023,https://www.irena.org/Publications/2023/May/The-cost-of-financing-for-renewable-power,IRL,IE,Ireland,OECD,Wind onshore,2020,Cost of debt,2.50%,empirical result,Survey of expert estimates,n/a,n/a
international organization report,IRENA 2023,https://www.irena.org/Publications/2023/May/The-cost-of-financing-for-renewable-power,ESP,ES,Spain,OECD,Solar PV,2020,Cost of debt,2.00%,empirical result,Survey of expert estimates,n/a,n/a
international organization report,IRENA 2023,https://www.irena.org/Publications/2023/May/The-cost-of-financing-for-renewable-power,AUS,AU,Australia,OECD,Solar PV,2020,Cost of debt,4.80%,empirical result,Survey of expert estimates,n/a,n/a
international organization report,IRENA 2023,https://www.irena.org/Publications/2023/May/The-cost-of-financing-for-renewable-power,CHN,CN,China,non-OECD,Solar PV,2020,Cost of debt,4.30%,empirical result,Survey of expert estimates,n/a,n/a
international organization report,IRENA 2023,https://www.irena.org/Publications/2023/May/The-cost-of-financing-for-renewable-power,MEX,MX,Mexico,OECD,Solar PV,2020,Cost of debt,17.50%,empirical result,Survey of expert estimates,n/a,n/a
international organization report,IRENA 2023,https://www.irena.org/Publications/2023/May/The-cost-of-financing-for-renewable-power,MEX,MX,Mexico,OECD,Solar PV,2020,Cost of debt,15.00%,empirical result,Survey of expert estimates,n/a,n/a
international organization report,IRENA 2023,https://www.irena.org/Publications/2023/May/The-cost-of-financing-for-renewable-power,MEX,MX,Mexico,OECD,Solar PV,2020,Cost of debt,10.00%,empirical result,Survey of expert estimates,n/a,n/a
international organization report,IRENA 2023,https://www.irena.org/Publications/2023/May/The-cost-of-financing-for-renewable-power,MEX,MX,Mexico,OECD,Solar PV,2020,Cost of debt,12.50%,empirical result,Survey of expert estimates,n/a,n/a
international organization report,IRENA 2023,https://www.irena.org/Publications/2023/May/The-cost-of-financing-for-renewable-power,ROU,RO,Romania,non-OECD,Solar PV,2020,Cost of debt,6.00%,empirical result,Survey of expert estimates,n/a,n/a
international organization report,IRENA 2023,https://www.irena.org/Publications/2023/May/The-cost-of-financing-for-renewable-power,GBR,GB,United Kingdom,OECD,Wind offshore,2020,Cost of debt,1.70%,empirical result,Survey of expert estimates,n/a,n/a
international organization report,IRENA 2023,https://www.irena.org/Publications/2023/May/The-cost-of-financing-for-renewable-power,SWE,SE,Sweden,OECD,Wind onshore,2020,Cost of debt,1.70%,empirical result,Survey of expert estimates,n/a,n/a
international organization report,IRENA 2023,https://www.irena.org/Publications/2023/May/The-cost-of-financing-for-renewable-power,FIN,FI,Finland,OECD,Wind onshore,2020,Cost of debt,1.60%,empirical result,Survey of expert estimates,n/a,n/a
international organization report,IRENA 2023,https://www.irena.org/Publications/2023/May/The-cost-of-financing-for-renewable-power,DNK,DK,Denmark,OECD,Wind onshore,2020,Cost of debt,1.70%,empirical result,Survey of expert estimates,n/a,n/a
international organization report,IRENA 2023,https://www.irena.org/Publications/2023/May/The-cost-of-financing-for-renewable-power,IRL,IE,Ireland,OECD,Wind onshore,2020,Cost of debt,1.70%,empirical result,Survey of expert estimates,n/a,n/a
international organization report,IRENA 2023,https://www.irena.org/Publications/2023/May/The-cost-of-financing-for-renewable-power,CHN,CN,China,non-OECD,Solar PV,2020,Cost of debt,4.20%,empirical result,Survey of expert estimates,n/a,n/a
international organization report,IRENA 2023,https://www.irena.org/Publications/2023/May/The-cost-of-financing-for-renewable-power,ESP,ES,Spain,OECD,Solar PV,2020,Cost of debt,4.60%,empirical result,Survey of expert estimates,n/a,n/a
international organization report,IRENA 2023,https://www.irena.org/Publications/2023/May/The-cost-of-financing-for-renewable-power,HUN,HU,Hungary,OECD,Solar PV,2020,Cost of debt,12.00%,empirical result,Survey of expert estimates,n/a,n/a
international organization report,IRENA 2023,https://www.irena.org/Publications/2023/May/The-cost-of-financing-for-renewable-power,DNK,DK,Denmark,OECD,Wind onshore,2020,Cost of debt,3.00%,empirical result,Survey of expert estimates,n/a,n/a
international organization report,IRENA 2023,https://www.irena.org/Publications/2023/May/The-cost-of-financing-for-renewable-power,DNK,DK,Denmark,OECD,Solar PV,2020,Cost of debt,4.00%,empirical result,Survey of expert estimates,n/a,n/a
international organization report,IRENA 2023,https://www.irena.org/Publications/2023/May/The-cost-of-financing-for-renewable-power,DEU,DE,Germany,OECD,Wind onshore,2020,Cost of debt,2.00%,empirical result,Survey of expert estimates,n/a,n/a
international organization report,IRENA 2023,https://www.irena.org/Publications/2023/May/The-cost-of-financing-for-renewable-power,DEU,DE,Germany,OECD,Solar PV,2020,Cost of debt,2.50%,empirical result,Survey of expert estimates,n/a,n/a
international organization report,IRENA 2023,https://www.irena.org/Publications/2023/May/The-cost-of-financing-for-renewable-power,ESP,ES,Spain,OECD,Solar PV,2020,Cost of debt,3.50%,empirical result,Survey of expert estimates,n/a,n/a
international organization report,IRENA 2023,https://www.irena.org/Publications/2023/May/The-cost-of-financing-for-renewable-power,NLD,NL,Netherlands,OECD,Solar PV,2020,Cost of debt,1.50%,empirical result,Survey of expert estimates,n/a,n/a
international organization report,IRENA 2023,https://www.irena.org/Publications/2023/May/The-cost-of-financing-for-renewable-power,NLD,NL,Netherlands,OECD,Solar PV,2020,Cost of debt,2.00%,empirical result,Survey of expert estimates,n/a,n/a
international organization report,IRENA 2023,https://www.irena.org/Publications/2023/May/The-cost-of-financing-for-renewable-power,ITA,IT,Italy,OECD,Solar PV,2020,Cost of debt,7.50%,empirical result,Survey of expert estimates,n/a,n/a
international organization report,IRENA 2023,https://www.irena.org/Publications/2023/May/The-cost-of-financing-for-renewable-power,CHL,CL,Chile,OECD,Solar PV,2020,Cost of debt,7.50%,empirical result,Survey of expert estimates,n/a,n/a
international organization report,IRENA 2023,https://www.irena.org/Publications/2023/May/The-cost-of-financing-for-renewable-power,TUN,TN,Tunisia,non-OECD,Solar PV,2020,Cost of debt,10.50%,empirical result,Survey of expert estimates,n/a,n/a
international organization report,IRENA 2023,https://www.irena.org/Publications/2023/May/The-cost-of-financing-for-renewable-power,GRC,GR,Greece,OECD,Solar PV,2020,Cost of debt,4.00%,empirical result,Survey of expert estimates,n/a,n/a
international organization report,IRENA 2023,https://www.irena.org/Publications/2023/May/The-cost-of-financing-for-renewable-power,BGR,BG,Bulgaria,non-OECD,Solar PV,2020,Cost of debt,6.50%,empirical result,Survey of expert estimates,n/a,n/a
international organization report,IRENA 2023,https://www.irena.org/Publications/2023/May/The-cost-of-financing-for-renewable-power,HRV,HR,Croatia,non-OECD,Solar PV,2020,Cost of debt,4.50%,empirical result,Survey of expert estimates,n/a,n/a
international organization report,IRENA 2023,https://www.irena.org/Publications/2023/May/The-cost-of-financing-for-renewable-power,ROU,RO,Romania,non-OECD,Solar PV,2020,Cost of debt,5.00%,empirical result,Survey of expert estimates,n/a,n/a
international organization report,IRENA 2023,https://www.irena.org/Publications/2023/May/The-cost-of-financing-for-renewable-power,VNM,VN,Viet Nam,non-OECD,Solar PV,2020,Cost of debt,7.50%,empirical result,Survey of expert estimates,n/a,n/a
international organization report,IRENA 2023,https://www.irena.org/Publications/2023/May/The-cost-of-financing-for-renewable-power,VNM,VN,Viet Nam,non-OECD,Wind onshore,2020,Cost of debt,7.50%,empirical result,Survey of expert estimates,n/a,n/a
international organization report,IRENA 2023,https://www.irena.org/Publications/2023/May/The-cost-of-financing-for-renewable-power,VNM,VN,Viet Nam,non-OECD,Wind onshore,2020,Cost of debt,6.50%,empirical result,Survey of expert estimates,n/a,n/a
international organization report,IRENA 2023,https://www.irena.org/Publications/2023/May/The-cost-of-financing-for-renewable-power,VNM,VN,Viet Nam,non-OECD,Solar PV,2020,Cost of debt,6.40%,empirical result,Survey of expert estimates,n/a,n/a
international organization report,IRENA 2023,https://www.irena.org/Publications/2023/May/The-cost-of-financing-for-renewable-power,DEU,DE,Germany,OECD,Wind onshore,2020,Cost of debt,2.60%,empirical result,Survey of expert estimates,n/a,n/a
international organization report,IRENA 2023,https://www.irena.org/Publications/2023/May/The-cost-of-financing-for-renewable-power,DEU,DE,Germany,OECD,Solar PV,2020,Cost of debt,2.50%,empirical result,Survey of expert estimates,n/a,n/a
international organization report,IRENA 2023,https://www.irena.org/Publications/2023/May/The-cost-of-financing-for-renewable-power,ESP,ES,Spain,OECD,Solar PV,2020,Cost of debt,3.00%,empirical result,Survey of expert estimates,n/a,n/a
international organization report,IRENA 2023,https://www.irena.org/Publications/2023/May/The-cost-of-financing-for-renewable-power,ESP,ES,Spain,OECD,Wind onshore,2020,Cost of debt,2.80%,empirical result,Survey of expert estimates,n/a,n/a
international organization report,IRENA 2023,https://www.irena.org/Publications/2023/May/The-cost-of-financing-for-renewable-power,SWE,SE,Sweden,OECD,Wind onshore,2020,Cost of debt,1.50%,empirical result,Survey of expert estimates,n/a,n/a
international organization report,IRENA 2023,https://www.irena.org/Publications/2023/May/The-cost-of-financing-for-renewable-power,FIN,FI,Finland,OECD,Wind onshore,2020,Cost of debt,2.30%,empirical result,Survey of expert estimates,n/a,n/a
international organization report,IRENA 2023,https://www.irena.org/Publications/2023/May/The-cost-of-financing-for-renewable-power,NOR,NO,Norway,OECD,Wind onshore,2020,Cost of debt,3.10%,empirical result,Survey of expert estimates,n/a,n/a
international organization report,IRENA 2023,https://www.irena.org/Publications/2023/May/The-cost-of-financing-for-renewable-power,GBR,GB,United Kingdom,OECD,Wind offshore,2020,Cost of debt,3.40%,empirical result,Survey of expert estimates,n/a,n/a
international organization report,IRENA 2023,https://www.irena.org/Publications/2023/May/The-cost-of-financing-for-renewable-power,USA,US,United States,OECD,Wind offshore,2020,Cost of debt,4.10%,empirical result,Survey of expert estimates,n/a,n/a
international organization report,IRENA 2023,https://www.irena.org/Publications/2023/May/The-cost-of-financing-for-renewable-power,ZAF,ZA,South Africa,non-OECD,Wind onshore,2020,Cost of debt,8.40%,empirical result,Survey of expert estimates,n/a,n/a
international organization report,IRENA 2023,https://www.irena.org/Publications/2023/May/The-cost-of-financing-for-renewable-power,CHL,CL,Chile,OECD,Solar PV,2020,Cost of debt,5.30%,empirical result,Survey of expert estimates,n/a,n/a
international organization report,IRENA 2023,https://www.irena.org/Publications/2023/May/The-cost-of-financing-for-renewable-power,VNM,VN,Viet Nam,non-OECD,Wind offshore,2020,Cost of debt,8.00%,empirical result,Survey of expert estimates,n/a,n/a
international organization report,IRENA 2023,https://www.irena.org/Publications/2023/May/The-cost-of-financing-for-renewable-power,CRI,CR,Costa Rica,OECD,Solar PV,2020,Cost of debt,6.50%,empirical result,Survey of expert estimates,n/a,n/a
international organization report,IRENA 2023,https://www.irena.org/Publications/2023/May/The-cost-of-financing-for-renewable-power,DNK,DK,Denmark,OECD,Solar PV,2020,Cost of debt,2.00%,empirical result,Survey of expert estimates,n/a,n/a
international organization report,IRENA 2023,https://www.irena.org/Publications/2023/May/The-cost-of-financing-for-renewable-power,NLD,NL,Netherlands,OECD,Solar PV,2020,Cost of debt,1.50%,empirical result,Survey of expert estimates,n/a,n/a
international organization report,IRENA 2023,https://www.irena.org/Publications/2023/May/The-cost-of-financing-for-renewable-power,FRA,FR,France,OECD,Solar PV,2020,Cost of debt,6.20%,empirical result,Survey of expert estimates,n/a,n/a
international organization report,IRENA 2023,https://www.irena.org/Publications/2023/May/The-cost-of-financing-for-renewable-power,ESP,ES,Spain,OECD,Solar PV,2020,Cost of debt,7.50%,empirical result,Survey of expert estimates,n/a,n/a
international organization report,IRENA 2023,https://www.irena.org/Publications/2023/May/The-cost-of-financing-for-renewable-power,PRT,PT,Portugal,OECD,Solar PV,2020,Cost of debt,9.10%,empirical result,Survey of expert estimates,n/a,n/a
international organization report,IRENA 2023,https://www.irena.org/Publications/2023/May/The-cost-of-financing-for-renewable-power,IRL,IE,Ireland,OECD,Solar PV,2020,Cost of debt,9.00%,empirical result,Survey of expert estimates,n/a,n/a
international organization report,IRENA 2023,https://www.irena.org/Publications/2023/May/The-cost-of-financing-for-renewable-power,AUT,AT,Austria,OECD,Solar PV,2020,Cost of debt,5.70%,empirical result,Survey of expert estimates,n/a,n/a
international organization report,IRENA 2023,https://www.irena.org/Publications/2023/May/The-cost-of-financing-for-renewable-power,EGY,EG,Egypt,non-OECD,Solar PV,2020,Cost of debt,10.50%,empirical result,Survey of expert estimates,n/a,n/a
international organization report,IRENA 2023,https://www.irena.org/Publications/2023/May/The-cost-of-financing-for-renewable-power,JOR,JO,Jordan,non-OECD,Solar PV,2020,Cost of debt,9.50%,empirical result,Survey of expert estimates,n/a,n/a
international organization report,IRENA 2023,https://www.irena.org/Publications/2023/May/The-cost-of-financing-for-renewable-power,MAR,MA,Morocco,non-OECD,Solar PV,2020,Cost of debt,7.80%,empirical result,Survey of expert estimates,n/a,n/a
international organization report,IRENA 2023,https://www.irena.org/Publications/2023/May/The-cost-of-financing-for-renewable-power,ITA,IT,Italy,OECD,Solar PV,2020,Cost of debt,1.80%,empirical result,Survey of expert estimates,n/a,n/a
international organization report,IRENA 2023,https://www.irena.org/Publications/2023/May/The-cost-of-financing-for-renewable-power,ITA,IT,Italy,OECD,Wind onshore,2020,Cost of debt,1.80%,empirical result,Survey of expert estimates,n/a,n/a
international organization report,IRENA 2023,https://www.irena.org/Publications/2023/May/The-cost-of-financing-for-renewable-power,GBR,GB,United Kingdom,OECD,Solar PV,2020,Cost of debt,1.50%,empirical result,Survey of expert estimates,n/a,n/a
international organization report,IRENA 2023,https://www.irena.org/Publications/2023/May/The-cost-of-financing-for-renewable-power,GBR,GB,United Kingdom,OECD,Wind onshore,2020,Cost of debt,1.50%,empirical result,Survey of expert estimates,n/a,n/a
international organization report,IRENA 2023,https://www.irena.org/Publications/2023/May/The-cost-of-financing-for-renewable-power,POL,PL,Poland,OECD,Solar PV,2020,Cost of debt,2.90%,empirical result,Survey of expert estimates,n/a,n/a
international organization report,IRENA 2023,https://www.irena.org/Publications/2023/May/The-cost-of-financing-for-renewable-power,POL,PL,Poland,OECD,Wind onshore,2020,Cost of debt,2.90%,empirical result,Survey of expert estimates,n/a,n/a
international organization report,IRENA 2023,https://www.irena.org/Publications/2023/May/The-cost-of-financing-for-renewable-power,DEU,DE,Germany,OECD,Solar PV,2020,Cost of debt,3.40%,empirical result,Survey of expert estimates,n/a,n/a
international organization report,IRENA 2023,https://www.irena.org/Publications/2023/May/The-cost-of-financing-for-renewable-power,DEU,DE,Germany,OECD,Wind onshore,2020,Cost of debt,2.60%,empirical result,Survey of expert estimates,n/a,n/a
international organization report,IRENA 2023,https://www.irena.org/Publications/2023/May/The-cost-of-financing-for-renewable-power,HRV,HR,Croatia,non-OECD,Wind onshore,2020,Cost of debt,5.60%,empirical result,Survey of expert estimates,n/a,n/a
international organization report,IRENA 2023,https://www.irena.org/Publications/2023/May/The-cost-of-financing-for-renewable-power,NLD,NL,Netherlands,OECD,Wind onshore,2020,Cost of debt,1.30%,empirical result,Survey of expert estimates,n/a,n/a
international organization report,IRENA 2023,https://www.irena.org/Publications/2023/May/The-cost-of-financing-for-renewable-power,NLD,NL,Netherlands,OECD,Solar PV,2020,Cost of debt,1.50%,empirical result,Survey of expert estimates,n/a,n/a
international organization report,IRENA 2023,https://www.irena.org/Publications/2023/May/The-cost-of-financing-for-renewable-power,USA,US,United States,OECD,Wind onshore,2020,Cost of equity,8.00%,empirical result,Survey of expert estimates,n/a,n/a
international organization report,IRENA 2023,https://www.irena.org/Publications/2023/May/The-cost-of-financing-for-renewable-power,USA,US,United States,OECD,Solar PV,2020,Cost of equity,7.00%,empirical result,Survey of expert estimates,n/a,n/a
international organization report,IRENA 2023,https://www.irena.org/Publications/2023/May/The-cost-of-financing-for-renewable-power,UKR,UA,Ukraine,non-OECD,Solar PV,2020,Cost of equity,11.00%,empirical result,Survey of expert estimates,n/a,n/a
international organization report,IRENA 2023,https://www.irena.org/Publications/2023/May/The-cost-of-financing-for-renewable-power,UKR,UA,Ukraine,non-OECD,Wind onshore,2020,Cost of equity,11.00%,empirical result,Survey of expert estimates,n/a,n/a
international organization report,IRENA 2023,https://www.irena.org/Publications/2023/May/The-cost-of-financing-for-renewable-power,BRA,BR,Brazil,non-OECD,Wind onshore,2020,Cost of equity,9.00%,empirical result,Survey of expert estimates,n/a,n/a
international organization report,IRENA 2023,https://www.irena.org/Publications/2023/May/The-cost-of-financing-for-renewable-power,BRA,BR,Brazil,non-OECD,Solar PV,2020,Cost of equity,9.00%,empirical result,Survey of expert estimates,n/a,n/a
international organization report,IRENA 2023,https://www.irena.org/Publications/2023/May/The-cost-of-financing-for-renewable-power,USA,US,United States,OECD,Solar PV,2020,Cost of equity,9.00%,empirical result,Survey of expert estimates,n/a,n/a
international organization report,IRENA 2023,https://www.irena.org/Publications/2023/May/The-cost-of-financing-for-renewable-power,DEU,DE,Germany,OECD,Wind onshore,2020,Cost of equity,3.50%,empirical result,Survey of expert estimates,n/a,n/a
international organization report,IRENA 2023,https://www.irena.org/Publications/2023/May/The-cost-of-financing-for-renewable-power,SWE,SE,Sweden,OECD,Wind onshore,2020,Cost of equity,6.00%,empirical result,Survey of expert estimates,n/a,n/a
international organization report,IRENA 2023,https://www.irena.org/Publications/2023/May/The-cost-of-financing-for-renewable-power,NLD,NL,Netherlands,OECD,Wind onshore,2020,Cost of equity,4.50%,empirical result,Survey of expert estimates,n/a,n/a
international organization report,IRENA 2023,https://www.irena.org/Publications/2023/May/The-cost-of-financing-for-renewable-power,TUR,TR,Turkey,OECD,Wind onshore,2020,Cost of equity,11.00%,empirical result,Survey of expert estimates,n/a,n/a
international organization report,IRENA 2023,https://www.irena.org/Publications/2023/May/The-cost-of-financing-for-renewable-power,URY,UY,Uruguay,non-OECD,Wind onshore,2020,Cost of equity,7.00%,empirical result,Survey of expert estimates,n/a,n/a
international organization report,IRENA 2023,https://www.irena.org/Publications/2023/May/The-cost-of-financing-for-renewable-power,GBR,GB,United Kingdom,OECD,Wind offshore,2020,Cost of equity,8.00%,empirical result,Survey of expert estimates,n/a,n/a
international organization report,IRENA 2023,https://www.irena.org/Publications/2023/May/The-cost-of-financing-for-renewable-power,USA,US,United States,OECD,Wind offshore,2020,Cost of equity,8.00%,empirical result,Survey of expert estimates,n/a,n/a
international organization report,IRENA 2023,https://www.irena.org/Publications/2023/May/The-cost-of-financing-for-renewable-power,ESP,ES,Spain,OECD,Wind onshore,2020,Cost of equity,9.00%,empirical result,Survey of expert estimates,n/a,n/a
international organization report,IRENA 2023,https://www.irena.org/Publications/2023/May/The-cost-of-financing-for-renewable-power,ESP,ES,Spain,OECD,Wind offshore,2020,Cost of equity,15.00%,empirical result,Survey of expert estimates,n/a,n/a
international organization report,IRENA 2023,https://www.irena.org/Publications/2023/May/The-cost-of-financing-for-renewable-power,ESP,ES,Spain,OECD,Solar PV,2020,Cost of equity,9.00%,empirical result,Survey of expert estimates,n/a,n/a
international organization report,IRENA 2023,https://www.irena.org/Publications/2023/May/The-cost-of-financing-for-renewable-power,DEU,DE,Germany,OECD,Solar PV,2020,Cost of equity,4.30%,empirical result,Survey of expert estimates,n/a,n/a
international organization report,IRENA 2023,https://www.irena.org/Publications/2023/May/The-cost-of-financing-for-renewable-power,AUS,AU,Australia,OECD,Solar PV,2020,Cost of equity,10.00%,empirical result,Survey of expert estimates,n/a,n/a
international organization report,IRENA 2023,https://www.irena.org/Publications/2023/May/The-cost-of-financing-for-renewable-power,ZAF,ZA,South Africa,non-OECD,Wind onshore,2020,Cost of equity,13.00%,empirical result,Survey of expert estimates,n/a,n/a
international organization report,IRENA 2023,https://www.irena.org/Publications/2023/May/The-cost-of-financing-for-renewable-power,KEN,KE,Kenya,non-OECD,Solar PV,2020,Cost of equity,14.00%,empirical result,Survey of expert estimates,n/a,n/a
international organization report,IRENA 2023,https://www.irena.org/Publications/2023/May/The-cost-of-financing-for-renewable-power,ZAF,ZA,South Africa,non-OECD,Solar PV,2020,Cost of equity,12.50%,empirical result,Survey of expert estimates,n/a,n/a
international organization report,IRENA 2023,https://www.irena.org/Publications/2023/May/The-cost-of-financing-for-renewable-power,KEN,KE,Kenya,non-OECD,Wind onshore,2020,Cost of equity,15.00%,empirical result,Survey of expert estimates,n/a,n/a
international organization report,IRENA 2023,https://www.irena.org/Publications/2023/May/The-cost-of-financing-for-renewable-power,GBR,GB,United Kingdom,OECD,Wind offshore,2020,Cost of equity,6.50%,empirical result,Survey of expert estimates,n/a,n/a
international organization report,IRENA 2023,https://www.irena.org/Publications/2023/May/The-cost-of-financing-for-renewable-power,DEU,DE,Germany,OECD,Wind offshore,2020,Cost of equity,6.00%,empirical result,Survey of expert estimates,n/a,n/a
international organization report,IRENA 2023,https://www.irena.org/Publications/2023/May/The-cost-of-financing-for-renewable-power,TWN,TW,Taiwan Province of China,non-OECD,Wind offshore,2020,Cost of equity,9.00%,empirical result,Survey of expert estimates,n/a,n/a
international organization report,IRENA 2023,https://www.irena.org/Publications/2023/May/The-cost-of-financing-for-renewable-power,FRA,FR,France,OECD,Solar PV,2020,Cost of equity,5.00%,empirical result,Survey of expert estimates,n/a,n/a
international organization report,IRENA 2023,https://www.irena.org/Publications/2023/May/The-cost-of-financing-for-renewable-power,USA,US,United States,OECD,Wind onshore,2020,Cost of equity,9.00%,empirical result,Survey of expert estimates,n/a,n/a
international organization report,IRENA 2023,https://www.irena.org/Publications/2023/May/The-cost-of-financing-for-renewable-power,USA,US,United States,OECD,Solar PV,2020,Cost of equity,9.00%,empirical result,Survey of expert estimates,n/a,n/a
international organization report,IRENA 2023,https://www.irena.org/Publications/2023/May/The-cost-of-financing-for-renewable-power,DEU,DE,Germany,OECD,Wind onshore,2020,Cost of equity,3.50%,empirical result,Survey of expert estimates,n/a,n/a
international organization report,IRENA 2023,https://www.irena.org/Publications/2023/May/The-cost-of-financing-for-renewable-power,DEU,DE,Germany,OECD,Solar PV,2020,Cost of equity,3.50%,empirical result,Survey of expert estimates,n/a,n/a
international organization report,IRENA 2023,https://www.irena.org/Publications/2023/May/The-cost-of-financing-for-renewable-power,GBR,GB,United Kingdom,OECD,Wind onshore,2020,Cost of equity,5.00%,empirical result,Survey of expert estimates,n/a,n/a
international organization report,IRENA 2023,https://www.irena.org/Publications/2023/May/The-cost-of-financing-for-renewable-power,GBR,GB,United Kingdom,OECD,Solar PV,2020,Cost of equity,5.00%,empirical result,Survey of expert estimates,n/a,n/a
international organization report,IRENA 2023,https://www.irena.org/Publications/2023/May/The-cost-of-financing-for-renewable-power,USA,US,United States,OECD,Wind onshore,2020,Cost of equity,6.50%,empirical result,Survey of expert estimates,n/a,n/a
international organization report,IRENA 2023,https://www.irena.org/Publications/2023/May/The-cost-of-financing-for-renewable-power,USA,US,United States,OECD,Solar PV,2020,Cost of equity,7.00%,empirical result,Survey of expert estimates,n/a,n/a
international organization report,IRENA 2023,https://www.irena.org/Publications/2023/May/The-cost-of-financing-for-renewable-power,USA,US,United States,OECD,Wind offshore,2020,Cost of equity,7.00%,empirical result,Survey of expert estimates,n/a,n/a
international organization report,IRENA 2023,https://www.irena.org/Publications/2023/May/The-cost-of-financing-for-renewable-power,ZAF,ZA,South Africa,non-OECD,Wind onshore,2020,Cost of equity,13.50%,empirical result,Survey of expert estimates,n/a,n/a
international organization report,IRENA 2023,https://www.irena.org/Publications/2023/May/The-cost-of-financing-for-renewable-power,ZAF,ZA,South Africa,non-OECD,Solar PV,2020,Cost of equity,13.00%,empirical result,Survey of expert estimates,n/a,n/a
international organization report,IRENA 2023,https://www.irena.org/Publications/2023/May/The-cost-of-financing-for-renewable-power,USA,US,United States,OECD,Wind offshore,2020,Cost of equity,11.50%,empirical result,Survey of expert estimates,n/a,n/a
international organization report,IRENA 2023,https://www.irena.org/Publications/2023/May/The-cost-of-financing-for-renewable-power,GBR,GB,United Kingdom,OECD,Wind offshore,2020,Cost of equity,10.50%,empirical result,Survey of expert estimates,n/a,n/a
international organization report,IRENA 2023,https://www.irena.org/Publications/2023/May/The-cost-of-financing-for-renewable-power,AUS,AU,Australia,OECD,Solar PV,2020,Cost of equity,8.00%,empirical result,Survey of expert estimates,n/a,n/a
international organization report,IRENA 2023,https://www.irena.org/Publications/2023/May/The-cost-of-financing-for-renewable-power,BRA,BR,Brazil,non-OECD,Wind onshore,2020,Cost of equity,10.00%,empirical result,Survey of expert estimates,n/a,n/a
international organization report,IRENA 2023,https://www.irena.org/Publications/2023/May/The-cost-of-financing-for-renewable-power,UGA,UG,Uganda,non-OECD,Solar PV,2020,Cost of equity,13.50%,empirical result,Survey of expert estimates,n/a,n/a
international organization report,IRENA 2023,https://www.irena.org/Publications/2023/May/The-cost-of-financing-for-renewable-power,YEM,YE,Yemen,non-OECD,Solar PV,2020,Cost of equity,14.50%,empirical result,Survey of expert estimates,n/a,n/a
international organization report,IRENA 2023,https://www.irena.org/Publications/2023/May/The-cost-of-financing-for-renewable-power,VNM,VN,Viet Nam,non-OECD,Solar PV,2020,Cost of equity,11.00%,empirical result,Survey of expert estimates,n/a,n/a
international organization report,IRENA 2023,https://www.irena.org/Publications/2023/May/The-cost-of-financing-for-renewable-power,IND,IN,India,non-OECD,Solar PV,2020,Cost of equity,14.00%,empirical result,Survey of expert estimates,n/a,n/a
international organization report,IRENA 2023,https://www.irena.org/Publications/2023/May/The-cost-of-financing-for-renewable-power,IND,IN,India,non-OECD,Wind onshore,2020,Cost of equity,16.00%,empirical result,Survey of expert estimates,n/a,n/a
international organization report,IRENA 2023,https://www.irena.org/Publications/2023/May/The-cost-of-financing-for-renewable-power,DNK,DK,Denmark,OECD,Wind offshore,2020,Cost of equity,7.00%,empirical result,Survey of expert estimates,n/a,n/a
international organization report,IRENA 2023,https://www.irena.org/Publications/2023/May/The-cost-of-financing-for-renewable-power,DNK,DK,Denmark,OECD,Wind onshore,2020,Cost of equity,7.00%,empirical result,Survey of expert estimates,n/a,n/a
international organization report,IRENA 2023,https://www.irena.org/Publications/2023/May/The-cost-of-financing-for-renewable-power,DEU,DE,Germany,OECD,Wind onshore,2020,Cost of equity,7.00%,empirical result,Survey of expert estimates,n/a,n/a
international organization report,IRENA 2023,https://www.irena.org/Publications/2023/May/The-cost-of-financing-for-renewable-power,DEU,DE,Germany,OECD,Wind offshore,2020,Cost of equity,7.00%,empirical result,Survey of expert estimates,n/a,n/a
international organization report,IRENA 2023,https://www.irena.org/Publications/2023/May/The-cost-of-financing-for-renewable-power,CHL,CL,Chile,OECD,Wind onshore,2020,Cost of equity,12.00%,empirical result,Survey of expert estimates,n/a,n/a
international organization report,IRENA 2023,https://www.irena.org/Publications/2023/May/The-cost-of-financing-for-renewable-power,CHL,CL,Chile,OECD,Solar PV,2020,Cost of equity,11.00%,empirical result,Survey of expert estimates,n/a,n/a
international organization report,IRENA 2023,https://www.irena.org/Publications/2023/May/The-cost-of-financing-for-renewable-power,COL,CO,Colombia,OECD,Wind onshore,2020,Cost of equity,12.00%,empirical result,Survey of expert estimates,n/a,n/a
international organization report,IRENA 2023,https://www.irena.org/Publications/2023/May/The-cost-of-financing-for-renewable-power,MEX,MX,Mexico,OECD,Solar PV,2020,Cost of equity,12.50%,empirical result,Survey of expert estimates,n/a,n/a
international organization report,IRENA 2023,https://www.irena.org/Publications/2023/May/The-cost-of-financing-for-renewable-power,PER,PE,Peru,non-OECD,Wind onshore,2020,Cost of equity,12.50%,empirical result,Survey of expert estimates,n/a,n/a
international organization report,IRENA 2023,https://www.irena.org/Publications/2023/May/The-cost-of-financing-for-renewable-power,ARG,AR,Argentina,non-OECD,Wind onshore,2020,Cost of equity,13.50%,empirical result,Survey of expert estimates,n/a,n/a
international organization report,IRENA 2023,https://www.irena.org/Publications/2023/May/The-cost-of-financing-for-renewable-power,ITA,IT,Italy,OECD,Solar PV,2020,Cost of equity,7.00%,empirical result,Survey of expert estimates,n/a,n/a
international organization report,IRENA 2023,https://www.irena.org/Publications/2023/May/The-cost-of-financing-for-renewable-power,DNK,DK,Denmark,OECD,Solar PV,2020,Cost of equity,6.50%,empirical result,Survey of expert estimates,n/a,n/a
international organization report,IRENA 2023,https://www.irena.org/Publications/2023/May/The-cost-of-financing-for-renewable-power,NLD,NL,Netherlands,OECD,Solar PV,2020,Cost of equity,6.50%,empirical result,Survey of expert estimates,n/a,n/a
international organization report,IRENA 2023,https://www.irena.org/Publications/2023/May/The-cost-of-financing-for-renewable-power,DNK,DK,Denmark,OECD,Wind onshore,2020,Cost of equity,7.70%,empirical result,Survey of expert estimates,n/a,n/a
international organization report,IRENA 2023,https://www.irena.org/Publications/2023/May/The-cost-of-financing-for-renewable-power,IND,IN,India,non-OECD,Solar PV,2020,Cost of equity,15.00%,empirical result,Survey of expert estimates,n/a,n/a
international organization report,IRENA 2023,https://www.irena.org/Publications/2023/May/The-cost-of-financing-for-renewable-power,GRC,GR,Greece,OECD,Wind onshore,2020,Cost of equity,8.50%,empirical result,Survey of expert estimates,n/a,n/a
international organization report,IRENA 2023,https://www.irena.org/Publications/2023/May/The-cost-of-financing-for-renewable-power,GRC,GR,Greece,OECD,Solar PV,2020,Cost of equity,8.50%,empirical result,Survey of expert estimates,n/a,n/a
international organization report,IRENA 2023,https://www.irena.org/Publications/2023/May/The-cost-of-financing-for-renewable-power,CHN,CN,China,non-OECD,Wind onshore,2020,Cost of equity,3.50%,empirical result,Survey of expert estimates,n/a,n/a
international organization report,IRENA 2023,https://www.irena.org/Publications/2023/May/The-cost-of-financing-for-renewable-power,CHN,CN,China,non-OECD,Solar PV,2020,Cost of equity,3.50%,empirical result,Survey of expert estimates,n/a,n/a
international organization report,IRENA 2023,https://www.irena.org/Publications/2023/May/The-cost-of-financing-for-renewable-power,CHN,CN,China,non-OECD,Solar PV,2020,Cost of equity,3.10%,empirical result,Survey of expert estimates,n/a,n/a
international organization report,IRENA 2023,https://www.irena.org/Publications/2023/May/The-cost-of-financing-for-renewable-power,CHN,CN,China,non-OECD,Wind onshore,2020,Cost of equity,3.10%,empirical result,Survey of expert estimates,n/a,n/a
international organization report,IRENA 2023,https://www.irena.org/Publications/2023/May/The-cost-of-financing-for-renewable-power,CHN,CN,China,non-OECD,Wind offshore,2020,Cost of equity,3.10%,empirical result,Survey of expert estimates,n/a,n/a
international organization report,IRENA 2023,https://www.irena.org/Publications/2023/May/The-cost-of-financing-for-renewable-power,SGP,SG,Singapore,non-OECD,Solar PV,2020,Cost of equity,10.00%,empirical result,Survey of expert estimates,n/a,n/a
international organization report,IRENA 2023,https://www.irena.org/Publications/2023/May/The-cost-of-financing-for-renewable-power,MYS,MY,Malaysia,non-OECD,Solar PV,2020,Cost of equity,11.50%,empirical result,Survey of expert estimates,n/a,n/a
international organization report,IRENA 2023,https://www.irena.org/Publications/2023/May/The-cost-of-financing-for-renewable-power,DNK,DK,Denmark,OECD,Wind onshore,2020,Cost of equity,4.00%,empirical result,Survey of expert estimates,n/a,n/a
international organization report,IRENA 2023,https://www.irena.org/Publications/2023/May/The-cost-of-financing-for-renewable-power,DNK,DK,Denmark,OECD,Solar PV,2020,Cost of equity,4.00%,empirical result,Survey of expert estimates,n/a,n/a
international organization report,IRENA 2023,https://www.irena.org/Publications/2023/May/The-cost-of-financing-for-renewable-power,ITA,IT,Italy,OECD,Wind onshore,2020,Cost of equity,7.00%,empirical result,Survey of expert estimates,n/a,n/a
international organization report,IRENA 2023,https://www.irena.org/Publications/2023/May/The-cost-of-financing-for-renewable-power,ITA,IT,Italy,OECD,Solar PV,2020,Cost of equity,7.00%,empirical result,Survey of expert estimates,n/a,n/a
international organization report,IRENA 2023,https://www.irena.org/Publications/2023/May/The-cost-of-financing-for-renewable-power,POL,PL,Poland,OECD,Wind onshore,2020,Cost of equity,7.00%,empirical result,Survey of expert estimates,n/a,n/a
international organization report,IRENA 2023,https://www.irena.org/Publications/2023/May/The-cost-of-financing-for-renewable-power,POL,PL,Poland,OECD,Solar PV,2020,Cost of equity,7.00%,empirical result,Survey of expert estimates,n/a,n/a
international organization report,IRENA 2023,https://www.irena.org/Publications/2023/May/The-cost-of-financing-for-renewable-power,BRA,BR,Brazil,non-OECD,Wind onshore,2020,Cost of equity,10.00%,empirical result,Survey of expert estimates,n/a,n/a
international organization report,IRENA 2023,https://www.irena.org/Publications/2023/May/The-cost-of-financing-for-renewable-power,BRA,BR,Brazil,non-OECD,Solar PV,2020,Cost of equity,10.00%,empirical result,Survey of expert estimates,n/a,n/a
international organization report,IRENA 2023,https://www.irena.org/Publications/2023/May/The-cost-of-financing-for-renewable-power,CHL,CL,Chile,OECD,Solar PV,2020,Cost of equity,6.00%,empirical result,Survey of expert estimates,n/a,n/a
international organization report,IRENA 2023,https://www.irena.org/Publications/2023/May/The-cost-of-financing-for-renewable-power,CHL,CL,Chile,OECD,Wind onshore,2020,Cost of equity,6.00%,empirical result,Survey of expert estimates,n/a,n/a
international organization report,IRENA 2023,https://www.irena.org/Publications/2023/May/The-cost-of-financing-for-renewable-power,COL,CO,Colombia,OECD,Wind onshore,2020,Cost of equity,6.00%,empirical result,Survey of expert estimates,n/a,n/a
international organization report,IRENA 2023,https://www.irena.org/Publications/2023/May/The-cost-of-financing-for-renewable-power,MEX,MX,Mexico,OECD,Wind onshore,2020,Cost of equity,6.00%,empirical result,Survey of expert estimates,n/a,n/a
international organization report,IRENA 2023,https://www.irena.org/Publications/2023/May/The-cost-of-financing-for-renewable-power,MEX,MX,Mexico,OECD,Solar PV,2020,Cost of equity,6.00%,empirical result,Survey of expert estimates,n/a,n/a
international organization report,IRENA 2023,https://www.irena.org/Publications/2023/May/The-cost-of-financing-for-renewable-power,DEU,DE,Germany,OECD,Wind onshore,2020,Cost of equity,5.00%,empirical result,Survey of expert estimates,n/a,n/a
international organization report,IRENA 2023,https://www.irena.org/Publications/2023/May/The-cost-of-financing-for-renewable-power,FRA,FR,France,OECD,Wind onshore,2020,Cost of equity,5.30%,empirical result,Survey of expert estimates,n/a,n/a
international organization report,IRENA 2023,https://www.irena.org/Publications/2023/May/The-cost-of-financing-for-renewable-power,FRA,FR,France,OECD,Solar PV,2020,Cost of equity,4.00%,empirical result,Survey of expert estimates,n/a,n/a
international organization report,IRENA 2023,https://www.irena.org/Publications/2023/May/The-cost-of-financing-for-renewable-power,IND,IN,India,non-OECD,Solar PV,2020,Cost of equity,13.50%,empirical result,Survey of expert estimates,n/a,n/a
international organization report,IRENA 2023,https://www.irena.org/Publications/2023/May/The-cost-of-financing-for-renewable-power,SWE,SE,Sweden,OECD,Wind onshore,2020,Cost of equity,7.50%,empirical result,Survey of expert estimates,n/a,n/a
international organization report,IRENA 2023,https://www.irena.org/Publications/2023/May/The-cost-of-financing-for-renewable-power,SWE,SE,Sweden,OECD,Solar PV,2020,Cost of equity,5.00%,empirical result,Survey of expert estimates,n/a,n/a
international organization report,IRENA 2023,https://www.irena.org/Publications/2023/May/The-cost-of-financing-for-renewable-power,NOR,NO,Norway,OECD,Wind onshore,2020,Cost of equity,8.00%,empirical result,Survey of expert estimates,n/a,n/a
international organization report,IRENA 2023,https://www.irena.org/Publications/2023/May/The-cost-of-financing-for-renewable-power,FIN,FI,Finland,OECD,Wind onshore,2020,Cost of equity,7.50%,empirical result,Survey of expert estimates,n/a,n/a
international organization report,IRENA 2023,https://www.irena.org/Publications/2023/May/The-cost-of-financing-for-renewable-power,IRL,IE,Ireland,OECD,Wind onshore,2020,Cost of equity,7.50%,empirical result,Survey of expert estimates,n/a,n/a
international organization report,IRENA 2023,https://www.irena.org/Publications/2023/May/The-cost-of-financing-for-renewable-power,ESP,ES,Spain,OECD,Solar PV,2020,Cost of equity,5.00%,empirical result,Survey of expert estimates,n/a,n/a
international organization report,IRENA 2023,https://www.irena.org/Publications/2023/May/The-cost-of-financing-for-renewable-power,AUS,AU,Australia,OECD,Solar PV,2020,Cost of equity,8.00%,empirical result,Survey of expert estimates,n/a,n/a
international organization report,IRENA 2023,https://www.irena.org/Publications/2023/May/The-cost-of-financing-for-renewable-power,CHN,CN,China,non-OECD,Solar PV,2020,Cost of equity,8.00%,empirical result,Survey of expert estimates,n/a,n/a
international organization report,IRENA 2023,https://www.irena.org/Publications/2023/May/The-cost-of-financing-for-renewable-power,MEX,MX,Mexico,OECD,Solar PV,2020,Cost of equity,16.00%,empirical result,Survey of expert estimates,n/a,n/a
international organization report,IRENA 2023,https://www.irena.org/Publications/2023/May/The-cost-of-financing-for-renewable-power,ROU,RO,Romania,non-OECD,Solar PV,2020,Cost of equity,9.00%,empirical result,Survey of expert estimates,n/a,n/a
international organization report,IRENA 2023,https://www.irena.org/Publications/2023/May/The-cost-of-financing-for-renewable-power,CHN,CN,China,non-OECD,Solar PV,2020,Cost of equity,5.70%,empirical result,Survey of expert estimates,n/a,n/a
international organization report,IRENA 2023,https://www.irena.org/Publications/2023/May/The-cost-of-financing-for-renewable-power,ESP,ES,Spain,OECD,Solar PV,2020,Cost of equity,7.60%,empirical result,Survey of expert estimates,n/a,n/a
international organization report,IRENA 2023,https://www.irena.org/Publications/2023/May/The-cost-of-financing-for-renewable-power,HUN,HU,Hungary,OECD,Solar PV,2020,Cost of equity,21.50%,empirical result,Survey of expert estimates,n/a,n/a
international organization report,IRENA 2023,https://www.irena.org/Publications/2023/May/The-cost-of-financing-for-renewable-power,DNK,DK,Denmark,OECD,Wind onshore,2020,Cost of equity,5.00%,empirical result,Survey of expert estimates,n/a,n/a
international organization report,IRENA 2023,https://www.irena.org/Publications/2023/May/The-cost-of-financing-for-renewable-power,DNK,DK,Denmark,OECD,Solar PV,2020,Cost of equity,7.00%,empirical result,Survey of expert estimates,n/a,n/a
international organization report,IRENA 2023,https://www.irena.org/Publications/2023/May/The-cost-of-financing-for-renewable-power,DEU,DE,Germany,OECD,Wind onshore,2020,Cost of equity,4.00%,empirical result,Survey of expert estimates,n/a,n/a
international organization report,IRENA 2023,https://www.irena.org/Publications/2023/May/The-cost-of-financing-for-renewable-power,DEU,DE,Germany,OECD,Solar PV,2020,Cost of equity,4.50%,empirical result,Survey of expert estimates,n/a,n/a
international organization report,IRENA 2023,https://www.irena.org/Publications/2023/May/The-cost-of-financing-for-renewable-power,ESP,ES,Spain,OECD,Solar PV,2020,Cost of equity,8.50%,empirical result,Survey of expert estimates,n/a,n/a
international organization report,IRENA 2023,https://www.irena.org/Publications/2023/May/The-cost-of-financing-for-renewable-power,NLD,NL,Netherlands,OECD,Solar PV,2020,Cost of equity,5.00%,empirical result,Survey of expert estimates,n/a,n/a
international organization report,IRENA 2023,https://www.irena.org/Publications/2023/May/The-cost-of-financing-for-renewable-power,NLD,NL,Netherlands,OECD,Solar PV,2020,Cost of equity,7.50%,empirical result,Survey of expert estimates,n/a,n/a
international organization report,IRENA 2023,https://www.irena.org/Publications/2023/May/The-cost-of-financing-for-renewable-power,ITA,IT,Italy,OECD,Solar PV,2020,Cost of equity,7.50%,empirical result,Survey of expert estimates,n/a,n/a
international organization report,IRENA 2023,https://www.irena.org/Publications/2023/May/The-cost-of-financing-for-renewable-power,CHL,CL,Chile,OECD,Solar PV,2020,Cost of equity,7.50%,empirical result,Survey of expert estimates,n/a,n/a
international organization report,IRENA 2023,https://www.irena.org/Publications/2023/May/The-cost-of-financing-for-renewable-power,TUN,TN,Tunisia,non-OECD,Solar PV,2020,Cost of equity,15.00%,empirical result,Survey of expert estimates,n/a,n/a
international organization report,IRENA 2023,https://www.irena.org/Publications/2023/May/The-cost-of-financing-for-renewable-power,GRC,GR,Greece,OECD,Solar PV,2020,Cost of equity,12.00%,empirical result,Survey of expert estimates,n/a,n/a
international organization report,IRENA 2023,https://www.irena.org/Publications/2023/May/The-cost-of-financing-for-renewable-power,BGR,BG,Bulgaria,non-OECD,Solar PV,2020,Cost of equity,14.00%,empirical result,Survey of expert estimates,n/a,n/a
international organization report,IRENA 2023,https://www.irena.org/Publications/2023/May/The-cost-of-financing-for-renewable-power,HRV,HR,Croatia,non-OECD,Solar PV,2020,Cost of equity,12.00%,empirical result,Survey of expert estimates,n/a,n/a
international organization report,IRENA 2023,https://www.irena.org/Publications/2023/May/The-cost-of-financing-for-renewable-power,ROU,RO,Romania,non-OECD,Solar PV,2020,Cost of equity,14.00%,empirical result,Survey of expert estimates,n/a,n/a
international organization report,IRENA 2023,https://www.irena.org/Publications/2023/May/The-cost-of-financing-for-renewable-power,VNM,VN,Viet Nam,non-OECD,Solar PV,2020,Cost of equity,12.00%,empirical result,Survey of expert estimates,n/a,n/a
international organization report,IRENA 2023,https://www.irena.org/Publications/2023/May/The-cost-of-financing-for-renewable-power,VNM,VN,Viet Nam,non-OECD,Wind onshore,2020,Cost of equity,12.00%,empirical result,Survey of expert estimates,n/a,n/a
international organization report,IRENA 2023,https://www.irena.org/Publications/2023/May/The-cost-of-financing-for-renewable-power,VNM,VN,Viet Nam,non-OECD,Wind onshore,2020,Cost of equity,9.00%,empirical result,Survey of expert estimates,n/a,n/a
international organization report,IRENA 2023,https://www.irena.org/Publications/2023/May/The-cost-of-financing-for-renewable-power,VNM,VN,Viet Nam,non-OECD,Solar PV,2020,Cost of equity,9.10%,empirical result,Survey of expert estimates,n/a,n/a
international organization report,IRENA 2023,https://www.irena.org/Publications/2023/May/The-cost-of-financing-for-renewable-power,DEU,DE,Germany,OECD,Wind onshore,2020,Cost of equity,4.50%,empirical result,Survey of expert estimates,n/a,n/a
international organization report,IRENA 2023,https://www.irena.org/Publications/2023/May/The-cost-of-financing-for-renewable-power,DEU,DE,Germany,OECD,Solar PV,2020,Cost of equity,3.30%,empirical result,Survey of expert estimates,n/a,n/a
international organization report,IRENA 2023,https://www.irena.org/Publications/2023/May/The-cost-of-financing-for-renewable-power,ESP,ES,Spain,OECD,Solar PV,2020,Cost of equity,7.30%,empirical result,Survey of expert estimates,n/a,n/a
international organization report,IRENA 2023,https://www.irena.org/Publications/2023/May/The-cost-of-financing-for-renewable-power,ESP,ES,Spain,OECD,Wind onshore,2020,Cost of equity,7.30%,empirical result,Survey of expert estimates,n/a,n/a
international organization report,IRENA 2023,https://www.irena.org/Publications/2023/May/The-cost-of-financing-for-renewable-power,SWE,SE,Sweden,OECD,Wind onshore,2020,Cost of equity,8.10%,empirical result,Survey of expert estimates,n/a,n/a
international organization report,IRENA 2023,https://www.irena.org/Publications/2023/May/The-cost-of-financing-for-renewable-power,FIN,FI,Finland,OECD,Wind onshore,2020,Cost of equity,5.10%,empirical result,Survey of expert estimates,n/a,n/a
international organization report,IRENA 2023,https://www.irena.org/Publications/2023/May/The-cost-of-financing-for-renewable-power,NOR,NO,Norway,OECD,Wind onshore,2020,Cost of equity,7.20%,empirical result,Survey of expert estimates,n/a,n/a
international organization report,IRENA 2023,https://www.irena.org/Publications/2023/May/The-cost-of-financing-for-renewable-power,GBR,GB,United Kingdom,OECD,Wind offshore,2020,Cost of equity,6.50%,empirical result,Survey of expert estimates,n/a,n/a
international organization report,IRENA 2023,https://www.irena.org/Publications/2023/May/The-cost-of-financing-for-renewable-power,USA,US,United States,OECD,Wind offshore,2020,Cost of equity,8.10%,empirical result,Survey of expert estimates,n/a,n/a
international organization report,IRENA 2023,https://www.irena.org/Publications/2023/May/The-cost-of-financing-for-renewable-power,ZAF,ZA,South Africa,non-OECD,Wind onshore,2020,Cost of equity,15.00%,empirical result,Survey of expert estimates,n/a,n/a
international organization report,IRENA 2023,https://www.irena.org/Publications/2023/May/The-cost-of-financing-for-renewable-power,CHL,CL,Chile,OECD,Solar PV,2020,Cost of equity,9.50%,empirical result,Survey of expert estimates,n/a,n/a
international organization report,IRENA 2023,https://www.irena.org/Publications/2023/May/The-cost-of-financing-for-renewable-power,VNM,VN,Viet Nam,non-OECD,Wind offshore,2020,Cost of equity,12.00%,empirical result,Survey of expert estimates,n/a,n/a
international organization report,IRENA 2023,https://www.irena.org/Publications/2023/May/The-cost-of-financing-for-renewable-power,CRI,CR,Costa Rica,OECD,Solar PV,2020,Cost of equity,12.00%,empirical result,Survey of expert estimates,n/a,n/a
international organization report,IRENA 2023,https://www.irena.org/Publications/2023/May/The-cost-of-financing-for-renewable-power,DNK,DK,Denmark,OECD,Solar PV,2020,Cost of equity,7.00%,empirical result,Survey of expert estimates,n/a,n/a
international organization report,IRENA 2023,https://www.irena.org/Publications/2023/May/The-cost-of-financing-for-renewable-power,NLD,NL,Netherlands,OECD,Solar PV,2020,Cost of equity,7.00%,empirical result,Survey of expert estimates,n/a,n/a
international organization report,IRENA 2023,https://www.irena.org/Publications/2023/May/The-cost-of-financing-for-renewable-power,FRA,FR,France,OECD,Solar PV,2020,Cost of equity,11.20%,empirical result,Survey of expert estimates,n/a,n/a
international organization report,IRENA 2023,https://www.irena.org/Publications/2023/May/The-cost-of-financing-for-renewable-power,ESP,ES,Spain,OECD,Solar PV,2020,Cost of equity,13.40%,empirical result,Survey of expert estimates,n/a,n/a
international organization report,IRENA 2023,https://www.irena.org/Publications/2023/May/The-cost-of-financing-for-renewable-power,PRT,PT,Portugal,OECD,Solar PV,2020,Cost of equity,14.30%,empirical result,Survey of expert estimates,n/a,n/a
international organization report,IRENA 2023,https://www.irena.org/Publications/2023/May/The-cost-of-financing-for-renewable-power,IRL,IE,Ireland,OECD,Solar PV,2020,Cost of equity,13.00%,empirical result,Survey of expert estimates,n/a,n/a
international organization report,IRENA 2023,https://www.irena.org/Publications/2023/May/The-cost-of-financing-for-renewable-power,AUT,AT,Austria,OECD,Solar PV,2020,Cost of equity,10.40%,empirical result,Survey of expert estimates,n/a,n/a
international organization report,IRENA 2023,https://www.irena.org/Publications/2023/May/The-cost-of-financing-for-renewable-power,EGY,EG,Egypt,non-OECD,Solar PV,2020,Cost of equity,15.90%,empirical result,Survey of expert estimates,n/a,n/a
international organization report,IRENA 2023,https://www.irena.org/Publications/2023/May/The-cost-of-financing-for-renewable-power,JOR,JO,Jordan,non-OECD,Solar PV,2020,Cost of equity,14.40%,empirical result,Survey of expert estimates,n/a,n/a
international organization report,IRENA 2023,https://www.irena.org/Publications/2023/May/The-cost-of-financing-for-renewable-power,MAR,MA,Morocco,non-OECD,Solar PV,2020,Cost of equity,14.60%,empirical result,Survey of expert estimates,n/a,n/a
international organization report,IRENA 2023,https://www.irena.org/Publications/2023/May/The-cost-of-financing-for-renewable-power,ITA,IT,Italy,OECD,Solar PV,2020,Cost of equity,6.50%,empirical result,Survey of expert estimates,n/a,n/a
international organization report,IRENA 2023,https://www.irena.org/Publications/2023/May/The-cost-of-financing-for-renewable-power,ITA,IT,Italy,OECD,Wind onshore,2020,Cost of equity,7.00%,empirical result,Survey of expert estimates,n/a,n/a
international organization report,IRENA 2023,https://www.irena.org/Publications/2023/May/The-cost-of-financing-for-renewable-power,GBR,GB,United Kingdom,OECD,Solar PV,2020,Cost of equity,5.50%,empirical result,Survey of expert estimates,n/a,n/a
international organization report,IRENA 2023,https://www.irena.org/Publications/2023/May/The-cost-of-financing-for-renewable-power,GBR,GB,United Kingdom,OECD,Wind onshore,2020,Cost of equity,6.00%,empirical result,Survey of expert estimates,n/a,n/a
international organization report,IRENA 2023,https://www.irena.org/Publications/2023/May/The-cost-of-financing-for-renewable-power,POL,PL,Poland,OECD,Solar PV,2020,Cost of equity,8.20%,empirical result,Survey of expert estimates,n/a,n/a
international organization report,IRENA 2023,https://www.irena.org/Publications/2023/May/The-cost-of-financing-for-renewable-power,POL,PL,Poland,OECD,Wind onshore,2020,Cost of equity,9.20%,empirical result,Survey of expert estimates,n/a,n/a
international organization report,IRENA 2023,https://www.irena.org/Publications/2023/May/The-cost-of-financing-for-renewable-power,DEU,DE,Germany,OECD,Solar PV,2020,Cost of equity,7.60%,empirical result,Survey of expert estimates,n/a,n/a
international organization report,IRENA 2023,https://www.irena.org/Publications/2023/May/The-cost-of-financing-for-renewable-power,DEU,DE,Germany,OECD,Wind onshore,2020,Cost of equity,7.50%,empirical result,Survey of expert estimates,n/a,n/a
international organization report,IRENA 2023,https://www.irena.org/Publications/2023/May/The-cost-of-financing-for-renewable-power,HRV,HR,Croatia,non-OECD,Wind onshore,2020,Cost of equity,9.20%,empirical result,Survey of expert estimates,n/a,n/a
international organization report,IRENA 2023,https://www.irena.org/Publications/2023/May/The-cost-of-financing-for-renewable-power,NLD,NL,Netherlands,OECD,Wind onshore,2020,Cost of equity,4.30%,empirical result,Survey of expert estimates,n/a,n/a
international organization report,IRENA 2023,https://www.irena.org/Publications/2023/May/The-cost-of-financing-for-renewable-power,NLD,NL,Netherlands,OECD,Solar PV,2020,Cost of equity,4.30%,empirical result,Survey of expert estimates,n/a,n/a
academic peer-reviewed study,Egli 2020,10.1016/j.enpol.2020.111475,ITA,IT,Italy,OECD,Solar PV,2017,WACC (nominal after-tax),4.70%,empirical result,Elicitation of project finance data,number of data points: 6,Values for Germany are already recorded in Egli et al. 2018
academic peer-reviewed study,Egli 2020,10.1016/j.enpol.2020.111478,GBR,GB,United Kingdom,OECD,Solar PV,2013,WACC (nominal after-tax),4.20%,empirical result,Elicitation of project finance data,number of data points: 3,Values for Germany are already recorded in Egli et al. 2018
academic peer-reviewed study,Egli 2020,10.1016/j.enpol.2020.111480,GBR,GB,United Kingdom,OECD,Solar PV,2017,WACC (nominal after-tax),2.95%,empirical result,Elicitation of project finance data,number of data points: 4,Values for Germany are already recorded in Egli et al. 2018
academic peer-reviewed study,Egli 2020,10.1016/j.enpol.2020.111485,ITA,IT,Italy,OECD,Wind onshore,2017,WACC (nominal after-tax),4.31%,empirical result,Elicitation of project finance data,number of data points: 4,Values for Germany are already recorded in Egli et al. 2018
international organization report,IEA CoC Observatory 2023,https://iea.org/data-and-statistics/data-tools/cost-of-capital-observatory-data-explorer,BRA,BR,Brazil,non-OECD,Solar PV,2019,WACC (nominal after-tax),12.25%,empirical result,Survey of expert estimates,Expert interviews (middle of summary range where applicable),n/a
international organization report,IEA CoC Observatory 2023,https://iea.org/data-and-statistics/data-tools/cost-of-capital-observatory-data-explorer,BRA,BR,Brazil,non-OECD,Solar PV,2021,WACC (nominal after-tax),13.00%,empirical result,Survey of expert estimates,Expert interviews (middle of summary range where applicable),n/a
international organization report,IEA CoC Observatory 2023,https://iea.org/data-and-statistics/data-tools/cost-of-capital-observatory-data-explorer,BRA,BR,Brazil,non-OECD,Solar PV,2022,WACC (nominal after-tax),11.25%,empirical result,Survey of expert estimates,Expert interviews (middle of summary range where applicable),n/a
international organization report,IEA CoC Observatory 2023,https://iea.org/data-and-statistics/data-tools/cost-of-capital-observatory-data-explorer,IND,IN,India,non-OECD,Solar PV,2019,WACC (nominal after-tax),9.50%,empirical result,Survey of expert estimates,Expert interviews (middle of summary range where applicable),n/a
international organization report,IEA CoC Observatory 2023,https://iea.org/data-and-statistics/data-tools/cost-of-capital-observatory-data-explorer,IND,IN,India,non-OECD,Solar PV,2021,WACC (nominal after-tax),9.75%,empirical result,Survey of expert estimates,Expert interviews (middle of summary range where applicable),n/a
international organization report,IEA CoC Observatory 2023,https://iea.org/data-and-statistics/data-tools/cost-of-capital-observatory-data-explorer,IND,IN,India,non-OECD,Solar PV,2022,WACC (nominal after-tax),9.50%,empirical result,Survey of expert estimates,Expert interviews (middle of summary range where applicable),n/a
international organization report,IEA CoC Observatory 2023,https://iea.org/data-and-statistics/data-tools/cost-of-capital-observatory-data-explorer,IDN,ID,Indonesia ,non-OECD,Solar PV,2019,WACC (nominal after-tax),9.25%,empirical result,Survey of expert estimates,Expert interviews (middle of summary range where applicable),n/a
international organization report,IEA CoC Observatory 2023,https://iea.org/data-and-statistics/data-tools/cost-of-capital-observatory-data-explorer,IDN,ID,Indonesia ,non-OECD,Solar PV,2021,WACC (nominal after-tax),10.00%,empirical result,Survey of expert estimates,Expert interviews (middle of summary range where applicable),n/a
international organization report,IEA CoC Observatory 2023,https://iea.org/data-and-statistics/data-tools/cost-of-capital-observatory-data-explorer,IDN,ID,Indonesia ,non-OECD,Solar PV,2022,WACC (nominal after-tax),8.25%,empirical result,Survey of expert estimates,Expert interviews (middle of summary range where applicable),n/a
international organization report,IEA CoC Observatory 2023,https://iea.org/data-and-statistics/data-tools/cost-of-capital-observatory-data-explorer,MEX,MX,Mexico,OECD,Solar PV,2019,WACC (nominal after-tax),9.75%,empirical result,Survey of expert estimates,Expert interviews (middle of summary range where applicable),n/a
international organization report,IEA CoC Observatory 2023,https://iea.org/data-and-statistics/data-tools/cost-of-capital-observatory-data-explorer,MEX,MX,Mexico,OECD,Solar PV,2021,WACC (nominal after-tax),9.75%,empirical result,Survey of expert estimates,Expert interviews (middle of summary range where applicable),n/a
international organization report,IEA CoC Observatory 2023,https://iea.org/data-and-statistics/data-tools/cost-of-capital-observatory-data-explorer,MEX,MX,Mexico,OECD,Solar PV,2022,WACC (nominal after-tax),11.00%,empirical result,Survey of expert estimates,Expert interviews (middle of summary range where applicable),n/a
international organization report,IEA CoC Observatory 2023,https://iea.org/data-and-statistics/data-tools/cost-of-capital-observatory-data-explorer,ZAF,ZA,South Africa,non-OECD,Solar PV,2019,WACC (nominal after-tax),10.25%,empirical result,Survey of expert estimates,Expert interviews (middle of summary range where applicable),n/a
international organization report,IEA CoC Observatory 2023,https://iea.org/data-and-statistics/data-tools/cost-of-capital-observatory-data-explorer,ZAF,ZA,South Africa,non-OECD,Solar PV,2021,WACC (nominal after-tax),10.25%,empirical result,Survey of expert estimates,Expert interviews (middle of summary range where applicable),n/a
international organization report,IEA CoC Observatory 2023,https://iea.org/data-and-statistics/data-tools/cost-of-capital-observatory-data-explorer,ZAF,ZA,South Africa,non-OECD,Solar PV,2022,WACC (nominal after-tax),11.00%,empirical result,Survey of expert estimates,Expert interviews (middle of summary range where applicable),n/a
international organization report,IEA CoC Observatory 2023,https://iea.org/data-and-statistics/data-tools/cost-of-capital-observatory-data-explorer,KEN,KE,Kenya,non-OECD,Solar PV,2022,WACC (nominal after-tax),8.75%,empirical result,Survey of expert estimates,Expert interviews (middle of summary range where applicable),n/a
international organization report,IEA CoC Observatory 2023,https://iea.org/data-and-statistics/data-tools/cost-of-capital-observatory-data-explorer,VNM,VN,Viet Nam,non-OECD,Solar PV,2022,WACC (nominal after-tax),9.75%,empirical result,Survey of expert estimates,Expert interviews (middle of summary range where applicable),n/a
international organization report,IEA CoC Observatory 2023,https://iea.org/data-and-statistics/data-tools/cost-of-capital-observatory-data-explorer,SEN,SN,Senegal,non-OECD,Solar PV,2022,WACC (nominal after-tax),9.00%,empirical result,Survey of expert estimates,Expert interviews (middle of summary range where applicable),n/a
international organization report,IEA CoC Observatory 2023,https://iea.org/data-and-statistics/data-tools/cost-of-capital-observatory-data-explorer,BRA,BR,Brazil,non-OECD,Wind offshore,2022,WACC (nominal after-tax),11.00%,empirical result,Survey of expert estimates,Expert interviews (middle of summary range where applicable),n/a
international organization report,IEA CoC Observatory 2023,https://iea.org/data-and-statistics/data-tools/cost-of-capital-observatory-data-explorer,VNM,VN,Viet Nam,non-OECD,Wind offshore,2022,WACC (nominal after-tax),11.25%,empirical result,Survey of expert estimates,Expert interviews (middle of summary range where applicable),n/a
international organization report,IEA CoC Observatory 2023,https://iea.org/data-and-statistics/data-tools/cost-of-capital-observatory-data-explorer,BRA,BR,Brazil,non-OECD,Solar PV,2021,Leverage (debt share),60.00%,empirical result,Survey of expert estimates,Expert interviews (middle of summary range where applicable),n/a
international organization report,IEA CoC Observatory 2023,https://iea.org/data-and-statistics/data-tools/cost-of-capital-observatory-data-explorer,BRA,BR,Brazil,non-OECD,Solar PV,2022,Leverage (debt share),50.00%,empirical result,Survey of expert estimates,Expert interviews (middle of summary range where applicable),n/a
international organization report,IEA CoC Observatory 2023,https://iea.org/data-and-statistics/data-tools/cost-of-capital-observatory-data-explorer,IND,IN,India,non-OECD,Solar PV,2021,Leverage (debt share),70.00%,empirical result,Survey of expert estimates,Expert interviews (middle of summary range where applicable),n/a
international organization report,IEA CoC Observatory 2023,https://iea.org/data-and-statistics/data-tools/cost-of-capital-observatory-data-explorer,IND,IN,India,non-OECD,Solar PV,2022,Leverage (debt share),72.00%,empirical result,Survey of expert estimates,Expert interviews (middle of summary range where applicable),n/a
international organization report,IEA CoC Observatory 2023,https://iea.org/data-and-statistics/data-tools/cost-of-capital-observatory-data-explorer,IDN,ID,Indonesia ,non-OECD,Solar PV,2021,Leverage (debt share),65.00%,empirical result,Survey of expert estimates,Expert interviews (middle of summary range where applicable),n/a
international organization report,IEA CoC Observatory 2023,https://iea.org/data-and-statistics/data-tools/cost-of-capital-observatory-data-explorer,IDN,ID,Indonesia ,non-OECD,Solar PV,2022,Leverage (debt share),70.00%,empirical result,Survey of expert estimates,Expert interviews (middle of summary range where applicable),n/a
international organization report,IEA CoC Observatory 2023,https://iea.org/data-and-statistics/data-tools/cost-of-capital-observatory-data-explorer,MEX,MX,Mexico,OECD,Solar PV,2021,Leverage (debt share),65.00%,empirical result,Survey of expert estimates,Expert interviews (middle of summary range where applicable),n/a
international organization report,IEA CoC Observatory 2023,https://iea.org/data-and-statistics/data-tools/cost-of-capital-observatory-data-explorer,MEX,MX,Mexico,OECD,Solar PV,2022,Leverage (debt share),67.50%,empirical result,Survey of expert estimates,Expert interviews (middle of summary range where applicable),n/a
international organization report,IEA CoC Observatory 2023,https://iea.org/data-and-statistics/data-tools/cost-of-capital-observatory-data-explorer,ZAF,ZA,South Africa,non-OECD,Solar PV,2021,Leverage (debt share),67.50%,empirical result,Survey of expert estimates,Expert interviews (middle of summary range where applicable),n/a
international organization report,IEA CoC Observatory 2023,https://iea.org/data-and-statistics/data-tools/cost-of-capital-observatory-data-explorer,ZAF,ZA,South Africa,non-OECD,Solar PV,2022,Leverage (debt share),67.50%,empirical result,Survey of expert estimates,Expert interviews (middle of summary range where applicable),n/a
international organization report,IEA CoC Observatory 2023,https://iea.org/data-and-statistics/data-tools/cost-of-capital-observatory-data-explorer,BRA,BR,Brazil,non-OECD,Solar PV,2021,Cost of debt,11.75%,empirical result,Survey of expert estimates,Expert interviews (middle of summary range where applicable),n/a
international organization report,IEA CoC Observatory 2023,https://iea.org/data-and-statistics/data-tools/cost-of-capital-observatory-data-explorer,BRA,BR,Brazil,non-OECD,Solar PV,2022,Cost of debt,8.25%,empirical result,Survey of expert estimates,Expert interviews (middle of summary range where applicable),n/a
international organization report,IEA CoC Observatory 2023,https://iea.org/data-and-statistics/data-tools/cost-of-capital-observatory-data-explorer,IND,IN,India,non-OECD,Solar PV,2021,Cost of debt,8.50%,empirical result,Survey of expert estimates,Expert interviews (middle of summary range where applicable),n/a
international organization report,IEA CoC Observatory 2023,https://iea.org/data-and-statistics/data-tools/cost-of-capital-observatory-data-explorer,IND,IN,India,non-OECD,Solar PV,2022,Cost of debt,8.50%,empirical result,Survey of expert estimates,Expert interviews (middle of summary range where applicable),n/a
international organization report,IEA CoC Observatory 2023,https://iea.org/data-and-statistics/data-tools/cost-of-capital-observatory-data-explorer,IDN,ID,Indonesia ,non-OECD,Solar PV,2021,Cost of debt,9.00%,empirical result,Survey of expert estimates,Expert interviews (middle of summary range where applicable),n/a
international organization report,IEA CoC Observatory 2023,https://iea.org/data-and-statistics/data-tools/cost-of-capital-observatory-data-explorer,IDN,ID,Indonesia ,non-OECD,Solar PV,2022,Cost of debt,8.00%,empirical result,Survey of expert estimates,Expert interviews (middle of summary range where applicable),n/a
international organization report,IEA CoC Observatory 2023,https://iea.org/data-and-statistics/data-tools/cost-of-capital-observatory-data-explorer,MEX,MX,Mexico,OECD,Solar PV,2021,Cost of debt,8.25%,empirical result,Survey of expert estimates,Expert interviews (middle of summary range where applicable),n/a
international organization report,IEA CoC Observatory 2023,https://iea.org/data-and-statistics/data-tools/cost-of-capital-observatory-data-explorer,MEX,MX,Mexico,OECD,Solar PV,2022,Cost of debt,9.25%,empirical result,Survey of expert estimates,Expert interviews (middle of summary range where applicable),n/a
international organization report,IEA CoC Observatory 2023,https://iea.org/data-and-statistics/data-tools/cost-of-capital-observatory-data-explorer,ZAF,ZA,South Africa,non-OECD,Solar PV,2021,Cost of debt,8.50%,empirical result,Survey of expert estimates,Expert interviews (middle of summary range where applicable),n/a
international organization report,IEA CoC Observatory 2023,https://iea.org/data-and-statistics/data-tools/cost-of-capital-observatory-data-explorer,ZAF,ZA,South Africa,non-OECD,Solar PV,2022,Cost of debt,9.25%,empirical result,Survey of expert estimates,Expert interviews (middle of summary range where applicable),n/a
international organization report,IEA CoC Observatory 2023,https://iea.org/data-and-statistics/data-tools/cost-of-capital-observatory-data-explorer,BRA,BR,Brazil,non-OECD,Solar PV,2021,Cost of equity,15.25%,empirical result,Survey of expert estimates,Expert interviews (middle of summary range where applicable),n/a
international organization report,IEA CoC Observatory 2023,https://iea.org/data-and-statistics/data-tools/cost-of-capital-observatory-data-explorer,BRA,BR,Brazil,non-OECD,Solar PV,2022,Cost of equity,13.50%,empirical result,Survey of expert estimates,Expert interviews (middle of summary range where applicable),n/a
international organization report,IEA CoC Observatory 2023,https://iea.org/data-and-statistics/data-tools/cost-of-capital-observatory-data-explorer,IND,IN,India,non-OECD,Solar PV,2021,Cost of equity,13.00%,empirical result,Survey of expert estimates,Expert interviews (middle of summary range where applicable),n/a
international organization report,IEA CoC Observatory 2023,https://iea.org/data-and-statistics/data-tools/cost-of-capital-observatory-data-explorer,IND,IN,India,non-OECD,Solar PV,2022,Cost of equity,12.50%,empirical result,Survey of expert estimates,Expert interviews (middle of summary range where applicable),n/a
international organization report,IEA CoC Observatory 2023,https://iea.org/data-and-statistics/data-tools/cost-of-capital-observatory-data-explorer,IDN,ID,Indonesia ,non-OECD,Solar PV,2021,Cost of equity,12.25%,empirical result,Survey of expert estimates,Expert interviews (middle of summary range where applicable),n/a
international organization report,IEA CoC Observatory 2023,https://iea.org/data-and-statistics/data-tools/cost-of-capital-observatory-data-explorer,IDN,ID,Indonesia ,non-OECD,Solar PV,2022,Cost of equity,11.00%,empirical result,Survey of expert estimates,Expert interviews (middle of summary range where applicable),n/a
international organization report,IEA CoC Observatory 2023,https://iea.org/data-and-statistics/data-tools/cost-of-capital-observatory-data-explorer,MEX,MX,Mexico,OECD,Solar PV,2021,Cost of equity,12.25%,empirical result,Survey of expert estimates,Expert interviews (middle of summary range where applicable),n/a
international organization report,IEA CoC Observatory 2023,https://iea.org/data-and-statistics/data-tools/cost-of-capital-observatory-data-explorer,MEX,MX,Mexico,OECD,Solar PV,2022,Cost of equity,12.50%,empirical result,Survey of expert estimates,Expert interviews (middle of summary range where applicable),n/a
international organization report,IEA CoC Observatory 2023,https://iea.org/data-and-statistics/data-tools/cost-of-capital-observatory-data-explorer,ZAF,ZA,South Africa,non-OECD,Solar PV,2021,Cost of equity,13.00%,empirical result,Survey of expert estimates,Expert interviews (middle of summary range where applicable),n/a
international organization report,IEA CoC Observatory 2023,https://iea.org/data-and-statistics/data-tools/cost-of-capital-observatory-data-explorer,ZAF,ZA,South Africa,non-OECD,Solar PV,2022,Cost of equity,12.50%,empirical result,Survey of expert estimates,Expert interviews (middle of summary range where applicable),n/a
international organization report,IRENA 2023,https://www.irena.org/Publications/2023/May/The-cost-of-financing-for-renewable-power,AUS,AU,Australia,OECD,Solar PV,2020,WACC (nominal after-tax),4.58%,empirical result,Survey of expert estimates,Expert interviews (middle of summary range where applicable),number of data points: 3
international organization report,IRENA 2023,https://www.irena.org/Publications/2023/May/The-cost-of-financing-for-renewable-power,AUT,AT,Austria,OECD,Solar PV,2020,WACC (nominal after-tax),6.11%,empirical result,Survey of expert estimates,Expert interviews (middle of summary range where applicable),number of data points: 1
international organization report,IRENA 2023,https://www.irena.org/Publications/2023/May/The-cost-of-financing-for-renewable-power,BRA,BR,Brazil,non-OECD,Solar PV,2020,WACC (nominal after-tax),7.62%,empirical result,Survey of expert estimates,Expert interviews (middle of summary range where applicable),number of data points: 2
international organization report,IRENA 2023,https://www.irena.org/Publications/2023/May/The-cost-of-financing-for-renewable-power,BGR,BG,Bulgaria,non-OECD,Solar PV,2020,WACC (nominal after-tax),9.11%,empirical result,Survey of expert estimates,Expert interviews (middle of summary range where applicable),number of data points: 1
international organization report,IRENA 2023,https://www.irena.org/Publications/2023/May/The-cost-of-financing-for-renewable-power,CHL,CL,Chile,OECD,Solar PV,2020,WACC (nominal after-tax),5.75%,empirical result,Survey of expert estimates,Expert interviews (middle of summary range where applicable),number of data points: 5
international organization report,IRENA 2023,https://www.irena.org/Publications/2023/May/The-cost-of-financing-for-renewable-power,CHN,CN,China,non-OECD,Solar PV,2020,WACC (nominal after-tax),3.91%,empirical result,Survey of expert estimates,Expert interviews (middle of summary range where applicable),number of data points: 4
international organization report,IRENA 2023,https://www.irena.org/Publications/2023/May/The-cost-of-financing-for-renewable-power,CRI,CR,Costa Rica,OECD,Solar PV,2020,WACC (nominal after-tax),6.79%,empirical result,Survey of expert estimates,Expert interviews (middle of summary range where applicable),number of data points: 1
international organization report,IRENA 2023,https://www.irena.org/Publications/2023/May/The-cost-of-financing-for-renewable-power,HRV,HR,Croatia,non-OECD,Solar PV,2020,WACC (nominal after-tax),5.77%,empirical result,Survey of expert estimates,Expert interviews (middle of summary range where applicable),number of data points: 1
international organization report,IRENA 2023,https://www.irena.org/Publications/2023/May/The-cost-of-financing-for-renewable-power,DNK,DK,Denmark,OECD,Solar PV,2020,WACC (nominal after-tax),3.29%,empirical result,Survey of expert estimates,Expert interviews (middle of summary range where applicable),number of data points: 4
international organization report,IRENA 2023,https://www.irena.org/Publications/2023/May/The-cost-of-financing-for-renewable-power,EGY,EG,Egypt,non-OECD,Solar PV,2020,WACC (nominal after-tax),9.71%,empirical result,Survey of expert estimates,Expert interviews (middle of summary range where applicable),number of data points: 2
international organization report,IRENA 2023,https://www.irena.org/Publications/2023/May/The-cost-of-financing-for-renewable-power,FRA,FR,France,OECD,Solar PV,2020,WACC (nominal after-tax),3.35%,empirical result,Survey of expert estimates,Expert interviews (middle of summary range where applicable),number of data points: 3
international organization report,IRENA 2023,https://www.irena.org/Publications/2023/May/The-cost-of-financing-for-renewable-power,DEU,DE,Germany,OECD,Solar PV,2020,WACC (nominal after-tax),2.16%,empirical result,Survey of expert estimates,Expert interviews (middle of summary range where applicable),number of data points: 5
international organization report,IRENA 2023,https://www.irena.org/Publications/2023/May/The-cost-of-financing-for-renewable-power,GRC,GR,Greece,OECD,Solar PV,2020,WACC (nominal after-tax),4.79%,empirical result,Survey of expert estimates,Expert interviews (middle of summary range where applicable),number of data points: 2
international organization report,IRENA 2023,https://www.irena.org/Publications/2023/May/The-cost-of-financing-for-renewable-power,HUN,HU,Hungary,OECD,Solar PV,2020,WACC (nominal after-tax),18.43%,empirical result,Survey of expert estimates,Expert interviews (middle of summary range where applicable),number of data points: 1
international organization report,IRENA 2023,https://www.irena.org/Publications/2023/May/The-cost-of-financing-for-renewable-power,IND,IN,India,non-OECD,Solar PV,2020,WACC (nominal after-tax),7.08%,empirical result,Survey of expert estimates,Expert interviews (middle of summary range where applicable),number of data points: 3
international organization report,IRENA 2023,https://www.irena.org/Publications/2023/May/The-cost-of-financing-for-renewable-power,IRL,IE,Ireland,OECD,Solar PV,2020,WACC (nominal after-tax),9.93%,empirical result,Survey of expert estimates,Expert interviews (middle of summary range where applicable),number of data points: 1
international organization report,IRENA 2023,https://www.irena.org/Publications/2023/May/The-cost-of-financing-for-renewable-power,ITA,IT,Italy,OECD,Solar PV,2020,WACC (nominal after-tax),4.33%,empirical result,Survey of expert estimates,Expert interviews (middle of summary range where applicable),number of data points: 4
international organization report,IRENA 2023,https://www.irena.org/Publications/2023/May/The-cost-of-financing-for-renewable-power,JOR,JO,Jordan,non-OECD,Solar PV,2020,WACC (nominal after-tax),8.96%,empirical result,Survey of expert estimates,Expert interviews (middle of summary range where applicable),number of data points: 1
international organization report,IRENA 2023,https://www.irena.org/Publications/2023/May/The-cost-of-financing-for-renewable-power,KEN,KE,Kenya,non-OECD,Solar PV,2020,WACC (nominal after-tax),6.91%,empirical result,Survey of expert estimates,Expert interviews (middle of summary range where applicable),number of data points: 1
international organization report,IRENA 2023,https://www.irena.org/Publications/2023/May/The-cost-of-financing-for-renewable-power,MYS,MY,Malaysia,non-OECD,Solar PV,2020,WACC (nominal after-tax),5.61%,empirical result,Survey of expert estimates,Expert interviews (middle of summary range where applicable),number of data points: 1
international organization report,IRENA 2023,https://www.irena.org/Publications/2023/May/The-cost-of-financing-for-renewable-power,MEX,MX,Mexico,OECD,Solar PV,2020,WACC (nominal after-tax),8.75%,empirical result,Survey of expert estimates,Expert interviews (middle of summary range where applicable),number of data points: 6
international organization report,IRENA 2023,https://www.irena.org/Publications/2023/May/The-cost-of-financing-for-renewable-power,MAR,MA,Morocco,non-OECD,Solar PV,2020,WACC (nominal after-tax),9.07%,empirical result,Survey of expert estimates,Expert interviews (middle of summary range where applicable),number of data points: 1
international organization report,IRENA 2023,https://www.irena.org/Publications/2023/May/The-cost-of-financing-for-renewable-power,NLD,NL,Netherlands,OECD,Solar PV,2020,WACC (nominal after-tax),2.21%,empirical result,Survey of expert estimates,Expert interviews (middle of summary range where applicable),number of data points: 5
international organization report,IRENA 2023,https://www.irena.org/Publications/2023/May/The-cost-of-financing-for-renewable-power,POL,PL,Poland,OECD,Solar PV,2020,WACC (nominal after-tax),5.47%,empirical result,Survey of expert estimates,Expert interviews (middle of summary range where applicable),number of data points: 2
international organization report,IRENA 2023,https://www.irena.org/Publications/2023/May/The-cost-of-financing-for-renewable-power,PRT,PT,Portugal,OECD,Solar PV,2020,WACC (nominal after-tax),10.03%,empirical result,Survey of expert estimates,Expert interviews (middle of summary range where applicable),number of data points: 1
international organization report,IRENA 2023,https://www.irena.org/Publications/2023/May/The-cost-of-financing-for-renewable-power,ROU,RO,Romania,non-OECD,Solar PV,2020,WACC (nominal after-tax),7.18%,empirical result,Survey of expert estimates,Expert interviews (middle of summary range where applicable),number of data points: 2
international organization report,IRENA 2023,https://www.irena.org/Publications/2023/May/The-cost-of-financing-for-renewable-power,SGP,SG,Singapore,non-OECD,Solar PV,2020,WACC (nominal after-tax),5.46%,empirical result,Survey of expert estimates,Expert interviews (middle of summary range where applicable),number of data points: 1
international organization report,IRENA 2023,https://www.irena.org/Publications/2023/May/The-cost-of-financing-for-renewable-power,ZAF,ZA,South Africa,non-OECD,Solar PV,2020,WACC (nominal after-tax),6.89%,empirical result,Survey of expert estimates,Expert interviews (middle of summary range where applicable),number of data points: 2
international organization report,IRENA 2023,https://www.irena.org/Publications/2023/May/The-cost-of-financing-for-renewable-power,ESP,ES,Spain,OECD,Solar PV,2020,WACC (nominal after-tax),5.09%,empirical result,Survey of expert estimates,Expert interviews (middle of summary range where applicable),number of data points: 7
international organization report,IRENA 2023,https://www.irena.org/Publications/2023/May/The-cost-of-financing-for-renewable-power,SWE,SE,Sweden,OECD,Solar PV,2020,WACC (nominal after-tax),3.04%,empirical result,Survey of expert estimates,Expert interviews (middle of summary range where applicable),number of data points: 1
international organization report,IRENA 2023,https://www.irena.org/Publications/2023/May/The-cost-of-financing-for-renewable-power,TUN,TN,Tunisia,non-OECD,Solar PV,2020,WACC (nominal after-tax),10.75%,empirical result,Survey of expert estimates,Expert interviews (middle of summary range where applicable),number of data points: 1
international organization report,IRENA 2023,https://www.irena.org/Publications/2023/May/The-cost-of-financing-for-renewable-power,UGA,UG,Uganda,non-OECD,Solar PV,2020,WACC (nominal after-tax),7.97%,empirical result,Survey of expert estimates,Expert interviews (middle of summary range where applicable),number of data points: 1
international organization report,IRENA 2023,https://www.irena.org/Publications/2023/May/The-cost-of-financing-for-renewable-power,GBR,GB,United Kingdom,OECD,Solar PV,2020,WACC (nominal after-tax),3.35%,empirical result,Survey of expert estimates,Expert interviews (middle of summary range where applicable),number of data points: 2
international organization report,IRENA 2023,https://www.irena.org/Publications/2023/May/The-cost-of-financing-for-renewable-power,UKR,UA,Ukraine,non-OECD,Solar PV,2020,WACC (nominal after-tax),12.20%,empirical result,Survey of expert estimates,Expert interviews (middle of summary range where applicable),number of data points: 1
international organization report,IRENA 2023,https://www.irena.org/Publications/2023/May/The-cost-of-financing-for-renewable-power,USA,US,United States,OECD,Solar PV,2020,WACC (nominal after-tax),5.40%,empirical result,Survey of expert estimates,Expert interviews (middle of summary range where applicable),number of data points: 4
international organization report,IRENA 2023,https://www.irena.org/Publications/2023/May/The-cost-of-financing-for-renewable-power,VNM,VN,Viet Nam,non-OECD,Solar PV,2020,WACC (nominal after-tax),6.91%,empirical result,Survey of expert estimates,Expert interviews (middle of summary range where applicable),number of data points: 4
international organization report,IRENA 2023,https://www.irena.org/Publications/2023/May/The-cost-of-financing-for-renewable-power,YEM,YE,Yemen,non-OECD,Solar PV,2020,WACC (nominal after-tax),9.64%,empirical result,Survey of expert estimates,Expert interviews (middle of summary range where applicable),number of data points: 1
international organization report,IRENA 2023,https://www.irena.org/Publications/2023/May/The-cost-of-financing-for-renewable-power,CHN,CN,China,non-OECD,Wind offshore,2020,WACC (nominal after-tax),2.78%,empirical result,Survey of expert estimates,Expert interviews (middle of summary range where applicable),number of data points: 1
international organization report,IRENA 2023,https://www.irena.org/Publications/2023/May/The-cost-of-financing-for-renewable-power,DNK,DK,Denmark,OECD,Wind offshore,2020,WACC (nominal after-tax),4.77%,empirical result,Survey of expert estimates,Expert interviews (middle of summary range where applicable),number of data points: 2
international organization report,IRENA 2023,https://www.irena.org/Publications/2023/May/The-cost-of-financing-for-renewable-power,FRA,FR,France,OECD,Wind offshore,2020,WACC (nominal after-tax),3.55%,empirical result,Survey of expert estimates,Expert interviews (middle of summary range where applicable),number of data points: 1
international organization report,IRENA 2023,https://www.irena.org/Publications/2023/May/The-cost-of-financing-for-renewable-power,DEU,DE,Germany,OECD,Wind offshore,2020,WACC (nominal after-tax),3.18%,empirical result,Survey of expert estimates,Expert interviews (middle of summary range where applicable),number of data points: 2
international organization report,IRENA 2023,https://www.irena.org/Publications/2023/May/The-cost-of-financing-for-renewable-power,ESP,ES,Spain,OECD,Wind offshore,2020,WACC (nominal after-tax),6.76%,empirical result,Survey of expert estimates,Expert interviews (middle of summary range where applicable),number of data points: 1
international organization report,IRENA 2023,https://www.irena.org/Publications/2023/May/The-cost-of-financing-for-renewable-power,TWN,TW,Taiwan Province of China,non-OECD,Wind offshore,2020,WACC (nominal after-tax),6.03%,empirical result,Survey of expert estimates,Expert interviews (middle of summary range where applicable),number of data points: 1
international organization report,IRENA 2023,https://www.irena.org/Publications/2023/May/The-cost-of-financing-for-renewable-power,GBR,GB,United Kingdom,OECD,Wind offshore,2020,WACC (nominal after-tax),3.96%,empirical result,Survey of expert estimates,Expert interviews (middle of summary range where applicable),number of data points: 5
international organization report,IRENA 2023,https://www.irena.org/Publications/2023/May/The-cost-of-financing-for-renewable-power,USA,US,United States,OECD,Wind offshore,2020,WACC (nominal after-tax),5.19%,empirical result,Survey of expert estimates,Expert interviews (middle of summary range where applicable),number of data points: 5
international organization report,IRENA 2023,https://www.irena.org/Publications/2023/May/The-cost-of-financing-for-renewable-power,VNM,VN,Viet Nam,non-OECD,Wind offshore,2020,WACC (nominal after-tax),8.08%,empirical result,Survey of expert estimates,Expert interviews (middle of summary range where applicable),number of data points: 1
international organization report,IRENA 2023,https://www.irena.org/Publications/2023/May/The-cost-of-financing-for-renewable-power,ARG,AR,Argentina,non-OECD,Wind onshore,2020,WACC (nominal after-tax),9.30%,empirical result,Survey of expert estimates,Expert interviews (middle of summary range where applicable),number of data points: 1
international organization report,IRENA 2023,https://www.irena.org/Publications/2023/May/The-cost-of-financing-for-renewable-power,BRA,BR,Brazil,non-OECD,Wind onshore,2020,WACC (nominal after-tax),6.82%,empirical result,Survey of expert estimates,Expert interviews (middle of summary range where applicable),number of data points: 3
international organization report,IRENA 2023,https://www.irena.org/Publications/2023/May/The-cost-of-financing-for-renewable-power,CHL,CL,Chile,OECD,Wind onshore,2020,WACC (nominal after-tax),6.31%,empirical result,Survey of expert estimates,Expert interviews (middle of summary range where applicable),number of data points: 3
international organization report,IRENA 2023,https://www.irena.org/Publications/2023/May/The-cost-of-financing-for-renewable-power,CHN,CN,China,non-OECD,Wind onshore,2020,WACC (nominal after-tax),3.00%,empirical result,Survey of expert estimates,Expert interviews (middle of summary range where applicable),number of data points: 2
international organization report,IRENA 2023,https://www.irena.org/Publications/2023/May/The-cost-of-financing-for-renewable-power,COL,CO,Colombia,OECD,Wind onshore,2020,WACC (nominal after-tax),5.96%,empirical result,Survey of expert estimates,Expert interviews (middle of summary range where applicable),number of data points: 2
international organization report,IRENA 2023,https://www.irena.org/Publications/2023/May/The-cost-of-financing-for-renewable-power,HRV,HR,Croatia,non-OECD,Wind onshore,2020,WACC (nominal after-tax),5.97%,empirical result,Survey of expert estimates,Expert interviews (middle of summary range where applicable),number of data points: 1
international organization report,IRENA 2023,https://www.irena.org/Publications/2023/May/The-cost-of-financing-for-renewable-power,DNK,DK,Denmark,OECD,Wind onshore,2020,WACC (nominal after-tax),3.19%,empirical result,Survey of expert estimates,Expert interviews (middle of summary range where applicable),number of data points: 5
international organization report,IRENA 2023,https://www.irena.org/Publications/2023/May/The-cost-of-financing-for-renewable-power,FIN,FI,Finland,OECD,Wind onshore,2020,WACC (nominal after-tax),3.69%,empirical result,Survey of expert estimates,Expert interviews (middle of summary range where applicable),number of data points: 3
international organization report,IRENA 2023,https://www.irena.org/Publications/2023/May/The-cost-of-financing-for-renewable-power,FRA,FR,France,OECD,Wind onshore,2020,WACC (nominal after-tax),2.99%,empirical result,Survey of expert estimates,Expert interviews (middle of summary range where applicable),number of data points: 1
international organization report,IRENA 2023,https://www.irena.org/Publications/2023/May/The-cost-of-financing-for-renewable-power,DEU,DE,Germany,OECD,Wind onshore,2020,WACC (nominal after-tax),2.44%,empirical result,Survey of expert estimates,Expert interviews (middle of summary range where applicable),number of data points: 7
international organization report,IRENA 2023,https://www.irena.org/Publications/2023/May/The-cost-of-financing-for-renewable-power,GRC,GR,Greece,OECD,Wind onshore,2020,WACC (nominal after-tax),3.84%,empirical result,Survey of expert estimates,Expert interviews (middle of summary range where applicable),number of data points: 1
international organization report,IRENA 2023,https://www.irena.org/Publications/2023/May/The-cost-of-financing-for-renewable-power,IND,IN,India,non-OECD,Wind onshore,2020,WACC (nominal after-tax),8.38%,empirical result,Survey of expert estimates,Expert interviews (middle of summary range where applicable),number of data points: 1
international organization report,IRENA 2023,https://www.irena.org/Publications/2023/May/The-cost-of-financing-for-renewable-power,IRL,IE,Ireland,OECD,Wind onshore,2020,WACC (nominal after-tax),3.26%,empirical result,Survey of expert estimates,Expert interviews (middle of summary range where applicable),number of data points: 2
international organization report,IRENA 2023,https://www.irena.org/Publications/2023/May/The-cost-of-financing-for-renewable-power,ITA,IT,Italy,OECD,Wind onshore,2020,WACC (nominal after-tax),4.43%,empirical result,Survey of expert estimates,Expert interviews (middle of summary range where applicable),number of data points: 2
international organization report,IRENA 2023,https://www.irena.org/Publications/2023/May/The-cost-of-financing-for-renewable-power,KEN,KE,Kenya,non-OECD,Wind onshore,2020,WACC (nominal after-tax),7.16%,empirical result,Survey of expert estimates,Expert interviews (middle of summary range where applicable),number of data points: 1
international organization report,IRENA 2023,https://www.irena.org/Publications/2023/May/The-cost-of-financing-for-renewable-power,MEX,MX,Mexico,OECD,Wind onshore,2020,WACC (nominal after-tax),4.29%,empirical result,Survey of expert estimates,Expert interviews (middle of summary range where applicable),number of data points: 1
international organization report,IRENA 2023,https://www.irena.org/Publications/2023/May/The-cost-of-financing-for-renewable-power,NLD,NL,Netherlands,OECD,Wind onshore,2020,WACC (nominal after-tax),1.47%,empirical result,Survey of expert estimates,Expert interviews (middle of summary range where applicable),number of data points: 2
international organization report,IRENA 2023,https://www.irena.org/Publications/2023/May/The-cost-of-financing-for-renewable-power,NOR,NO,Norway,OECD,Wind onshore,2020,WACC (nominal after-tax),4.78%,empirical result,Survey of expert estimates,Expert interviews (middle of summary range where applicable),number of data points: 2
international organization report,IRENA 2023,https://www.irena.org/Publications/2023/May/The-cost-of-financing-for-renewable-power,PER,PE,Peru,non-OECD,Wind onshore,2020,WACC (nominal after-tax),7.88%,empirical result,Survey of expert estimates,Expert interviews (middle of summary range where applicable),number of data points: 1
international organization report,IRENA 2023,https://www.irena.org/Publications/2023/May/The-cost-of-financing-for-renewable-power,POL,PL,Poland,OECD,Wind onshore,2020,WACC (nominal after-tax),5.77%,empirical result,Survey of expert estimates,Expert interviews (middle of summary range where applicable),number of data points: 2
international organization report,IRENA 2023,https://www.irena.org/Publications/2023/May/The-cost-of-financing-for-renewable-power,ZAF,ZA,South Africa,non-OECD,Wind onshore,2020,WACC (nominal after-tax),7.51%,empirical result,Survey of expert estimates,Expert interviews (middle of summary range where applicable),number of data points: 3
international organization report,IRENA 2023,https://www.irena.org/Publications/2023/May/The-cost-of-financing-for-renewable-power,ESP,ES,Spain,OECD,Wind onshore,2020,WACC (nominal after-tax),4.26%,empirical result,Survey of expert estimates,Expert interviews (middle of summary range where applicable),number of data points: 2
international organization report,IRENA 2023,https://www.irena.org/Publications/2023/May/The-cost-of-financing-for-renewable-power,SWE,SE,Sweden,OECD,Wind onshore,2020,WACC (nominal after-tax),4.05%,empirical result,Survey of expert estimates,Expert interviews (middle of summary range where applicable),number of data points: 4
international organization report,IRENA 2023,https://www.irena.org/Publications/2023/May/The-cost-of-financing-for-renewable-power,TUR,TR,Turkey,OECD,Wind onshore,2020,WACC (nominal after-tax),7.19%,empirical result,Survey of expert estimates,Expert interviews (middle of summary range where applicable),number of data points: 2
international organization report,IRENA 2023,https://www.irena.org/Publications/2023/May/The-cost-of-financing-for-renewable-power,GBR,GB,United Kingdom,OECD,Wind onshore,2020,WACC (nominal after-tax),3.45%,empirical result,Survey of expert estimates,Expert interviews (middle of summary range where applicable),number of data points: 2
international organization report,IRENA 2023,https://www.irena.org/Publications/2023/May/The-cost-of-financing-for-renewable-power,UKR,UA,Ukraine,non-OECD,Wind onshore,2020,WACC (nominal after-tax),12.20%,empirical result,Survey of expert estimates,Expert interviews (middle of summary range where applicable),number of data points: 1
international organization report,IRENA 2023,https://www.irena.org/Publications/2023/May/The-cost-of-financing-for-renewable-power,URY,UY,Uruguay,non-OECD,Wind onshore,2020,WACC (nominal after-tax),4.20%,empirical result,Survey of expert estimates,Expert interviews (middle of summary range where applicable),number of data points: 1
international organization report,IRENA 2023,https://www.irena.org/Publications/2023/May/The-cost-of-financing-for-renewable-power,USA,US,United States,OECD,Wind onshore,2020,WACC (nominal after-tax),5.14%,empirical result,Survey of expert estimates,Expert interviews (middle of summary range where applicable),number of data points: 3
international organization report,IRENA 2023,https://www.irena.org/Publications/2023/May/The-cost-of-financing-for-renewable-power,VNM,VN,Viet Nam,non-OECD,Wind onshore,2020,WACC (nominal after-tax),6.76%,empirical result,Survey of expert estimates,Expert interviews (middle of summary range where applicable),number of data points: 3
