FREQ,FREQ_LABEL,REF_AREA,REF_AREA_LABEL,INDICATOR,INDICATOR_LABEL,UNIT_MEASURE,UNIT_MEASURE_LABEL,DATABASE_ID,DATABASE_ID_LABEL,UNIT_MULT,UNIT_MULT_LABEL,OBS_STATUS,OBS_STATUS_LABEL,OBS_CONF,OBS_CONF_LABEL,2010,2011,2012,2013,2014,2015,2016,2017,2018,2019,2020,2021,2022,2023
A,Annual,AFG,Afghanistan,WB_RISE_CC_ALL,Sustainable Energy - Clean Cooking Score,SCORE,Score,WB_RISE,Regulatory Indicators for Sustainable Energy (RISE),0,Units,A,Normal value,PU,Public,0.0,0.0,0.0,0.0,0.0,8.333333333333334,8.333333333333334,8.333333333333334,8.333333333333334,8.333333333333334,8.333333333333334,8.333333333333334,8.333333333333334,8.333333333333334
A,Annual,AFG,Afghanistan,WB_RISE_CC_CCP,Clean Cooking National Planning,SCORE,Score,WB_RISE,Regulatory Indicators for Sustainable Energy (RISE),0,Units,A,Normal value,PU,Public,0.0,0.0,0.0,0.0,0.0,0.0,0.0,0.0,0.0,0.0,0.0,0.0,0.0,0.0
A,Annual,AFG,Afghanistan,WB_RISE_CC_FIAC,Incentives and Attributes for Clean Cooking,SCORE,Score,WB_RISE,Regulatory Indicators for Sustainable Energy (RISE),0,Units,A,Normal value,PU,Public,0.0,0.0,0.0,0.0,0.0,0.0,0.0,0.0,0.0,0.0,0.0,0.0,0.0,0.0
A,Annual,AFG,Afghanistan,WB_RISE_CC_SCCP,Implementation Scope of Clean Cooking Planning,SCORE,Score,WB_RISE,Regulatory Indicators for Sustainable Energy (RISE),0,Units,A,Normal value,PU,Public,0.0,0.0,0.0,0.0,0.0,0.0,0.0,0.0,0.0,0.0,0.0,0.0,0.0,0.0
A,Annual,AFG,Afghanistan,WB_RISE_CC_STLA,Standards and Labeling,SCORE,Score,WB_RISE,Regulatory Indicators for Sustainable Energy (RISE),0,Units,A,Normal value,PU,Public,0.0,0.0,0.0,0.0,0.0,33.333333333333336,33.333333333333336,33.333333333333336,33.333333333333336,33.333333333333336,33.333333333333336,33.333333333333336,33.333333333333336,33.333333333333336
A,Annual,AFG,Afghanistan,WB_RISE_CON_AFEL,Consumer Affordability of Electricity,SCORE,Score,WB_RISE,Regulatory Indicators for Sustainable Energy (RISE),0,Units,A,Normal value,PU,Public,65.72112712438974,65.72112712438974,65.72112712438974,65.72112712438974,65.72112712438974,65.72112712438974,65.72112712438974,82.38779379105641,82.38779379105641,82.38779379105641,82.38779379105641,82.38779379105641,82.38779379105641,82.38779379105641
A,Annual,AFG,Afghanistan,WB_RISE_EA_ALL,Sustainable Energy - Electricity Access Score,SCORE,Score,WB_RISE,Regulatory Indicators for Sustainable Energy (RISE),0,Units,A,Normal value,PU,Public,13.144225424877948,13.144225424877948,13.144225424877948,13.144225424877948,13.144225424877948,32.710362991015515,32.710362991015515,50.75269103334356,50.75269103334356,50.75269103334356,52.657452938105465,54.56221484286736,54.56221484286736,54.56221484286736
A,Annual,AFG,Afghanistan,WB_RISE_EE_ALL,Sustainable Energy - Energy Efficiency Score,SCORE,Score,WB_RISE,Regulatory Indicators for Sustainable Energy (RISE),0,Units,A,Normal value,PU,Public,0.0,0.0,0.0,0.0,0.0,0.2222222222222222,19.50617283950617,19.50617283950617,19.50617283950617,19.50617283950617,19.50617283950617,19.50617283950617,19.50617283950617,19.50617283950617
A,Annual,AFG,Afghanistan,WB_RISE_EE_BEC,Building Energy Codes,SCORE,Score,WB_RISE,Regulatory Indicators for Sustainable Energy (RISE),0,Units,A,Normal value,PU,Public,0.0,0.0,0.0,0.0,0.0,0.0,26.666666666666668,26.666666666666668,26.666666666666668,26.666666666666668,26.666666666666668,26.666666666666668,26.666666666666668,26.666666666666668
A,Annual,AFG,Afghanistan,WB_RISE_EE_EES,Energy Efficiency Governance,SCORE,Score,WB_RISE,Regulatory Indicators for Sustainable Energy (RISE),0,Units,A,Normal value,PU,Public,0.0,0.0,0.0,0.0,0.0,2.0,70.55555555555556,70.55555555555556,70.55555555555556,70.55555555555556,70.55555555555556,70.55555555555556,70.55555555555556,70.55555555555556
A,Annual,AFG,Afghanistan,WB_RISE_EE_ELS,Energy Labeling Systems,SCORE,Score,WB_RISE,Regulatory Indicators for Sustainable Energy (RISE),0,Units,A,Normal value,PU,Public,0.0,0.0,0.0,0.0,0.0,0.0,0.0,0.0,0.0,0.0,0.0,0.0,0.0,0.0
A,Annual,AFG,Afghanistan,WB_RISE_EE_FMEE,Financing Mechanisms for Energy Efficiency,SCORE,Score,WB_RISE,Regulatory Indicators for Sustainable Energy (RISE),0,Units,A,Normal value,PU,Public,0.0,0.0,0.0,0.0,0.0,0.0,33.333333333333336,33.333333333333336,33.333333333333336,33.333333333333336,33.333333333333336,33.333333333333336,33.333333333333336,33.333333333333336
A,Annual,AFG,Afghanistan,WB_RISE_EE_IMIC,Industrial and Commercial End Users,SCORE,Score,WB_RISE,Regulatory Indicators for Sustainable Energy (RISE),0,Units,A,Normal value,PU,Public,0.0,0.0,0.0,0.0,0.0,0.0,25.0,25.0,25.0,25.0,25.0,25.0,25.0,25.0
A,Annual,AFG,Afghanistan,WB_RISE_EE_IMPS,Energy Efficiency in Public Sector,SCORE,Score,WB_RISE,Regulatory Indicators for Sustainable Energy (RISE),0,Units,A,Normal value,PU,Public,0.0,0.0,0.0,0.0,0.0,0.0,0.0,0.0,0.0,0.0,0.0,0.0,0.0,0.0
A,Annual,AFG,Afghanistan,WB_RISE_EE_IMUT,Incentives & Mandates: Energy Utility Programs,SCORE,Score,WB_RISE,Regulatory Indicators for Sustainable Energy (RISE),0,Units,A,Normal value,PU,Public,0.0,0.0,0.0,0.0,0.0,0.0,20.0,20.0,20.0,20.0,20.0,20.0,20.0,20.0
A,Annual,AFG,Afghanistan,WB_RISE_EE_MEEP,Minimum Energy Efficiency Performance Standards,SCORE,Score,WB_RISE,Regulatory Indicators for Sustainable Energy (RISE),0,Units,A,Normal value,PU,Public,0.0,0.0,0.0,0.0,0.0,0.0,0.0,0.0,0.0,0.0,0.0,0.0,0.0,0.0
A,Annual,AFG,Afghanistan,WB_RISE_EE_TRN,Transport Sector,SCORE,Score,WB_RISE,Regulatory Indicators for Sustainable Energy (RISE),0,Units,A,Normal value,PU,Public,0.0,0.0,0.0,0.0,0.0,0.0,0.0,0.0,0.0,0.0,0.0,0.0,0.0,0.0
A,Annual,AFG,Afghanistan,WB_RISE_ELTN_PL,Electrification Governance and Planning,SCORE,Score,WB_RISE,Regulatory Indicators for Sustainable Energy (RISE),0,Units,A,Normal value,PU,Public,0.0,0.0,0.0,0.0,0.0,45.71428571428572,45.71428571428572,50.47619047619048,50.47619047619048,50.47619047619048,50.47619047619048,50.47619047619048,50.47619047619048,50.47619047619048
A,Annual,AFG,Afghanistan,WB_RISE_FRM_MGRI,Minigrids Framework,SCORE,Score,WB_RISE,Regulatory Indicators for Sustainable Energy (RISE),0,Units,A,Normal value,PU,Public,0.0,0.0,0.0,0.0,0.0,13.227513227513228,13.227513227513228,26.455026455026456,26.455026455026456,26.455026455026456,35.97883597883598,45.5026455026455,45.5026455026455,45.5026455026455
A,Annual,AFG,Afghanistan,WB_RISE_FRM_OGS,Off-Grid Systems Framework,SCORE,Score,WB_RISE,Regulatory Indicators for Sustainable Energy (RISE),0,Units,A,Normal value,PU,Public,0.0,0.0,0.0,0.0,0.0,5.555555555555556,5.555555555555556,61.11111111111111,61.11111111111111,61.11111111111111,61.11111111111111,61.11111111111111,61.11111111111111,61.11111111111111
A,Annual,AFG,Afghanistan,WB_RISE_FR_GREL,Grid Electrification Framework,SCORE,Score,WB_RISE,Regulatory Indicators for Sustainable Energy (RISE),0,Units,A,Normal value,PU,Public,0.0,0.0,0.0,0.0,0.0,33.333333333333336,33.333333333333336,33.333333333333336,33.333333333333336,33.333333333333336,33.333333333333336,33.333333333333336,33.333333333333336,33.333333333333336
A,Annual,AFG,Afghanistan,WB_RISE_RE_ALL,Sustainable Energy - Renewable Energy Score,SCORE,Score,WB_RISE,Regulatory Indicators for Sustainable Energy (RISE),0,Units,A,Normal value,PU,Public,3.690476190476191,3.690476190476191,3.690476190476191,5.912698412698413,5.912698412698413,12.57936507936508,12.57936507936508,12.57936507936508,13.134920634920636,13.134920634920636,15.634920634920636,15.634920634920636,15.634920634920636,12.1164021164021
A,Annual,AFG,Afghanistan,WB_RISE_RE_ELEC,Electricity Sector Renewables,SCORE,Score,WB_RISE,Regulatory Indicators for Sustainable Energy (RISE),0,Units,A,Normal value,PU,Public,0.0,0.0,0.0,11.111111111111112,11.111111111111112,27.77777777777777,27.77777777777777,27.77777777777777,30.55555555555556,30.55555555555556,30.55555555555556,30.55555555555556,30.55555555555556,29.62962962962963
A,Annual,AFG,Afghanistan,WB_RISE_RE_GOV,Renewable Energy - Governance,SCORE,Score,WB_RISE,Regulatory Indicators for Sustainable Energy (RISE),0,Units,A,Normal value,PU,Public,18.452380952380956,18.452380952380956,18.452380952380956,18.452380952380956,18.452380952380956,35.11904761904762,35.11904761904762,35.11904761904762,35.11904761904762,35.11904761904762,47.61904761904762,47.61904761904762,47.61904761904762,30.95238095238096
A,Annual,AFG,Afghanistan,WB_RISE_RE_HE_CO,Heating and Cooling Renewables,SCORE,Score,WB_RISE,Regulatory Indicators for Sustainable Energy (RISE),0,Units,A,Normal value,PU,Public,0.0,0.0,0.0,0.0,0.0,0.0,0.0,0.0,0.0,0.0,0.0,0.0,0.0,0.0
A,Annual,AFG,Afghanistan,WB_RISE_RE_LVL_PLYNG_FLD,Leveling the Playing Field for Renewables,SCORE,Score,WB_RISE,Regulatory Indicators for Sustainable Energy (RISE),0,Units,A,Normal value,PU,Public,0.0,0.0,0.0,0.0,0.0,0.0,0.0,0.0,0.0,0.0,0.0,0.0,0.0,0.0
A,Annual,AFG,Afghanistan,WB_RISE_RE_TRNS,Transport Sector Renewables,SCORE,Score,WB_RISE,Regulatory Indicators for Sustainable Energy (RISE),0,Units,A,Normal value,PU,Public,0.0,0.0,0.0,0.0,0.0,0.0,0.0,0.0,0.0,0.0,0.0,0.0,0.0,0.0
A,Annual,AGO,Angola,WB_RISE_CC_ALL,Sustainable Energy - Clean Cooking Score,SCORE,Score,WB_RISE,Regulatory Indicators for Sustainable Energy (RISE),0,Units,A,Normal value,PU,Public,0.0,0.0,0.0,0.0,3.333333333333333,18.05555555555556,18.05555555555556,18.05555555555556,18.05555555555556,19.72222222222222,21.38888888888889,26.388888888888893,26.388888888888893,29.722222222222225
A,Annual,AGO,Angola,WB_RISE_CC_CCP,Clean Cooking National Planning,SCORE,Score,WB_RISE,Regulatory Indicators for Sustainable Energy (RISE),0,Units,A,Normal value,PU,Public,0.0,0.0,0.0,0.0,13.333333333333334,53.333333333333336,53.333333333333336,53.333333333333336,53.333333333333336,53.333333333333336,60.0,66.66666666666667,66.66666666666667,66.66666666666667
A,Annual,AGO,Angola,WB_RISE_CC_FIAC,Incentives and Attributes for Clean Cooking,SCORE,Score,WB_RISE,Regulatory Indicators for Sustainable Energy (RISE),0,Units,A,Normal value,PU,Public,0.0,0.0,0.0,0.0,0.0,0.0,0.0,0.0,0.0,0.0,0.0,0.0,0.0,0.0
A,Annual,AGO,Angola,WB_RISE_CC_SCCP,Implementation Scope of Clean Cooking Planning,SCORE,Score,WB_RISE,Regulatory Indicators for Sustainable Energy (RISE),0,Units,A,Normal value,PU,Public,0.0,0.0,0.0,0.0,0.0,18.88888888888889,18.88888888888889,18.88888888888889,18.88888888888889,25.55555555555556,25.55555555555556,38.88888888888889,38.88888888888889,52.22222222222223
A,Annual,AGO,Angola,WB_RISE_CC_STLA,Standards and Labeling,SCORE,Score,WB_RISE,Regulatory Indicators for Sustainable Energy (RISE),0,Units,A,Normal value,PU,Public,0.0,0.0,0.0,0.0,0.0,0.0,0.0,0.0,0.0,0.0,0.0,0.0,0.0,0.0
A,Annual,AGO,Angola,WB_RISE_CON_AFEL,Consumer Affordability of Electricity,SCORE,Score,WB_RISE,Regulatory Indicators for Sustainable Energy (RISE),0,Units,A,Normal value,PU,Public,66.66199999999999,66.66199999999999,66.66199999999999,66.66199999999999,66.66199999999999,66.66199999999999,66.66199999999999,66.66199999999999,66.66199999999999,66.66199999999999,83.32866666666666,99.99533333333332,99.99533333333332,99.99533333333332
A,Annual,AGO,Angola,WB_RISE_EA_ALL,Sustainable Energy - Electricity Access Score,SCORE,Score,WB_RISE,Regulatory Indicators for Sustainable Energy (RISE),0,Units,A,Normal value,PU,Public,15.2371619047619,15.2371619047619,15.2371619047619,15.2371619047619,15.2371619047619,17.300653968253965,17.300653968253965,17.300653968253965,31.353564021164026,32.09430476190476,41.88266455026455,78.39060105820106,78.39060105820106,77.43822010582011
A,Annual,AGO,Angola,WB_RISE_EE_ALL,Sustainable Energy - Energy Efficiency Score,SCORE,Score,WB_RISE,Regulatory Indicators for Sustainable Energy (RISE),0,Units,A,Normal value,PU,Public,0.617283950617284,0.617283950617284,0.617283950617284,0.617283950617284,0.617283950617284,0.617283950617284,0.617283950617284,0.617283950617284,0.925925925925926,4.537037037037037,5.87037037037037,5.87037037037037,6.981481481481482,10.839506172839506
A,Annual,AGO,Angola,WB_RISE_EE_BEC,Building Energy Codes,SCORE,Score,WB_RISE,Regulatory Indicators for Sustainable Energy (RISE),0,Units,A,Normal value,PU,Public,0.0,0.0,0.0,0.0,0.0,0.0,0.0,0.0,0.0,0.0,0.0,0.0,0.0,0.0
A,Annual,AGO,Angola,WB_RISE_EE_EES,Energy Efficiency Governance,SCORE,Score,WB_RISE,Regulatory Indicators for Sustainable Energy (RISE),0,Units,A,Normal value,PU,Public,5.555555555555556,5.555555555555556,5.555555555555556,5.555555555555556,5.555555555555556,5.555555555555556,5.555555555555556,5.555555555555556,8.333333333333334,8.333333333333334,20.333333333333336,20.333333333333336,30.333333333333336,35.88888888888889
A,Annual,AGO,Angola,WB_RISE_EE_ELS,Energy Labeling Systems,SCORE,Score,WB_RISE,Regulatory Indicators for Sustainable Energy (RISE),0,Units,A,Normal value,PU,Public,0.0,0.0,0.0,0.0,0.0,0.0,0.0,0.0,0.0,0.0,0.0,0.0,0.0,0.0
A,Annual,AGO,Angola,WB_RISE_EE_FMEE,Financing Mechanisms for Energy Efficiency,SCORE,Score,WB_RISE,Regulatory Indicators for Sustainable Energy (RISE),0,Units,A,Normal value,PU,Public,0.0,0.0,0.0,0.0,0.0,0.0,0.0,0.0,0.0,0.0,0.0,0.0,0.0,0.0
A,Annual,AGO,Angola,WB_RISE_EE_IMIC,Industrial and Commercial End Users,SCORE,Score,WB_RISE,Regulatory Indicators for Sustainable Energy (RISE),0,Units,A,Normal value,PU,Public,0.0,0.0,0.0,0.0,0.0,0.0,0.0,0.0,0.0,12.5,12.5,12.5,12.5,25.0
A,Annual,AGO,Angola,WB_RISE_EE_IMPS,Energy Efficiency in Public Sector,SCORE,Score,WB_RISE,Regulatory Indicators for Sustainable Energy (RISE),0,Units,A,Normal value,PU,Public,0.0,0.0,0.0,0.0,0.0,0.0,0.0,0.0,0.0,0.0,0.0,0.0,0.0,16.666666666666668
A,Annual,AGO,Angola,WB_RISE_EE_IMUT,Incentives & Mandates: Energy Utility Programs,SCORE,Score,WB_RISE,Regulatory Indicators for Sustainable Energy (RISE),0,Units,A,Normal value,PU,Public,0.0,0.0,0.0,0.0,0.0,0.0,0.0,0.0,0.0,20.0,20.0,20.0,20.0,20.0
A,Annual,AGO,Angola,WB_RISE_EE_MEEP,Minimum Energy Efficiency Performance Standards,SCORE,Score,WB_RISE,Regulatory Indicators for Sustainable Energy (RISE),0,Units,A,Normal value,PU,Public,0.0,0.0,0.0,0.0,0.0,0.0,0.0,0.0,0.0,0.0,0.0,0.0,0.0,0.0
A,Annual,AGO,Angola,WB_RISE_EE_TRN,Transport Sector,SCORE,Score,WB_RISE,Regulatory Indicators for Sustainable Energy (RISE),0,Units,A,Normal value,PU,Public,0.0,0.0,0.0,0.0,0.0,0.0,0.0,0.0,0.0,0.0,0.0,0.0,0.0,0.0
A,Annual,AGO,Angola,WB_RISE_ELTN_PL,Electrification Governance and Planning,SCORE,Score,WB_RISE,Regulatory Indicators for Sustainable Energy (RISE),0,Units,A,Normal value,PU,Public,0.0,0.0,0.0,0.0,0.0,0.0,0.0,0.0,53.333333333333336,53.333333333333336,81.90476190476191,81.90476190476191,81.90476190476191,81.90476190476191
A,Annual,AGO,Angola,WB_RISE_FRM_MGRI,Minigrids Framework,SCORE,Score,WB_RISE,Regulatory Indicators for Sustainable Energy (RISE),0,Units,A,Normal value,PU,Public,9.523809523809524,9.523809523809524,9.523809523809524,9.523809523809524,9.523809523809524,14.285714285714285,14.285714285714285,14.285714285714285,31.21693121693121,34.92063492063492,38.62433862433863,87.83068783068784,87.83068783068784,83.06878306878308
A,Annual,AGO,Angola,WB_RISE_FRM_OGS,Off-Grid Systems Framework,SCORE,Score,WB_RISE,Regulatory Indicators for Sustainable Energy (RISE),0,Units,A,Normal value,PU,Public,0.0,0.0,0.0,0.0,0.0,5.555555555555556,5.555555555555556,5.555555555555556,5.555555555555556,5.555555555555556,5.555555555555556,55.55555555555557,55.55555555555557,55.55555555555557
A,Annual,AGO,Angola,WB_RISE_FR_GREL,Grid Electrification Framework,SCORE,Score,WB_RISE,Regulatory Indicators for Sustainable Energy (RISE),0,Units,A,Normal value,PU,Public,0.0,0.0,0.0,0.0,0.0,0.0,0.0,0.0,0.0,0.0,0.0,66.66666666666667,66.66666666666667,66.66666666666667
A,Annual,AGO,Angola,WB_RISE_RE_ALL,Sustainable Energy - Renewable Energy Score,SCORE,Score,WB_RISE,Regulatory Indicators for Sustainable Energy (RISE),0,Units,A,Normal value,PU,Public,7.5,8.055555555555555,8.055555555555555,8.055555555555555,8.88888888888889,14.555555555555555,15.666666666666668,15.666666666666668,18.55555555555556,22.25925925925926,22.25925925925926,22.25925925925926,32.25925925925926,28.25925925925926
A,Annual,AGO,Angola,WB_RISE_RE_ELEC,Electricity Sector Renewables,SCORE,Score,WB_RISE,Regulatory Indicators for Sustainable Energy (RISE),0,Units,A,Normal value,PU,Public,4.166666666666667,6.9444444444444455,6.9444444444444455,6.9444444444444455,11.111111111111112,19.444444444444446,25.0,25.0,39.44444444444445,41.2962962962963,41.2962962962963,41.2962962962963,41.2962962962963,41.2962962962963
A,Annual,AGO,Angola,WB_RISE_RE_GOV,Renewable Energy - Governance,SCORE,Score,WB_RISE,Regulatory Indicators for Sustainable Energy (RISE),0,Units,A,Normal value,PU,Public,33.333333333333336,33.333333333333336,33.333333333333336,33.333333333333336,33.333333333333336,33.333333333333336,33.333333333333336,33.333333333333336,33.333333333333336,50.0,50.0,50.0,100.0,83.33333333333334
A,Annual,AGO,Angola,WB_RISE_RE_HE_CO,Heating and Cooling Renewables,SCORE,Score,WB_RISE,Regulatory Indicators for Sustainable Energy (RISE),0,Units,A,Normal value,PU,Public,0.0,0.0,0.0,0.0,0.0,0.0,0.0,0.0,0.0,0.0,0.0,0.0,0.0,0.0
A,Annual,AGO,Angola,WB_RISE_RE_LVL_PLYNG_FLD,Leveling the Playing Field for Renewables,SCORE,Score,WB_RISE,Regulatory Indicators for Sustainable Energy (RISE),0,Units,A,Normal value,PU,Public,0.0,0.0,0.0,0.0,0.0,20.0,20.0,20.0,20.0,20.0,20.0,20.0,20.0,0.0
A,Annual,AGO,Angola,WB_RISE_RE_TRNS,Transport Sector Renewables,SCORE,Score,WB_RISE,Regulatory Indicators for Sustainable Energy (RISE),0,Units,A,Normal value,PU,Public,0.0,0.0,0.0,0.0,0.0,0.0,0.0,0.0,0.0,0.0,0.0,0.0,0.0,16.666666666666668
A,Annual,ALB,Albania,WB_RISE_EE_ALL,Sustainable Energy - Energy Efficiency Score,SCORE,Score,WB_RISE,Regulatory Indicators for Sustainable Energy (RISE),0,Units,A,Normal value,PU,Public,3.703703703703704,7.160493827160495,8.271604938271606,19.074074074074076,20.185185185185183,32.68518518518519,40.21604938271605,42.06790123456791,42.808641975308646,46.04938271604939,46.04938271604939,46.04938271604939,46.04938271604939,46.04938271604939
A,Annual,ALB,Albania,WB_RISE_EE_BEC,Building Energy Codes,SCORE,Score,WB_RISE,Regulatory Indicators for Sustainable Energy (RISE),0,Units,A,Normal value,PU,Public,0.0,0.0,0.0,0.0,0.0,0.0,48.333333333333336,48.333333333333336,55.0,55.0,55.0,55.0,55.0,55.0
A,Annual,ALB,Albania,WB_RISE_EE_EES,Energy Efficiency Governance,SCORE,Score,WB_RISE,Regulatory Indicators for Sustainable Energy (RISE),0,Units,A,Normal value,PU,Public,0.0,31.111111111111114,41.11111111111112,41.11111111111112,51.11111111111112,67.77777777777779,70.55555555555556,70.55555555555556,70.55555555555556,70.55555555555556,70.55555555555556,70.55555555555556,70.55555555555556,70.55555555555556
A,Annual,ALB,Albania,WB_RISE_EE_ELS,Energy Labeling Systems,SCORE,Score,WB_RISE,Regulatory Indicators for Sustainable Energy (RISE),0,Units,A,Normal value,PU,Public,0.0,0.0,0.0,41.66666666666666,41.66666666666666,41.66666666666666,41.66666666666666,41.66666666666666,41.66666666666666,41.66666666666666,41.66666666666666,41.66666666666666,41.66666666666666,41.66666666666666
A,Annual,ALB,Albania,WB_RISE_EE_FMEE,Financing Mechanisms for Energy Efficiency,SCORE,Score,WB_RISE,Regulatory Indicators for Sustainable Energy (RISE),0,Units,A,Normal value,PU,Public,0.0,0.0,0.0,0.0,0.0,0.0,0.0,0.0,0.0,16.666666666666668,16.666666666666668,16.666666666666668,16.666666666666668,16.666666666666668
A,Annual,ALB,Albania,WB_RISE_EE_IMIC,Industrial and Commercial End Users,SCORE,Score,WB_RISE,Regulatory Indicators for Sustainable Energy (RISE),0,Units,A,Normal value,PU,Public,0.0,0.0,0.0,0.0,0.0,62.5,62.5,62.5,62.5,75.0,75.0,75.0,75.0,75.0
A,Annual,ALB,Albania,WB_RISE_EE_IMPS,Energy Efficiency in Public Sector,SCORE,Score,WB_RISE,Regulatory Indicators for Sustainable Energy (RISE),0,Units,A,Normal value,PU,Public,16.666666666666668,16.666666666666668,16.666666666666668,16.666666666666668,16.666666666666668,33.333333333333336,33.333333333333336,50.0,50.0,50.0,50.0,50.0,50.0,50.0
A,Annual,ALB,Albania,WB_RISE_EE_IMUT,Incentives & Mandates: Energy Utility Programs,SCORE,Score,WB_RISE,Regulatory Indicators for Sustainable Energy (RISE),0,Units,A,Normal value,PU,Public,16.666666666666668,16.666666666666668,16.666666666666668,16.666666666666668,16.666666666666668,33.333333333333336,33.333333333333336,33.333333333333336,33.333333333333336,33.333333333333336,33.333333333333336,33.333333333333336,33.333333333333336,33.333333333333336
A,Annual,ALB,Albania,WB_RISE_EE_MEEP,Minimum Energy Efficiency Performance Standards,SCORE,Score,WB_RISE,Regulatory Indicators for Sustainable Energy (RISE),0,Units,A,Normal value,PU,Public,0.0,0.0,0.0,55.55555555555556,55.55555555555556,55.55555555555556,55.55555555555556,55.55555555555556,55.55555555555556,55.55555555555556,55.55555555555556,55.55555555555556,55.55555555555556,55.55555555555556
A,Annual,ALB,Albania,WB_RISE_EE_TRN,Transport Sector,SCORE,Score,WB_RISE,Regulatory Indicators for Sustainable Energy (RISE),0,Units,A,Normal value,PU,Public,0.0,0.0,0.0,0.0,0.0,0.0,16.666666666666668,16.666666666666668,16.666666666666668,16.666666666666668,16.666666666666668,16.666666666666668,16.666666666666668,16.666666666666668
A,Annual,ALB,Albania,WB_RISE_RE_ALL,Sustainable Energy - Renewable Energy Score,SCORE,Score,WB_RISE,Regulatory Indicators for Sustainable Energy (RISE),0,Units,A,Normal value,PU,Public,6.142857142857143,6.142857142857143,6.142857142857143,6.142857142857143,6.8571428571428585,8.523809523809524,11.857142857142858,35.6957671957672,35.6957671957672,35.6957671957672,35.6957671957672,35.6957671957672,35.6957671957672,51.01058201058201
A,Annual,ALB,Albania,WB_RISE_RE_ELEC,Electricity Sector Renewables,SCORE,Score,WB_RISE,Regulatory Indicators for Sustainable Energy (RISE),0,Units,A,Normal value,PU,Public,3.333333333333333,3.333333333333333,3.333333333333333,3.333333333333333,3.333333333333333,11.666666666666666,11.666666666666666,46.57407407407408,46.57407407407408,46.57407407407408,46.57407407407408,46.57407407407408,46.57407407407408,53.14814814814815
A,Annual,ALB,Albania,WB_RISE_RE_GOV,Renewable Energy - Governance,SCORE,Score,WB_RISE,Regulatory Indicators for Sustainable Energy (RISE),0,Units,A,Normal value,PU,Public,10.714285714285714,10.714285714285714,10.714285714285714,10.714285714285714,14.285714285714286,14.285714285714286,14.285714285714286,61.90476190476191,61.90476190476191,61.90476190476191,61.90476190476191,61.90476190476191,61.90476190476191,61.90476190476191
A,Annual,ALB,Albania,WB_RISE_RE_HE_CO,Heating and Cooling Renewables,SCORE,Score,WB_RISE,Regulatory Indicators for Sustainable Energy (RISE),0,Units,A,Normal value,PU,Public,0.0,0.0,0.0,0.0,0.0,0.0,16.666666666666668,16.666666666666668,16.666666666666668,16.666666666666668,16.666666666666668,16.666666666666668,16.666666666666668,33.333333333333336
A,Annual,ALB,Albania,WB_RISE_RE_LVL_PLYNG_FLD,Leveling the Playing Field for Renewables,SCORE,Score,WB_RISE,Regulatory Indicators for Sustainable Energy (RISE),0,Units,A,Normal value,PU,Public,0.0,0.0,0.0,0.0,0.0,0.0,0.0,20.0,20.0,20.0,20.0,20.0,20.0,40.0
A,Annual,ALB,Albania,WB_RISE_RE_TRNS,Transport Sector Renewables,SCORE,Score,WB_RISE,Regulatory Indicators for Sustainable Energy (RISE),0,Units,A,Normal value,PU,Public,16.666666666666668,16.666666666666668,16.666666666666668,16.666666666666668,16.666666666666668,16.666666666666668,16.666666666666668,33.333333333333336,33.333333333333336,33.333333333333336,33.333333333333336,33.333333333333336,33.333333333333336,66.66666666666667
A,Annual,ARE,United Arab Emirates,WB_RISE_EE_ALL,Sustainable Energy - Energy Efficiency Score,SCORE,Score,WB_RISE,Regulatory Indicators for Sustainable Energy (RISE),0,Units,A,Normal value,PU,Public,7.932098765432098,21.296296296296298,22.685185185185187,33.17901234567901,38.086419753086425,60.22222222222222,65.77777777777777,68.88888888888889,70.74074074074073,70.74074074074073,70.74074074074073,70.74074074074073,70.74074074074073,70.74074074074073
A,Annual,ARE,United Arab Emirates,WB_RISE_EE_BEC,Building Energy Codes,SCORE,Score,WB_RISE,Regulatory Indicators for Sustainable Energy (RISE),0,Units,A,Normal value,PU,Public,0.0,43.333333333333336,43.333333333333336,43.333333333333336,50.0,71.66666666666667,71.66666666666667,71.66666666666667,71.66666666666667,71.66666666666667,71.66666666666667,71.66666666666667,71.66666666666667,71.66666666666667
A,Annual,ARE,United Arab Emirates,WB_RISE_EE_EES,Energy Efficiency Governance,SCORE,Score,WB_RISE,Regulatory Indicators for Sustainable Energy (RISE),0,Units,A,Normal value,PU,Public,0.0,0.0,0.0,0.0,16.666666666666668,72.0,72.0,100.0,100.0,100.0,100.0,100.0,100.0,100.0
A,Annual,ARE,United Arab Emirates,WB_RISE_EE_ELS,Energy Labeling Systems,SCORE,Score,WB_RISE,Regulatory Indicators for Sustainable Energy (RISE),0,Units,A,Normal value,PU,Public,0.0,29.166666666666664,41.66666666666667,58.333333333333336,66.66666666666667,66.66666666666667,66.66666666666667,66.66666666666667,66.66666666666667,66.66666666666667,66.66666666666667,66.66666666666667,66.66666666666667,66.66666666666667
A,Annual,ARE,United Arab Emirates,WB_RISE_EE_FMEE,Financing Mechanisms for Energy Efficiency,SCORE,Score,WB_RISE,Regulatory Indicators for Sustainable Energy (RISE),0,Units,A,Normal value,PU,Public,50.0,50.0,50.0,100.0,100.0,100.0,100.0,100.0,100.0,100.0,100.0,100.0,100.0,100.0
A,Annual,ARE,United Arab Emirates,WB_RISE_EE_IMIC,Industrial and Commercial End Users,SCORE,Score,WB_RISE,Regulatory Indicators for Sustainable Energy (RISE),0,Units,A,Normal value,PU,Public,0.0,0.0,0.0,0.0,12.5,50.0,50.0,50.0,50.0,50.0,50.0,50.0,50.0,50.0
A,Annual,ARE,United Arab Emirates,WB_RISE_EE_IMPS,Energy Efficiency in Public Sector,SCORE,Score,WB_RISE,Regulatory Indicators for Sustainable Energy (RISE),0,Units,A,Normal value,PU,Public,0.0,0.0,0.0,16.666666666666668,16.666666666666668,50.0,66.66666666666667,66.66666666666667,83.33333333333334,83.33333333333334,83.33333333333334,83.33333333333334,83.33333333333334,83.33333333333334
A,Annual,ARE,United Arab Emirates,WB_RISE_EE_IMUT,Incentives & Mandates: Energy Utility Programs,SCORE,Score,WB_RISE,Regulatory Indicators for Sustainable Energy (RISE),0,Units,A,Normal value,PU,Public,20.0,40.0,40.0,40.0,40.0,40.0,56.66666666666667,56.66666666666667,56.66666666666667,56.66666666666667,56.66666666666667,56.66666666666667,56.66666666666667,56.66666666666667
A,Annual,ARE,United Arab Emirates,WB_RISE_EE_MEEP,Minimum Energy Efficiency Performance Standards,SCORE,Score,WB_RISE,Regulatory Indicators for Sustainable Energy (RISE),0,Units,A,Normal value,PU,Public,1.388888888888889,29.16666666666667,29.16666666666667,40.277777777777786,40.277777777777786,66.66666666666667,66.66666666666667,66.66666666666667,66.66666666666667,66.66666666666667,66.66666666666667,66.66666666666667,66.66666666666667,66.66666666666667
A,Annual,ARE,United Arab Emirates,WB_RISE_EE_TRN,Transport Sector,SCORE,Score,WB_RISE,Regulatory Indicators for Sustainable Energy (RISE),0,Units,A,Normal value,PU,Public,0.0,0.0,0.0,0.0,0.0,25.0,41.66666666666667,41.66666666666667,41.66666666666667,41.66666666666667,41.66666666666667,41.66666666666667,41.66666666666667,41.66666666666667
A,Annual,ARE,United Arab Emirates,WB_RISE_RE_ALL,Sustainable Energy - Renewable Energy Score,SCORE,Score,WB_RISE,Regulatory Indicators for Sustainable Energy (RISE),0,Units,A,Normal value,PU,Public,8.0,8.0,15.142857142857144,15.142857142857144,33.58730158730159,44.56878306878308,47.62433862433863,55.95767195767196,58.81481481481482,59.1851851851852,59.1851851851852,59.1851851851852,59.1851851851852,53.88888888888889
A,Annual,ARE,United Arab Emirates,WB_RISE_RE_ELEC,Electricity Sector Renewables,SCORE,Score,WB_RISE,Regulatory Indicators for Sustainable Energy (RISE),0,Units,A,Normal value,PU,Public,0.0,0.0,0.0,0.0,8.88888888888889,30.46296296296296,45.74074074074074,70.74074074074073,70.74074074074073,72.5925925925926,72.5925925925926,72.5925925925926,72.5925925925926,57.77777777777778
A,Annual,ARE,United Arab Emirates,WB_RISE_RE_GOV,Renewable Energy - Governance,SCORE,Score,WB_RISE,Regulatory Indicators for Sustainable Energy (RISE),0,Units,A,Normal value,PU,Public,0.0,0.0,35.714285714285715,35.714285714285715,85.71428571428572,85.71428571428572,85.71428571428572,85.71428571428572,100.0,100.0,100.0,100.0,100.0,91.66666666666666
A,Annual,ARE,United Arab Emirates,WB_RISE_RE_HE_CO,Heating and Cooling Renewables,SCORE,Score,WB_RISE,Regulatory Indicators for Sustainable Energy (RISE),0,Units,A,Normal value,PU,Public,0.0,0.0,0.0,0.0,0.0,33.333333333333336,33.333333333333336,33.333333333333336,33.333333333333336,33.333333333333336,33.333333333333336,33.333333333333336,33.333333333333336,33.333333333333336
A,Annual,ARE,United Arab Emirates,WB_RISE_RE_LVL_PLYNG_FLD,Leveling the Playing Field for Renewables,SCORE,Score,WB_RISE,Regulatory Indicators for Sustainable Energy (RISE),0,Units,A,Normal value,PU,Public,40.0,40.0,40.0,40.0,40.0,40.0,40.0,40.0,40.0,40.0,40.0,40.0,40.0,20.0
A,Annual,ARE,United Arab Emirates,WB_RISE_RE_TRNS,Transport Sector Renewables,SCORE,Score,WB_RISE,Regulatory Indicators for Sustainable Energy (RISE),0,Units,A,Normal value,PU,Public,0.0,0.0,0.0,0.0,33.333333333333336,33.333333333333336,33.333333333333336,50.0,50.0,50.0,50.0,50.0,50.0,66.66666666666667
A,Annual,ARG,Argentina,WB_RISE_EE_ALL,Sustainable Energy - Energy Efficiency Score,SCORE,Score,WB_RISE,Regulatory Indicators for Sustainable Energy (RISE),0,Units,A,Normal value,PU,Public,23.73456790123457,23.73456790123457,24.660493827160494,26.88271604938272,26.88271604938272,26.88271604938272,28.271604938271608,32.901234567901234,34.01234567901234,38.17901234567901,38.17901234567901,38.17901234567901,38.17901234567901,38.17901234567901
A,Annual,ARG,Argentina,WB_RISE_EE_BEC,Building Energy Codes,SCORE,Score,WB_RISE,Regulatory Indicators for Sustainable Energy (RISE),0,Units,A,Normal value,PU,Public,0.0,0.0,0.0,20.0,20.0,20.0,20.0,20.0,20.0,20.0,20.0,20.0,20.0,20.0
A,Annual,ARG,Argentina,WB_RISE_EE_EES,Energy Efficiency Governance,SCORE,Score,WB_RISE,Regulatory Indicators for Sustainable Energy (RISE),0,Units,A,Normal value,PU,Public,2.777777777777778,2.777777777777778,2.777777777777778,2.777777777777778,2.777777777777778,2.777777777777778,2.777777777777778,2.777777777777778,12.77777777777778,21.111111111111114,21.111111111111114,21.111111111111114,21.111111111111114,21.111111111111114
A,Annual,ARG,Argentina,WB_RISE_EE_ELS,Energy Labeling Systems,SCORE,Score,WB_RISE,Regulatory Indicators for Sustainable Energy (RISE),0,Units,A,Normal value,PU,Public,37.5,37.5,45.833333333333336,45.833333333333336,45.833333333333336,45.833333333333336,45.833333333333336,45.833333333333336,45.833333333333336,45.833333333333336,45.833333333333336,45.833333333333336,45.833333333333336,45.833333333333336
A,Annual,ARG,Argentina,WB_RISE_EE_FMEE,Financing Mechanisms for Energy Efficiency,SCORE,Score,WB_RISE,Regulatory Indicators for Sustainable Energy (RISE),0,Units,A,Normal value,PU,Public,50.0,50.0,50.0,50.0,50.0,50.0,50.0,66.66666666666667,66.66666666666667,66.66666666666667,66.66666666666667,66.66666666666667,66.66666666666667,66.66666666666667
A,Annual,ARG,Argentina,WB_RISE_EE_IMIC,Industrial and Commercial End Users,SCORE,Score,WB_RISE,Regulatory Indicators for Sustainable Energy (RISE),0,Units,A,Normal value,PU,Public,0.0,0.0,0.0,0.0,0.0,0.0,12.5,37.5,37.5,50.0,50.0,50.0,50.0,50.0
A,Annual,ARG,Argentina,WB_RISE_EE_IMPS,Energy Efficiency in Public Sector,SCORE,Score,WB_RISE,Regulatory Indicators for Sustainable Energy (RISE),0,Units,A,Normal value,PU,Public,33.333333333333336,33.333333333333336,33.333333333333336,33.333333333333336,33.333333333333336,33.333333333333336,33.333333333333336,33.333333333333336,33.333333333333336,50.0,50.0,50.0,50.0,50.0
A,Annual,ARG,Argentina,WB_RISE_EE_IMUT,Incentives & Mandates: Energy Utility Programs,SCORE,Score,WB_RISE,Regulatory Indicators for Sustainable Energy (RISE),0,Units,A,Normal value,PU,Public,40.0,40.0,40.0,40.0,40.0,40.0,40.0,40.0,40.0,40.0,40.0,40.0,40.0,40.0
A,Annual,ARG,Argentina,WB_RISE_EE_MEEP,Minimum Energy Efficiency Performance Standards,SCORE,Score,WB_RISE,Regulatory Indicators for Sustainable Energy (RISE),0,Units,A,Normal value,PU,Public,0.0,0.0,0.0,0.0,0.0,0.0,0.0,0.0,0.0,0.0,0.0,0.0,0.0,0.0
A,Annual,ARG,Argentina,WB_RISE_EE_TRN,Transport Sector,SCORE,Score,WB_RISE,Regulatory Indicators for Sustainable Energy (RISE),0,Units,A,Normal value,PU,Public,50.0,50.0,50.0,50.0,50.0,50.0,50.0,50.0,50.0,50.0,50.0,50.0,50.0,50.0
A,Annual,ARG,Argentina,WB_RISE_RE_ALL,Sustainable Energy - Renewable Energy Score,SCORE,Score,WB_RISE,Regulatory Indicators for Sustainable Energy (RISE),0,Units,A,Normal value,PU,Public,14.246031746031749,16.388888888888893,16.388888888888893,16.388888888888893,17.103174603174605,18.769841269841272,24.436507936507937,31.1031746031746,31.1031746031746,33.91798941798942,33.91798941798942,33.91798941798942,33.91798941798942,49.62169312169313
A,Annual,ARG,Argentina,WB_RISE_RE_ELEC,Electricity Sector Renewables,SCORE,Score,WB_RISE,Regulatory Indicators for Sustainable Energy (RISE),0,Units,A,Normal value,PU,Public,11.111111111111112,11.111111111111112,11.111111111111112,11.111111111111112,11.111111111111112,19.444444444444446,31.11111111111111,31.11111111111111,31.11111111111111,45.18518518518518,45.18518518518518,45.18518518518518,45.18518518518518,75.37037037037037
A,Annual,ARG,Argentina,WB_RISE_RE_GOV,Renewable Energy - Governance,SCORE,Score,WB_RISE,Regulatory Indicators for Sustainable Energy (RISE),0,Units,A,Normal value,PU,Public,43.45238095238095,54.16666666666667,54.16666666666667,54.16666666666667,57.73809523809524,57.73809523809524,74.4047619047619,91.07142857142856,91.07142857142856,91.07142857142856,91.07142857142856,91.07142857142856,91.07142857142856,82.73809523809524
A,Annual,ARG,Argentina,WB_RISE_RE_HE_CO,Heating and Cooling Renewables,SCORE,Score,WB_RISE,Regulatory Indicators for Sustainable Energy (RISE),0,Units,A,Normal value,PU,Public,0.0,0.0,0.0,0.0,0.0,0.0,0.0,0.0,0.0,0.0,0.0,0.0,0.0,0.0
A,Annual,ARG,Argentina,WB_RISE_RE_LVL_PLYNG_FLD,Leveling the Playing Field for Renewables,SCORE,Score,WB_RISE,Regulatory Indicators for Sustainable Energy (RISE),0,Units,A,Normal value,PU,Public,0.0,0.0,0.0,0.0,0.0,0.0,0.0,0.0,0.0,0.0,0.0,0.0,0.0,40.0
A,Annual,ARG,Argentina,WB_RISE_RE_TRNS,Transport Sector Renewables,SCORE,Score,WB_RISE,Regulatory Indicators for Sustainable Energy (RISE),0,Units,A,Normal value,PU,Public,16.666666666666668,16.666666666666668,16.666666666666668,16.666666666666668,16.666666666666668,16.666666666666668,16.666666666666668,33.333333333333336,33.333333333333336,33.333333333333336,33.333333333333336,33.333333333333336,33.333333333333336,50.0
A,Annual,ARM,Armenia,WB_RISE_EE_ALL,Sustainable Energy - Energy Efficiency Score,SCORE,Score,WB_RISE,Regulatory Indicators for Sustainable Energy (RISE),0,Units,A,Normal value,PU,Public,14.814814814814811,15.740740740740742,23.45679012345679,24.938271604938272,26.41975308641976,35.28395061728395,37.13580246913581,39.17283950617284,39.79012345679013,39.79012345679013,39.79012345679013,40.098765432098766,48.67283950617284,48.67283950617284
A,Annual,ARM,Armenia,WB_RISE_EE_BEC,Building Energy Codes,SCORE,Score,WB_RISE,Regulatory Indicators for Sustainable Energy (RISE),0,Units,A,Normal value,PU,Public,13.333333333333334,21.666666666666668,21.666666666666668,35.0,48.333333333333336,48.333333333333336,48.333333333333336,56.66666666666666,56.66666666666666,56.66666666666666,56.66666666666666,56.66666666666666,56.66666666666666,56.66666666666666
A,Annual,ARM,Armenia,WB_RISE_EE_EES,Energy Efficiency Governance,SCORE,Score,WB_RISE,Regulatory Indicators for Sustainable Energy (RISE),0,Units,A,Normal value,PU,Public,16.666666666666668,16.666666666666668,19.444444444444446,19.444444444444446,19.444444444444446,24.222222222222225,24.222222222222225,24.222222222222225,29.777777777777786,29.777777777777786,29.777777777777786,32.55555555555556,80.55555555555556,80.55555555555556
A,Annual,ARM,Armenia,WB_RISE_EE_ELS,Energy Labeling Systems,SCORE,Score,WB_RISE,Regulatory Indicators for Sustainable Energy (RISE),0,Units,A,Normal value,PU,Public,0.0,0.0,0.0,0.0,0.0,41.66666666666667,41.66666666666667,41.66666666666667,41.66666666666667,41.66666666666667,41.66666666666667,41.66666666666667,41.66666666666667,41.66666666666667
A,Annual,ARM,Armenia,WB_RISE_EE_FMEE,Financing Mechanisms for Energy Efficiency,SCORE,Score,WB_RISE,Regulatory Indicators for Sustainable Energy (RISE),0,Units,A,Normal value,PU,Public,33.333333333333336,33.333333333333336,83.33333333333334,83.33333333333334,83.33333333333334,83.33333333333334,83.33333333333334,83.33333333333334,83.33333333333334,83.33333333333334,83.33333333333334,83.33333333333334,83.33333333333334,83.33333333333334
A,Annual,ARM,Armenia,WB_RISE_EE_IMIC,Industrial and Commercial End Users,SCORE,Score,WB_RISE,Regulatory Indicators for Sustainable Energy (RISE),0,Units,A,Normal value,PU,Public,0.0,0.0,0.0,0.0,0.0,12.5,12.5,12.5,12.5,12.5,12.5,12.5,25.0,25.0
A,Annual,ARM,Armenia,WB_RISE_EE_IMPS,Energy Efficiency in Public Sector,SCORE,Score,WB_RISE,Regulatory Indicators for Sustainable Energy (RISE),0,Units,A,Normal value,PU,Public,0.0,0.0,16.666666666666668,16.666666666666668,16.666666666666668,16.666666666666668,33.333333333333336,33.333333333333336,33.333333333333336,33.333333333333336,33.333333333333336,33.333333333333336,50.0,50.0
A,Annual,ARM,Armenia,WB_RISE_EE_IMUT,Incentives & Mandates: Energy Utility Programs,SCORE,Score,WB_RISE,Regulatory Indicators for Sustainable Energy (RISE),0,Units,A,Normal value,PU,Public,20.0,20.0,20.0,20.0,20.0,20.0,20.0,30.0,30.0,30.0,30.0,30.0,30.0,30.0
A,Annual,ARM,Armenia,WB_RISE_EE_MEEP,Minimum Energy Efficiency Performance Standards,SCORE,Score,WB_RISE,Regulatory Indicators for Sustainable Energy (RISE),0,Units,A,Normal value,PU,Public,25.0,25.0,25.0,25.0,25.0,45.833333333333336,45.833333333333336,45.833333333333336,45.833333333333336,45.833333333333336,45.833333333333336,45.833333333333336,45.833333333333336,45.833333333333336
A,Annual,ARM,Armenia,WB_RISE_EE_TRN,Transport Sector,SCORE,Score,WB_RISE,Regulatory Indicators for Sustainable Energy (RISE),0,Units,A,Normal value,PU,Public,25.0,25.0,25.0,25.0,25.0,25.0,25.0,25.0,25.0,25.0,25.0,25.0,25.0,25.0
A,Annual,ARM,Armenia,WB_RISE_RE_ALL,Sustainable Energy - Renewable Energy Score,SCORE,Score,WB_RISE,Regulatory Indicators for Sustainable Energy (RISE),0,Units,A,Normal value,PU,Public,29.552910052910057,29.552910052910057,29.552910052910057,29.552910052910057,29.552910052910057,38.6005291005291,40.1005291005291,47.75925925925926,49.90740740740741,49.90740740740741,49.90740740740741,51.85185185185185,65.18518518518519,36.26719576719577
A,Annual,ARM,Armenia,WB_RISE_RE_ELEC,Electricity Sector Renewables,SCORE,Score,WB_RISE,Regulatory Indicators for Sustainable Energy (RISE),0,Units,A,Normal value,PU,Public,30.185185185185187,30.185185185185187,30.185185185185187,30.185185185185187,30.185185185185187,30.185185185185187,37.68518518518518,43.24074074074074,53.98148148148149,53.98148148148149,53.98148148148149,63.7037037037037,80.37037037037037,68.24074074074075
A,Annual,ARM,Armenia,WB_RISE_RE_GOV,Renewable Energy - Governance,SCORE,Score,WB_RISE,Regulatory Indicators for Sustainable Energy (RISE),0,Units,A,Normal value,PU,Public,38.69047619047619,38.69047619047619,38.69047619047619,38.69047619047619,38.69047619047619,83.92857142857143,83.92857142857143,100.0,100.0,100.0,100.0,100.0,100.0,79.76190476190476
A,Annual,ARM,Armenia,WB_RISE_RE_HE_CO,Heating and Cooling Renewables,SCORE,Score,WB_RISE,Regulatory Indicators for Sustainable Energy (RISE),0,Units,A,Normal value,PU,Public,5.555555555555556,5.555555555555556,5.555555555555556,5.555555555555556,5.555555555555556,5.555555555555556,5.555555555555556,22.222222222222225,22.222222222222225,22.222222222222225,22.222222222222225,22.222222222222225,38.88888888888889,0.0
A,Annual,ARM,Armenia,WB_RISE_RE_LVL_PLYNG_FLD,Leveling the Playing Field for Renewables,SCORE,Score,WB_RISE,Regulatory Indicators for Sustainable Energy (RISE),0,Units,A,Normal value,PU,Public,40.0,40.0,40.0,40.0,40.0,40.0,40.0,40.0,40.0,40.0,40.0,40.0,40.0,0.0
A,Annual,ARM,Armenia,WB_RISE_RE_TRNS,Transport Sector Renewables,SCORE,Score,WB_RISE,Regulatory Indicators for Sustainable Energy (RISE),0,Units,A,Normal value,PU,Public,33.333333333333336,33.333333333333336,33.333333333333336,33.333333333333336,33.333333333333336,33.333333333333336,33.333333333333336,33.333333333333336,33.333333333333336,33.333333333333336,33.333333333333336,33.333333333333336,66.66666666666667,33.333333333333336
A,Annual,AUS,Australia,WB_RISE_EE_ALL,Sustainable Energy - Energy Efficiency Score,SCORE,Score,WB_RISE,Regulatory Indicators for Sustainable Energy (RISE),0,Units,A,Normal value,PU,Public,45.617283950617285,52.71604938271605,53.17901234567901,56.88271604938272,59.84567901234569,64.7530864197531,66.01851851851853,67.71604938271606,68.17901234567903,70.03086419753087,70.03086419753087,70.03086419753087,70.03086419753087,70.03086419753087
A,Annual,AUS,Australia,WB_RISE_EE_BEC,Building Energy Codes,SCORE,Score,WB_RISE,Regulatory Indicators for Sustainable Energy (RISE),0,Units,A,Normal value,PU,Public,48.333333333333336,48.333333333333336,48.333333333333336,48.333333333333336,48.333333333333336,48.333333333333336,48.333333333333336,48.333333333333336,48.333333333333336,56.66666666666666,56.66666666666666,56.66666666666666,56.66666666666666,56.66666666666666
A,Annual,AUS,Australia,WB_RISE_EE_EES,Energy Efficiency Governance,SCORE,Score,WB_RISE,Regulatory Indicators for Sustainable Energy (RISE),0,Units,A,Normal value,PU,Public,16.666666666666668,16.666666666666668,16.666666666666668,16.666666666666668,33.333333333333336,73.33333333333334,83.33333333333334,97.22222222222224,97.22222222222224,97.22222222222224,97.22222222222224,97.22222222222224,97.22222222222224,97.22222222222224
A,Annual,AUS,Australia,WB_RISE_EE_ELS,Energy Labeling Systems,SCORE,Score,WB_RISE,Regulatory Indicators for Sustainable Energy (RISE),0,Units,A,Normal value,PU,Public,75.0,75.0,79.16666666666667,79.16666666666667,79.16666666666667,83.33333333333334,83.33333333333334,83.33333333333334,87.5,95.83333333333334,95.83333333333334,95.83333333333334,95.83333333333334,95.83333333333334
A,Annual,AUS,Australia,WB_RISE_EE_FMEE,Financing Mechanisms for Energy Efficiency,SCORE,Score,WB_RISE,Regulatory Indicators for Sustainable Energy (RISE),0,Units,A,Normal value,PU,Public,50.0,50.0,50.0,50.0,50.0,50.0,50.0,50.0,50.0,50.0,50.0,50.0,50.0,50.0
A,Annual,AUS,Australia,WB_RISE_EE_IMIC,Industrial and Commercial End Users,SCORE,Score,WB_RISE,Regulatory Indicators for Sustainable Energy (RISE),0,Units,A,Normal value,PU,Public,0.0,62.5,62.5,62.5,62.5,62.5,62.5,62.5,62.5,62.5,62.5,62.5,62.5,62.5
A,Annual,AUS,Australia,WB_RISE_EE_IMPS,Energy Efficiency in Public Sector,SCORE,Score,WB_RISE,Regulatory Indicators for Sustainable Energy (RISE),0,Units,A,Normal value,PU,Public,66.66666666666667,66.66666666666667,66.66666666666667,100.0,100.0,100.0,100.0,100.0,100.0,100.0,100.0,100.0,100.0,100.0
A,Annual,AUS,Australia,WB_RISE_EE_IMUT,Incentives & Mandates: Energy Utility Programs,SCORE,Score,WB_RISE,Regulatory Indicators for Sustainable Energy (RISE),0,Units,A,Normal value,PU,Public,40.0,40.0,40.0,40.0,50.0,50.0,50.0,50.0,50.0,50.0,50.0,50.0,50.0,50.0
A,Annual,AUS,Australia,WB_RISE_EE_MEEP,Minimum Energy Efficiency Performance Standards,SCORE,Score,WB_RISE,Regulatory Indicators for Sustainable Energy (RISE),0,Units,A,Normal value,PU,Public,55.55555555555556,56.94444444444446,56.94444444444446,56.94444444444446,56.94444444444446,56.94444444444446,58.33333333333334,59.72222222222223,59.72222222222223,59.72222222222223,59.72222222222223,59.72222222222223,59.72222222222223,59.72222222222223
A,Annual,AUS,Australia,WB_RISE_EE_TRN,Transport Sector,SCORE,Score,WB_RISE,Regulatory Indicators for Sustainable Energy (RISE),0,Units,A,Normal value,PU,Public,58.333333333333336,58.333333333333336,58.333333333333336,58.333333333333336,58.333333333333336,58.333333333333336,58.333333333333336,58.333333333333336,58.333333333333336,58.333333333333336,58.333333333333336,58.333333333333336,58.333333333333336,58.333333333333336
A,Annual,AUS,Australia,WB_RISE_RE_ALL,Sustainable Energy - Renewable Energy Score,SCORE,Score,WB_RISE,Regulatory Indicators for Sustainable Energy (RISE),0,Units,A,Normal value,PU,Public,25.37037037037037,33.37037037037037,34.03703703703704,34.03703703703704,34.03703703703704,37.92592592592592,44.5925925925926,44.5925925925926,50.98148148148148,51.35185185185185,59.12962962962963,60.79629629629631,60.79629629629631,67.9814814814815
A,Annual,AUS,Australia,WB_RISE_RE_ELEC,Electricity Sector Renewables,SCORE,Score,WB_RISE,Regulatory Indicators for Sustainable Energy (RISE),0,Units,A,Normal value,PU,Public,26.85185185185185,26.85185185185185,30.185185185185187,30.185185185185187,30.185185185185187,32.96296296296296,32.96296296296296,32.96296296296296,64.9074074074074,66.75925925925925,66.75925925925925,75.0925925925926,75.0925925925926,85.46296296296298
A,Annual,AUS,Australia,WB_RISE_RE_GOV,Renewable Energy - Governance,SCORE,Score,WB_RISE,Regulatory Indicators for Sustainable Energy (RISE),0,Units,A,Normal value,PU,Public,83.33333333333334,83.33333333333334,83.33333333333334,83.33333333333334,83.33333333333334,83.33333333333334,83.33333333333334,83.33333333333334,83.33333333333334,83.33333333333334,83.33333333333334,83.33333333333334,83.33333333333334,100.0
A,Annual,AUS,Australia,WB_RISE_RE_HE_CO,Heating and Cooling Renewables,SCORE,Score,WB_RISE,Regulatory Indicators for Sustainable Energy (RISE),0,Units,A,Normal value,PU,Public,16.666666666666668,16.666666666666668,16.666666666666668,16.666666666666668,16.666666666666668,16.666666666666668,16.666666666666668,16.666666666666668,16.666666666666668,16.666666666666668,55.55555555555557,55.55555555555557,55.55555555555557,44.44444444444445
A,Annual,AUS,Australia,WB_RISE_RE_LVL_PLYNG_FLD,Leveling the Playing Field for Renewables,SCORE,Score,WB_RISE,Regulatory Indicators for Sustainable Energy (RISE),0,Units,A,Normal value,PU,Public,0.0,40.0,40.0,40.0,40.0,40.0,40.0,40.0,40.0,40.0,40.0,40.0,40.0,60.0
A,Annual,AUS,Australia,WB_RISE_RE_TRNS,Transport Sector Renewables,SCORE,Score,WB_RISE,Regulatory Indicators for Sustainable Energy (RISE),0,Units,A,Normal value,PU,Public,0.0,0.0,0.0,0.0,0.0,16.666666666666668,50.0,50.0,50.0,50.0,50.0,50.0,50.0,50.0
A,Annual,AUT,Austria,WB_RISE_EE_ALL,Sustainable Energy - Energy Efficiency Score,SCORE,Score,WB_RISE,Regulatory Indicators for Sustainable Energy (RISE),0,Units,A,Normal value,PU,Public,49.90740740740742,52.68518518518519,54.29629629629631,57.38271604938272,68.29012345679013,79.21604938271605,79.37037037037038,79.37037037037038,79.37037037037038,79.37037037037038,79.37037037037038,80.85185185185185,80.85185185185185,80.85185185185185
A,Annual,AUT,Austria,WB_RISE_EE_BEC,Building Energy Codes,SCORE,Score,WB_RISE,Regulatory Indicators for Sustainable Energy (RISE),0,Units,A,Normal value,PU,Public,56.66666666666666,56.66666666666666,56.66666666666666,56.66666666666666,56.66666666666666,63.333333333333336,63.333333333333336,63.333333333333336,63.333333333333336,63.333333333333336,63.333333333333336,76.66666666666667,76.66666666666667,76.66666666666667
A,Annual,AUT,Austria,WB_RISE_EE_EES,Energy Efficiency Governance,SCORE,Score,WB_RISE,Regulatory Indicators for Sustainable Energy (RISE),0,Units,A,Normal value,PU,Public,22.222222222222225,22.222222222222225,24.222222222222225,27.0,90.44444444444446,90.44444444444446,90.44444444444446,90.44444444444446,90.44444444444446,90.44444444444446,90.44444444444446,90.44444444444446,90.44444444444446,90.44444444444446
A,Annual,AUT,Austria,WB_RISE_EE_ELS,Energy Labeling Systems,SCORE,Score,WB_RISE,Regulatory Indicators for Sustainable Energy (RISE),0,Units,A,Normal value,PU,Public,58.333333333333336,70.83333333333333,70.83333333333333,79.16666666666666,79.16666666666666,79.16666666666666,79.16666666666666,79.16666666666666,79.16666666666666,79.16666666666666,79.16666666666666,79.16666666666666,79.16666666666666,79.16666666666666
A,Annual,AUT,Austria,WB_RISE_EE_FMEE,Financing Mechanisms for Energy Efficiency,SCORE,Score,WB_RISE,Regulatory Indicators for Sustainable Energy (RISE),0,Units,A,Normal value,PU,Public,50.0,50.0,50.0,50.0,50.0,50.0,50.0,50.0,50.0,50.0,50.0,50.0,50.0,50.0
A,Annual,AUT,Austria,WB_RISE_EE_IMIC,Industrial and Commercial End Users,SCORE,Score,WB_RISE,Regulatory Indicators for Sustainable Energy (RISE),0,Units,A,Normal value,PU,Public,0.0,12.5,12.5,12.5,25.0,100.0,100.0,100.0,100.0,100.0,100.0,100.0,100.0,100.0
A,Annual,AUT,Austria,WB_RISE_EE_IMPS,Energy Efficiency in Public Sector,SCORE,Score,WB_RISE,Regulatory Indicators for Sustainable Energy (RISE),0,Units,A,Normal value,PU,Public,66.66666666666667,66.66666666666667,66.66666666666667,83.33333333333334,83.33333333333334,83.33333333333334,83.33333333333334,83.33333333333334,83.33333333333334,83.33333333333334,83.33333333333334,83.33333333333334,83.33333333333334,83.33333333333334
A,Annual,AUT,Austria,WB_RISE_EE_IMUT,Incentives & Mandates: Energy Utility Programs,SCORE,Score,WB_RISE,Regulatory Indicators for Sustainable Energy (RISE),0,Units,A,Normal value,PU,Public,46.66666666666667,46.66666666666667,46.66666666666667,46.66666666666667,46.66666666666667,63.333333333333336,63.333333333333336,63.333333333333336,63.333333333333336,63.333333333333336,63.333333333333336,63.333333333333336,63.333333333333336,63.333333333333336
A,Annual,AUT,Austria,WB_RISE_EE_MEEP,Minimum Energy Efficiency Performance Standards,SCORE,Score,WB_RISE,Regulatory Indicators for Sustainable Energy (RISE),0,Units,A,Normal value,PU,Public,65.27777777777777,65.27777777777777,77.77777777777779,77.77777777777779,83.33333333333334,83.33333333333334,84.72222222222223,84.72222222222223,84.72222222222223,84.72222222222223,84.72222222222223,84.72222222222223,84.72222222222223,84.72222222222223
A,Annual,AUT,Austria,WB_RISE_EE_TRN,Transport Sector,SCORE,Score,WB_RISE,Regulatory Indicators for Sustainable Energy (RISE),0,Units,A,Normal value,PU,Public,83.33333333333334,83.33333333333334,83.33333333333334,83.33333333333334,100.0,100.0,100.0,100.0,100.0,100.0,100.0,100.0,100.0,100.0
A,Annual,AUT,Austria,WB_RISE_RE_ALL,Sustainable Energy - Renewable Energy Score,SCORE,Score,WB_RISE,Regulatory Indicators for Sustainable Energy (RISE),0,Units,A,Normal value,PU,Public,65.53439153439153,65.53439153439153,65.53439153439153,65.53439153439153,66.64550264550265,71.96296296296296,71.96296296296296,86.96296296296296,87.62962962962963,87.62962962962963,87.62962962962963,87.62962962962963,87.62962962962963,82.42592592592592
A,Annual,AUT,Austria,WB_RISE_RE_ELEC,Electricity Sector Renewables,SCORE,Score,WB_RISE,Regulatory Indicators for Sustainable Energy (RISE),0,Units,A,Normal value,PU,Public,40.37037037037037,40.37037037037037,40.37037037037037,40.37037037037037,45.92592592592592,48.7037037037037,48.7037037037037,57.03703703703704,60.37037037037037,60.37037037037037,60.37037037037037,60.37037037037037,60.37037037037037,88.7962962962963
A,Annual,AUT,Austria,WB_RISE_RE_GOV,Renewable Energy - Governance,SCORE,Score,WB_RISE,Regulatory Indicators for Sustainable Energy (RISE),0,Units,A,Normal value,PU,Public,92.85714285714286,92.85714285714286,92.85714285714286,92.85714285714286,92.85714285714286,100.0,100.0,100.0,100.0,100.0,100.0,100.0,100.0,100.0
A,Annual,AUT,Austria,WB_RISE_RE_HE_CO,Heating and Cooling Renewables,SCORE,Score,WB_RISE,Regulatory Indicators for Sustainable Energy (RISE),0,Units,A,Normal value,PU,Public,16.666666666666668,16.666666666666668,16.666666666666668,16.666666666666668,16.666666666666668,33.333333333333336,33.333333333333336,83.33333333333333,83.33333333333333,83.33333333333333,83.33333333333333,83.33333333333333,83.33333333333333,100.0
A,Annual,AUT,Austria,WB_RISE_RE_LVL_PLYNG_FLD,Leveling the Playing Field for Renewables,SCORE,Score,WB_RISE,Regulatory Indicators for Sustainable Energy (RISE),0,Units,A,Normal value,PU,Public,100.0,100.0,100.0,100.0,100.0,100.0,100.0,100.0,100.0,100.0,100.0,100.0,100.0,40.0
A,Annual,AUT,Austria,WB_RISE_RE_TRNS,Transport Sector Renewables,SCORE,Score,WB_RISE,Regulatory Indicators for Sustainable Energy (RISE),0,Units,A,Normal value,PU,Public,77.77777777777777,77.77777777777777,77.77777777777777,77.77777777777777,77.77777777777777,77.77777777777777,77.77777777777777,94.44444444444444,94.44444444444444,94.44444444444444,94.44444444444444,94.44444444444444,94.44444444444444,83.33333333333333
A,Annual,AZE,Azerbaijan,WB_RISE_EE_ALL,Sustainable Energy - Energy Efficiency Score,SCORE,Score,WB_RISE,Regulatory Indicators for Sustainable Energy (RISE),0,Units,A,Normal value,PU,Public,5.740740740740741,5.740740740740741,5.740740740740741,5.740740740740741,9.814814814814817,9.814814814814817,13.34567901234568,13.34567901234568,13.34567901234568,16.123456790123456,18.34567901234568,19.45679012345679,19.45679012345679,19.45679012345679
A,Annual,AZE,Azerbaijan,WB_RISE_EE_BEC,Building Energy Codes,SCORE,Score,WB_RISE,Regulatory Indicators for Sustainable Energy (RISE),0,Units,A,Normal value,PU,Public,0.0,0.0,0.0,0.0,3.333333333333333,3.333333333333333,3.333333333333333,3.333333333333333,3.333333333333333,28.33333333333333,28.33333333333333,35.0,35.0,35.0
A,Annual,AZE,Azerbaijan,WB_RISE_EE_EES,Energy Efficiency Governance,SCORE,Score,WB_RISE,Regulatory Indicators for Sustainable Energy (RISE),0,Units,A,Normal value,PU,Public,25.0,25.0,25.0,25.0,25.0,25.0,51.777777777777786,51.777777777777786,51.777777777777786,51.777777777777786,71.77777777777779,71.77777777777779,71.77777777777779,71.77777777777779
A,Annual,AZE,Azerbaijan,WB_RISE_EE_ELS,Energy Labeling Systems,SCORE,Score,WB_RISE,Regulatory Indicators for Sustainable Energy (RISE),0,Units,A,Normal value,PU,Public,0.0,0.0,0.0,0.0,0.0,0.0,0.0,0.0,0.0,0.0,0.0,0.0,0.0,0.0
A,Annual,AZE,Azerbaijan,WB_RISE_EE_FMEE,Financing Mechanisms for Energy Efficiency,SCORE,Score,WB_RISE,Regulatory Indicators for Sustainable Energy (RISE),0,Units,A,Normal value,PU,Public,0.0,0.0,0.0,0.0,0.0,0.0,0.0,0.0,0.0,0.0,0.0,0.0,0.0,0.0
A,Annual,AZE,Azerbaijan,WB_RISE_EE_IMIC,Industrial and Commercial End Users,SCORE,Score,WB_RISE,Regulatory Indicators for Sustainable Energy (RISE),0,Units,A,Normal value,PU,Public,0.0,0.0,0.0,0.0,0.0,0.0,0.0,0.0,0.0,0.0,0.0,0.0,0.0,0.0
A,Annual,AZE,Azerbaijan,WB_RISE_EE_IMPS,Energy Efficiency in Public Sector,SCORE,Score,WB_RISE,Regulatory Indicators for Sustainable Energy (RISE),0,Units,A,Normal value,PU,Public,16.666666666666668,16.666666666666668,16.666666666666668,16.666666666666668,50.0,50.0,50.0,50.0,50.0,50.0,50.0,50.0,50.0,50.0
A,Annual,AZE,Azerbaijan,WB_RISE_EE_IMUT,Incentives & Mandates: Energy Utility Programs,SCORE,Score,WB_RISE,Regulatory Indicators for Sustainable Energy (RISE),0,Units,A,Normal value,PU,Public,10.0,10.0,10.0,10.0,10.0,10.0,15.0,15.0,15.0,15.0,15.0,18.333333333333336,18.333333333333336,18.333333333333336
A,Annual,AZE,Azerbaijan,WB_RISE_EE_MEEP,Minimum Energy Efficiency Performance Standards,SCORE,Score,WB_RISE,Regulatory Indicators for Sustainable Energy (RISE),0,Units,A,Normal value,PU,Public,0.0,0.0,0.0,0.0,0.0,0.0,0.0,0.0,0.0,0.0,0.0,0.0,0.0,0.0
A,Annual,AZE,Azerbaijan,WB_RISE_EE_TRN,Transport Sector,SCORE,Score,WB_RISE,Regulatory Indicators for Sustainable Energy (RISE),0,Units,A,Normal value,PU,Public,0.0,0.0,0.0,0.0,0.0,0.0,0.0,0.0,0.0,0.0,0.0,0.0,0.0,0.0
A,Annual,AZE,Azerbaijan,WB_RISE_RE_ALL,Sustainable Energy - Renewable Energy Score,SCORE,Score,WB_RISE,Regulatory Indicators for Sustainable Energy (RISE),0,Units,A,Normal value,PU,Public,4.166666666666667,4.166666666666667,4.166666666666667,4.166666666666667,4.166666666666667,4.166666666666667,15.092592592592592,18.425925925925927,18.425925925925927,21.283068783068785,21.283068783068785,21.283068783068785,21.283068783068785,11.283068783068783
A,Annual,AZE,Azerbaijan,WB_RISE_RE_ELEC,Electricity Sector Renewables,SCORE,Score,WB_RISE,Regulatory Indicators for Sustainable Energy (RISE),0,Units,A,Normal value,PU,Public,4.166666666666667,4.166666666666667,4.166666666666667,4.166666666666667,4.166666666666667,4.166666666666667,25.46296296296296,25.46296296296296,25.46296296296296,25.46296296296296,25.46296296296296,25.46296296296296,25.46296296296296,25.46296296296296
A,Annual,AZE,Azerbaijan,WB_RISE_RE_GOV,Renewable Energy - Governance,SCORE,Score,WB_RISE,Regulatory Indicators for Sustainable Energy (RISE),0,Units,A,Normal value,PU,Public,16.666666666666668,16.666666666666668,16.666666666666668,16.666666666666668,16.666666666666668,16.666666666666668,16.666666666666668,33.333333333333336,33.333333333333336,47.61904761904762,47.61904761904762,47.61904761904762,47.61904761904762,30.95238095238096
A,Annual,AZE,Azerbaijan,WB_RISE_RE_HE_CO,Heating and Cooling Renewables,SCORE,Score,WB_RISE,Regulatory Indicators for Sustainable Energy (RISE),0,Units,A,Normal value,PU,Public,0.0,0.0,0.0,0.0,0.0,0.0,33.333333333333336,33.333333333333336,33.333333333333336,33.333333333333336,33.333333333333336,33.333333333333336,33.333333333333336,0.0
A,Annual,AZE,Azerbaijan,WB_RISE_RE_LVL_PLYNG_FLD,Leveling the Playing Field for Renewables,SCORE,Score,WB_RISE,Regulatory Indicators for Sustainable Energy (RISE),0,Units,A,Normal value,PU,Public,0.0,0.0,0.0,0.0,0.0,0.0,0.0,0.0,0.0,0.0,0.0,0.0,0.0,0.0
A,Annual,AZE,Azerbaijan,WB_RISE_RE_TRNS,Transport Sector Renewables,SCORE,Score,WB_RISE,Regulatory Indicators for Sustainable Energy (RISE),0,Units,A,Normal value,PU,Public,0.0,0.0,0.0,0.0,0.0,0.0,0.0,0.0,0.0,0.0,0.0,0.0,0.0,0.0
A,Annual,BDI,Burundi,WB_RISE_CC_ALL,Sustainable Energy - Clean Cooking Score,SCORE,Score,WB_RISE,Regulatory Indicators for Sustainable Energy (RISE),0,Units,A,Normal value,PU,Public,0.0,1.6666666666666667,1.6666666666666667,1.6666666666666667,1.6666666666666667,6.388888888888889,6.388888888888889,6.388888888888889,10.555555555555555,10.555555555555555,37.083333333333336,37.083333333333336,37.083333333333336,37.083333333333336
A,Annual,BDI,Burundi,WB_RISE_CC_CCP,Clean Cooking National Planning,SCORE,Score,WB_RISE,Regulatory Indicators for Sustainable Energy (RISE),0,Units,A,Normal value,PU,Public,0.0,6.666666666666667,6.666666666666667,6.666666666666667,6.666666666666667,20.0,20.0,20.0,20.0,20.0,44.44444444444445,44.44444444444445,44.44444444444445,44.44444444444445
A,Annual,BDI,Burundi,WB_RISE_CC_FIAC,Incentives and Attributes for Clean Cooking,SCORE,Score,WB_RISE,Regulatory Indicators for Sustainable Energy (RISE),0,Units,A,Normal value,PU,Public,0.0,0.0,0.0,0.0,0.0,0.0,0.0,0.0,16.666666666666668,16.666666666666668,58.333333333333336,58.333333333333336,58.333333333333336,58.333333333333336
A,Annual,BDI,Burundi,WB_RISE_CC_SCCP,Implementation Scope of Clean Cooking Planning,SCORE,Score,WB_RISE,Regulatory Indicators for Sustainable Energy (RISE),0,Units,A,Normal value,PU,Public,0.0,0.0,0.0,0.0,0.0,5.555555555555556,5.555555555555556,5.555555555555556,5.555555555555556,5.555555555555556,32.22222222222222,32.22222222222222,32.22222222222222,32.22222222222222
A,Annual,BDI,Burundi,WB_RISE_CC_STLA,Standards and Labeling,SCORE,Score,WB_RISE,Regulatory Indicators for Sustainable Energy (RISE),0,Units,A,Normal value,PU,Public,0.0,0.0,0.0,0.0,0.0,0.0,0.0,0.0,0.0,0.0,13.333333333333334,13.333333333333334,13.333333333333334,13.333333333333334
A,Annual,BDI,Burundi,WB_RISE_CON_AFEL,Consumer Affordability of Electricity,SCORE,Score,WB_RISE,Regulatory Indicators for Sustainable Energy (RISE),0,Units,A,Normal value,PU,Public,14.666666666666666,31.33333333333333,31.33333333333333,31.33333333333333,31.33333333333333,31.33333333333333,31.33333333333333,31.33333333333333,31.33333333333333,31.33333333333333,31.33333333333333,31.33333333333333,31.33333333333333,31.33333333333333
A,Annual,BDI,Burundi,WB_RISE_EA_ALL,Sustainable Energy - Electricity Access Score,SCORE,Score,WB_RISE,Regulatory Indicators for Sustainable Energy (RISE),0,Units,A,Normal value,PU,Public,8.17142857142857,12.83809523809524,12.83809523809524,13.79047619047619,13.79047619047619,26.27724867724868,26.27724867724868,26.27724867724868,30.1925925925926,34.47830687830688,36.330158730158736,36.330158730158736,36.330158730158736,37.282539682539685
A,Annual,BDI,Burundi,WB_RISE_EE_ALL,Sustainable Energy - Energy Efficiency Score,SCORE,Score,WB_RISE,Regulatory Indicators for Sustainable Energy (RISE),0,Units,A,Normal value,PU,Public,0.5555555555555556,0.5555555555555556,0.5555555555555556,0.5555555555555556,0.5555555555555556,1.9753086419753088,1.9753086419753088,1.9753086419753088,1.9753086419753088,1.9753086419753088,1.9753086419753088,1.9753086419753088,1.9753086419753088,1.9753086419753088
A,Annual,BDI,Burundi,WB_RISE_EE_BEC,Building Energy Codes,SCORE,Score,WB_RISE,Regulatory Indicators for Sustainable Energy (RISE),0,Units,A,Normal value,PU,Public,0.0,0.0,0.0,0.0,0.0,0.0,0.0,0.0,0.0,0.0,0.0,0.0,0.0,0.0
A,Annual,BDI,Burundi,WB_RISE_EE_EES,Energy Efficiency Governance,SCORE,Score,WB_RISE,Regulatory Indicators for Sustainable Energy (RISE),0,Units,A,Normal value,PU,Public,0.0,0.0,0.0,0.0,0.0,12.77777777777778,12.77777777777778,12.77777777777778,12.77777777777778,12.77777777777778,12.77777777777778,12.77777777777778,12.77777777777778,12.77777777777778
A,Annual,BDI,Burundi,WB_RISE_EE_ELS,Energy Labeling Systems,SCORE,Score,WB_RISE,Regulatory Indicators for Sustainable Energy (RISE),0,Units,A,Normal value,PU,Public,0.0,0.0,0.0,0.0,0.0,0.0,0.0,0.0,0.0,0.0,0.0,0.0,0.0,0.0
A,Annual,BDI,Burundi,WB_RISE_EE_FMEE,Financing Mechanisms for Energy Efficiency,SCORE,Score,WB_RISE,Regulatory Indicators for Sustainable Energy (RISE),0,Units,A,Normal value,PU,Public,0.0,0.0,0.0,0.0,0.0,0.0,0.0,0.0,0.0,0.0,0.0,0.0,0.0,0.0
A,Annual,BDI,Burundi,WB_RISE_EE_IMIC,Industrial and Commercial End Users,SCORE,Score,WB_RISE,Regulatory Indicators for Sustainable Energy (RISE),0,Units,A,Normal value,PU,Public,0.0,0.0,0.0,0.0,0.0,0.0,0.0,0.0,0.0,0.0,0.0,0.0,0.0,0.0
A,Annual,BDI,Burundi,WB_RISE_EE_IMPS,Energy Efficiency in Public Sector,SCORE,Score,WB_RISE,Regulatory Indicators for Sustainable Energy (RISE),0,Units,A,Normal value,PU,Public,0.0,0.0,0.0,0.0,0.0,0.0,0.0,0.0,0.0,0.0,0.0,0.0,0.0,0.0
A,Annual,BDI,Burundi,WB_RISE_EE_IMUT,Incentives & Mandates: Energy Utility Programs,SCORE,Score,WB_RISE,Regulatory Indicators for Sustainable Energy (RISE),0,Units,A,Normal value,PU,Public,5.0,5.0,5.0,5.0,5.0,5.0,5.0,5.0,5.0,5.0,5.0,5.0,5.0,5.0
A,Annual,BDI,Burundi,WB_RISE_EE_MEEP,Minimum Energy Efficiency Performance Standards,SCORE,Score,WB_RISE,Regulatory Indicators for Sustainable Energy (RISE),0,Units,A,Normal value,PU,Public,0.0,0.0,0.0,0.0,0.0,0.0,0.0,0.0,0.0,0.0,0.0,0.0,0.0,0.0
A,Annual,BDI,Burundi,WB_RISE_EE_TRN,Transport Sector,SCORE,Score,WB_RISE,Regulatory Indicators for Sustainable Energy (RISE),0,Units,A,Normal value,PU,Public,0.0,0.0,0.0,0.0,0.0,0.0,0.0,0.0,0.0,0.0,0.0,0.0,0.0,0.0
A,Annual,BDI,Burundi,WB_RISE_ELTN_PL,Electrification Governance and Planning,SCORE,Score,WB_RISE,Regulatory Indicators for Sustainable Energy (RISE),0,Units,A,Normal value,PU,Public,9.523809523809524,16.19047619047619,16.19047619047619,20.952380952380956,20.952380952380956,20.952380952380956,20.952380952380956,20.952380952380956,25.71428571428571,25.71428571428571,25.71428571428571,25.71428571428571,25.71428571428571,30.47619047619048
A,Annual,BDI,Burundi,WB_RISE_FRM_MGRI,Minigrids Framework,SCORE,Score,WB_RISE,Regulatory Indicators for Sustainable Energy (RISE),0,Units,A,Normal value,PU,Public,0.0,0.0,0.0,0.0,0.0,17.989417989417987,17.989417989417987,17.989417989417987,32.804232804232804,37.56613756613756,41.26984126984127,41.26984126984127,41.26984126984127,41.26984126984127
A,Annual,BDI,Burundi,WB_RISE_FRM_OGS,Off-Grid Systems Framework,SCORE,Score,WB_RISE,Regulatory Indicators for Sustainable Energy (RISE),0,Units,A,Normal value,PU,Public,0.0,0.0,0.0,0.0,0.0,44.44444444444445,44.44444444444445,44.44444444444445,44.44444444444445,44.44444444444445,50.0,50.0,50.0,50.0
A,Annual,BDI,Burundi,WB_RISE_FR_GREL,Grid Electrification Framework,SCORE,Score,WB_RISE,Regulatory Indicators for Sustainable Energy (RISE),0,Units,A,Normal value,PU,Public,16.666666666666668,16.666666666666668,16.666666666666668,16.666666666666668,16.666666666666668,16.666666666666668,16.666666666666668,16.666666666666668,16.666666666666668,33.333333333333336,33.333333333333336,33.333333333333336,33.333333333333336,33.333333333333336
A,Annual,BDI,Burundi,WB_RISE_RE_ALL,Sustainable Energy - Renewable Energy Score,SCORE,Score,WB_RISE,Regulatory Indicators for Sustainable Energy (RISE),0,Units,A,Normal value,PU,Public,1.4285714285714286,1.4285714285714286,2.142857142857143,2.142857142857143,2.142857142857143,3.346560846560847,5.489417989417989,5.489417989417989,5.489417989417989,5.489417989417989,5.489417989417989,5.489417989417989,5.489417989417989,10.48941798941799
A,Annual,BDI,Burundi,WB_RISE_RE_ELEC,Electricity Sector Renewables,SCORE,Score,WB_RISE,Regulatory Indicators for Sustainable Energy (RISE),0,Units,A,Normal value,PU,Public,0.0,0.0,0.0,0.0,0.0,6.018518518518519,6.018518518518519,6.018518518518519,6.018518518518519,6.018518518518519,6.018518518518519,6.018518518518519,6.018518518518519,22.685185185185187
A,Annual,BDI,Burundi,WB_RISE_RE_GOV,Renewable Energy - Governance,SCORE,Score,WB_RISE,Regulatory Indicators for Sustainable Energy (RISE),0,Units,A,Normal value,PU,Public,7.142857142857143,7.142857142857143,10.714285714285714,10.714285714285714,10.714285714285714,10.714285714285714,21.428571428571427,21.428571428571427,21.428571428571427,21.428571428571427,21.428571428571427,21.428571428571427,21.428571428571427,29.76190476190476
A,Annual,BDI,Burundi,WB_RISE_RE_HE_CO,Heating and Cooling Renewables,SCORE,Score,WB_RISE,Regulatory Indicators for Sustainable Energy (RISE),0,Units,A,Normal value,PU,Public,0.0,0.0,0.0,0.0,0.0,0.0,0.0,0.0,0.0,0.0,0.0,0.0,0.0,0.0
A,Annual,BDI,Burundi,WB_RISE_RE_LVL_PLYNG_FLD,Leveling the Playing Field for Renewables,SCORE,Score,WB_RISE,Regulatory Indicators for Sustainable Energy (RISE),0,Units,A,Normal value,PU,Public,0.0,0.0,0.0,0.0,0.0,0.0,0.0,0.0,0.0,0.0,0.0,0.0,0.0,0.0
A,Annual,BDI,Burundi,WB_RISE_RE_TRNS,Transport Sector Renewables,SCORE,Score,WB_RISE,Regulatory Indicators for Sustainable Energy (RISE),0,Units,A,Normal value,PU,Public,0.0,0.0,0.0,0.0,0.0,0.0,0.0,0.0,0.0,0.0,0.0,0.0,0.0,0.0
A,Annual,BEL,Belgium,WB_RISE_EE_ALL,Sustainable Energy - Energy Efficiency Score,SCORE,Score,WB_RISE,Regulatory Indicators for Sustainable Energy (RISE),0,Units,A,Normal value,PU,Public,53.456790123456784,57.43827160493827,70.95679012345678,75.58641975308643,79.29012345679013,79.29012345679013,79.29012345679013,84.47530864197532,84.47530864197532,84.47530864197532,84.47530864197532,84.47530864197532,84.47530864197532,84.47530864197532
A,Annual,BEL,Belgium,WB_RISE_EE_BEC,Building Energy Codes,SCORE,Score,WB_RISE,Regulatory Indicators for Sustainable Energy (RISE),0,Units,A,Normal value,PU,Public,56.66666666666666,80.0,80.0,80.0,80.0,80.0,80.0,80.0,80.0,80.0,80.0,80.0,80.0,80.0
A,Annual,BEL,Belgium,WB_RISE_EE_EES,Energy Efficiency Governance,SCORE,Score,WB_RISE,Regulatory Indicators for Sustainable Energy (RISE),0,Units,A,Normal value,PU,Public,43.333333333333336,43.333333333333336,53.333333333333336,53.333333333333336,53.333333333333336,53.333333333333336,53.333333333333336,83.33333333333334,83.33333333333334,83.33333333333334,83.33333333333334,83.33333333333334,83.33333333333334,83.33333333333334
A,Annual,BEL,Belgium,WB_RISE_EE_ELS,Energy Labeling Systems,SCORE,Score,WB_RISE,Regulatory Indicators for Sustainable Energy (RISE),0,Units,A,Normal value,PU,Public,83.33333333333333,95.83333333333334,95.83333333333334,95.83333333333334,95.83333333333334,95.83333333333334,95.83333333333334,95.83333333333334,95.83333333333334,95.83333333333334,95.83333333333334,95.83333333333334,95.83333333333334,95.83333333333334
A,Annual,BEL,Belgium,WB_RISE_EE_FMEE,Financing Mechanisms for Energy Efficiency,SCORE,Score,WB_RISE,Regulatory Indicators for Sustainable Energy (RISE),0,Units,A,Normal value,PU,Public,100.0,100.0,100.0,100.0,100.0,100.0,100.0,100.0,100.0,100.0,100.0,100.0,100.0,100.0
A,Annual,BEL,Belgium,WB_RISE_EE_IMIC,Industrial and Commercial End Users,SCORE,Score,WB_RISE,Regulatory Indicators for Sustainable Energy (RISE),0,Units,A,Normal value,PU,Public,62.5,62.5,87.5,87.5,87.5,87.5,87.5,87.5,87.5,87.5,87.5,87.5,87.5,87.5
A,Annual,BEL,Belgium,WB_RISE_EE_IMPS,Energy Efficiency in Public Sector,SCORE,Score,WB_RISE,Regulatory Indicators for Sustainable Energy (RISE),0,Units,A,Normal value,PU,Public,0.0,0.0,33.333333333333336,66.66666666666667,83.33333333333334,83.33333333333334,83.33333333333334,100.0,100.0,100.0,100.0,100.0,100.0,100.0
A,Annual,BEL,Belgium,WB_RISE_EE_IMUT,Incentives & Mandates: Energy Utility Programs,SCORE,Score,WB_RISE,Regulatory Indicators for Sustainable Energy (RISE),0,Units,A,Normal value,PU,Public,20.0,20.0,73.33333333333334,73.33333333333334,73.33333333333334,73.33333333333334,73.33333333333334,73.33333333333334,73.33333333333334,73.33333333333334,73.33333333333334,73.33333333333334,73.33333333333334,73.33333333333334
A,Annual,BEL,Belgium,WB_RISE_EE_MEEP,Minimum Energy Efficiency Performance Standards,SCORE,Score,WB_RISE,Regulatory Indicators for Sustainable Energy (RISE),0,Units,A,Normal value,PU,Public,90.27777777777776,90.27777777777776,90.27777777777776,98.61111111111111,98.61111111111111,98.61111111111111,98.61111111111111,98.61111111111111,98.61111111111111,98.61111111111111,98.61111111111111,98.61111111111111,98.61111111111111,98.61111111111111
A,Annual,BEL,Belgium,WB_RISE_EE_TRN,Transport Sector,SCORE,Score,WB_RISE,Regulatory Indicators for Sustainable Energy (RISE),0,Units,A,Normal value,PU,Public,25.0,25.0,25.0,25.0,41.66666666666667,41.66666666666667,41.66666666666667,41.66666666666667,41.66666666666667,41.66666666666667,41.66666666666667,41.66666666666667,41.66666666666667,41.66666666666667
A,Annual,BEL,Belgium,WB_RISE_RE_ALL,Sustainable Energy - Renewable Energy Score,SCORE,Score,WB_RISE,Regulatory Indicators for Sustainable Energy (RISE),0,Units,A,Normal value,PU,Public,50.61111111111112,50.61111111111112,51.16666666666667,55.16666666666667,61.833333333333336,61.833333333333336,61.833333333333336,66.27777777777779,71.27777777777779,73.05555555555556,73.05555555555556,73.05555555555556,73.05555555555556,80.59259259259258
A,Annual,BEL,Belgium,WB_RISE_RE_ELEC,Electricity Sector Renewables,SCORE,Score,WB_RISE,Regulatory Indicators for Sustainable Energy (RISE),0,Units,A,Normal value,PU,Public,29.722222222222225,29.722222222222225,32.5,35.833333333333336,35.833333333333336,35.833333333333336,35.833333333333336,41.38888888888889,66.3888888888889,75.27777777777779,75.27777777777779,75.27777777777779,75.27777777777779,81.85185185185186
A,Annual,BEL,Belgium,WB_RISE_RE_GOV,Renewable Energy - Governance,SCORE,Score,WB_RISE,Regulatory Indicators for Sustainable Energy (RISE),0,Units,A,Normal value,PU,Public,100.0,100.0,100.0,100.0,100.0,100.0,100.0,100.0,100.0,100.0,100.0,100.0,100.0,100.0
A,Annual,BEL,Belgium,WB_RISE_RE_HE_CO,Heating and Cooling Renewables,SCORE,Score,WB_RISE,Regulatory Indicators for Sustainable Energy (RISE),0,Units,A,Normal value,PU,Public,66.66666666666667,66.66666666666667,66.66666666666667,83.33333333333333,83.33333333333333,83.33333333333333,83.33333333333333,83.33333333333333,83.33333333333333,83.33333333333333,83.33333333333333,83.33333333333333,83.33333333333333,77.77777777777779
A,Annual,BEL,Belgium,WB_RISE_RE_LVL_PLYNG_FLD,Leveling the Playing Field for Renewables,SCORE,Score,WB_RISE,Regulatory Indicators for Sustainable Energy (RISE),0,Units,A,Normal value,PU,Public,40.0,40.0,40.0,40.0,40.0,40.0,40.0,40.0,40.0,40.0,40.0,40.0,40.0,60.0
A,Annual,BEL,Belgium,WB_RISE_RE_TRNS,Transport Sector Renewables,SCORE,Score,WB_RISE,Regulatory Indicators for Sustainable Energy (RISE),0,Units,A,Normal value,PU,Public,16.666666666666668,16.666666666666668,16.666666666666668,16.666666666666668,50.0,50.0,50.0,66.66666666666667,66.66666666666667,66.66666666666667,66.66666666666667,66.66666666666667,66.66666666666667,83.33333333333333
A,Annual,BEN,Benin,WB_RISE_CC_ALL,Sustainable Energy - Clean Cooking Score,SCORE,Score,WB_RISE,Regulatory Indicators for Sustainable Energy (RISE),0,Units,A,Normal value,PU,Public,1.6666666666666667,1.6666666666666667,1.6666666666666667,1.6666666666666667,5.0,9.166666666666668,9.166666666666668,9.166666666666668,21.80555555555556,21.80555555555556,21.80555555555556,21.80555555555556,21.80555555555556,23.88888888888889
A,Annual,BEN,Benin,WB_RISE_CC_CCP,Clean Cooking National Planning,SCORE,Score,WB_RISE,Regulatory Indicators for Sustainable Energy (RISE),0,Units,A,Normal value,PU,Public,6.666666666666667,6.666666666666667,6.666666666666667,6.666666666666667,20.0,20.0,20.0,20.0,62.22222222222223,62.22222222222223,62.22222222222223,62.22222222222223,62.22222222222223,62.22222222222223
A,Annual,BEN,Benin,WB_RISE_CC_FIAC,Incentives and Attributes for Clean Cooking,SCORE,Score,WB_RISE,Regulatory Indicators for Sustainable Energy (RISE),0,Units,A,Normal value,PU,Public,0.0,0.0,0.0,0.0,0.0,16.666666666666668,16.666666666666668,16.666666666666668,16.666666666666668,16.666666666666668,16.666666666666668,16.666666666666668,16.666666666666668,25.0
A,Annual,BEN,Benin,WB_RISE_CC_SCCP,Implementation Scope of Clean Cooking Planning,SCORE,Score,WB_RISE,Regulatory Indicators for Sustainable Energy (RISE),0,Units,A,Normal value,PU,Public,0.0,0.0,0.0,0.0,0.0,0.0,0.0,0.0,0.0,0.0,0.0,0.0,0.0,0.0
A,Annual,BEN,Benin,WB_RISE_CC_STLA,Standards and Labeling,SCORE,Score,WB_RISE,Regulatory Indicators for Sustainable Energy (RISE),0,Units,A,Normal value,PU,Public,0.0,0.0,0.0,0.0,0.0,0.0,0.0,0.0,8.333333333333334,8.333333333333334,8.333333333333334,8.333333333333334,8.333333333333334,8.333333333333334
A,Annual,BEN,Benin,WB_RISE_CON_AFEL,Consumer Affordability of Electricity,SCORE,Score,WB_RISE,Regulatory Indicators for Sustainable Energy (RISE),0,Units,A,Normal value,PU,Public,89.93,89.93,89.93,89.93,89.93,89.93,89.93,89.93,89.93,89.93,89.93,89.93,89.93,89.93
A,Annual,BEN,Benin,WB_RISE_EA_ALL,Sustainable Energy - Electricity Access Score,SCORE,Score,WB_RISE,Regulatory Indicators for Sustainable Energy (RISE),0,Units,A,Normal value,PU,Public,27.298169312169318,27.298169312169318,27.298169312169318,27.298169312169318,27.298169312169318,29.202931216931223,29.202931216931223,37.72144973544974,55.91192592592593,57.245259259259264,60.26113227513228,62.16589417989419,65.49922751322751,65.49922751322751
A,Annual,BEN,Benin,WB_RISE_EE_ALL,Sustainable Energy - Energy Efficiency Score,SCORE,Score,WB_RISE,Regulatory Indicators for Sustainable Energy (RISE),0,Units,A,Normal value,PU,Public,4.506172839506173,4.506172839506173,4.506172839506173,4.506172839506173,4.506172839506173,9.037037037037036,9.037037037037036,9.037037037037036,15.672839506172838,17.987654320987655,18.296296296296298,18.296296296296298,18.296296296296298,18.296296296296298
A,Annual,BEN,Benin,WB_RISE_EE_BEC,Building Energy Codes,SCORE,Score,WB_RISE,Regulatory Indicators for Sustainable Energy (RISE),0,Units,A,Normal value,PU,Public,0.0,0.0,0.0,0.0,0.0,0.0,0.0,0.0,0.0,0.0,0.0,0.0,0.0,0.0
A,Annual,BEN,Benin,WB_RISE_EE_EES,Energy Efficiency Governance,SCORE,Score,WB_RISE,Regulatory Indicators for Sustainable Energy (RISE),0,Units,A,Normal value,PU,Public,16.666666666666668,16.666666666666668,16.666666666666668,16.666666666666668,16.666666666666668,57.44444444444444,57.44444444444444,57.44444444444444,63.0,63.0,65.77777777777779,65.77777777777779,65.77777777777779,65.77777777777779
A,Annual,BEN,Benin,WB_RISE_EE_ELS,Energy Labeling Systems,SCORE,Score,WB_RISE,Regulatory Indicators for Sustainable Energy (RISE),0,Units,A,Normal value,PU,Public,12.5,12.5,12.5,12.5,12.5,12.5,12.5,12.5,37.5,37.5,37.5,37.5,37.5,37.5
A,Annual,BEN,Benin,WB_RISE_EE_FMEE,Financing Mechanisms for Energy Efficiency,SCORE,Score,WB_RISE,Regulatory Indicators for Sustainable Energy (RISE),0,Units,A,Normal value,PU,Public,0.0,0.0,0.0,0.0,0.0,0.0,0.0,0.0,0.0,0.0,0.0,0.0,0.0,0.0
A,Annual,BEN,Benin,WB_RISE_EE_IMIC,Industrial and Commercial End Users,SCORE,Score,WB_RISE,Regulatory Indicators for Sustainable Energy (RISE),0,Units,A,Normal value,PU,Public,0.0,0.0,0.0,0.0,0.0,0.0,0.0,0.0,0.0,12.5,12.5,12.5,12.5,12.5
A,Annual,BEN,Benin,WB_RISE_EE_IMPS,Energy Efficiency in Public Sector,SCORE,Score,WB_RISE,Regulatory Indicators for Sustainable Energy (RISE),0,Units,A,Normal value,PU,Public,0.0,0.0,0.0,0.0,0.0,0.0,0.0,0.0,0.0,0.0,0.0,0.0,0.0,0.0
A,Annual,BEN,Benin,WB_RISE_EE_IMUT,Incentives & Mandates: Energy Utility Programs,SCORE,Score,WB_RISE,Regulatory Indicators for Sustainable Energy (RISE),0,Units,A,Normal value,PU,Public,10.0,10.0,10.0,10.0,10.0,10.0,10.0,10.0,10.0,10.0,10.0,10.0,10.0,10.0
A,Annual,BEN,Benin,WB_RISE_EE_MEEP,Minimum Energy Efficiency Performance Standards,SCORE,Score,WB_RISE,Regulatory Indicators for Sustainable Energy (RISE),0,Units,A,Normal value,PU,Public,1.388888888888889,1.388888888888889,1.388888888888889,1.388888888888889,1.388888888888889,1.388888888888889,1.388888888888889,1.388888888888889,30.55555555555556,38.88888888888889,38.88888888888889,38.88888888888889,38.88888888888889,38.88888888888889
A,Annual,BEN,Benin,WB_RISE_EE_TRN,Transport Sector,SCORE,Score,WB_RISE,Regulatory Indicators for Sustainable Energy (RISE),0,Units,A,Normal value,PU,Public,0.0,0.0,0.0,0.0,0.0,0.0,0.0,0.0,0.0,0.0,0.0,0.0,0.0,0.0
A,Annual,BEN,Benin,WB_RISE_ELTN_PL,Electrification Governance and Planning,SCORE,Score,WB_RISE,Regulatory Indicators for Sustainable Energy (RISE),0,Units,A,Normal value,PU,Public,4.761904761904762,4.761904761904762,4.761904761904762,4.761904761904762,4.761904761904762,14.285714285714286,14.285714285714286,14.285714285714286,55.23809523809524,61.90476190476191,71.42857142857143,76.19047619047619,76.19047619047619,76.19047619047619
A,Annual,BEN,Benin,WB_RISE_FRM_MGRI,Minigrids Framework,SCORE,Score,WB_RISE,Regulatory Indicators for Sustainable Energy (RISE),0,Units,A,Normal value,PU,Public,8.465608465608467,8.465608465608467,8.465608465608467,8.465608465608467,8.465608465608467,8.465608465608467,8.465608465608467,12.16931216931217,56.61375661375661,56.61375661375661,56.61375661375661,61.37566137566139,61.37566137566139,61.37566137566139
A,Annual,BEN,Benin,WB_RISE_FRM_OGS,Off-Grid Systems Framework,SCORE,Score,WB_RISE,Regulatory Indicators for Sustainable Energy (RISE),0,Units,A,Normal value,PU,Public,0.0,0.0,0.0,0.0,0.0,0.0,0.0,38.88888888888889,44.44444444444445,44.44444444444445,50.0,50.0,66.66666666666667,66.66666666666667
A,Annual,BEN,Benin,WB_RISE_FR_GREL,Grid Electrification Framework,SCORE,Score,WB_RISE,Regulatory Indicators for Sustainable Energy (RISE),0,Units,A,Normal value,PU,Public,33.333333333333336,33.333333333333336,33.333333333333336,33.333333333333336,33.333333333333336,33.333333333333336,33.333333333333336,33.333333333333336,33.333333333333336,33.333333333333336,33.333333333333336,33.333333333333336,33.333333333333336,33.333333333333336
A,Annual,BEN,Benin,WB_RISE_RE_ALL,Sustainable Energy - Renewable Energy Score,SCORE,Score,WB_RISE,Regulatory Indicators for Sustainable Energy (RISE),0,Units,A,Normal value,PU,Public,0.5555555555555556,0.5555555555555556,8.65079365079365,8.65079365079365,8.65079365079365,10.31746031746032,10.31746031746032,10.873015873015872,15.476190476190476,15.476190476190476,17.460317460317462,17.460317460317462,24.126984126984127,15.317460317460316
A,Annual,BEN,Benin,WB_RISE_RE_ELEC,Electricity Sector Renewables,SCORE,Score,WB_RISE,Regulatory Indicators for Sustainable Energy (RISE),0,Units,A,Normal value,PU,Public,2.777777777777778,2.777777777777778,2.777777777777778,2.777777777777778,2.777777777777778,11.111111111111112,11.111111111111112,13.888888888888893,16.666666666666668,16.666666666666668,19.444444444444446,19.444444444444446,19.444444444444446,31.944444444444446
A,Annual,BEN,Benin,WB_RISE_RE_GOV,Renewable Energy - Governance,SCORE,Score,WB_RISE,Regulatory Indicators for Sustainable Energy (RISE),0,Units,A,Normal value,PU,Public,0.0,0.0,7.142857142857143,7.142857142857143,7.142857142857143,7.142857142857143,7.142857142857143,7.142857142857143,10.714285714285714,10.714285714285714,17.857142857142858,17.857142857142858,51.19047619047619,44.64285714285714
A,Annual,BEN,Benin,WB_RISE_RE_HE_CO,Heating and Cooling Renewables,SCORE,Score,WB_RISE,Regulatory Indicators for Sustainable Energy (RISE),0,Units,A,Normal value,PU,Public,0.0,0.0,0.0,0.0,0.0,0.0,0.0,0.0,16.666666666666668,16.666666666666668,16.666666666666668,16.666666666666668,16.666666666666668,0.0
A,Annual,BEN,Benin,WB_RISE_RE_LVL_PLYNG_FLD,Leveling the Playing Field for Renewables,SCORE,Score,WB_RISE,Regulatory Indicators for Sustainable Energy (RISE),0,Units,A,Normal value,PU,Public,0.0,0.0,0.0,0.0,0.0,0.0,0.0,0.0,0.0,0.0,0.0,0.0,0.0,0.0
A,Annual,BEN,Benin,WB_RISE_RE_TRNS,Transport Sector Renewables,SCORE,Score,WB_RISE,Regulatory Indicators for Sustainable Energy (RISE),0,Units,A,Normal value,PU,Public,0.0,0.0,33.333333333333336,33.333333333333336,33.333333333333336,33.333333333333336,33.333333333333336,33.333333333333336,33.333333333333336,33.333333333333336,33.333333333333336,33.333333333333336,33.333333333333336,0.0
A,Annual,BFA,Burkina Faso,WB_RISE_CC_ALL,Sustainable Energy - Clean Cooking Score,SCORE,Score,WB_RISE,Regulatory Indicators for Sustainable Energy (RISE),0,Units,A,Normal value,PU,Public,0.0,0.0,0.0,0.0,0.0,15.833333333333332,15.833333333333332,18.61111111111111,18.61111111111111,18.61111111111111,18.61111111111111,18.61111111111111,18.61111111111111,18.61111111111111
A,Annual,BFA,Burkina Faso,WB_RISE_CC_CCP,Clean Cooking National Planning,SCORE,Score,WB_RISE,Regulatory Indicators for Sustainable Energy (RISE),0,Units,A,Normal value,PU,Public,0.0,0.0,0.0,0.0,0.0,40.0,40.0,51.11111111111112,51.11111111111112,51.11111111111112,51.11111111111112,51.11111111111112,51.11111111111112,51.11111111111112
A,Annual,BFA,Burkina Faso,WB_RISE_CC_FIAC,Incentives and Attributes for Clean Cooking,SCORE,Score,WB_RISE,Regulatory Indicators for Sustainable Energy (RISE),0,Units,A,Normal value,PU,Public,0.0,0.0,0.0,0.0,0.0,0.0,0.0,0.0,0.0,0.0,0.0,0.0,0.0,0.0
A,Annual,BFA,Burkina Faso,WB_RISE_CC_SCCP,Implementation Scope of Clean Cooking Planning,SCORE,Score,WB_RISE,Regulatory Indicators for Sustainable Energy (RISE),0,Units,A,Normal value,PU,Public,0.0,0.0,0.0,0.0,0.0,23.33333333333333,23.33333333333333,23.33333333333333,23.33333333333333,23.33333333333333,23.33333333333333,23.33333333333333,23.33333333333333,23.33333333333333
A,Annual,BFA,Burkina Faso,WB_RISE_CC_STLA,Standards and Labeling,SCORE,Score,WB_RISE,Regulatory Indicators for Sustainable Energy (RISE),0,Units,A,Normal value,PU,Public,0.0,0.0,0.0,0.0,0.0,0.0,0.0,0.0,0.0,0.0,0.0,0.0,0.0,0.0
A,Annual,BFA,Burkina Faso,WB_RISE_CON_AFEL,Consumer Affordability of Electricity,SCORE,Score,WB_RISE,Regulatory Indicators for Sustainable Energy (RISE),0,Units,A,Normal value,PU,Public,66.33333333333333,66.33333333333333,66.33333333333333,66.33333333333333,66.33333333333333,66.33333333333333,66.33333333333333,66.33333333333333,66.33333333333333,66.33333333333333,66.33333333333333,66.33333333333333,83.0,99.66666666666669
A,Annual,BFA,Burkina Faso,WB_RISE_EA_ALL,Sustainable Energy - Electricity Access Score,SCORE,Score,WB_RISE,Regulatory Indicators for Sustainable Energy (RISE),0,Units,A,Normal value,PU,Public,13.266666666666666,13.266666666666666,13.266666666666666,13.266666666666666,13.266666666666666,22.79047619047619,22.79047619047619,44.01798941798942,53.160846560846565,54.11322751322752,54.11322751322752,60.62116402116402,66.81164021164021,79.98624338624339
A,Annual,BFA,Burkina Faso,WB_RISE_EE_ALL,Sustainable Energy - Energy Efficiency Score,SCORE,Score,WB_RISE,Regulatory Indicators for Sustainable Energy (RISE),0,Units,A,Normal value,PU,Public,0.0,0.0,0.0,0.0,0.0,2.2222222222222223,2.2222222222222223,19.53703703703704,19.53703703703704,19.53703703703704,19.53703703703704,19.53703703703704,19.53703703703704,22.87037037037037
A,Annual,BFA,Burkina Faso,WB_RISE_EE_BEC,Building Energy Codes,SCORE,Score,WB_RISE,Regulatory Indicators for Sustainable Energy (RISE),0,Units,A,Normal value,PU,Public,0.0,0.0,0.0,0.0,0.0,0.0,0.0,16.666666666666668,16.666666666666668,16.666666666666668,16.666666666666668,16.666666666666668,16.666666666666668,16.666666666666668
A,Annual,BFA,Burkina Faso,WB_RISE_EE_EES,Energy Efficiency Governance,SCORE,Score,WB_RISE,Regulatory Indicators for Sustainable Energy (RISE),0,Units,A,Normal value,PU,Public,0.0,0.0,0.0,0.0,0.0,20.0,20.0,63.333333333333336,63.333333333333336,63.333333333333336,63.333333333333336,63.333333333333336,63.333333333333336,63.333333333333336
A,Annual,BFA,Burkina Faso,WB_RISE_EE_ELS,Energy Labeling Systems,SCORE,Score,WB_RISE,Regulatory Indicators for Sustainable Energy (RISE),0,Units,A,Normal value,PU,Public,0.0,0.0,0.0,0.0,0.0,0.0,0.0,25.0,25.0,25.0,25.0,25.0,25.0,25.0
A,Annual,BFA,Burkina Faso,WB_RISE_EE_FMEE,Financing Mechanisms for Energy Efficiency,SCORE,Score,WB_RISE,Regulatory Indicators for Sustainable Energy (RISE),0,Units,A,Normal value,PU,Public,0.0,0.0,0.0,0.0,0.0,0.0,0.0,0.0,0.0,0.0,0.0,0.0,0.0,0.0
A,Annual,BFA,Burkina Faso,WB_RISE_EE_IMIC,Industrial and Commercial End Users,SCORE,Score,WB_RISE,Regulatory Indicators for Sustainable Energy (RISE),0,Units,A,Normal value,PU,Public,0.0,0.0,0.0,0.0,0.0,0.0,0.0,37.5,37.5,37.5,37.5,37.5,37.5,37.5
A,Annual,BFA,Burkina Faso,WB_RISE_EE_IMPS,Energy Efficiency in Public Sector,SCORE,Score,WB_RISE,Regulatory Indicators for Sustainable Energy (RISE),0,Units,A,Normal value,PU,Public,0.0,0.0,0.0,0.0,0.0,0.0,0.0,0.0,0.0,0.0,0.0,0.0,0.0,0.0
A,Annual,BFA,Burkina Faso,WB_RISE_EE_IMUT,Incentives & Mandates: Energy Utility Programs,SCORE,Score,WB_RISE,Regulatory Indicators for Sustainable Energy (RISE),0,Units,A,Normal value,PU,Public,0.0,0.0,0.0,0.0,0.0,0.0,0.0,0.0,0.0,0.0,0.0,0.0,0.0,30.0
A,Annual,BFA,Burkina Faso,WB_RISE_EE_MEEP,Minimum Energy Efficiency Performance Standards,SCORE,Score,WB_RISE,Regulatory Indicators for Sustainable Energy (RISE),0,Units,A,Normal value,PU,Public,0.0,0.0,0.0,0.0,0.0,0.0,0.0,33.333333333333336,33.333333333333336,33.333333333333336,33.333333333333336,33.333333333333336,33.333333333333336,33.333333333333336
A,Annual,BFA,Burkina Faso,WB_RISE_EE_TRN,Transport Sector,SCORE,Score,WB_RISE,Regulatory Indicators for Sustainable Energy (RISE),0,Units,A,Normal value,PU,Public,0.0,0.0,0.0,0.0,0.0,0.0,0.0,0.0,0.0,0.0,0.0,0.0,0.0,0.0
A,Annual,BFA,Burkina Faso,WB_RISE_ELTN_PL,Electrification Governance and Planning,SCORE,Score,WB_RISE,Regulatory Indicators for Sustainable Energy (RISE),0,Units,A,Normal value,PU,Public,0.0,0.0,0.0,0.0,0.0,0.0,0.0,49.523809523809526,76.19047619047619,76.19047619047619,76.19047619047619,76.19047619047619,90.47619047619048,90.47619047619048
A,Annual,BFA,Burkina Faso,WB_RISE_FRM_MGRI,Minigrids Framework,SCORE,Score,WB_RISE,Regulatory Indicators for Sustainable Energy (RISE),0,Units,A,Normal value,PU,Public,0.0,0.0,0.0,0.0,0.0,14.285714285714285,14.285714285714285,37.56613756613756,56.61375661375661,61.375661375661366,61.375661375661366,66.13756613756614,66.13756613756614,70.8994708994709
A,Annual,BFA,Burkina Faso,WB_RISE_FRM_OGS,Off-Grid Systems Framework,SCORE,Score,WB_RISE,Regulatory Indicators for Sustainable Energy (RISE),0,Units,A,Normal value,PU,Public,0.0,0.0,0.0,0.0,0.0,33.333333333333336,33.333333333333336,33.333333333333336,33.333333333333336,33.333333333333336,33.333333333333336,44.44444444444445,44.44444444444445,55.55555555555557
A,Annual,BFA,Burkina Faso,WB_RISE_FR_GREL,Grid Electrification Framework,SCORE,Score,WB_RISE,Regulatory Indicators for Sustainable Energy (RISE),0,Units,A,Normal value,PU,Public,0.0,0.0,0.0,0.0,0.0,0.0,0.0,33.333333333333336,33.333333333333336,33.333333333333336,33.333333333333336,50.0,50.0,83.33333333333333
A,Annual,BFA,Burkina Faso,WB_RISE_RE_ALL,Sustainable Energy - Renewable Energy Score,SCORE,Score,WB_RISE,Regulatory Indicators for Sustainable Energy (RISE),0,Units,A,Normal value,PU,Public,0.0,0.0,0.0,0.0,0.0,0.3703703703703703,0.3703703703703703,1.2037037037037035,1.2037037037037035,1.870370370370371,1.870370370370371,1.870370370370371,22.703703703703702,25.75925925925926
A,Annual,BFA,Burkina Faso,WB_RISE_RE_ELEC,Electricity Sector Renewables,SCORE,Score,WB_RISE,Regulatory Indicators for Sustainable Energy (RISE),0,Units,A,Normal value,PU,Public,0.0,0.0,0.0,0.0,0.0,1.851851851851852,1.851851851851852,6.018518518518519,6.018518518518519,9.351851851851851,9.351851851851851,9.351851851851851,30.185185185185187,37.129629629629626
A,Annual,BFA,Burkina Faso,WB_RISE_RE_GOV,Renewable Energy - Governance,SCORE,Score,WB_RISE,Regulatory Indicators for Sustainable Energy (RISE),0,Units,A,Normal value,PU,Public,0.0,0.0,0.0,0.0,0.0,0.0,0.0,0.0,0.0,0.0,0.0,0.0,50.0,58.333333333333336
A,Annual,BFA,Burkina Faso,WB_RISE_RE_HE_CO,Heating and Cooling Renewables,SCORE,Score,WB_RISE,Regulatory Indicators for Sustainable Energy (RISE),0,Units,A,Normal value,PU,Public,0.0,0.0,0.0,0.0,0.0,0.0,0.0,0.0,0.0,0.0,0.0,0.0,0.0,0.0
A,Annual,BFA,Burkina Faso,WB_RISE_RE_LVL_PLYNG_FLD,Leveling the Playing Field for Renewables,SCORE,Score,WB_RISE,Regulatory Indicators for Sustainable Energy (RISE),0,Units,A,Normal value,PU,Public,0.0,0.0,0.0,0.0,0.0,0.0,0.0,0.0,0.0,0.0,0.0,0.0,0.0,0.0
A,Annual,BFA,Burkina Faso,WB_RISE_RE_TRNS,Transport Sector Renewables,SCORE,Score,WB_RISE,Regulatory Indicators for Sustainable Energy (RISE),0,Units,A,Normal value,PU,Public,0.0,0.0,0.0,0.0,0.0,0.0,0.0,0.0,0.0,0.0,0.0,0.0,33.333333333333336,33.333333333333336
A,Annual,BGD,Bangladesh,WB_RISE_CC_ALL,Sustainable Energy - Clean Cooking Score,SCORE,Score,WB_RISE,Regulatory Indicators for Sustainable Energy (RISE),0,Units,A,Normal value,PU,Public,0.0,0.0,0.0,32.361111111111114,32.361111111111114,32.361111111111114,32.361111111111114,32.361111111111114,36.52777777777778,36.52777777777778,47.36111111111111,47.36111111111111,47.36111111111111,49.02777777777777
A,Annual,BGD,Bangladesh,WB_RISE_CC_CCP,Clean Cooking National Planning,SCORE,Score,WB_RISE,Regulatory Indicators for Sustainable Energy (RISE),0,Units,A,Normal value,PU,Public,0.0,0.0,0.0,53.333333333333336,53.333333333333336,53.333333333333336,53.333333333333336,53.333333333333336,53.333333333333336,53.333333333333336,73.33333333333333,73.33333333333333,73.33333333333333,73.33333333333333
A,Annual,BGD,Bangladesh,WB_RISE_CC_FIAC,Incentives and Attributes for Clean Cooking,SCORE,Score,WB_RISE,Regulatory Indicators for Sustainable Energy (RISE),0,Units,A,Normal value,PU,Public,0.0,0.0,0.0,8.333333333333334,8.333333333333334,8.333333333333334,8.333333333333334,8.333333333333334,8.333333333333334,8.333333333333334,25.0,25.0,25.0,25.0
A,Annual,BGD,Bangladesh,WB_RISE_CC_SCCP,Implementation Scope of Clean Cooking Planning,SCORE,Score,WB_RISE,Regulatory Indicators for Sustainable Energy (RISE),0,Units,A,Normal value,PU,Public,0.0,0.0,0.0,67.77777777777777,67.77777777777777,67.77777777777777,67.77777777777777,67.77777777777777,67.77777777777777,67.77777777777777,67.77777777777777,67.77777777777777,67.77777777777777,67.77777777777777
A,Annual,BGD,Bangladesh,WB_RISE_CC_STLA,Standards and Labeling,SCORE,Score,WB_RISE,Regulatory Indicators for Sustainable Energy (RISE),0,Units,A,Normal value,PU,Public,0.0,0.0,0.0,0.0,0.0,0.0,0.0,0.0,16.666666666666668,16.666666666666668,23.33333333333333,23.33333333333333,23.33333333333333,30.0
A,Annual,BGD,Bangladesh,WB_RISE_CON_AFEL,Consumer Affordability of Electricity,SCORE,Score,WB_RISE,Regulatory Indicators for Sustainable Energy (RISE),0,Units,A,Normal value,PU,Public,66.57336486333334,66.57336486333334,66.57336486333334,66.57336486333334,66.57336486333334,66.57336486333334,66.57336486333334,66.57336486333334,66.57336486333334,83.24003153,83.24003153,83.24003153,83.24003153,83.24003153
A,Annual,BGD,Bangladesh,WB_RISE_EA_ALL,Sustainable Energy - Electricity Access Score,SCORE,Score,WB_RISE,Regulatory Indicators for Sustainable Energy (RISE),0,Units,A,Normal value,PU,Public,16.711498369492066,16.711498369492066,22.26705392504762,22.26705392504762,22.26705392504762,23.37816503615873,26.711498369492062,30.309381967375664,31.26176291975662,41.790863448857145,44.07657773457144,61.388747046740754,66.62684228483599,78.7538264118201
A,Annual,BGD,Bangladesh,WB_RISE_EE_ALL,Sustainable Energy - Energy Efficiency Score,SCORE,Score,WB_RISE,Regulatory Indicators for Sustainable Energy (RISE),0,Units,A,Normal value,PU,Public,4.62962962962963,4.62962962962963,4.62962962962963,6.407407407407408,8.25925925925926,12.870370370370372,17.5,18.88888888888889,20.0,20.0,39.25925925925927,39.25925925925927,41.57407407407408,57.34567901234568
A,Annual,BGD,Bangladesh,WB_RISE_EE_BEC,Building Energy Codes,SCORE,Score,WB_RISE,Regulatory Indicators for Sustainable Energy (RISE),0,Units,A,Normal value,PU,Public,0.0,0.0,0.0,0.0,0.0,0.0,0.0,0.0,0.0,0.0,40.0,40.0,40.0,40.0
A,Annual,BGD,Bangladesh,WB_RISE_EE_EES,Energy Efficiency Governance,SCORE,Score,WB_RISE,Regulatory Indicators for Sustainable Energy (RISE),0,Units,A,Normal value,PU,Public,0.0,0.0,0.0,16.0,16.0,20.0,20.0,20.0,30.0,30.0,30.0,30.0,30.0,90.0
A,Annual,BGD,Bangladesh,WB_RISE_EE_ELS,Energy Labeling Systems,SCORE,Score,WB_RISE,Regulatory Indicators for Sustainable Energy (RISE),0,Units,A,Normal value,PU,Public,0.0,0.0,0.0,0.0,0.0,0.0,0.0,0.0,0.0,0.0,0.0,0.0,4.166666666666667,70.83333333333333
A,Annual,BGD,Bangladesh,WB_RISE_EE_FMEE,Financing Mechanisms for Energy Efficiency,SCORE,Score,WB_RISE,Regulatory Indicators for Sustainable Energy (RISE),0,Units,A,Normal value,PU,Public,16.666666666666668,16.666666666666668,16.666666666666668,16.666666666666668,33.333333333333336,33.333333333333336,33.333333333333336,33.333333333333336,33.333333333333336,33.333333333333336,33.333333333333336,33.333333333333336,50.0,50.0
A,Annual,BGD,Bangladesh,WB_RISE_EE_IMIC,Industrial and Commercial End Users,SCORE,Score,WB_RISE,Regulatory Indicators for Sustainable Energy (RISE),0,Units,A,Normal value,PU,Public,25.0,25.0,25.0,25.0,25.0,62.5,62.5,75.0,75.0,75.0,75.0,75.0,75.0,75.0
A,Annual,BGD,Bangladesh,WB_RISE_EE_IMPS,Energy Efficiency in Public Sector,SCORE,Score,WB_RISE,Regulatory Indicators for Sustainable Energy (RISE),0,Units,A,Normal value,PU,Public,0.0,0.0,0.0,0.0,0.0,0.0,0.0,0.0,0.0,0.0,33.333333333333336,33.333333333333336,33.333333333333336,33.333333333333336
A,Annual,BGD,Bangladesh,WB_RISE_EE_IMUT,Incentives & Mandates: Energy Utility Programs,SCORE,Score,WB_RISE,Regulatory Indicators for Sustainable Energy (RISE),0,Units,A,Normal value,PU,Public,0.0,0.0,0.0,0.0,0.0,0.0,0.0,0.0,0.0,0.0,50.0,50.0,50.0,50.0
A,Annual,BGD,Bangladesh,WB_RISE_EE_MEEP,Minimum Energy Efficiency Performance Standards,SCORE,Score,WB_RISE,Regulatory Indicators for Sustainable Energy (RISE),0,Units,A,Normal value,PU,Public,0.0,0.0,0.0,0.0,0.0,0.0,41.66666666666666,41.66666666666666,41.66666666666666,41.66666666666666,41.66666666666666,41.66666666666666,41.66666666666666,56.94444444444444
A,Annual,BGD,Bangladesh,WB_RISE_EE_TRN,Transport Sector,SCORE,Score,WB_RISE,Regulatory Indicators for Sustainable Energy (RISE),0,Units,A,Normal value,PU,Public,0.0,0.0,0.0,0.0,0.0,0.0,0.0,0.0,0.0,0.0,50.0,50.0,50.0,50.0
A,Annual,BGD,Bangladesh,WB_RISE_ELTN_PL,Electrification Governance and Planning,SCORE,Score,WB_RISE,Regulatory Indicators for Sustainable Energy (RISE),0,Units,A,Normal value,PU,Public,11.428571428571429,11.428571428571429,11.428571428571429,11.428571428571429,11.428571428571429,11.428571428571429,11.428571428571429,11.428571428571429,16.19047619047619,30.47619047619048,37.142857142857146,43.80952380952382,48.57142857142858,93.33333333333331
A,Annual,BGD,Bangladesh,WB_RISE_FRM_MGRI,Minigrids Framework,SCORE,Score,WB_RISE,Regulatory Indicators for Sustainable Energy (RISE),0,Units,A,Normal value,PU,Public,0.0,0.0,0.0,0.0,0.0,0.0,0.0,17.989417989417987,17.989417989417987,39.68253968253969,44.44444444444445,57.67195767195767,62.43386243386243,67.19576719576719
A,Annual,BGD,Bangladesh,WB_RISE_FRM_OGS,Off-Grid Systems Framework,SCORE,Score,WB_RISE,Regulatory Indicators for Sustainable Energy (RISE),0,Units,A,Normal value,PU,Public,5.555555555555556,5.555555555555556,16.666666666666668,16.666666666666668,16.666666666666668,22.222222222222225,22.222222222222225,22.222222222222225,22.222222222222225,22.222222222222225,22.222222222222225,88.8888888888889,88.8888888888889,100.0
A,Annual,BGD,Bangladesh,WB_RISE_FR_GREL,Grid Electrification Framework,SCORE,Score,WB_RISE,Regulatory Indicators for Sustainable Energy (RISE),0,Units,A,Normal value,PU,Public,0.0,0.0,16.666666666666668,16.666666666666668,16.666666666666668,16.666666666666668,33.333333333333336,33.333333333333336,33.333333333333336,33.333333333333336,33.333333333333336,33.333333333333336,50.0,50.0
A,Annual,BGD,Bangladesh,WB_RISE_RE_ALL,Sustainable Energy - Renewable Energy Score,SCORE,Score,WB_RISE,Regulatory Indicators for Sustainable Energy (RISE),0,Units,A,Normal value,PU,Public,0.8333333333333334,0.8333333333333334,0.8333333333333334,0.8333333333333334,0.8333333333333334,2.5,13.333333333333334,13.333333333333334,13.333333333333334,13.333333333333334,13.333333333333334,15.595238095238097,18.80952380952381,26.78571428571429
A,Annual,BGD,Bangladesh,WB_RISE_RE_ELEC,Electricity Sector Renewables,SCORE,Score,WB_RISE,Regulatory Indicators for Sustainable Energy (RISE),0,Units,A,Normal value,PU,Public,4.166666666666667,4.166666666666667,4.166666666666667,4.166666666666667,4.166666666666667,12.5,16.666666666666668,16.666666666666668,16.666666666666668,16.666666666666668,16.666666666666668,20.83333333333333,20.83333333333333,54.16666666666668
A,Annual,BGD,Bangladesh,WB_RISE_RE_GOV,Renewable Energy - Governance,SCORE,Score,WB_RISE,Regulatory Indicators for Sustainable Energy (RISE),0,Units,A,Normal value,PU,Public,0.0,0.0,0.0,0.0,0.0,0.0,50.0,50.0,50.0,50.0,50.0,57.142857142857146,73.21428571428572,79.76190476190476
A,Annual,BGD,Bangladesh,WB_RISE_RE_HE_CO,Heating and Cooling Renewables,SCORE,Score,WB_RISE,Regulatory Indicators for Sustainable Energy (RISE),0,Units,A,Normal value,PU,Public,0.0,0.0,0.0,0.0,0.0,0.0,0.0,0.0,0.0,0.0,0.0,0.0,0.0,0.0
A,Annual,BGD,Bangladesh,WB_RISE_RE_LVL_PLYNG_FLD,Leveling the Playing Field for Renewables,SCORE,Score,WB_RISE,Regulatory Indicators for Sustainable Energy (RISE),0,Units,A,Normal value,PU,Public,0.0,0.0,0.0,0.0,0.0,0.0,0.0,0.0,0.0,0.0,0.0,0.0,0.0,0.0
A,Annual,BGD,Bangladesh,WB_RISE_RE_TRNS,Transport Sector Renewables,SCORE,Score,WB_RISE,Regulatory Indicators for Sustainable Energy (RISE),0,Units,A,Normal value,PU,Public,0.0,0.0,0.0,0.0,0.0,0.0,0.0,0.0,0.0,0.0,0.0,0.0,0.0,0.0
A,Annual,BGR,Bulgaria,WB_RISE_EE_ALL,Sustainable Energy - Energy Efficiency Score,SCORE,Score,WB_RISE,Regulatory Indicators for Sustainable Energy (RISE),0,Units,A,Normal value,PU,Public,38.95679012345679,42.19753086419754,47.19753086419754,47.19753086419754,52.0246913580247,57.24074074074073,59.64814814814815,59.64814814814815,60.388888888888886,61.35185185185185,61.35185185185185,61.35185185185185,61.35185185185185,61.35185185185185
A,Annual,BGR,Bulgaria,WB_RISE_EE_BEC,Building Energy Codes,SCORE,Score,WB_RISE,Regulatory Indicators for Sustainable Energy (RISE),0,Units,A,Normal value,PU,Public,28.33333333333333,28.33333333333333,28.33333333333333,28.33333333333333,28.33333333333333,35.0,56.66666666666666,56.66666666666666,63.333333333333336,70.0,70.0,70.0,70.0,70.0
A,Annual,BGR,Bulgaria,WB_RISE_EE_EES,Energy Efficiency Governance,SCORE,Score,WB_RISE,Regulatory Indicators for Sustainable Energy (RISE),0,Units,A,Normal value,PU,Public,25.888888888888893,42.55555555555556,69.22222222222223,69.22222222222223,93.22222222222224,96.0,96.0,96.0,96.0,98.0,98.0,98.0,98.0,98.0
A,Annual,BGR,Bulgaria,WB_RISE_EE_ELS,Energy Labeling Systems,SCORE,Score,WB_RISE,Regulatory Indicators for Sustainable Energy (RISE),0,Units,A,Normal value,PU,Public,54.16666666666666,54.16666666666666,62.5,62.5,62.5,62.5,62.5,62.5,62.5,62.5,62.5,62.5,62.5,62.5
A,Annual,BGR,Bulgaria,WB_RISE_EE_FMEE,Financing Mechanisms for Energy Efficiency,SCORE,Score,WB_RISE,Regulatory Indicators for Sustainable Energy (RISE),0,Units,A,Normal value,PU,Public,33.333333333333336,33.333333333333336,33.333333333333336,33.333333333333336,33.333333333333336,33.333333333333336,33.333333333333336,33.333333333333336,33.333333333333336,33.333333333333336,33.333333333333336,33.333333333333336,33.333333333333336,33.333333333333336
A,Annual,BGR,Bulgaria,WB_RISE_EE_IMIC,Industrial and Commercial End Users,SCORE,Score,WB_RISE,Regulatory Indicators for Sustainable Energy (RISE),0,Units,A,Normal value,PU,Public,0.0,12.5,12.5,12.5,12.5,50.0,50.0,50.0,50.0,50.0,50.0,50.0,50.0,50.0
A,Annual,BGR,Bulgaria,WB_RISE_EE_IMPS,Energy Efficiency in Public Sector,SCORE,Score,WB_RISE,Regulatory Indicators for Sustainable Energy (RISE),0,Units,A,Normal value,PU,Public,83.33333333333334,83.33333333333334,83.33333333333334,83.33333333333334,83.33333333333334,83.33333333333334,83.33333333333334,83.33333333333334,83.33333333333334,83.33333333333334,83.33333333333334,83.33333333333334,83.33333333333334,83.33333333333334
A,Annual,BGR,Bulgaria,WB_RISE_EE_IMUT,Incentives & Mandates: Energy Utility Programs,SCORE,Score,WB_RISE,Regulatory Indicators for Sustainable Energy (RISE),0,Units,A,Normal value,PU,Public,20.0,20.0,30.0,30.0,30.0,30.0,30.0,30.0,30.0,30.0,30.0,30.0,30.0,30.0
A,Annual,BGR,Bulgaria,WB_RISE_EE_MEEP,Minimum Energy Efficiency Performance Standards,SCORE,Score,WB_RISE,Regulatory Indicators for Sustainable Energy (RISE),0,Units,A,Normal value,PU,Public,63.88888888888889,63.88888888888889,63.88888888888889,63.88888888888889,83.33333333333334,83.33333333333334,83.33333333333334,83.33333333333334,83.33333333333334,83.33333333333334,83.33333333333334,83.33333333333334,83.33333333333334,83.33333333333334
A,Annual,BGR,Bulgaria,WB_RISE_EE_TRN,Transport Sector,SCORE,Score,WB_RISE,Regulatory Indicators for Sustainable Energy (RISE),0,Units,A,Normal value,PU,Public,41.66666666666667,41.66666666666667,41.66666666666667,41.66666666666667,41.66666666666667,41.66666666666667,41.66666666666667,41.66666666666667,41.66666666666667,41.66666666666667,41.66666666666667,41.66666666666667,41.66666666666667,41.66666666666667
A,Annual,BGR,Bulgaria,WB_RISE_RE_ALL,Sustainable Energy - Renewable Energy Score,SCORE,Score,WB_RISE,Regulatory Indicators for Sustainable Energy (RISE),0,Units,A,Normal value,PU,Public,38.67989417989418,53.23544973544974,53.23544973544974,53.23544973544974,53.23544973544974,53.902116402116405,53.902116402116405,53.902116402116405,56.75925925925926,56.75925925925926,56.75925925925926,56.75925925925926,56.75925925925926,65.07407407407408
A,Annual,BGR,Bulgaria,WB_RISE_RE_ELEC,Electricity Sector Renewables,SCORE,Score,WB_RISE,Regulatory Indicators for Sustainable Energy (RISE),0,Units,A,Normal value,PU,Public,34.351851851851855,40.46296296296296,40.46296296296296,40.46296296296296,40.46296296296296,43.7962962962963,43.7962962962963,43.7962962962963,43.7962962962963,43.7962962962963,43.7962962962963,43.7962962962963,43.7962962962963,78.14814814814815
A,Annual,BGR,Bulgaria,WB_RISE_RE_GOV,Renewable Energy - Governance,SCORE,Score,WB_RISE,Regulatory Indicators for Sustainable Energy (RISE),0,Units,A,Normal value,PU,Public,69.04761904761905,85.71428571428572,85.71428571428572,85.71428571428572,85.71428571428572,85.71428571428572,85.71428571428572,85.71428571428572,100.0,100.0,100.0,100.0,100.0,91.66666666666666
A,Annual,BGR,Bulgaria,WB_RISE_RE_HE_CO,Heating and Cooling Renewables,SCORE,Score,WB_RISE,Regulatory Indicators for Sustainable Energy (RISE),0,Units,A,Normal value,PU,Public,0.0,50.0,50.0,50.0,50.0,50.0,50.0,50.0,50.0,50.0,50.0,50.0,50.0,88.8888888888889
A,Annual,BGR,Bulgaria,WB_RISE_RE_LVL_PLYNG_FLD,Leveling the Playing Field for Renewables,SCORE,Score,WB_RISE,Regulatory Indicators for Sustainable Energy (RISE),0,Units,A,Normal value,PU,Public,40.0,40.0,40.0,40.0,40.0,40.0,40.0,40.0,40.0,40.0,40.0,40.0,40.0,0.0
A,Annual,BGR,Bulgaria,WB_RISE_RE_TRNS,Transport Sector Renewables,SCORE,Score,WB_RISE,Regulatory Indicators for Sustainable Energy (RISE),0,Units,A,Normal value,PU,Public,50.0,50.0,50.0,50.0,50.0,50.0,50.0,50.0,50.0,50.0,50.0,50.0,50.0,66.66666666666667
A,Annual,BHR,Bahrain,WB_RISE_EE_ALL,Sustainable Energy - Energy Efficiency Score,SCORE,Score,WB_RISE,Regulatory Indicators for Sustainable Energy (RISE),0,Units,A,Normal value,PU,Public,1.1111111111111112,1.1111111111111112,2.469135802469136,2.469135802469136,3.08641975308642,9.876543209876544,12.839506172839508,27.407407407407405,27.407407407407405,27.407407407407405,32.96296296296297,36.20370370370372,36.20370370370372,36.20370370370372
A,Annual,BHR,Bahrain,WB_RISE_EE_BEC,Building Energy Codes,SCORE,Score,WB_RISE,Regulatory Indicators for Sustainable Energy (RISE),0,Units,A,Normal value,PU,Public,0.0,0.0,6.666666666666667,6.666666666666667,6.666666666666667,6.666666666666667,6.666666666666667,26.666666666666668,26.666666666666668,26.666666666666668,26.666666666666668,26.666666666666668,26.666666666666668,26.666666666666668
A,Annual,BHR,Bahrain,WB_RISE_EE_EES,Energy Efficiency Governance,SCORE,Score,WB_RISE,Regulatory Indicators for Sustainable Energy (RISE),0,Units,A,Normal value,PU,Public,0.0,0.0,5.555555555555556,5.555555555555556,11.111111111111112,30.55555555555556,30.55555555555556,100.0,100.0,100.0,100.0,100.0,100.0,100.0
A,Annual,BHR,Bahrain,WB_RISE_EE_ELS,Energy Labeling Systems,SCORE,Score,WB_RISE,Regulatory Indicators for Sustainable Energy (RISE),0,Units,A,Normal value,PU,Public,0.0,0.0,0.0,0.0,0.0,0.0,12.5,12.5,12.5,12.5,12.5,16.666666666666668,16.666666666666668,16.666666666666668
A,Annual,BHR,Bahrain,WB_RISE_EE_FMEE,Financing Mechanisms for Energy Efficiency,SCORE,Score,WB_RISE,Regulatory Indicators for Sustainable Energy (RISE),0,Units,A,Normal value,PU,Public,0.0,0.0,0.0,0.0,0.0,0.0,0.0,0.0,0.0,0.0,0.0,0.0,0.0,0.0
A,Annual,BHR,Bahrain,WB_RISE_EE_IMIC,Industrial and Commercial End Users,SCORE,Score,WB_RISE,Regulatory Indicators for Sustainable Energy (RISE),0,Units,A,Normal value,PU,Public,0.0,0.0,0.0,0.0,0.0,0.0,0.0,25.0,25.0,25.0,25.0,25.0,25.0,25.0
A,Annual,BHR,Bahrain,WB_RISE_EE_IMPS,Energy Efficiency in Public Sector,SCORE,Score,WB_RISE,Regulatory Indicators for Sustainable Energy (RISE),0,Units,A,Normal value,PU,Public,0.0,0.0,0.0,0.0,0.0,16.666666666666668,16.666666666666668,33.333333333333336,33.333333333333336,33.333333333333336,66.66666666666667,66.66666666666667,66.66666666666667,66.66666666666667
A,Annual,BHR,Bahrain,WB_RISE_EE_IMUT,Incentives & Mandates: Energy Utility Programs,SCORE,Score,WB_RISE,Regulatory Indicators for Sustainable Energy (RISE),0,Units,A,Normal value,PU,Public,10.0,10.0,10.0,10.0,10.0,10.0,20.0,20.0,20.0,20.0,36.66666666666667,36.66666666666667,36.66666666666667,36.66666666666667
A,Annual,BHR,Bahrain,WB_RISE_EE_MEEP,Minimum Energy Efficiency Performance Standards,SCORE,Score,WB_RISE,Regulatory Indicators for Sustainable Energy (RISE),0,Units,A,Normal value,PU,Public,0.0,0.0,0.0,0.0,0.0,25.0,29.166666666666668,29.166666666666668,29.166666666666668,29.166666666666668,29.166666666666668,29.166666666666668,29.166666666666668,29.166666666666668
A,Annual,BHR,Bahrain,WB_RISE_EE_TRN,Transport Sector,SCORE,Score,WB_RISE,Regulatory Indicators for Sustainable Energy (RISE),0,Units,A,Normal value,PU,Public,0.0,0.0,0.0,0.0,0.0,0.0,0.0,0.0,0.0,0.0,0.0,25.0,25.0,25.0
A,Annual,BHR,Bahrain,WB_RISE_RE_ALL,Sustainable Energy - Renewable Energy Score,SCORE,Score,WB_RISE,Regulatory Indicators for Sustainable Energy (RISE),0,Units,A,Normal value,PU,Public,3.333333333333333,3.333333333333333,3.333333333333333,3.333333333333333,6.666666666666667,6.666666666666667,6.666666666666667,18.611111111111107,22.18253968253968,22.18253968253968,23.611111111111107,27.981481481481485,27.981481481481485,16.01851851851852
A,Annual,BHR,Bahrain,WB_RISE_RE_ELEC,Electricity Sector Renewables,SCORE,Score,WB_RISE,Regulatory Indicators for Sustainable Energy (RISE),0,Units,A,Normal value,PU,Public,16.666666666666668,16.666666666666668,16.666666666666668,16.666666666666668,16.666666666666668,16.666666666666668,16.666666666666668,43.05555555555555,43.05555555555555,43.05555555555555,43.05555555555555,44.90740740740741,44.90740740740741,30.092592592592595
A,Annual,BHR,Bahrain,WB_RISE_RE_GOV,Renewable Energy - Governance,SCORE,Score,WB_RISE,Regulatory Indicators for Sustainable Energy (RISE),0,Units,A,Normal value,PU,Public,0.0,0.0,0.0,0.0,16.666666666666668,16.666666666666668,16.666666666666668,50.0,67.85714285714286,67.85714285714286,75.0,75.0,75.0,50.0
A,Annual,BHR,Bahrain,WB_RISE_RE_HE_CO,Heating and Cooling Renewables,SCORE,Score,WB_RISE,Regulatory Indicators for Sustainable Energy (RISE),0,Units,A,Normal value,PU,Public,0.0,0.0,0.0,0.0,0.0,0.0,0.0,0.0,0.0,0.0,0.0,0.0,0.0,0.0
A,Annual,BHR,Bahrain,WB_RISE_RE_LVL_PLYNG_FLD,Leveling the Playing Field for Renewables,SCORE,Score,WB_RISE,Regulatory Indicators for Sustainable Energy (RISE),0,Units,A,Normal value,PU,Public,0.0,0.0,0.0,0.0,0.0,0.0,0.0,0.0,0.0,0.0,0.0,20.0,20.0,0.0
A,Annual,BHR,Bahrain,WB_RISE_RE_TRNS,Transport Sector Renewables,SCORE,Score,WB_RISE,Regulatory Indicators for Sustainable Energy (RISE),0,Units,A,Normal value,PU,Public,0.0,0.0,0.0,0.0,0.0,0.0,0.0,0.0,0.0,0.0,0.0,0.0,0.0,0.0
A,Annual,BIH,Bosnia and Herzegovina,WB_RISE_EE_ALL,Sustainable Energy - Energy Efficiency Score,SCORE,Score,WB_RISE,Regulatory Indicators for Sustainable Energy (RISE),0,Units,A,Normal value,PU,Public,20.37037037037037,20.37037037037037,22.592592592592595,22.592592592592595,24.444444444444443,24.444444444444443,33.98148148148149,47.96296296296297,52.77777777777778,54.93827160493827,56.41975308641976,56.41975308641976,56.41975308641976,56.41975308641976
A,Annual,BIH,Bosnia and Herzegovina,WB_RISE_EE_BEC,Building Energy Codes,SCORE,Score,WB_RISE,Regulatory Indicators for Sustainable Energy (RISE),0,Units,A,Normal value,PU,Public,0.0,0.0,0.0,0.0,0.0,0.0,13.333333333333334,13.333333333333334,40.0,40.0,53.333333333333336,53.333333333333336,53.333333333333336,53.333333333333336
A,Annual,BIH,Bosnia and Herzegovina,WB_RISE_EE_EES,Energy Efficiency Governance,SCORE,Score,WB_RISE,Regulatory Indicators for Sustainable Energy (RISE),0,Units,A,Normal value,PU,Public,0.0,0.0,20.0,20.0,20.0,20.0,55.0,81.66666666666666,81.66666666666666,84.44444444444446,84.44444444444446,84.44444444444446,84.44444444444446,84.44444444444446
A,Annual,BIH,Bosnia and Herzegovina,WB_RISE_EE_ELS,Energy Labeling Systems,SCORE,Score,WB_RISE,Regulatory Indicators for Sustainable Energy (RISE),0,Units,A,Normal value,PU,Public,16.666666666666668,16.666666666666668,16.666666666666668,16.666666666666668,16.666666666666668,16.666666666666668,41.66666666666666,41.66666666666666,41.66666666666666,41.66666666666666,41.66666666666666,41.66666666666666,41.66666666666666,41.66666666666666
A,Annual,BIH,Bosnia and Herzegovina,WB_RISE_EE_FMEE,Financing Mechanisms for Energy Efficiency,SCORE,Score,WB_RISE,Regulatory Indicators for Sustainable Energy (RISE),0,Units,A,Normal value,PU,Public,33.333333333333336,33.333333333333336,33.333333333333336,33.333333333333336,50.0,50.0,50.0,50.0,50.0,50.0,50.0,50.0,50.0,50.0
A,Annual,BIH,Bosnia and Herzegovina,WB_RISE_EE_IMIC,Industrial and Commercial End Users,SCORE,Score,WB_RISE,Regulatory Indicators for Sustainable Energy (RISE),0,Units,A,Normal value,PU,Public,0.0,0.0,0.0,0.0,0.0,0.0,12.5,25.0,25.0,25.0,25.0,25.0,25.0,25.0
A,Annual,BIH,Bosnia and Herzegovina,WB_RISE_EE_IMPS,Energy Efficiency in Public Sector,SCORE,Score,WB_RISE,Regulatory Indicators for Sustainable Energy (RISE),0,Units,A,Normal value,PU,Public,0.0,0.0,0.0,0.0,0.0,0.0,0.0,33.333333333333336,50.0,66.66666666666667,66.66666666666667,66.66666666666667,66.66666666666667,66.66666666666667
A,Annual,BIH,Bosnia and Herzegovina,WB_RISE_EE_IMUT,Incentives & Mandates: Energy Utility Programs,SCORE,Score,WB_RISE,Regulatory Indicators for Sustainable Energy (RISE),0,Units,A,Normal value,PU,Public,0.0,0.0,0.0,0.0,0.0,0.0,0.0,53.333333333333336,53.333333333333336,53.333333333333336,53.333333333333336,53.333333333333336,53.333333333333336,53.333333333333336
A,Annual,BIH,Bosnia and Herzegovina,WB_RISE_EE_MEEP,Minimum Energy Efficiency Performance Standards,SCORE,Score,WB_RISE,Regulatory Indicators for Sustainable Energy (RISE),0,Units,A,Normal value,PU,Public,50.0,50.0,50.0,50.0,50.0,50.0,50.0,50.0,50.0,50.0,50.0,50.0,50.0,50.0
A,Annual,BIH,Bosnia and Herzegovina,WB_RISE_EE_TRN,Transport Sector,SCORE,Score,WB_RISE,Regulatory Indicators for Sustainable Energy (RISE),0,Units,A,Normal value,PU,Public,83.33333333333334,83.33333333333334,83.33333333333334,83.33333333333334,83.33333333333334,83.33333333333334,83.33333333333334,83.33333333333334,83.33333333333334,83.33333333333334,83.33333333333334,83.33333333333334,83.33333333333334,83.33333333333334
A,Annual,BIH,Bosnia and Herzegovina,WB_RISE_RE_ALL,Sustainable Energy - Renewable Energy Score,SCORE,Score,WB_RISE,Regulatory Indicators for Sustainable Energy (RISE),0,Units,A,Normal value,PU,Public,0.0,0.0,13.095238095238097,13.095238095238097,14.02116402116402,14.02116402116402,24.68783068783069,33.15343915343915,41.12962962962963,41.12962962962963,41.12962962962963,41.12962962962963,41.12962962962963,35.833333333333336
A,Annual,BIH,Bosnia and Herzegovina,WB_RISE_RE_ELEC,Electricity Sector Renewables,SCORE,Score,WB_RISE,Regulatory Indicators for Sustainable Energy (RISE),0,Units,A,Normal value,PU,Public,0.0,0.0,8.333333333333334,8.333333333333334,12.962962962962964,12.962962962962964,12.962962962962964,14.814814814814817,18.981481481481485,18.981481481481485,18.981481481481485,18.981481481481485,18.981481481481485,29.166666666666668
A,Annual,BIH,Bosnia and Herzegovina,WB_RISE_RE_GOV,Renewable Energy - Governance,SCORE,Score,WB_RISE,Regulatory Indicators for Sustainable Energy (RISE),0,Units,A,Normal value,PU,Public,0.0,0.0,7.142857142857143,7.142857142857143,7.142857142857143,7.142857142857143,7.142857142857143,47.61904761904762,83.33333333333334,83.33333333333334,83.33333333333334,83.33333333333334,83.33333333333334,66.66666666666667
A,Annual,BIH,Bosnia and Herzegovina,WB_RISE_RE_HE_CO,Heating and Cooling Renewables,SCORE,Score,WB_RISE,Regulatory Indicators for Sustainable Energy (RISE),0,Units,A,Normal value,PU,Public,0.0,0.0,16.666666666666668,16.666666666666668,16.666666666666668,16.666666666666668,33.333333333333336,33.333333333333336,33.333333333333336,33.333333333333336,33.333333333333336,33.333333333333336,33.333333333333336,33.333333333333336
A,Annual,BIH,Bosnia and Herzegovina,WB_RISE_RE_LVL_PLYNG_FLD,Leveling the Playing Field for Renewables,SCORE,Score,WB_RISE,Regulatory Indicators for Sustainable Energy (RISE),0,Units,A,Normal value,PU,Public,0.0,0.0,0.0,0.0,0.0,0.0,20.0,20.0,20.0,20.0,20.0,20.0,20.0,0.0
A,Annual,BIH,Bosnia and Herzegovina,WB_RISE_RE_TRNS,Transport Sector Renewables,SCORE,Score,WB_RISE,Regulatory Indicators for Sustainable Energy (RISE),0,Units,A,Normal value,PU,Public,0.0,0.0,33.333333333333336,33.333333333333336,33.333333333333336,33.333333333333336,50.0,50.0,50.0,50.0,50.0,50.0,50.0,50.0
A,Annual,BLR,Belarus,WB_RISE_EE_ALL,Sustainable Energy - Energy Efficiency Score,SCORE,Score,WB_RISE,Regulatory Indicators for Sustainable Energy (RISE),0,Units,A,Normal value,PU,Public,11.91358024691358,14.506172839506174,17.746913580246915,19.820987654320987,22.290123456790127,36.44444444444445,39.44444444444445,41.29629629629631,45.00000000000001,45.00000000000001,50.70987654320988,50.70987654320988,50.70987654320988,50.70987654320988
A,Annual,BLR,Belarus,WB_RISE_EE_BEC,Building Energy Codes,SCORE,Score,WB_RISE,Regulatory Indicators for Sustainable Energy (RISE),0,Units,A,Normal value,PU,Public,45.0,45.0,45.0,45.0,45.0,45.0,45.0,45.0,45.0,45.0,45.0,45.0,45.0,45.0
A,Annual,BLR,Belarus,WB_RISE_EE_EES,Energy Efficiency Governance,SCORE,Score,WB_RISE,Regulatory Indicators for Sustainable Energy (RISE),0,Units,A,Normal value,PU,Public,16.666666666666668,36.66666666666667,36.66666666666667,38.66666666666667,38.66666666666667,54.66666666666667,56.66666666666667,56.66666666666667,56.66666666666667,56.66666666666667,73.33333333333334,73.33333333333334,73.33333333333334,73.33333333333334
A,Annual,BLR,Belarus,WB_RISE_EE_ELS,Energy Labeling Systems,SCORE,Score,WB_RISE,Regulatory Indicators for Sustainable Energy (RISE),0,Units,A,Normal value,PU,Public,0.0,0.0,29.166666666666664,29.166666666666664,41.66666666666667,41.66666666666667,41.66666666666667,41.66666666666667,66.66666666666667,66.66666666666667,66.66666666666667,66.66666666666667,66.66666666666667,66.66666666666667
A,Annual,BLR,Belarus,WB_RISE_EE_FMEE,Financing Mechanisms for Energy Efficiency,SCORE,Score,WB_RISE,Regulatory Indicators for Sustainable Energy (RISE),0,Units,A,Normal value,PU,Public,0.0,0.0,0.0,0.0,0.0,0.0,0.0,0.0,0.0,0.0,0.0,0.0,0.0,0.0
A,Annual,BLR,Belarus,WB_RISE_EE_IMIC,Industrial and Commercial End Users,SCORE,Score,WB_RISE,Regulatory Indicators for Sustainable Energy (RISE),0,Units,A,Normal value,PU,Public,0.0,0.0,0.0,0.0,0.0,25.0,50.0,50.0,50.0,50.0,50.0,50.0,50.0,50.0
A,Annual,BLR,Belarus,WB_RISE_EE_IMPS,Energy Efficiency in Public Sector,SCORE,Score,WB_RISE,Regulatory Indicators for Sustainable Energy (RISE),0,Units,A,Normal value,PU,Public,0.0,0.0,0.0,0.0,0.0,33.333333333333336,33.333333333333336,33.333333333333336,33.333333333333336,33.333333333333336,50.0,50.0,50.0,50.0
A,Annual,BLR,Belarus,WB_RISE_EE_IMUT,Incentives & Mandates: Energy Utility Programs,SCORE,Score,WB_RISE,Regulatory Indicators for Sustainable Energy (RISE),0,Units,A,Normal value,PU,Public,6.666666666666667,10.0,10.0,10.0,10.0,36.66666666666667,36.66666666666667,36.66666666666667,36.66666666666667,36.66666666666667,36.66666666666667,36.66666666666667,36.66666666666667,36.66666666666667
A,Annual,BLR,Belarus,WB_RISE_EE_MEEP,Minimum Energy Efficiency Performance Standards,SCORE,Score,WB_RISE,Regulatory Indicators for Sustainable Energy (RISE),0,Units,A,Normal value,PU,Public,38.88888888888889,38.88888888888889,38.88888888888889,55.55555555555556,65.27777777777779,66.66666666666667,66.66666666666667,66.66666666666667,75.0,75.0,76.38888888888889,76.38888888888889,76.38888888888889,76.38888888888889
A,Annual,BLR,Belarus,WB_RISE_EE_TRN,Transport Sector,SCORE,Score,WB_RISE,Regulatory Indicators for Sustainable Energy (RISE),0,Units,A,Normal value,PU,Public,0.0,0.0,0.0,0.0,0.0,25.0,25.0,41.66666666666667,41.66666666666667,41.66666666666667,58.333333333333336,58.333333333333336,58.333333333333336,58.333333333333336
A,Annual,BLR,Belarus,WB_RISE_RE_ALL,Sustainable Energy - Renewable Energy Score,SCORE,Score,WB_RISE,Regulatory Indicators for Sustainable Energy (RISE),0,Units,A,Normal value,PU,Public,26.87037037037037,28.53703703703703,29.648148148148145,29.648148148148145,36.029100529100525,36.76984126984127,43.43650793650794,43.43650793650794,43.43650793650794,43.43650793650794,43.43650793650794,43.43650793650794,43.43650793650794,22.47354497354497
A,Annual,BLR,Belarus,WB_RISE_RE_ELEC,Electricity Sector Renewables,SCORE,Score,WB_RISE,Regulatory Indicators for Sustainable Energy (RISE),0,Units,A,Normal value,PU,Public,47.68518518518518,56.01851851851851,61.57407407407407,61.57407407407407,64.9074074074074,68.61111111111111,68.61111111111111,68.61111111111111,68.61111111111111,68.61111111111111,68.61111111111111,68.61111111111111,68.61111111111111,25.46296296296296
A,Annual,BLR,Belarus,WB_RISE_RE_GOV,Renewable Energy - Governance,SCORE,Score,WB_RISE,Regulatory Indicators for Sustainable Energy (RISE),0,Units,A,Normal value,PU,Public,50.0,50.0,50.0,50.0,78.57142857142857,78.57142857142857,78.57142857142857,78.57142857142857,78.57142857142857,78.57142857142857,78.57142857142857,78.57142857142857,78.57142857142857,53.57142857142857
A,Annual,BLR,Belarus,WB_RISE_RE_HE_CO,Heating and Cooling Renewables,SCORE,Score,WB_RISE,Regulatory Indicators for Sustainable Energy (RISE),0,Units,A,Normal value,PU,Public,0.0,0.0,0.0,0.0,0.0,0.0,33.333333333333336,33.333333333333336,33.333333333333336,33.333333333333336,33.333333333333336,33.333333333333336,33.333333333333336,33.333333333333336
A,Annual,BLR,Belarus,WB_RISE_RE_LVL_PLYNG_FLD,Leveling the Playing Field for Renewables,SCORE,Score,WB_RISE,Regulatory Indicators for Sustainable Energy (RISE),0,Units,A,Normal value,PU,Public,20.0,20.0,20.0,20.0,20.0,20.0,20.0,20.0,20.0,20.0,20.0,20.0,20.0,0.0
A,Annual,BLR,Belarus,WB_RISE_RE_TRNS,Transport Sector Renewables,SCORE,Score,WB_RISE,Regulatory Indicators for Sustainable Energy (RISE),0,Units,A,Normal value,PU,Public,16.666666666666668,16.666666666666668,16.666666666666668,16.666666666666668,16.666666666666668,16.666666666666668,16.666666666666668,16.666666666666668,16.666666666666668,16.666666666666668,16.666666666666668,16.666666666666668,16.666666666666668,0.0
A,Annual,BOL,Bolivia,WB_RISE_EE_ALL,Sustainable Energy - Energy Efficiency Score,SCORE,Score,WB_RISE,Regulatory Indicators for Sustainable Energy (RISE),0,Units,A,Normal value,PU,Public,14.25925925925926,16.419753086419757,16.419753086419757,20.30864197530864,22.469135802469136,22.469135802469136,22.469135802469136,22.469135802469136,22.469135802469136,22.469135802469136,22.469135802469136,23.88888888888889,23.88888888888889,23.88888888888889
A,Annual,BOL,Bolivia,WB_RISE_EE_BEC,Building Energy Codes,SCORE,Score,WB_RISE,Regulatory Indicators for Sustainable Energy (RISE),0,Units,A,Normal value,PU,Public,0.0,0.0,0.0,0.0,0.0,0.0,0.0,0.0,0.0,0.0,0.0,0.0,0.0,0.0
A,Annual,BOL,Bolivia,WB_RISE_EE_EES,Energy Efficiency Governance,SCORE,Score,WB_RISE,Regulatory Indicators for Sustainable Energy (RISE),0,Units,A,Normal value,PU,Public,25.0,27.777777777777786,27.777777777777786,37.777777777777786,40.55555555555556,40.55555555555556,40.55555555555556,40.55555555555556,40.55555555555556,40.55555555555556,40.55555555555556,53.333333333333336,53.333333333333336,53.333333333333336
A,Annual,BOL,Bolivia,WB_RISE_EE_ELS,Energy Labeling Systems,SCORE,Score,WB_RISE,Regulatory Indicators for Sustainable Energy (RISE),0,Units,A,Normal value,PU,Public,0.0,8.333333333333334,8.333333333333334,25.0,25.0,25.0,25.0,25.0,25.0,25.0,25.0,25.0,25.0,25.0
A,Annual,BOL,Bolivia,WB_RISE_EE_FMEE,Financing Mechanisms for Energy Efficiency,SCORE,Score,WB_RISE,Regulatory Indicators for Sustainable Energy (RISE),0,Units,A,Normal value,PU,Public,50.0,50.0,50.0,50.0,50.0,50.0,50.0,50.0,50.0,50.0,50.0,50.0,50.0,50.0
A,Annual,BOL,Bolivia,WB_RISE_EE_IMIC,Industrial and Commercial End Users,SCORE,Score,WB_RISE,Regulatory Indicators for Sustainable Energy (RISE),0,Units,A,Normal value,PU,Public,12.5,12.5,12.5,12.5,12.5,12.5,12.5,12.5,12.5,12.5,12.5,12.5,12.5,12.5
A,Annual,BOL,Bolivia,WB_RISE_EE_IMPS,Energy Efficiency in Public Sector,SCORE,Score,WB_RISE,Regulatory Indicators for Sustainable Energy (RISE),0,Units,A,Normal value,PU,Public,0.0,0.0,0.0,0.0,16.666666666666668,16.666666666666668,16.666666666666668,16.666666666666668,16.666666666666668,16.666666666666668,16.666666666666668,16.666666666666668,16.666666666666668,16.666666666666668
A,Annual,BOL,Bolivia,WB_RISE_EE_IMUT,Incentives & Mandates: Energy Utility Programs,SCORE,Score,WB_RISE,Regulatory Indicators for Sustainable Energy (RISE),0,Units,A,Normal value,PU,Public,20.0,20.0,20.0,20.0,20.0,20.0,20.0,20.0,20.0,20.0,20.0,20.0,20.0,20.0
A,Annual,BOL,Bolivia,WB_RISE_EE_MEEP,Minimum Energy Efficiency Performance Standards,SCORE,Score,WB_RISE,Regulatory Indicators for Sustainable Energy (RISE),0,Units,A,Normal value,PU,Public,20.833333333333336,29.166666666666668,29.166666666666668,37.5,37.5,37.5,37.5,37.5,37.5,37.5,37.5,37.5,37.5,37.5
A,Annual,BOL,Bolivia,WB_RISE_EE_TRN,Transport Sector,SCORE,Score,WB_RISE,Regulatory Indicators for Sustainable Energy (RISE),0,Units,A,Normal value,PU,Public,0.0,0.0,0.0,0.0,0.0,0.0,0.0,0.0,0.0,0.0,0.0,0.0,0.0,0.0
A,Annual,BOL,Bolivia,WB_RISE_RE_ALL,Sustainable Energy - Renewable Energy Score,SCORE,Score,WB_RISE,Regulatory Indicators for Sustainable Energy (RISE),0,Units,A,Normal value,PU,Public,9.555555555555555,9.555555555555555,11.77777777777778,17.492063492063494,18.32539682539683,18.32539682539683,18.32539682539683,18.32539682539683,18.32539682539683,22.611111111111114,22.611111111111114,26.05555555555556,26.05555555555556,22.425925925925927
A,Annual,BOL,Bolivia,WB_RISE_RE_ELEC,Electricity Sector Renewables,SCORE,Score,WB_RISE,Regulatory Indicators for Sustainable Energy (RISE),0,Units,A,Normal value,PU,Public,14.444444444444445,14.444444444444445,25.55555555555556,25.55555555555556,29.722222222222225,29.722222222222225,29.722222222222225,29.722222222222225,29.722222222222225,29.722222222222225,29.722222222222225,46.94444444444445,46.94444444444445,45.46296296296296
A,Annual,BOL,Bolivia,WB_RISE_RE_GOV,Renewable Energy - Governance,SCORE,Score,WB_RISE,Regulatory Indicators for Sustainable Energy (RISE),0,Units,A,Normal value,PU,Public,33.333333333333336,33.333333333333336,33.333333333333336,61.90476190476191,61.90476190476191,61.90476190476191,61.90476190476191,61.90476190476191,61.90476190476191,83.33333333333334,83.33333333333334,83.33333333333334,83.33333333333334,66.66666666666667
A,Annual,BOL,Bolivia,WB_RISE_RE_HE_CO,Heating and Cooling Renewables,SCORE,Score,WB_RISE,Regulatory Indicators for Sustainable Energy (RISE),0,Units,A,Normal value,PU,Public,0.0,0.0,0.0,0.0,0.0,0.0,0.0,0.0,0.0,0.0,0.0,0.0,0.0,0.0
A,Annual,BOL,Bolivia,WB_RISE_RE_LVL_PLYNG_FLD,Leveling the Playing Field for Renewables,SCORE,Score,WB_RISE,Regulatory Indicators for Sustainable Energy (RISE),0,Units,A,Normal value,PU,Public,0.0,0.0,0.0,0.0,0.0,0.0,0.0,0.0,0.0,0.0,0.0,0.0,0.0,0.0
A,Annual,BOL,Bolivia,WB_RISE_RE_TRNS,Transport Sector Renewables,SCORE,Score,WB_RISE,Regulatory Indicators for Sustainable Energy (RISE),0,Units,A,Normal value,PU,Public,0.0,0.0,0.0,0.0,0.0,0.0,0.0,0.0,0.0,0.0,0.0,0.0,0.0,0.0
A,Annual,BRA,Brazil,WB_RISE_EE_ALL,Sustainable Energy - Energy Efficiency Score,SCORE,Score,WB_RISE,Regulatory Indicators for Sustainable Energy (RISE),0,Units,A,Normal value,PU,Public,48.827160493827165,48.827160493827165,52.53086419753086,55.30864197530864,56.41975308641975,56.41975308641975,58.27160493827161,63.3641975308642,64.10493827160494,66.38271604938272,67.53086419753087,71.85185185185186,71.85185185185186,71.85185185185186
A,Annual,BRA,Brazil,WB_RISE_EE_BEC,Building Energy Codes,SCORE,Score,WB_RISE,Regulatory Indicators for Sustainable Energy (RISE),0,Units,A,Normal value,PU,Public,28.33333333333333,28.33333333333333,28.33333333333333,28.33333333333333,28.33333333333333,28.33333333333333,28.33333333333333,28.33333333333333,35.0,35.0,35.0,35.0,35.0,35.0
A,Annual,BRA,Brazil,WB_RISE_EE_EES,Energy Efficiency Governance,SCORE,Score,WB_RISE,Regulatory Indicators for Sustainable Energy (RISE),0,Units,A,Normal value,PU,Public,53.333333333333336,53.333333333333336,53.333333333333336,53.333333333333336,53.333333333333336,53.333333333333336,53.333333333333336,70.0,70.0,78.0,80.0,80.0,80.0,80.0
A,Annual,BRA,Brazil,WB_RISE_EE_ELS,Energy Labeling Systems,SCORE,Score,WB_RISE,Regulatory Indicators for Sustainable Energy (RISE),0,Units,A,Normal value,PU,Public,100.0,100.0,100.0,100.0,100.0,100.0,100.0,100.0,100.0,100.0,100.0,100.0,100.0,100.0
A,Annual,BRA,Brazil,WB_RISE_EE_FMEE,Financing Mechanisms for Energy Efficiency,SCORE,Score,WB_RISE,Regulatory Indicators for Sustainable Energy (RISE),0,Units,A,Normal value,PU,Public,83.33333333333334,83.33333333333334,100.0,100.0,100.0,100.0,100.0,100.0,100.0,100.0,100.0,100.0,100.0,100.0
A,Annual,BRA,Brazil,WB_RISE_EE_IMIC,Industrial and Commercial End Users,SCORE,Score,WB_RISE,Regulatory Indicators for Sustainable Energy (RISE),0,Units,A,Normal value,PU,Public,0.0,0.0,0.0,0.0,0.0,0.0,0.0,12.5,12.5,25.0,25.0,25.0,25.0,25.0
A,Annual,BRA,Brazil,WB_RISE_EE_IMPS,Energy Efficiency in Public Sector,SCORE,Score,WB_RISE,Regulatory Indicators for Sustainable Energy (RISE),0,Units,A,Normal value,PU,Public,16.666666666666668,16.666666666666668,16.666666666666668,16.666666666666668,16.666666666666668,16.666666666666668,33.333333333333336,33.333333333333336,33.333333333333336,33.333333333333336,33.333333333333336,66.66666666666667,66.66666666666667,66.66666666666667
A,Annual,BRA,Brazil,WB_RISE_EE_IMUT,Incentives & Mandates: Energy Utility Programs,SCORE,Score,WB_RISE,Regulatory Indicators for Sustainable Energy (RISE),0,Units,A,Normal value,PU,Public,63.333333333333336,63.333333333333336,63.333333333333336,80.0,90.0,90.0,90.0,90.0,90.0,90.0,90.0,90.0,90.0,90.0
A,Annual,BRA,Brazil,WB_RISE_EE_MEEP,Minimum Energy Efficiency Performance Standards,SCORE,Score,WB_RISE,Regulatory Indicators for Sustainable Energy (RISE),0,Units,A,Normal value,PU,Public,69.44444444444444,69.44444444444444,69.44444444444444,77.77777777777779,77.77777777777779,77.77777777777779,77.77777777777779,77.77777777777779,77.77777777777779,77.77777777777779,86.11111111111111,91.66666666666669,91.66666666666669,91.66666666666669
A,Annual,BRA,Brazil,WB_RISE_EE_TRN,Transport Sector,SCORE,Score,WB_RISE,Regulatory Indicators for Sustainable Energy (RISE),0,Units,A,Normal value,PU,Public,25.0,25.0,41.66666666666667,41.66666666666667,41.66666666666667,41.66666666666667,41.66666666666667,58.333333333333336,58.333333333333336,58.333333333333336,58.333333333333336,58.333333333333336,58.333333333333336,58.333333333333336
A,Annual,BRA,Brazil,WB_RISE_RE_ALL,Sustainable Energy - Renewable Energy Score,SCORE,Score,WB_RISE,Regulatory Indicators for Sustainable Energy (RISE),0,Units,A,Normal value,PU,Public,31.243386243386244,31.243386243386244,31.243386243386244,31.243386243386244,31.243386243386244,41.26984126984127,41.26984126984127,55.55555555555556,59.55555555555556,62.88888888888889,62.88888888888889,62.88888888888889,62.88888888888889,65.0925925925926
A,Annual,BRA,Brazil,WB_RISE_RE_ELEC,Electricity Sector Renewables,SCORE,Score,WB_RISE,Regulatory Indicators for Sustainable Energy (RISE),0,Units,A,Normal value,PU,Public,49.07407407407408,49.07407407407408,49.07407407407408,49.07407407407408,49.07407407407408,61.11111111111112,61.11111111111112,94.44444444444446,94.44444444444446,94.44444444444446,94.44444444444446,94.44444444444446,94.44444444444446,88.7962962962963
A,Annual,BRA,Brazil,WB_RISE_RE_GOV,Renewable Energy - Governance,SCORE,Score,WB_RISE,Regulatory Indicators for Sustainable Energy (RISE),0,Units,A,Normal value,PU,Public,57.142857142857146,57.142857142857146,57.142857142857146,57.142857142857146,57.142857142857146,78.57142857142857,78.57142857142857,100.0,100.0,100.0,100.0,100.0,100.0,100.0
A,Annual,BRA,Brazil,WB_RISE_RE_HE_CO,Heating and Cooling Renewables,SCORE,Score,WB_RISE,Regulatory Indicators for Sustainable Energy (RISE),0,Units,A,Normal value,PU,Public,16.666666666666668,16.666666666666668,16.666666666666668,16.666666666666668,16.666666666666668,16.666666666666668,16.666666666666668,16.666666666666668,16.666666666666668,33.333333333333336,33.333333333333336,33.333333333333336,33.333333333333336,33.333333333333336
A,Annual,BRA,Brazil,WB_RISE_RE_LVL_PLYNG_FLD,Leveling the Playing Field for Renewables,SCORE,Score,WB_RISE,Regulatory Indicators for Sustainable Energy (RISE),0,Units,A,Normal value,PU,Public,0.0,0.0,0.0,0.0,0.0,0.0,0.0,0.0,20.0,20.0,20.0,20.0,20.0,20.0
A,Annual,BRA,Brazil,WB_RISE_RE_TRNS,Transport Sector Renewables,SCORE,Score,WB_RISE,Regulatory Indicators for Sustainable Energy (RISE),0,Units,A,Normal value,PU,Public,33.333333333333336,33.333333333333336,33.333333333333336,33.333333333333336,33.333333333333336,50.0,50.0,66.66666666666667,66.66666666666667,66.66666666666667,66.66666666666667,66.66666666666667,66.66666666666667,83.33333333333333
A,Annual,CAF,Central African Republic,WB_RISE_CC_ALL,Sustainable Energy - Clean Cooking Score,SCORE,Score,WB_RISE,Regulatory Indicators for Sustainable Energy (RISE),0,Units,A,Normal value,PU,Public,0.0,0.0,0.0,0.0,2.083333333333333,3.4722222222222223,5.138888888888889,5.138888888888889,5.138888888888889,5.138888888888889,5.138888888888889,18.75,18.75,18.75
A,Annual,CAF,Central African Republic,WB_RISE_CC_CCP,Clean Cooking National Planning,SCORE,Score,WB_RISE,Regulatory Indicators for Sustainable Energy (RISE),0,Units,A,Normal value,PU,Public,0.0,0.0,0.0,0.0,0.0,0.0,6.666666666666667,6.666666666666667,6.666666666666667,6.666666666666667,6.666666666666667,44.44444444444445,44.44444444444445,44.44444444444445
A,Annual,CAF,Central African Republic,WB_RISE_CC_FIAC,Incentives and Attributes for Clean Cooking,SCORE,Score,WB_RISE,Regulatory Indicators for Sustainable Energy (RISE),0,Units,A,Normal value,PU,Public,0.0,0.0,0.0,0.0,8.333333333333334,8.333333333333334,8.333333333333334,8.333333333333334,8.333333333333334,8.333333333333334,8.333333333333334,8.333333333333334,8.333333333333334,8.333333333333334
A,Annual,CAF,Central African Republic,WB_RISE_CC_SCCP,Implementation Scope of Clean Cooking Planning,SCORE,Score,WB_RISE,Regulatory Indicators for Sustainable Energy (RISE),0,Units,A,Normal value,PU,Public,0.0,0.0,0.0,0.0,0.0,5.555555555555556,5.555555555555556,5.555555555555556,5.555555555555556,5.555555555555556,5.555555555555556,22.222222222222225,22.222222222222225,22.222222222222225
A,Annual,CAF,Central African Republic,WB_RISE_CC_STLA,Standards and Labeling,SCORE,Score,WB_RISE,Regulatory Indicators for Sustainable Energy (RISE),0,Units,A,Normal value,PU,Public,0.0,0.0,0.0,0.0,0.0,0.0,0.0,0.0,0.0,0.0,0.0,0.0,0.0,0.0
A,Annual,CAF,Central African Republic,WB_RISE_CON_AFEL,Consumer Affordability of Electricity,SCORE,Score,WB_RISE,Regulatory Indicators for Sustainable Energy (RISE),0,Units,A,Normal value,PU,Public,46.06333333333333,46.06333333333333,46.06333333333333,46.06333333333333,46.06333333333333,46.06333333333333,46.06333333333333,46.06333333333333,46.06333333333333,46.06333333333333,46.06333333333333,46.06333333333333,46.06333333333333,46.06333333333333
A,Annual,CAF,Central African Republic,WB_RISE_EA_ALL,Sustainable Energy - Electricity Access Score,SCORE,Score,WB_RISE,Regulatory Indicators for Sustainable Energy (RISE),0,Units,A,Normal value,PU,Public,12.598910052910052,12.598910052910052,12.598910052910052,12.598910052910052,12.598910052910052,12.598910052910052,12.598910052910052,18.31319576719577,18.31319576719577,18.31319576719577,18.31319576719577,22.12271957671957,23.45605291005291,35.360814814814816
A,Annual,CAF,Central African Republic,WB_RISE_EE_ALL,Sustainable Energy - Energy Efficiency Score,SCORE,Score,WB_RISE,Regulatory Indicators for Sustainable Energy (RISE),0,Units,A,Normal value,PU,Public,4.25925925925926,4.25925925925926,4.814814814814815,4.814814814814815,9.555555555555555,10.395061728395063,10.395061728395063,10.395061728395063,10.395061728395063,10.395061728395063,10.395061728395063,10.395061728395063,10.395061728395063,10.395061728395063
A,Annual,CAF,Central African Republic,WB_RISE_EE_BEC,Building Energy Codes,SCORE,Score,WB_RISE,Regulatory Indicators for Sustainable Energy (RISE),0,Units,A,Normal value,PU,Public,0.0,0.0,0.0,0.0,0.0,0.0,0.0,0.0,0.0,0.0,0.0,0.0,0.0,0.0
A,Annual,CAF,Central African Republic,WB_RISE_EE_EES,Energy Efficiency Governance,SCORE,Score,WB_RISE,Regulatory Indicators for Sustainable Energy (RISE),0,Units,A,Normal value,PU,Public,16.666666666666668,16.666666666666668,16.666666666666668,16.666666666666668,42.66666666666667,50.22222222222223,50.22222222222223,50.22222222222223,50.22222222222223,50.22222222222223,50.22222222222223,50.22222222222223,50.22222222222223,50.22222222222223
A,Annual,CAF,Central African Republic,WB_RISE_EE_ELS,Energy Labeling Systems,SCORE,Score,WB_RISE,Regulatory Indicators for Sustainable Energy (RISE),0,Units,A,Normal value,PU,Public,0.0,0.0,0.0,0.0,0.0,0.0,0.0,0.0,0.0,0.0,0.0,0.0,0.0,0.0
A,Annual,CAF,Central African Republic,WB_RISE_EE_FMEE,Financing Mechanisms for Energy Efficiency,SCORE,Score,WB_RISE,Regulatory Indicators for Sustainable Energy (RISE),0,Units,A,Normal value,PU,Public,0.0,0.0,0.0,0.0,0.0,0.0,0.0,0.0,0.0,0.0,0.0,0.0,0.0,0.0
A,Annual,CAF,Central African Republic,WB_RISE_EE_IMIC,Industrial and Commercial End Users,SCORE,Score,WB_RISE,Regulatory Indicators for Sustainable Energy (RISE),0,Units,A,Normal value,PU,Public,0.0,0.0,0.0,0.0,0.0,0.0,0.0,0.0,0.0,0.0,0.0,0.0,0.0,0.0
A,Annual,CAF,Central African Republic,WB_RISE_EE_IMPS,Energy Efficiency in Public Sector,SCORE,Score,WB_RISE,Regulatory Indicators for Sustainable Energy (RISE),0,Units,A,Normal value,PU,Public,0.0,0.0,0.0,0.0,0.0,0.0,0.0,0.0,0.0,0.0,0.0,0.0,0.0,0.0
A,Annual,CAF,Central African Republic,WB_RISE_EE_IMUT,Incentives & Mandates: Energy Utility Programs,SCORE,Score,WB_RISE,Regulatory Indicators for Sustainable Energy (RISE),0,Units,A,Normal value,PU,Public,21.666666666666668,21.666666666666668,26.666666666666668,26.666666666666668,43.333333333333336,43.333333333333336,43.333333333333336,43.333333333333336,43.333333333333336,43.333333333333336,43.333333333333336,43.333333333333336,43.333333333333336,43.333333333333336
A,Annual,CAF,Central African Republic,WB_RISE_EE_MEEP,Minimum Energy Efficiency Performance Standards,SCORE,Score,WB_RISE,Regulatory Indicators for Sustainable Energy (RISE),0,Units,A,Normal value,PU,Public,0.0,0.0,0.0,0.0,0.0,0.0,0.0,0.0,0.0,0.0,0.0,0.0,0.0,0.0
A,Annual,CAF,Central African Republic,WB_RISE_EE_TRN,Transport Sector,SCORE,Score,WB_RISE,Regulatory Indicators for Sustainable Energy (RISE),0,Units,A,Normal value,PU,Public,0.0,0.0,0.0,0.0,0.0,0.0,0.0,0.0,0.0,0.0,0.0,0.0,0.0,0.0
A,Annual,CAF,Central African Republic,WB_RISE_ELTN_PL,Electrification Governance and Planning,SCORE,Score,WB_RISE,Regulatory Indicators for Sustainable Energy (RISE),0,Units,A,Normal value,PU,Public,4.761904761904762,4.761904761904762,4.761904761904762,4.761904761904762,4.761904761904762,4.761904761904762,4.761904761904762,33.333333333333336,33.333333333333336,33.333333333333336,33.333333333333336,52.38095238095238,59.04761904761904,59.04761904761904
A,Annual,CAF,Central African Republic,WB_RISE_FRM_MGRI,Minigrids Framework,SCORE,Score,WB_RISE,Regulatory Indicators for Sustainable Energy (RISE),0,Units,A,Normal value,PU,Public,12.16931216931217,12.16931216931217,12.16931216931217,12.16931216931217,12.16931216931217,12.16931216931217,12.16931216931217,12.16931216931217,12.16931216931217,12.16931216931217,12.16931216931217,12.16931216931217,12.16931216931217,21.693121693121697
A,Annual,CAF,Central African Republic,WB_RISE_FRM_OGS,Off-Grid Systems Framework,SCORE,Score,WB_RISE,Regulatory Indicators for Sustainable Energy (RISE),0,Units,A,Normal value,PU,Public,0.0,0.0,0.0,0.0,0.0,0.0,0.0,0.0,0.0,0.0,0.0,0.0,0.0,33.333333333333336
A,Annual,CAF,Central African Republic,WB_RISE_FR_GREL,Grid Electrification Framework,SCORE,Score,WB_RISE,Regulatory Indicators for Sustainable Energy (RISE),0,Units,A,Normal value,PU,Public,0.0,0.0,0.0,0.0,0.0,0.0,0.0,0.0,0.0,0.0,0.0,0.0,0.0,16.666666666666668
A,Annual,CAF,Central African Republic,WB_RISE_RE_ALL,Sustainable Energy - Renewable Energy Score,SCORE,Score,WB_RISE,Regulatory Indicators for Sustainable Energy (RISE),0,Units,A,Normal value,PU,Public,1.6666666666666667,1.6666666666666667,1.6666666666666667,1.6666666666666667,1.6666666666666667,1.6666666666666667,1.6666666666666667,1.6666666666666667,1.6666666666666667,1.6666666666666667,1.6666666666666667,3.333333333333333,5.0,8.333333333333334
A,Annual,CAF,Central African Republic,WB_RISE_RE_ELEC,Electricity Sector Renewables,SCORE,Score,WB_RISE,Regulatory Indicators for Sustainable Energy (RISE),0,Units,A,Normal value,PU,Public,8.333333333333334,8.333333333333334,8.333333333333334,8.333333333333334,8.333333333333334,8.333333333333334,8.333333333333334,8.333333333333334,8.333333333333334,8.333333333333334,8.333333333333334,16.666666666666668,25.0,16.666666666666668
A,Annual,CAF,Central African Republic,WB_RISE_RE_GOV,Renewable Energy - Governance,SCORE,Score,WB_RISE,Regulatory Indicators for Sustainable Energy (RISE),0,Units,A,Normal value,PU,Public,0.0,0.0,0.0,0.0,0.0,0.0,0.0,0.0,0.0,0.0,0.0,0.0,0.0,8.333333333333334
A,Annual,CAF,Central African Republic,WB_RISE_RE_HE_CO,Heating and Cooling Renewables,SCORE,Score,WB_RISE,Regulatory Indicators for Sustainable Energy (RISE),0,Units,A,Normal value,PU,Public,0.0,0.0,0.0,0.0,0.0,0.0,0.0,0.0,0.0,0.0,0.0,0.0,0.0,16.666666666666668
A,Annual,CAF,Central African Republic,WB_RISE_RE_LVL_PLYNG_FLD,Leveling the Playing Field for Renewables,SCORE,Score,WB_RISE,Regulatory Indicators for Sustainable Energy (RISE),0,Units,A,Normal value,PU,Public,0.0,0.0,0.0,0.0,0.0,0.0,0.0,0.0,0.0,0.0,0.0,0.0,0.0,0.0
A,Annual,CAF,Central African Republic,WB_RISE_RE_TRNS,Transport Sector Renewables,SCORE,Score,WB_RISE,Regulatory Indicators for Sustainable Energy (RISE),0,Units,A,Normal value,PU,Public,0.0,0.0,0.0,0.0,0.0,0.0,0.0,0.0,0.0,0.0,0.0,0.0,0.0,0.0
A,Annual,CAN,Canada,WB_RISE_EE_ALL,Sustainable Energy - Energy Efficiency Score,SCORE,Score,WB_RISE,Regulatory Indicators for Sustainable Energy (RISE),0,Units,A,Normal value,PU,Public,49.29012345679013,51.141975308641975,51.141975308641975,58.086419753086425,58.086419753086425,62.098765432098766,75.52469135802468,77.37654320987654,77.37654320987654,81.6358024691358,81.79012345679013,81.79012345679013,81.79012345679013,81.79012345679013
A,Annual,CAN,Canada,WB_RISE_EE_BEC,Building Energy Codes,SCORE,Score,WB_RISE,Regulatory Indicators for Sustainable Energy (RISE),0,Units,A,Normal value,PU,Public,36.66666666666666,43.333333333333336,43.333333333333336,43.333333333333336,43.333333333333336,50.0,66.66666666666667,73.33333333333333,73.33333333333333,86.66666666666667,86.66666666666667,86.66666666666667,86.66666666666667,86.66666666666667
A,Annual,CAN,Canada,WB_RISE_EE_EES,Energy Efficiency Governance,SCORE,Score,WB_RISE,Regulatory Indicators for Sustainable Energy (RISE),0,Units,A,Normal value,PU,Public,70.55555555555556,70.55555555555556,70.55555555555556,70.55555555555556,70.55555555555556,83.33333333333334,83.33333333333334,83.33333333333334,83.33333333333334,83.33333333333334,83.33333333333334,83.33333333333334,83.33333333333334,83.33333333333334
A,Annual,CAN,Canada,WB_RISE_EE_ELS,Energy Labeling Systems,SCORE,Score,WB_RISE,Regulatory Indicators for Sustainable Energy (RISE),0,Units,A,Normal value,PU,Public,87.5,87.5,87.5,87.5,87.5,87.5,91.66666666666666,91.66666666666666,91.66666666666666,91.66666666666666,91.66666666666666,91.66666666666666,91.66666666666666,91.66666666666666
A,Annual,CAN,Canada,WB_RISE_EE_FMEE,Financing Mechanisms for Energy Efficiency,SCORE,Score,WB_RISE,Regulatory Indicators for Sustainable Energy (RISE),0,Units,A,Normal value,PU,Public,100.0,100.0,100.0,100.0,100.0,100.0,100.0,100.0,100.0,100.0,100.0,100.0,100.0,100.0
A,Annual,CAN,Canada,WB_RISE_EE_IMIC,Industrial and Commercial End Users,SCORE,Score,WB_RISE,Regulatory Indicators for Sustainable Energy (RISE),0,Units,A,Normal value,PU,Public,0.0,0.0,0.0,12.5,12.5,12.5,62.5,62.5,62.5,62.5,62.5,62.5,62.5,62.5
A,Annual,CAN,Canada,WB_RISE_EE_IMPS,Energy Efficiency in Public Sector,SCORE,Score,WB_RISE,Regulatory Indicators for Sustainable Energy (RISE),0,Units,A,Normal value,PU,Public,33.333333333333336,33.333333333333336,33.333333333333336,50.0,50.0,50.0,100.0,100.0,100.0,100.0,100.0,100.0,100.0,100.0
A,Annual,CAN,Canada,WB_RISE_EE_IMUT,Incentives & Mandates: Energy Utility Programs,SCORE,Score,WB_RISE,Regulatory Indicators for Sustainable Energy (RISE),0,Units,A,Normal value,PU,Public,10.0,20.0,20.0,20.0,20.0,36.66666666666667,36.66666666666667,46.66666666666667,46.66666666666667,46.66666666666667,46.66666666666667,46.66666666666667,46.66666666666667,46.66666666666667
A,Annual,CAN,Canada,WB_RISE_EE_MEEP,Minimum Energy Efficiency Performance Standards,SCORE,Score,WB_RISE,Regulatory Indicators for Sustainable Energy (RISE),0,Units,A,Normal value,PU,Public,88.88888888888889,88.88888888888889,88.88888888888889,88.88888888888889,88.88888888888889,88.88888888888889,88.88888888888889,88.88888888888889,88.88888888888889,88.88888888888889,90.2777777777778,90.2777777777778,90.2777777777778,90.2777777777778
A,Annual,CAN,Canada,WB_RISE_EE_TRN,Transport Sector,SCORE,Score,WB_RISE,Regulatory Indicators for Sustainable Energy (RISE),0,Units,A,Normal value,PU,Public,16.666666666666668,16.666666666666668,16.666666666666668,50.0,50.0,50.0,50.0,50.0,50.0,75.0,75.0,75.0,75.0,75.0
A,Annual,CAN,Canada,WB_RISE_RE_ALL,Sustainable Energy - Renewable Energy Score,SCORE,Score,WB_RISE,Regulatory Indicators for Sustainable Energy (RISE),0,Units,A,Normal value,PU,Public,30.0978835978836,30.0978835978836,33.31216931216932,35.81216931216932,38.41534391534392,38.97089947089948,51.37830687830687,55.73544973544973,56.09259259259259,56.09259259259259,56.09259259259259,56.09259259259259,56.09259259259259,66.87037037037037
A,Annual,CAN,Canada,WB_RISE_RE_ELEC,Electricity Sector Renewables,SCORE,Score,WB_RISE,Regulatory Indicators for Sustainable Energy (RISE),0,Units,A,Normal value,PU,Public,20.37037037037037,20.37037037037037,20.37037037037037,32.870370370370374,42.31481481481482,45.09259259259259,73.79629629629629,73.79629629629629,73.79629629629629,73.79629629629629,73.79629629629629,73.79629629629629,73.79629629629629,66.01851851851852
A,Annual,CAN,Canada,WB_RISE_RE_GOV,Renewable Energy - Governance,SCORE,Score,WB_RISE,Regulatory Indicators for Sustainable Energy (RISE),0,Units,A,Normal value,PU,Public,26.785714285714285,26.785714285714285,42.85714285714285,42.85714285714285,46.42857142857143,46.42857142857143,79.76190476190476,81.54761904761905,83.33333333333334,83.33333333333334,83.33333333333334,83.33333333333334,83.33333333333334,91.66666666666666
A,Annual,CAN,Canada,WB_RISE_RE_HE_CO,Heating and Cooling Renewables,SCORE,Score,WB_RISE,Regulatory Indicators for Sustainable Energy (RISE),0,Units,A,Normal value,PU,Public,16.666666666666668,16.666666666666668,16.666666666666668,16.666666666666668,16.666666666666668,16.666666666666668,16.666666666666668,16.666666666666668,16.666666666666668,16.666666666666668,16.666666666666668,16.666666666666668,16.666666666666668,33.333333333333336
A,Annual,CAN,Canada,WB_RISE_RE_LVL_PLYNG_FLD,Leveling the Playing Field for Renewables,SCORE,Score,WB_RISE,Regulatory Indicators for Sustainable Energy (RISE),0,Units,A,Normal value,PU,Public,20.0,20.0,20.0,20.0,20.0,20.0,20.0,40.0,40.0,40.0,40.0,40.0,40.0,60.0
A,Annual,CAN,Canada,WB_RISE_RE_TRNS,Transport Sector Renewables,SCORE,Score,WB_RISE,Regulatory Indicators for Sustainable Energy (RISE),0,Units,A,Normal value,PU,Public,66.66666666666667,66.66666666666667,66.66666666666667,66.66666666666667,66.66666666666667,66.66666666666667,66.66666666666667,66.66666666666667,66.66666666666667,66.66666666666667,66.66666666666667,66.66666666666667,66.66666666666667,83.33333333333333
A,Annual,CHE,Switzerland,WB_RISE_EE_ALL,Sustainable Energy - Energy Efficiency Score,SCORE,Score,WB_RISE,Regulatory Indicators for Sustainable Energy (RISE),0,Units,A,Normal value,PU,Public,8.179012345679011,9.820987654320987,13.709876543209877,17.96913580246914,18.895061728395063,20.74691358024692,20.74691358024692,50.19135802469136,74.11111111111111,75.22222222222223,76.77777777777777,76.77777777777777,76.77777777777777,76.77777777777777
A,Annual,CHE,Switzerland,WB_RISE_EE_BEC,Building Energy Codes,SCORE,Score,WB_RISE,Regulatory Indicators for Sustainable Energy (RISE),0,Units,A,Normal value,PU,Public,0.0,0.0,0.0,13.333333333333334,13.333333333333334,13.333333333333334,13.333333333333334,13.333333333333334,13.333333333333334,13.333333333333334,13.333333333333334,13.333333333333334,13.333333333333334,13.333333333333334
A,Annual,CHE,Switzerland,WB_RISE_EE_EES,Energy Efficiency Governance,SCORE,Score,WB_RISE,Regulatory Indicators for Sustainable Energy (RISE),0,Units,A,Normal value,PU,Public,2.777777777777778,17.555555555555557,42.55555555555556,42.55555555555556,42.55555555555556,42.55555555555556,42.55555555555556,65.33333333333334,82.0,92.0,96.0,96.0,96.0,96.0
A,Annual,CHE,Switzerland,WB_RISE_EE_ELS,Energy Labeling Systems,SCORE,Score,WB_RISE,Regulatory Indicators for Sustainable Energy (RISE),0,Units,A,Normal value,PU,Public,8.333333333333334,8.333333333333334,8.333333333333334,8.333333333333334,8.333333333333334,8.333333333333334,8.333333333333334,37.5,75.0,75.0,75.0,75.0,75.0,75.0
A,Annual,CHE,Switzerland,WB_RISE_EE_FMEE,Financing Mechanisms for Energy Efficiency,SCORE,Score,WB_RISE,Regulatory Indicators for Sustainable Energy (RISE),0,Units,A,Normal value,PU,Public,50.0,50.0,50.0,50.0,50.0,66.66666666666667,66.66666666666667,100.0,100.0,100.0,100.0,100.0,100.0,100.0
A,Annual,CHE,Switzerland,WB_RISE_EE_IMIC,Industrial and Commercial End Users,SCORE,Score,WB_RISE,Regulatory Indicators for Sustainable Energy (RISE),0,Units,A,Normal value,PU,Public,12.5,12.5,12.5,12.5,12.5,12.5,12.5,62.5,100.0,100.0,100.0,100.0,100.0,100.0
A,Annual,CHE,Switzerland,WB_RISE_EE_IMPS,Energy Efficiency in Public Sector,SCORE,Score,WB_RISE,Regulatory Indicators for Sustainable Energy (RISE),0,Units,A,Normal value,PU,Public,0.0,0.0,0.0,16.666666666666668,16.666666666666668,16.666666666666668,16.666666666666668,66.66666666666667,83.33333333333334,83.33333333333334,83.33333333333334,83.33333333333334,83.33333333333334,83.33333333333334
A,Annual,CHE,Switzerland,WB_RISE_EE_IMUT,Incentives & Mandates: Energy Utility Programs,SCORE,Score,WB_RISE,Regulatory Indicators for Sustainable Energy (RISE),0,Units,A,Normal value,PU,Public,0.0,0.0,10.0,10.0,10.0,10.0,10.0,46.66666666666667,80.0,80.0,90.0,90.0,90.0,90.0
A,Annual,CHE,Switzerland,WB_RISE_EE_MEEP,Minimum Energy Efficiency Performance Standards,SCORE,Score,WB_RISE,Regulatory Indicators for Sustainable Energy (RISE),0,Units,A,Normal value,PU,Public,0.0,0.0,0.0,8.333333333333334,16.666666666666668,16.666666666666668,16.666666666666668,59.72222222222222,91.66666666666669,91.66666666666669,91.66666666666669,91.66666666666669,91.66666666666669,91.66666666666669
A,Annual,CHE,Switzerland,WB_RISE_EE_TRN,Transport Sector,SCORE,Score,WB_RISE,Regulatory Indicators for Sustainable Energy (RISE),0,Units,A,Normal value,PU,Public,0.0,0.0,0.0,0.0,0.0,0.0,0.0,0.0,41.66666666666667,41.66666666666667,41.66666666666667,41.66666666666667,41.66666666666667,41.66666666666667
A,Annual,CHE,Switzerland,WB_RISE_RE_ALL,Sustainable Energy - Renewable Energy Score,SCORE,Score,WB_RISE,Regulatory Indicators for Sustainable Energy (RISE),0,Units,A,Normal value,PU,Public,3.761904761904762,7.095238095238097,7.095238095238097,9.07936507936508,10.19047619047619,10.857142857142858,12.431216931216932,37.8015873015873,59.88095238095239,59.88095238095239,59.88095238095239,59.88095238095239,59.88095238095239,76.3068783068783
A,Annual,CHE,Switzerland,WB_RISE_RE_ELEC,Electricity Sector Renewables,SCORE,Score,WB_RISE,Regulatory Indicators for Sustainable Energy (RISE),0,Units,A,Normal value,PU,Public,11.666666666666666,11.666666666666666,11.666666666666666,14.444444444444445,20.0,23.33333333333333,31.203703703703702,58.05555555555557,64.16666666666667,64.16666666666667,64.16666666666667,64.16666666666667,64.16666666666667,87.4074074074074
A,Annual,CHE,Switzerland,WB_RISE_RE_GOV,Renewable Energy - Governance,SCORE,Score,WB_RISE,Regulatory Indicators for Sustainable Energy (RISE),0,Units,A,Normal value,PU,Public,7.142857142857143,7.142857142857143,7.142857142857143,14.285714285714286,14.285714285714286,14.285714285714286,14.285714285714286,64.28571428571429,78.57142857142857,78.57142857142857,78.57142857142857,78.57142857142857,78.57142857142857,78.57142857142857
A,Annual,CHE,Switzerland,WB_RISE_RE_HE_CO,Heating and Cooling Renewables,SCORE,Score,WB_RISE,Regulatory Indicators for Sustainable Energy (RISE),0,Units,A,Normal value,PU,Public,0.0,0.0,0.0,0.0,0.0,0.0,0.0,50.0,50.0,50.0,50.0,50.0,50.0,88.8888888888889
A,Annual,CHE,Switzerland,WB_RISE_RE_LVL_PLYNG_FLD,Leveling the Playing Field for Renewables,SCORE,Score,WB_RISE,Regulatory Indicators for Sustainable Energy (RISE),0,Units,A,Normal value,PU,Public,0.0,0.0,0.0,0.0,0.0,0.0,0.0,0.0,40.0,40.0,40.0,40.0,40.0,60.0
A,Annual,CHE,Switzerland,WB_RISE_RE_TRNS,Transport Sector Renewables,SCORE,Score,WB_RISE,Regulatory Indicators for Sustainable Energy (RISE),0,Units,A,Normal value,PU,Public,0.0,16.666666666666668,16.666666666666668,16.666666666666668,16.666666666666668,16.666666666666668,16.666666666666668,16.666666666666668,66.66666666666667,66.66666666666667,66.66666666666667,66.66666666666667,66.66666666666667,66.66666666666667
A,Annual,CHL,Chile,WB_RISE_EE_ALL,Sustainable Energy - Energy Efficiency Score,SCORE,Score,WB_RISE,Regulatory Indicators for Sustainable Energy (RISE),0,Units,A,Normal value,PU,Public,15.648148148148149,20.74074074074074,22.814814814814813,32.47530864197531,33.70987654320987,45.74691358024691,47.59876543209876,52.07407407407407,56.37037037037037,56.37037037037037,57.75925925925927,60.35185185185186,60.35185185185186,61.4320987654321
A,Annual,CHL,Chile,WB_RISE_EE_BEC,Building Energy Codes,SCORE,Score,WB_RISE,Regulatory Indicators for Sustainable Energy (RISE),0,Units,A,Normal value,PU,Public,6.666666666666667,6.666666666666667,6.666666666666667,20.0,20.0,20.0,20.0,20.0,20.0,20.0,20.0,33.333333333333336,33.333333333333336,33.333333333333336
A,Annual,CHL,Chile,WB_RISE_EE_EES,Energy Efficiency Governance,SCORE,Score,WB_RISE,Regulatory Indicators for Sustainable Energy (RISE),0,Units,A,Normal value,PU,Public,0.0,0.0,18.666666666666668,18.666666666666668,18.666666666666668,18.666666666666668,35.333333333333336,35.333333333333336,57.333333333333336,57.333333333333336,57.333333333333336,57.333333333333336,57.333333333333336,57.333333333333336
A,Annual,CHL,Chile,WB_RISE_EE_ELS,Energy Labeling Systems,SCORE,Score,WB_RISE,Regulatory Indicators for Sustainable Energy (RISE),0,Units,A,Normal value,PU,Public,37.5,50.0,50.0,83.33333333333333,83.33333333333333,83.33333333333333,83.33333333333333,83.33333333333333,83.33333333333333,83.33333333333333,83.33333333333333,83.33333333333333,83.33333333333333,83.33333333333333
A,Annual,CHL,Chile,WB_RISE_EE_FMEE,Financing Mechanisms for Energy Efficiency,SCORE,Score,WB_RISE,Regulatory Indicators for Sustainable Energy (RISE),0,Units,A,Normal value,PU,Public,50.0,50.0,50.0,50.0,50.0,83.33333333333334,83.33333333333334,83.33333333333334,83.33333333333334,83.33333333333334,83.33333333333334,83.33333333333334,83.33333333333334,83.33333333333334
A,Annual,CHL,Chile,WB_RISE_EE_IMIC,Industrial and Commercial End Users,SCORE,Score,WB_RISE,Regulatory Indicators for Sustainable Energy (RISE),0,Units,A,Normal value,PU,Public,12.5,12.5,12.5,37.5,37.5,37.5,37.5,62.5,62.5,62.5,62.5,62.5,62.5,62.5
A,Annual,CHL,Chile,WB_RISE_EE_IMPS,Energy Efficiency in Public Sector,SCORE,Score,WB_RISE,Regulatory Indicators for Sustainable Energy (RISE),0,Units,A,Normal value,PU,Public,0.0,33.333333333333336,33.333333333333336,33.333333333333336,33.333333333333336,50.0,50.0,50.0,66.66666666666667,66.66666666666667,66.66666666666667,66.66666666666667,66.66666666666667,66.66666666666667
A,Annual,CHL,Chile,WB_RISE_EE_IMUT,Incentives & Mandates: Energy Utility Programs,SCORE,Score,WB_RISE,Regulatory Indicators for Sustainable Energy (RISE),0,Units,A,Normal value,PU,Public,30.0,30.0,30.0,30.0,30.0,30.0,30.0,30.0,30.0,30.0,30.0,40.0,40.0,40.0
A,Annual,CHL,Chile,WB_RISE_EE_MEEP,Minimum Energy Efficiency Performance Standards,SCORE,Score,WB_RISE,Regulatory Indicators for Sustainable Energy (RISE),0,Units,A,Normal value,PU,Public,4.166666666666667,4.166666666666667,4.166666666666667,19.444444444444446,30.55555555555556,30.55555555555556,30.55555555555556,45.833333333333336,45.833333333333336,45.833333333333336,58.33333333333334,58.33333333333334,58.33333333333334,68.05555555555556
A,Annual,CHL,Chile,WB_RISE_EE_TRN,Transport Sector,SCORE,Score,WB_RISE,Regulatory Indicators for Sustainable Energy (RISE),0,Units,A,Normal value,PU,Public,0.0,0.0,0.0,0.0,0.0,58.333333333333336,58.333333333333336,58.333333333333336,58.333333333333336,58.333333333333336,58.333333333333336,58.333333333333336,58.333333333333336,58.333333333333336
A,Annual,CHL,Chile,WB_RISE_RE_ALL,Sustainable Energy - Renewable Energy Score,SCORE,Score,WB_RISE,Regulatory Indicators for Sustainable Energy (RISE),0,Units,A,Normal value,PU,Public,10.26984126984127,10.26984126984127,21.59259259259259,25.59259259259259,33.48148148148148,35.98148148148148,36.53703703703704,40.90740740740741,40.90740740740741,40.90740740740741,44.90740740740741,59.90740740740741,59.90740740740741,67.05555555555557
A,Annual,CHL,Chile,WB_RISE_RE_ELEC,Electricity Sector Renewables,SCORE,Score,WB_RISE,Regulatory Indicators for Sustainable Energy (RISE),0,Units,A,Normal value,PU,Public,22.777777777777786,22.777777777777786,24.62962962962963,27.96296296296296,34.07407407407408,46.57407407407408,49.35185185185185,51.2037037037037,51.2037037037037,51.2037037037037,51.2037037037037,76.20370370370371,76.20370370370371,84.16666666666667
A,Annual,CHL,Chile,WB_RISE_RE_GOV,Renewable Energy - Governance,SCORE,Score,WB_RISE,Regulatory Indicators for Sustainable Energy (RISE),0,Units,A,Normal value,PU,Public,28.571428571428573,28.571428571428573,50.0,66.66666666666667,66.66666666666667,66.66666666666667,66.66666666666667,66.66666666666667,66.66666666666667,66.66666666666667,66.66666666666667,83.33333333333334,83.33333333333334,100.0
A,Annual,CHL,Chile,WB_RISE_RE_HE_CO,Heating and Cooling Renewables,SCORE,Score,WB_RISE,Regulatory Indicators for Sustainable Energy (RISE),0,Units,A,Normal value,PU,Public,0.0,0.0,33.333333333333336,33.333333333333336,33.333333333333336,33.333333333333336,33.333333333333336,33.333333333333336,33.333333333333336,33.333333333333336,33.333333333333336,33.333333333333336,33.333333333333336,44.44444444444445
A,Annual,CHL,Chile,WB_RISE_RE_LVL_PLYNG_FLD,Leveling the Playing Field for Renewables,SCORE,Score,WB_RISE,Regulatory Indicators for Sustainable Energy (RISE),0,Units,A,Normal value,PU,Public,0.0,0.0,0.0,0.0,0.0,0.0,0.0,20.0,20.0,20.0,40.0,40.0,40.0,40.0
A,Annual,CHL,Chile,WB_RISE_RE_TRNS,Transport Sector Renewables,SCORE,Score,WB_RISE,Regulatory Indicators for Sustainable Energy (RISE),0,Units,A,Normal value,PU,Public,0.0,0.0,0.0,0.0,33.333333333333336,33.333333333333336,33.333333333333336,33.333333333333336,33.333333333333336,33.333333333333336,33.333333333333336,66.66666666666667,66.66666666666667,66.66666666666667
A,Annual,CHN,China,WB_RISE_CC_ALL,Sustainable Energy - Clean Cooking Score,SCORE,Score,WB_RISE,Regulatory Indicators for Sustainable Energy (RISE),0,Units,A,Normal value,PU,Public,16.944444444444443,16.944444444444443,19.72222222222222,41.388888888888886,41.388888888888886,49.72222222222222,49.72222222222222,49.72222222222222,51.11111111111111,51.11111111111111,56.66666666666666,56.66666666666666,56.66666666666666,56.66666666666666
A,Annual,CHN,China,WB_RISE_CC_CCP,Clean Cooking National Planning,SCORE,Score,WB_RISE,Regulatory Indicators for Sustainable Energy (RISE),0,Units,A,Normal value,PU,Public,28.88888888888889,28.88888888888889,28.88888888888889,62.22222222222223,62.22222222222223,62.22222222222223,62.22222222222223,62.22222222222223,62.22222222222223,62.22222222222223,73.33333333333333,73.33333333333333,73.33333333333333,73.33333333333333
A,Annual,CHN,China,WB_RISE_CC_FIAC,Incentives and Attributes for Clean Cooking,SCORE,Score,WB_RISE,Regulatory Indicators for Sustainable Energy (RISE),0,Units,A,Normal value,PU,Public,0.0,0.0,0.0,16.666666666666668,16.666666666666668,16.666666666666668,16.666666666666668,16.666666666666668,16.666666666666668,16.666666666666668,16.666666666666668,16.666666666666668,16.666666666666668,16.666666666666668
A,Annual,CHN,China,WB_RISE_CC_SCCP,Implementation Scope of Clean Cooking Planning,SCORE,Score,WB_RISE,Regulatory Indicators for Sustainable Energy (RISE),0,Units,A,Normal value,PU,Public,18.88888888888889,18.88888888888889,18.88888888888889,50.0,50.0,50.0,50.0,50.0,50.0,50.0,61.11111111111111,61.11111111111111,61.11111111111111,61.11111111111111
A,Annual,CHN,China,WB_RISE_CC_STLA,Standards and Labeling,SCORE,Score,WB_RISE,Regulatory Indicators for Sustainable Energy (RISE),0,Units,A,Normal value,PU,Public,20.0,20.0,31.111111111111114,36.66666666666666,36.66666666666666,70.0,70.0,70.0,75.55555555555556,75.55555555555556,75.55555555555556,75.55555555555556,75.55555555555556,75.55555555555556
A,Annual,CHN,China,WB_RISE_EE_ALL,Sustainable Energy - Energy Efficiency Score,SCORE,Score,WB_RISE,Regulatory Indicators for Sustainable Energy (RISE),0,Units,A,Normal value,PU,Public,24.753086419753085,24.753086419753085,24.753086419753085,24.753086419753085,26.604938271604937,31.69753086419753,38.17901234567901,38.17901234567901,38.17901234567901,40.95679012345679,44.64197530864198,56.03703703703704,63.73456790123456,68.73456790123457
A,Annual,CHN,China,WB_RISE_EE_BEC,Building Energy Codes,SCORE,Score,WB_RISE,Regulatory Indicators for Sustainable Energy (RISE),0,Units,A,Normal value,PU,Public,8.333333333333334,8.333333333333334,8.333333333333334,8.333333333333334,8.333333333333334,33.333333333333336,33.333333333333336,33.333333333333336,33.333333333333336,33.333333333333336,40.0,40.0,46.66666666666666,56.66666666666666
A,Annual,CHN,China,WB_RISE_EE_EES,Energy Efficiency Governance,SCORE,Score,WB_RISE,Regulatory Indicators for Sustainable Energy (RISE),0,Units,A,Normal value,PU,Public,19.444444444444446,19.444444444444446,19.444444444444446,19.444444444444446,19.444444444444446,19.444444444444446,19.444444444444446,19.444444444444446,19.444444444444446,19.444444444444446,33.44444444444444,48.22222222222223,65.0,100.0
A,Annual,CHN,China,WB_RISE_EE_ELS,Energy Labeling Systems,SCORE,Score,WB_RISE,Regulatory Indicators for Sustainable Energy (RISE),0,Units,A,Normal value,PU,Public,16.666666666666668,16.666666666666668,16.666666666666668,16.666666666666668,16.666666666666668,16.666666666666668,58.33333333333333,58.33333333333333,58.33333333333333,58.33333333333333,58.33333333333333,58.33333333333333,58.33333333333333,58.33333333333333
A,Annual,CHN,China,WB_RISE_EE_FMEE,Financing Mechanisms for Energy Efficiency,SCORE,Score,WB_RISE,Regulatory Indicators for Sustainable Energy (RISE),0,Units,A,Normal value,PU,Public,33.333333333333336,33.333333333333336,33.333333333333336,33.333333333333336,33.333333333333336,33.333333333333336,33.333333333333336,33.333333333333336,33.333333333333336,33.333333333333336,33.333333333333336,33.333333333333336,33.333333333333336,33.333333333333336
A,Annual,CHN,China,WB_RISE_EE_IMIC,Industrial and Commercial End Users,SCORE,Score,WB_RISE,Regulatory Indicators for Sustainable Energy (RISE),0,Units,A,Normal value,PU,Public,25.0,25.0,25.0,25.0,25.0,37.5,37.5,37.5,37.5,37.5,50.0,62.5,75.0,75.0
A,Annual,CHN,China,WB_RISE_EE_IMPS,Energy Efficiency in Public Sector,SCORE,Score,WB_RISE,Regulatory Indicators for Sustainable Energy (RISE),0,Units,A,Normal value,PU,Public,83.33333333333334,83.33333333333334,83.33333333333334,83.33333333333334,83.33333333333334,83.33333333333334,100.0,100.0,100.0,100.0,100.0,100.0,100.0,100.0
A,Annual,CHN,China,WB_RISE_EE_IMUT,Incentives & Mandates: Energy Utility Programs,SCORE,Score,WB_RISE,Regulatory Indicators for Sustainable Energy (RISE),0,Units,A,Normal value,PU,Public,20.0,20.0,20.0,20.0,20.0,20.0,20.0,20.0,20.0,20.0,20.0,46.66666666666667,80.0,80.0
A,Annual,CHN,China,WB_RISE_EE_MEEP,Minimum Energy Efficiency Performance Standards,SCORE,Score,WB_RISE,Regulatory Indicators for Sustainable Energy (RISE),0,Units,A,Normal value,PU,Public,0.0,0.0,0.0,0.0,16.666666666666668,25.0,25.0,25.0,25.0,25.0,25.0,73.61111111111111,73.61111111111111,73.61111111111111
A,Annual,CHN,China,WB_RISE_EE_TRN,Transport Sector,SCORE,Score,WB_RISE,Regulatory Indicators for Sustainable Energy (RISE),0,Units,A,Normal value,PU,Public,16.666666666666668,16.666666666666668,16.666666666666668,16.666666666666668,16.666666666666668,16.666666666666668,16.666666666666668,16.666666666666668,16.666666666666668,41.66666666666667,41.66666666666667,41.66666666666667,41.66666666666667,41.66666666666667
A,Annual,CHN,China,WB_RISE_RE_ALL,Sustainable Energy - Renewable Energy Score,SCORE,Score,WB_RISE,Regulatory Indicators for Sustainable Energy (RISE),0,Units,A,Normal value,PU,Public,0.0,0.0,0.0,0.0,0.0,0.0,3.333333333333333,3.333333333333333,4.166666666666667,9.642857142857142,13.76984126984127,27.59523809523809,43.35449735449736,58.41005291005291
A,Annual,CHN,China,WB_RISE_RE_ELEC,Electricity Sector Renewables,SCORE,Score,WB_RISE,Regulatory Indicators for Sustainable Energy (RISE),0,Units,A,Normal value,PU,Public,0.0,0.0,0.0,0.0,0.0,0.0,0.0,0.0,4.166666666666667,4.166666666666667,19.444444444444446,31.666666666666668,40.46296296296296,81.85185185185186
A,Annual,CHN,China,WB_RISE_RE_GOV,Renewable Energy - Governance,SCORE,Score,WB_RISE,Regulatory Indicators for Sustainable Energy (RISE),0,Units,A,Normal value,PU,Public,0.0,0.0,0.0,0.0,0.0,0.0,0.0,0.0,0.0,10.714285714285714,16.071428571428573,36.30952380952381,52.97619047619048,61.30952380952381
A,Annual,CHN,China,WB_RISE_RE_HE_CO,Heating and Cooling Renewables,SCORE,Score,WB_RISE,Regulatory Indicators for Sustainable Energy (RISE),0,Units,A,Normal value,PU,Public,0.0,0.0,0.0,0.0,0.0,0.0,0.0,0.0,0.0,0.0,0.0,16.666666666666668,50.0,22.222222222222225
A,Annual,CHN,China,WB_RISE_RE_LVL_PLYNG_FLD,Leveling the Playing Field for Renewables,SCORE,Score,WB_RISE,Regulatory Indicators for Sustainable Energy (RISE),0,Units,A,Normal value,PU,Public,0.0,0.0,0.0,0.0,0.0,0.0,0.0,0.0,0.0,0.0,0.0,20.0,40.0,60.0
A,Annual,CHN,China,WB_RISE_RE_TRNS,Transport Sector Renewables,SCORE,Score,WB_RISE,Regulatory Indicators for Sustainable Energy (RISE),0,Units,A,Normal value,PU,Public,0.0,0.0,0.0,0.0,0.0,0.0,16.666666666666668,16.666666666666668,16.666666666666668,33.333333333333336,33.333333333333336,33.333333333333336,33.333333333333336,66.66666666666667
A,Annual,CIV,Cote d'Ivoire,WB_RISE_CC_ALL,Sustainable Energy - Clean Cooking Score,SCORE,Score,WB_RISE,Regulatory Indicators for Sustainable Energy (RISE),0,Units,A,Normal value,PU,Public,0.0,0.0,0.0,0.0,0.0,0.0,0.0,0.0,0.0,13.88888888888889,23.88888888888889,25.55555555555556,25.55555555555556,27.222222222222225
A,Annual,CIV,Cote d'Ivoire,WB_RISE_CC_CCP,Clean Cooking National Planning,SCORE,Score,WB_RISE,Regulatory Indicators for Sustainable Energy (RISE),0,Units,A,Normal value,PU,Public,0.0,0.0,0.0,0.0,0.0,0.0,0.0,0.0,0.0,13.333333333333334,46.66666666666666,46.66666666666666,46.66666666666666,53.333333333333336
A,Annual,CIV,Cote d'Ivoire,WB_RISE_CC_FIAC,Incentives and Attributes for Clean Cooking,SCORE,Score,WB_RISE,Regulatory Indicators for Sustainable Energy (RISE),0,Units,A,Normal value,PU,Public,0.0,0.0,0.0,0.0,0.0,0.0,0.0,0.0,0.0,0.0,0.0,0.0,0.0,0.0
A,Annual,CIV,Cote d'Ivoire,WB_RISE_CC_SCCP,Implementation Scope of Clean Cooking Planning,SCORE,Score,WB_RISE,Regulatory Indicators for Sustainable Energy (RISE),0,Units,A,Normal value,PU,Public,0.0,0.0,0.0,0.0,0.0,0.0,0.0,0.0,0.0,42.22222222222222,48.88888888888889,55.55555555555557,55.55555555555557,55.55555555555557
A,Annual,CIV,Cote d'Ivoire,WB_RISE_CC_STLA,Standards and Labeling,SCORE,Score,WB_RISE,Regulatory Indicators for Sustainable Energy (RISE),0,Units,A,Normal value,PU,Public,0.0,0.0,0.0,0.0,0.0,0.0,0.0,0.0,0.0,0.0,0.0,0.0,0.0,0.0
A,Annual,CIV,Cote d'Ivoire,WB_RISE_CON_AFEL,Consumer Affordability of Electricity,SCORE,Score,WB_RISE,Regulatory Indicators for Sustainable Energy (RISE),0,Units,A,Normal value,PU,Public,66.66666666666667,66.66666666666667,66.66666666666667,66.66666666666667,66.66666666666667,66.66666666666667,66.66666666666667,66.66666666666667,66.66666666666667,66.66666666666667,66.66666666666667,66.66666666666667,66.66666666666667,83.33333333333333
A,Annual,CIV,Cote d'Ivoire,WB_RISE_EA_ALL,Sustainable Energy - Electricity Access Score,SCORE,Score,WB_RISE,Regulatory Indicators for Sustainable Energy (RISE),0,Units,A,Normal value,PU,Public,18.0,18.0,18.0,21.333333333333336,21.333333333333336,23.61904761904762,29.17460317460318,32.507936507936506,32.507936507936506,41.60846560846561,58.137566137566125,59.089947089947074,69.24867724867724,76.7089947089947
A,Annual,CIV,Cote d'Ivoire,WB_RISE_EE_ALL,Sustainable Energy - Energy Efficiency Score,SCORE,Score,WB_RISE,Regulatory Indicators for Sustainable Energy (RISE),0,Units,A,Normal value,PU,Public,0.0,0.0,0.0,0.0,0.0,0.0,14.22222222222222,14.22222222222222,14.22222222222222,18.703703703703702,43.17901234567901,46.79012345679012,52.0679012345679,56.697530864197525
A,Annual,CIV,Cote d'Ivoire,WB_RISE_EE_BEC,Building Energy Codes,SCORE,Score,WB_RISE,Regulatory Indicators for Sustainable Energy (RISE),0,Units,A,Normal value,PU,Public,0.0,0.0,0.0,0.0,0.0,0.0,0.0,0.0,0.0,0.0,45.0,45.0,45.0,45.0
A,Annual,CIV,Cote d'Ivoire,WB_RISE_EE_EES,Energy Efficiency Governance,SCORE,Score,WB_RISE,Regulatory Indicators for Sustainable Energy (RISE),0,Units,A,Normal value,PU,Public,0.0,0.0,0.0,0.0,0.0,0.0,44.66666666666667,44.66666666666667,44.66666666666667,75.0,100.0,100.0,100.0,100.0
A,Annual,CIV,Cote d'Ivoire,WB_RISE_EE_ELS,Energy Labeling Systems,SCORE,Score,WB_RISE,Regulatory Indicators for Sustainable Energy (RISE),0,Units,A,Normal value,PU,Public,0.0,0.0,0.0,0.0,0.0,0.0,0.0,0.0,0.0,0.0,66.66666666666666,66.66666666666666,66.66666666666666,66.66666666666666
A,Annual,CIV,Cote d'Ivoire,WB_RISE_EE_FMEE,Financing Mechanisms for Energy Efficiency,SCORE,Score,WB_RISE,Regulatory Indicators for Sustainable Energy (RISE),0,Units,A,Normal value,PU,Public,0.0,0.0,0.0,0.0,0.0,0.0,50.0,50.0,50.0,50.0,50.0,50.0,50.0,50.0
A,Annual,CIV,Cote d'Ivoire,WB_RISE_EE_IMIC,Industrial and Commercial End Users,SCORE,Score,WB_RISE,Regulatory Indicators for Sustainable Energy (RISE),0,Units,A,Normal value,PU,Public,0.0,0.0,0.0,0.0,0.0,0.0,0.0,0.0,0.0,0.0,25.0,37.5,50.0,87.5
A,Annual,CIV,Cote d'Ivoire,WB_RISE_EE_IMPS,Energy Efficiency in Public Sector,SCORE,Score,WB_RISE,Regulatory Indicators for Sustainable Energy (RISE),0,Units,A,Normal value,PU,Public,0.0,0.0,0.0,0.0,0.0,0.0,16.666666666666668,16.666666666666668,16.666666666666668,16.666666666666668,50.0,66.66666666666667,66.66666666666667,66.66666666666667
A,Annual,CIV,Cote d'Ivoire,WB_RISE_EE_IMUT,Incentives & Mandates: Energy Utility Programs,SCORE,Score,WB_RISE,Regulatory Indicators for Sustainable Energy (RISE),0,Units,A,Normal value,PU,Public,0.0,0.0,0.0,0.0,0.0,0.0,0.0,0.0,0.0,10.0,20.0,23.333333333333336,33.333333333333336,33.333333333333336
A,Annual,CIV,Cote d'Ivoire,WB_RISE_EE_MEEP,Minimum Energy Efficiency Performance Standards,SCORE,Score,WB_RISE,Regulatory Indicators for Sustainable Energy (RISE),0,Units,A,Normal value,PU,Public,0.0,0.0,0.0,0.0,0.0,0.0,16.666666666666668,16.666666666666668,16.666666666666668,16.666666666666668,31.944444444444446,31.944444444444446,56.94444444444444,61.11111111111112
A,Annual,CIV,Cote d'Ivoire,WB_RISE_EE_TRN,Transport Sector,SCORE,Score,WB_RISE,Regulatory Indicators for Sustainable Energy (RISE),0,Units,A,Normal value,PU,Public,0.0,0.0,0.0,0.0,0.0,0.0,0.0,0.0,0.0,0.0,0.0,0.0,0.0,0.0
A,Annual,CIV,Cote d'Ivoire,WB_RISE_ELTN_PL,Electrification Governance and Planning,SCORE,Score,WB_RISE,Regulatory Indicators for Sustainable Energy (RISE),0,Units,A,Normal value,PU,Public,6.666666666666667,6.666666666666667,6.666666666666667,6.666666666666667,6.666666666666667,18.09523809523809,18.09523809523809,18.09523809523809,18.09523809523809,22.857142857142858,60.0,64.76190476190476,88.57142857142857,93.33333333333331
A,Annual,CIV,Cote d'Ivoire,WB_RISE_FRM_MGRI,Minigrids Framework,SCORE,Score,WB_RISE,Regulatory Indicators for Sustainable Energy (RISE),0,Units,A,Normal value,PU,Public,0.0,0.0,0.0,0.0,0.0,0.0,11.111111111111112,11.111111111111112,11.111111111111112,51.85185185185185,64.02116402116401,64.02116402116401,68.78306878306879,73.54497354497354
A,Annual,CIV,Cote d'Ivoire,WB_RISE_FRM_OGS,Off-Grid Systems Framework,SCORE,Score,WB_RISE,Regulatory Indicators for Sustainable Energy (RISE),0,Units,A,Normal value,PU,Public,0.0,0.0,0.0,0.0,0.0,0.0,0.0,0.0,0.0,0.0,16.666666666666668,16.666666666666668,22.222222222222225,33.333333333333336
A,Annual,CIV,Cote d'Ivoire,WB_RISE_FR_GREL,Grid Electrification Framework,SCORE,Score,WB_RISE,Regulatory Indicators for Sustainable Energy (RISE),0,Units,A,Normal value,PU,Public,16.666666666666668,16.666666666666668,16.666666666666668,33.333333333333336,33.333333333333336,33.333333333333336,50.0,66.66666666666667,66.66666666666667,66.66666666666667,83.33333333333333,83.33333333333333,100.0,100.0
A,Annual,CIV,Cote d'Ivoire,WB_RISE_RE_ALL,Sustainable Energy - Renewable Energy Score,SCORE,Score,WB_RISE,Regulatory Indicators for Sustainable Energy (RISE),0,Units,A,Normal value,PU,Public,0.0,0.0,0.0,0.0,0.0,0.0,1.1111111111111112,1.1111111111111112,1.1111111111111112,1.1111111111111112,7.111111111111112,7.111111111111112,30.444444444444446,28.40740740740741
A,Annual,CIV,Cote d'Ivoire,WB_RISE_RE_ELEC,Electricity Sector Renewables,SCORE,Score,WB_RISE,Regulatory Indicators for Sustainable Energy (RISE),0,Units,A,Normal value,PU,Public,0.0,0.0,0.0,0.0,0.0,0.0,5.555555555555556,5.555555555555556,5.555555555555556,5.555555555555556,35.55555555555556,35.55555555555556,52.22222222222223,58.7037037037037
A,Annual,CIV,Cote d'Ivoire,WB_RISE_RE_GOV,Renewable Energy - Governance,SCORE,Score,WB_RISE,Regulatory Indicators for Sustainable Energy (RISE),0,Units,A,Normal value,PU,Public,0.0,0.0,0.0,0.0,0.0,0.0,0.0,0.0,0.0,0.0,0.0,0.0,83.33333333333334,66.66666666666667
A,Annual,CIV,Cote d'Ivoire,WB_RISE_RE_HE_CO,Heating and Cooling Renewables,SCORE,Score,WB_RISE,Regulatory Indicators for Sustainable Energy (RISE),0,Units,A,Normal value,PU,Public,0.0,0.0,0.0,0.0,0.0,0.0,0.0,0.0,0.0,0.0,0.0,0.0,0.0,0.0
A,Annual,CIV,Cote d'Ivoire,WB_RISE_RE_LVL_PLYNG_FLD,Leveling the Playing Field for Renewables,SCORE,Score,WB_RISE,Regulatory Indicators for Sustainable Energy (RISE),0,Units,A,Normal value,PU,Public,0.0,0.0,0.0,0.0,0.0,0.0,0.0,0.0,0.0,0.0,0.0,0.0,0.0,0.0
A,Annual,CIV,Cote d'Ivoire,WB_RISE_RE_TRNS,Transport Sector Renewables,SCORE,Score,WB_RISE,Regulatory Indicators for Sustainable Energy (RISE),0,Units,A,Normal value,PU,Public,0.0,0.0,0.0,0.0,0.0,0.0,0.0,0.0,0.0,0.0,0.0,0.0,16.666666666666668,16.666666666666668
A,Annual,CMR,Cameroon,WB_RISE_CC_ALL,Sustainable Energy - Clean Cooking Score,SCORE,Score,WB_RISE,Regulatory Indicators for Sustainable Energy (RISE),0,Units,A,Normal value,PU,Public,5.555555555555556,5.555555555555556,5.555555555555556,5.555555555555556,5.555555555555556,5.555555555555556,7.222222222222222,17.22222222222222,17.22222222222222,17.22222222222222,20.55555555555556,35.0,35.0,38.33333333333333
A,Annual,CMR,Cameroon,WB_RISE_CC_CCP,Clean Cooking National Planning,SCORE,Score,WB_RISE,Regulatory Indicators for Sustainable Energy (RISE),0,Units,A,Normal value,PU,Public,22.222222222222225,22.222222222222225,22.222222222222225,22.222222222222225,22.222222222222225,22.222222222222225,28.88888888888889,28.88888888888889,28.88888888888889,28.88888888888889,42.22222222222222,60.0,60.0,73.33333333333333
A,Annual,CMR,Cameroon,WB_RISE_CC_FIAC,Incentives and Attributes for Clean Cooking,SCORE,Score,WB_RISE,Regulatory Indicators for Sustainable Energy (RISE),0,Units,A,Normal value,PU,Public,0.0,0.0,0.0,0.0,0.0,0.0,0.0,0.0,0.0,0.0,0.0,0.0,0.0,0.0
A,Annual,CMR,Cameroon,WB_RISE_CC_SCCP,Implementation Scope of Clean Cooking Planning,SCORE,Score,WB_RISE,Regulatory Indicators for Sustainable Energy (RISE),0,Units,A,Normal value,PU,Public,0.0,0.0,0.0,0.0,0.0,0.0,0.0,40.0,40.0,40.0,40.0,80.0,80.0,80.0
A,Annual,CMR,Cameroon,WB_RISE_CC_STLA,Standards and Labeling,SCORE,Score,WB_RISE,Regulatory Indicators for Sustainable Energy (RISE),0,Units,A,Normal value,PU,Public,0.0,0.0,0.0,0.0,0.0,0.0,0.0,0.0,0.0,0.0,0.0,0.0,0.0,0.0
A,Annual,CMR,Cameroon,WB_RISE_CON_AFEL,Consumer Affordability of Electricity,SCORE,Score,WB_RISE,Regulatory Indicators for Sustainable Energy (RISE),0,Units,A,Normal value,PU,Public,66.37666666666667,66.37666666666667,66.37666666666667,66.37666666666667,66.37666666666667,66.37666666666667,66.37666666666667,66.37666666666667,66.37666666666667,66.37666666666667,66.37666666666667,83.04333333333334,83.04333333333334,83.04333333333334
A,Annual,CMR,Cameroon,WB_RISE_EA_ALL,Sustainable Energy - Electricity Access Score,SCORE,Score,WB_RISE,Regulatory Indicators for Sustainable Energy (RISE),0,Units,A,Normal value,PU,Public,13.275333333333332,14.016074074074076,14.016074074074076,14.016074074074076,14.016074074074076,14.016074074074076,14.016074074074076,15.709195767195766,16.661576719576722,21.89967195767196,27.878507936507937,46.16422222222222,56.428772486772495,61.66686772486772
A,Annual,CMR,Cameroon,WB_RISE_EE_ALL,Sustainable Energy - Energy Efficiency Score,SCORE,Score,WB_RISE,Regulatory Indicators for Sustainable Energy (RISE),0,Units,A,Normal value,PU,Public,1.1111111111111112,1.1111111111111112,3.333333333333333,3.333333333333333,3.333333333333333,3.333333333333333,3.333333333333333,3.333333333333333,3.333333333333333,3.333333333333333,3.333333333333333,9.62962962962963,9.62962962962963,16.296296296296298
A,Annual,CMR,Cameroon,WB_RISE_EE_BEC,Building Energy Codes,SCORE,Score,WB_RISE,Regulatory Indicators for Sustainable Energy (RISE),0,Units,A,Normal value,PU,Public,0.0,0.0,0.0,0.0,0.0,0.0,0.0,0.0,0.0,0.0,0.0,0.0,0.0,0.0
A,Annual,CMR,Cameroon,WB_RISE_EE_EES,Energy Efficiency Governance,SCORE,Score,WB_RISE,Regulatory Indicators for Sustainable Energy (RISE),0,Units,A,Normal value,PU,Public,0.0,0.0,0.0,0.0,0.0,0.0,0.0,0.0,0.0,0.0,0.0,56.66666666666667,56.66666666666667,56.66666666666667
A,Annual,CMR,Cameroon,WB_RISE_EE_ELS,Energy Labeling Systems,SCORE,Score,WB_RISE,Regulatory Indicators for Sustainable Energy (RISE),0,Units,A,Normal value,PU,Public,0.0,0.0,0.0,0.0,0.0,0.0,0.0,0.0,0.0,0.0,0.0,0.0,0.0,0.0
A,Annual,CMR,Cameroon,WB_RISE_EE_FMEE,Financing Mechanisms for Energy Efficiency,SCORE,Score,WB_RISE,Regulatory Indicators for Sustainable Energy (RISE),0,Units,A,Normal value,PU,Public,0.0,0.0,0.0,0.0,0.0,0.0,0.0,0.0,0.0,0.0,0.0,0.0,0.0,50.0
A,Annual,CMR,Cameroon,WB_RISE_EE_IMIC,Industrial and Commercial End Users,SCORE,Score,WB_RISE,Regulatory Indicators for Sustainable Energy (RISE),0,Units,A,Normal value,PU,Public,0.0,0.0,0.0,0.0,0.0,0.0,0.0,0.0,0.0,0.0,0.0,0.0,0.0,0.0
A,Annual,CMR,Cameroon,WB_RISE_EE_IMPS,Energy Efficiency in Public Sector,SCORE,Score,WB_RISE,Regulatory Indicators for Sustainable Energy (RISE),0,Units,A,Normal value,PU,Public,0.0,0.0,0.0,0.0,0.0,0.0,0.0,0.0,0.0,0.0,0.0,0.0,0.0,0.0
A,Annual,CMR,Cameroon,WB_RISE_EE_IMUT,Incentives & Mandates: Energy Utility Programs,SCORE,Score,WB_RISE,Regulatory Indicators for Sustainable Energy (RISE),0,Units,A,Normal value,PU,Public,10.0,10.0,30.0,30.0,30.0,30.0,30.0,30.0,30.0,30.0,30.0,30.0,30.0,40.0
A,Annual,CMR,Cameroon,WB_RISE_EE_MEEP,Minimum Energy Efficiency Performance Standards,SCORE,Score,WB_RISE,Regulatory Indicators for Sustainable Energy (RISE),0,Units,A,Normal value,PU,Public,0.0,0.0,0.0,0.0,0.0,0.0,0.0,0.0,0.0,0.0,0.0,0.0,0.0,0.0
A,Annual,CMR,Cameroon,WB_RISE_EE_TRN,Transport Sector,SCORE,Score,WB_RISE,Regulatory Indicators for Sustainable Energy (RISE),0,Units,A,Normal value,PU,Public,0.0,0.0,0.0,0.0,0.0,0.0,0.0,0.0,0.0,0.0,0.0,0.0,0.0,0.0
A,Annual,CMR,Cameroon,WB_RISE_ELTN_PL,Electrification Governance and Planning,SCORE,Score,WB_RISE,Regulatory Indicators for Sustainable Energy (RISE),0,Units,A,Normal value,PU,Public,0.0,0.0,0.0,0.0,0.0,0.0,0.0,0.0,0.0,4.761904761904762,4.761904761904762,43.80952380952382,58.095238095238095,67.61904761904762
A,Annual,CMR,Cameroon,WB_RISE_FRM_MGRI,Minigrids Framework,SCORE,Score,WB_RISE,Regulatory Indicators for Sustainable Energy (RISE),0,Units,A,Normal value,PU,Public,0.0,3.703703703703704,3.703703703703704,3.703703703703704,3.703703703703704,3.703703703703704,3.703703703703704,12.16931216931217,16.931216931216934,21.693121693121697,34.92063492063492,53.968253968253975,57.67195767195767,57.67195767195767
A,Annual,CMR,Cameroon,WB_RISE_FRM_OGS,Off-Grid Systems Framework,SCORE,Score,WB_RISE,Regulatory Indicators for Sustainable Energy (RISE),0,Units,A,Normal value,PU,Public,0.0,0.0,0.0,0.0,0.0,0.0,0.0,0.0,0.0,16.666666666666668,16.666666666666668,16.666666666666668,50.0,50.0
A,Annual,CMR,Cameroon,WB_RISE_FR_GREL,Grid Electrification Framework,SCORE,Score,WB_RISE,Regulatory Indicators for Sustainable Energy (RISE),0,Units,A,Normal value,PU,Public,0.0,0.0,0.0,0.0,0.0,0.0,0.0,0.0,0.0,0.0,16.666666666666668,33.333333333333336,33.333333333333336,50.0
A,Annual,CMR,Cameroon,WB_RISE_RE_ALL,Sustainable Energy - Renewable Energy Score,SCORE,Score,WB_RISE,Regulatory Indicators for Sustainable Energy (RISE),0,Units,A,Normal value,PU,Public,0.0,0.0,0.0,0.0,0.0,0.0,0.0,0.0,0.0,0.0,0.0,9.761904761904765,15.595238095238097,13.854497354497354
A,Annual,CMR,Cameroon,WB_RISE_RE_ELEC,Electricity Sector Renewables,SCORE,Score,WB_RISE,Regulatory Indicators for Sustainable Energy (RISE),0,Units,A,Normal value,PU,Public,0.0,0.0,0.0,0.0,0.0,0.0,0.0,0.0,0.0,0.0,0.0,25.0,25.0,32.96296296296296
A,Annual,CMR,Cameroon,WB_RISE_RE_GOV,Renewable Energy - Governance,SCORE,Score,WB_RISE,Regulatory Indicators for Sustainable Energy (RISE),0,Units,A,Normal value,PU,Public,0.0,0.0,0.0,0.0,0.0,0.0,0.0,0.0,0.0,0.0,0.0,23.80952380952381,52.97619047619048,36.30952380952381
A,Annual,CMR,Cameroon,WB_RISE_RE_HE_CO,Heating and Cooling Renewables,SCORE,Score,WB_RISE,Regulatory Indicators for Sustainable Energy (RISE),0,Units,A,Normal value,PU,Public,0.0,0.0,0.0,0.0,0.0,0.0,0.0,0.0,0.0,0.0,0.0,0.0,0.0,0.0
A,Annual,CMR,Cameroon,WB_RISE_RE_LVL_PLYNG_FLD,Leveling the Playing Field for Renewables,SCORE,Score,WB_RISE,Regulatory Indicators for Sustainable Energy (RISE),0,Units,A,Normal value,PU,Public,0.0,0.0,0.0,0.0,0.0,0.0,0.0,0.0,0.0,0.0,0.0,0.0,0.0,0.0
A,Annual,CMR,Cameroon,WB_RISE_RE_TRNS,Transport Sector Renewables,SCORE,Score,WB_RISE,Regulatory Indicators for Sustainable Energy (RISE),0,Units,A,Normal value,PU,Public,0.0,0.0,0.0,0.0,0.0,0.0,0.0,0.0,0.0,0.0,0.0,0.0,0.0,0.0
A,Annual,COD,"Congo, Dem. Rep.",WB_RISE_CC_ALL,Sustainable Energy - Clean Cooking Score,SCORE,Score,WB_RISE,Regulatory Indicators for Sustainable Energy (RISE),0,Units,A,Normal value,PU,Public,4.444444444444445,4.444444444444445,4.444444444444445,6.111111111111112,6.111111111111112,6.111111111111112,6.111111111111112,6.111111111111112,6.111111111111112,6.111111111111112,7.777777777777779,36.388888888888886,36.388888888888886,36.388888888888886
A,Annual,COD,"Congo, Dem. Rep.",WB_RISE_CC_CCP,Clean Cooking National Planning,SCORE,Score,WB_RISE,Regulatory Indicators for Sustainable Energy (RISE),0,Units,A,Normal value,PU,Public,17.77777777777778,17.77777777777778,17.77777777777778,24.444444444444446,24.444444444444446,24.444444444444446,24.444444444444446,24.444444444444446,24.444444444444446,24.444444444444446,31.111111111111114,62.22222222222223,62.22222222222223,62.22222222222223
A,Annual,COD,"Congo, Dem. Rep.",WB_RISE_CC_FIAC,Incentives and Attributes for Clean Cooking,SCORE,Score,WB_RISE,Regulatory Indicators for Sustainable Energy (RISE),0,Units,A,Normal value,PU,Public,0.0,0.0,0.0,0.0,0.0,0.0,0.0,0.0,0.0,0.0,0.0,83.33333333333333,83.33333333333333,83.33333333333333
A,Annual,COD,"Congo, Dem. Rep.",WB_RISE_CC_SCCP,Implementation Scope of Clean Cooking Planning,SCORE,Score,WB_RISE,Regulatory Indicators for Sustainable Energy (RISE),0,Units,A,Normal value,PU,Public,0.0,0.0,0.0,0.0,0.0,0.0,0.0,0.0,0.0,0.0,0.0,0.0,0.0,0.0
A,Annual,COD,"Congo, Dem. Rep.",WB_RISE_CC_STLA,Standards and Labeling,SCORE,Score,WB_RISE,Regulatory Indicators for Sustainable Energy (RISE),0,Units,A,Normal value,PU,Public,0.0,0.0,0.0,0.0,0.0,0.0,0.0,0.0,0.0,0.0,0.0,0.0,0.0,0.0
A,Annual,COD,"Congo, Dem. Rep.",WB_RISE_CON_AFEL,Consumer Affordability of Electricity,SCORE,Score,WB_RISE,Regulatory Indicators for Sustainable Energy (RISE),0,Units,A,Normal value,PU,Public,83.33113333333334,83.33113333333334,83.33113333333334,83.33113333333334,83.33113333333334,83.33113333333334,83.33113333333334,83.33113333333334,83.33113333333334,83.33113333333334,83.33113333333334,83.33113333333334,83.33113333333334,83.33113333333334
A,Annual,COD,"Congo, Dem. Rep.",WB_RISE_EA_ALL,Sustainable Energy - Electricity Access Score,SCORE,Score,WB_RISE,Regulatory Indicators for Sustainable Energy (RISE),0,Units,A,Normal value,PU,Public,16.666226666666667,16.666226666666667,16.666226666666667,16.666226666666667,20.951940952380955,26.56040656084656,36.4016764021164,37.51278751322752,45.131835132275135,47.1953271957672,50.369930370370376,54.814374814814826,54.814374814814826,54.814374814814826
A,Annual,COD,"Congo, Dem. Rep.",WB_RISE_EE_ALL,Sustainable Energy - Energy Efficiency Score,SCORE,Score,WB_RISE,Regulatory Indicators for Sustainable Energy (RISE),0,Units,A,Normal value,PU,Public,5.555555555555555,5.555555555555555,5.555555555555555,9.19753086419753,10.30864197530864,14.012345679012348,14.012345679012348,14.012345679012348,14.012345679012348,14.012345679012348,14.012345679012348,14.012345679012348,14.012345679012348,14.012345679012348
A,Annual,COD,"Congo, Dem. Rep.",WB_RISE_EE_BEC,Building Energy Codes,SCORE,Score,WB_RISE,Regulatory Indicators for Sustainable Energy (RISE),0,Units,A,Normal value,PU,Public,0.0,0.0,0.0,0.0,0.0,0.0,0.0,0.0,0.0,0.0,0.0,0.0,0.0,0.0
A,Annual,COD,"Congo, Dem. Rep.",WB_RISE_EE_EES,Energy Efficiency Governance,SCORE,Score,WB_RISE,Regulatory Indicators for Sustainable Energy (RISE),0,Units,A,Normal value,PU,Public,0.0,0.0,0.0,32.77777777777778,32.77777777777778,32.77777777777778,32.77777777777778,32.77777777777778,32.77777777777778,32.77777777777778,32.77777777777778,32.77777777777778,32.77777777777778,32.77777777777778
A,Annual,COD,"Congo, Dem. Rep.",WB_RISE_EE_ELS,Energy Labeling Systems,SCORE,Score,WB_RISE,Regulatory Indicators for Sustainable Energy (RISE),0,Units,A,Normal value,PU,Public,0.0,0.0,0.0,0.0,0.0,0.0,0.0,0.0,0.0,0.0,0.0,0.0,0.0,0.0
A,Annual,COD,"Congo, Dem. Rep.",WB_RISE_EE_FMEE,Financing Mechanisms for Energy Efficiency,SCORE,Score,WB_RISE,Regulatory Indicators for Sustainable Energy (RISE),0,Units,A,Normal value,PU,Public,0.0,0.0,0.0,0.0,0.0,0.0,0.0,0.0,0.0,0.0,0.0,0.0,0.0,0.0
A,Annual,COD,"Congo, Dem. Rep.",WB_RISE_EE_IMIC,Industrial and Commercial End Users,SCORE,Score,WB_RISE,Regulatory Indicators for Sustainable Energy (RISE),0,Units,A,Normal value,PU,Public,25.0,25.0,25.0,25.0,25.0,25.0,25.0,25.0,25.0,25.0,25.0,25.0,25.0,25.0
A,Annual,COD,"Congo, Dem. Rep.",WB_RISE_EE_IMPS,Energy Efficiency in Public Sector,SCORE,Score,WB_RISE,Regulatory Indicators for Sustainable Energy (RISE),0,Units,A,Normal value,PU,Public,0.0,0.0,0.0,0.0,0.0,16.666666666666668,16.666666666666668,16.666666666666668,16.666666666666668,16.666666666666668,16.666666666666668,16.666666666666668,16.666666666666668,16.666666666666668
A,Annual,COD,"Congo, Dem. Rep.",WB_RISE_EE_IMUT,Incentives & Mandates: Energy Utility Programs,SCORE,Score,WB_RISE,Regulatory Indicators for Sustainable Energy (RISE),0,Units,A,Normal value,PU,Public,25.0,25.0,25.0,25.0,35.0,51.66666666666667,51.66666666666667,51.66666666666667,51.66666666666667,51.66666666666667,51.66666666666667,51.66666666666667,51.66666666666667,51.66666666666667
A,Annual,COD,"Congo, Dem. Rep.",WB_RISE_EE_MEEP,Minimum Energy Efficiency Performance Standards,SCORE,Score,WB_RISE,Regulatory Indicators for Sustainable Energy (RISE),0,Units,A,Normal value,PU,Public,0.0,0.0,0.0,0.0,0.0,0.0,0.0,0.0,0.0,0.0,0.0,0.0,0.0,0.0
A,Annual,COD,"Congo, Dem. Rep.",WB_RISE_EE_TRN,Transport Sector,SCORE,Score,WB_RISE,Regulatory Indicators for Sustainable Energy (RISE),0,Units,A,Normal value,PU,Public,0.0,0.0,0.0,0.0,0.0,0.0,0.0,0.0,0.0,0.0,0.0,0.0,0.0,0.0
A,Annual,COD,"Congo, Dem. Rep.",WB_RISE_ELTN_PL,Electrification Governance and Planning,SCORE,Score,WB_RISE,Regulatory Indicators for Sustainable Energy (RISE),0,Units,A,Normal value,PU,Public,0.0,0.0,0.0,0.0,4.761904761904762,4.761904761904762,9.523809523809524,9.523809523809524,9.523809523809524,9.523809523809524,9.523809523809524,9.523809523809524,9.523809523809524,9.523809523809524
A,Annual,COD,"Congo, Dem. Rep.",WB_RISE_FRM_MGRI,Minigrids Framework,SCORE,Score,WB_RISE,Regulatory Indicators for Sustainable Energy (RISE),0,Units,A,Normal value,PU,Public,0.0,0.0,0.0,0.0,0.0,28.04232804232804,39.15343915343915,39.15343915343915,77.24867724867725,82.01058201058201,86.77248677248679,86.77248677248679,86.77248677248679,86.77248677248679
A,Annual,COD,"Congo, Dem. Rep.",WB_RISE_FRM_OGS,Off-Grid Systems Framework,SCORE,Score,WB_RISE,Regulatory Indicators for Sustainable Energy (RISE),0,Units,A,Normal value,PU,Public,0.0,0.0,0.0,0.0,16.666666666666668,16.666666666666668,50.0,55.55555555555557,55.55555555555557,61.11111111111112,72.22222222222223,77.77777777777777,77.77777777777777,77.77777777777777
A,Annual,COD,"Congo, Dem. Rep.",WB_RISE_FR_GREL,Grid Electrification Framework,SCORE,Score,WB_RISE,Regulatory Indicators for Sustainable Energy (RISE),0,Units,A,Normal value,PU,Public,0.0,0.0,0.0,0.0,0.0,0.0,0.0,0.0,0.0,0.0,0.0,16.666666666666668,16.666666666666668,16.666666666666668
A,Annual,COD,"Congo, Dem. Rep.",WB_RISE_RE_ALL,Sustainable Energy - Renewable Energy Score,SCORE,Score,WB_RISE,Regulatory Indicators for Sustainable Energy (RISE),0,Units,A,Normal value,PU,Public,0.0,0.5555555555555556,0.5555555555555556,8.88888888888889,11.11111111111111,11.77777777777778,17.69047619047619,17.69047619047619,17.69047619047619,17.69047619047619,21.02380952380952,22.690476190476183,33.357142857142854,16.394179894179892
A,Annual,COD,"Congo, Dem. Rep.",WB_RISE_RE_ELEC,Electricity Sector Renewables,SCORE,Score,WB_RISE,Regulatory Indicators for Sustainable Energy (RISE),0,Units,A,Normal value,PU,Public,0.0,2.777777777777778,2.777777777777778,11.111111111111112,22.222222222222225,25.55555555555556,28.33333333333333,28.33333333333333,28.33333333333333,28.33333333333333,28.33333333333333,36.66666666666666,36.66666666666666,30.185185185185187
A,Annual,COD,"Congo, Dem. Rep.",WB_RISE_RE_GOV,Renewable Energy - Governance,SCORE,Score,WB_RISE,Regulatory Indicators for Sustainable Energy (RISE),0,Units,A,Normal value,PU,Public,0.0,0.0,0.0,33.333333333333336,33.333333333333336,33.333333333333336,60.11904761904762,60.11904761904762,60.11904761904762,60.11904761904762,76.78571428571428,76.78571428571428,76.78571428571428,51.785714285714285
A,Annual,COD,"Congo, Dem. Rep.",WB_RISE_RE_HE_CO,Heating and Cooling Renewables,SCORE,Score,WB_RISE,Regulatory Indicators for Sustainable Energy (RISE),0,Units,A,Normal value,PU,Public,0.0,0.0,0.0,0.0,0.0,0.0,0.0,0.0,0.0,0.0,0.0,0.0,0.0,0.0
A,Annual,COD,"Congo, Dem. Rep.",WB_RISE_RE_LVL_PLYNG_FLD,Leveling the Playing Field for Renewables,SCORE,Score,WB_RISE,Regulatory Indicators for Sustainable Energy (RISE),0,Units,A,Normal value,PU,Public,0.0,0.0,0.0,0.0,0.0,0.0,0.0,0.0,0.0,0.0,0.0,0.0,20.0,0.0
A,Annual,COD,"Congo, Dem. Rep.",WB_RISE_RE_TRNS,Transport Sector Renewables,SCORE,Score,WB_RISE,Regulatory Indicators for Sustainable Energy (RISE),0,Units,A,Normal value,PU,Public,0.0,0.0,0.0,0.0,0.0,0.0,0.0,0.0,0.0,0.0,0.0,0.0,33.333333333333336,0.0
A,Annual,COG,"Congo, Rep.",WB_RISE_CC_ALL,Sustainable Energy - Clean Cooking Score,SCORE,Score,WB_RISE,Regulatory Indicators for Sustainable Energy (RISE),0,Units,A,Normal value,PU,Public,0.0,0.0,0.0,0.0,0.0,4.444444444444445,4.444444444444445,4.444444444444445,6.111111111111112,8.194444444444445,12.36111111111111,12.36111111111111,12.36111111111111,12.36111111111111
A,Annual,COG,"Congo, Rep.",WB_RISE_CC_CCP,Clean Cooking National Planning,SCORE,Score,WB_RISE,Regulatory Indicators for Sustainable Energy (RISE),0,Units,A,Normal value,PU,Public,0.0,0.0,0.0,0.0,0.0,6.666666666666667,6.666666666666667,6.666666666666667,13.333333333333334,13.333333333333334,13.333333333333334,13.333333333333334,13.333333333333334,13.333333333333334
A,Annual,COG,"Congo, Rep.",WB_RISE_CC_FIAC,Incentives and Attributes for Clean Cooking,SCORE,Score,WB_RISE,Regulatory Indicators for Sustainable Energy (RISE),0,Units,A,Normal value,PU,Public,0.0,0.0,0.0,0.0,0.0,0.0,0.0,0.0,0.0,8.333333333333334,25.0,25.0,25.0,25.0
A,Annual,COG,"Congo, Rep.",WB_RISE_CC_SCCP,Implementation Scope of Clean Cooking Planning,SCORE,Score,WB_RISE,Regulatory Indicators for Sustainable Energy (RISE),0,Units,A,Normal value,PU,Public,0.0,0.0,0.0,0.0,0.0,11.111111111111112,11.111111111111112,11.111111111111112,11.111111111111112,11.111111111111112,11.111111111111112,11.111111111111112,11.111111111111112,11.111111111111112
A,Annual,COG,"Congo, Rep.",WB_RISE_CC_STLA,Standards and Labeling,SCORE,Score,WB_RISE,Regulatory Indicators for Sustainable Energy (RISE),0,Units,A,Normal value,PU,Public,0.0,0.0,0.0,0.0,0.0,0.0,0.0,0.0,0.0,0.0,0.0,0.0,0.0,0.0
A,Annual,COG,"Congo, Rep.",WB_RISE_CON_AFEL,Consumer Affordability of Electricity,SCORE,Score,WB_RISE,Regulatory Indicators for Sustainable Energy (RISE),0,Units,A,Normal value,PU,Public,31.666666666666668,31.666666666666668,31.666666666666668,31.666666666666668,31.666666666666668,31.666666666666668,31.666666666666668,31.666666666666668,31.666666666666668,31.666666666666668,31.666666666666668,31.666666666666668,31.666666666666668,31.666666666666668
A,Annual,COG,"Congo, Rep.",WB_RISE_EA_ALL,Sustainable Energy - Electricity Access Score,SCORE,Score,WB_RISE,Regulatory Indicators for Sustainable Energy (RISE),0,Units,A,Normal value,PU,Public,10.089947089947092,10.089947089947092,13.423280423280422,14.164021164021165,14.164021164021165,14.164021164021165,24.164021164021168,25.85714285714285,25.85714285714285,25.85714285714285,26.809523809523814,26.809523809523814,26.809523809523814,26.809523809523814
A,Annual,COG,"Congo, Rep.",WB_RISE_EE_ALL,Sustainable Energy - Energy Efficiency Score,SCORE,Score,WB_RISE,Regulatory Indicators for Sustainable Energy (RISE),0,Units,A,Normal value,PU,Public,1.1111111111111112,1.1111111111111112,1.1111111111111112,2.2222222222222223,2.2222222222222223,2.2222222222222223,2.2222222222222223,2.2222222222222223,2.2222222222222223,2.2222222222222223,2.2222222222222223,2.2222222222222223,2.2222222222222223,2.2222222222222223
A,Annual,COG,"Congo, Rep.",WB_RISE_EE_BEC,Building Energy Codes,SCORE,Score,WB_RISE,Regulatory Indicators for Sustainable Energy (RISE),0,Units,A,Normal value,PU,Public,0.0,0.0,0.0,0.0,0.0,0.0,0.0,0.0,0.0,0.0,0.0,0.0,0.0,0.0
A,Annual,COG,"Congo, Rep.",WB_RISE_EE_EES,Energy Efficiency Governance,SCORE,Score,WB_RISE,Regulatory Indicators for Sustainable Energy (RISE),0,Units,A,Normal value,PU,Public,0.0,0.0,0.0,10.0,10.0,10.0,10.0,10.0,10.0,10.0,10.0,10.0,10.0,10.0
A,Annual,COG,"Congo, Rep.",WB_RISE_EE_ELS,Energy Labeling Systems,SCORE,Score,WB_RISE,Regulatory Indicators for Sustainable Energy (RISE),0,Units,A,Normal value,PU,Public,0.0,0.0,0.0,0.0,0.0,0.0,0.0,0.0,0.0,0.0,0.0,0.0,0.0,0.0
A,Annual,COG,"Congo, Rep.",WB_RISE_EE_FMEE,Financing Mechanisms for Energy Efficiency,SCORE,Score,WB_RISE,Regulatory Indicators for Sustainable Energy (RISE),0,Units,A,Normal value,PU,Public,0.0,0.0,0.0,0.0,0.0,0.0,0.0,0.0,0.0,0.0,0.0,0.0,0.0,0.0
A,Annual,COG,"Congo, Rep.",WB_RISE_EE_IMIC,Industrial and Commercial End Users,SCORE,Score,WB_RISE,Regulatory Indicators for Sustainable Energy (RISE),0,Units,A,Normal value,PU,Public,0.0,0.0,0.0,0.0,0.0,0.0,0.0,0.0,0.0,0.0,0.0,0.0,0.0,0.0
A,Annual,COG,"Congo, Rep.",WB_RISE_EE_IMPS,Energy Efficiency in Public Sector,SCORE,Score,WB_RISE,Regulatory Indicators for Sustainable Energy (RISE),0,Units,A,Normal value,PU,Public,0.0,0.0,0.0,0.0,0.0,0.0,0.0,0.0,0.0,0.0,0.0,0.0,0.0,0.0
A,Annual,COG,"Congo, Rep.",WB_RISE_EE_IMUT,Incentives & Mandates: Energy Utility Programs,SCORE,Score,WB_RISE,Regulatory Indicators for Sustainable Energy (RISE),0,Units,A,Normal value,PU,Public,10.0,10.0,10.0,10.0,10.0,10.0,10.0,10.0,10.0,10.0,10.0,10.0,10.0,10.0
A,Annual,COG,"Congo, Rep.",WB_RISE_EE_MEEP,Minimum Energy Efficiency Performance Standards,SCORE,Score,WB_RISE,Regulatory Indicators for Sustainable Energy (RISE),0,Units,A,Normal value,PU,Public,0.0,0.0,0.0,0.0,0.0,0.0,0.0,0.0,0.0,0.0,0.0,0.0,0.0,0.0
A,Annual,COG,"Congo, Rep.",WB_RISE_EE_TRN,Transport Sector,SCORE,Score,WB_RISE,Regulatory Indicators for Sustainable Energy (RISE),0,Units,A,Normal value,PU,Public,0.0,0.0,0.0,0.0,0.0,0.0,0.0,0.0,0.0,0.0,0.0,0.0,0.0,0.0
A,Annual,COG,"Congo, Rep.",WB_RISE_ELTN_PL,Electrification Governance and Planning,SCORE,Score,WB_RISE,Regulatory Indicators for Sustainable Energy (RISE),0,Units,A,Normal value,PU,Public,0.0,0.0,0.0,0.0,0.0,0.0,33.333333333333336,38.095238095238095,38.095238095238095,38.095238095238095,38.095238095238095,38.095238095238095,38.095238095238095,38.095238095238095
A,Annual,COG,"Congo, Rep.",WB_RISE_FRM_MGRI,Minigrids Framework,SCORE,Score,WB_RISE,Regulatory Indicators for Sustainable Energy (RISE),0,Units,A,Normal value,PU,Public,13.227513227513228,13.227513227513228,13.227513227513228,16.931216931216934,16.931216931216934,16.931216931216934,16.931216931216934,20.63492063492064,20.63492063492064,20.63492063492064,25.396825396825403,25.396825396825403,25.396825396825403,25.396825396825403
A,Annual,COG,"Congo, Rep.",WB_RISE_FRM_OGS,Off-Grid Systems Framework,SCORE,Score,WB_RISE,Regulatory Indicators for Sustainable Energy (RISE),0,Units,A,Normal value,PU,Public,5.555555555555556,5.555555555555556,5.555555555555556,5.555555555555556,5.555555555555556,5.555555555555556,5.555555555555556,5.555555555555556,5.555555555555556,5.555555555555556,5.555555555555556,5.555555555555556,5.555555555555556,5.555555555555556
A,Annual,COG,"Congo, Rep.",WB_RISE_FR_GREL,Grid Electrification Framework,SCORE,Score,WB_RISE,Regulatory Indicators for Sustainable Energy (RISE),0,Units,A,Normal value,PU,Public,0.0,0.0,16.666666666666668,16.666666666666668,16.666666666666668,16.666666666666668,33.333333333333336,33.333333333333336,33.333333333333336,33.333333333333336,33.333333333333336,33.333333333333336,33.333333333333336,33.333333333333336
A,Annual,COG,"Congo, Rep.",WB_RISE_RE_ALL,Sustainable Energy - Renewable Energy Score,SCORE,Score,WB_RISE,Regulatory Indicators for Sustainable Energy (RISE),0,Units,A,Normal value,PU,Public,0.0,0.0,0.0,0.0,0.0,0.0,0.0,1.388888888888889,1.388888888888889,1.388888888888889,1.388888888888889,3.055555555555556,3.055555555555556,3.055555555555556
A,Annual,COG,"Congo, Rep.",WB_RISE_RE_ELEC,Electricity Sector Renewables,SCORE,Score,WB_RISE,Regulatory Indicators for Sustainable Energy (RISE),0,Units,A,Normal value,PU,Public,0.0,0.0,0.0,0.0,0.0,0.0,0.0,6.9444444444444455,6.9444444444444455,6.9444444444444455,6.9444444444444455,15.27777777777778,15.27777777777778,15.27777777777778
A,Annual,COG,"Congo, Rep.",WB_RISE_RE_GOV,Renewable Energy - Governance,SCORE,Score,WB_RISE,Regulatory Indicators for Sustainable Energy (RISE),0,Units,A,Normal value,PU,Public,0.0,0.0,0.0,0.0,0.0,0.0,0.0,0.0,0.0,0.0,0.0,0.0,0.0,0.0
A,Annual,COG,"Congo, Rep.",WB_RISE_RE_HE_CO,Heating and Cooling Renewables,SCORE,Score,WB_RISE,Regulatory Indicators for Sustainable Energy (RISE),0,Units,A,Normal value,PU,Public,0.0,0.0,0.0,0.0,0.0,0.0,0.0,0.0,0.0,0.0,0.0,0.0,0.0,0.0
A,Annual,COG,"Congo, Rep.",WB_RISE_RE_LVL_PLYNG_FLD,Leveling the Playing Field for Renewables,SCORE,Score,WB_RISE,Regulatory Indicators for Sustainable Energy (RISE),0,Units,A,Normal value,PU,Public,0.0,0.0,0.0,0.0,0.0,0.0,0.0,0.0,0.0,0.0,0.0,0.0,0.0,0.0
A,Annual,COG,"Congo, Rep.",WB_RISE_RE_TRNS,Transport Sector Renewables,SCORE,Score,WB_RISE,Regulatory Indicators for Sustainable Energy (RISE),0,Units,A,Normal value,PU,Public,0.0,0.0,0.0,0.0,0.0,0.0,0.0,0.0,0.0,0.0,0.0,0.0,0.0,0.0
A,Annual,COL,Colombia,WB_RISE_EE_ALL,Sustainable Energy - Energy Efficiency Score,SCORE,Score,WB_RISE,Regulatory Indicators for Sustainable Energy (RISE),0,Units,A,Normal value,PU,Public,12.932098765432098,14.78395061728395,14.78395061728395,14.78395061728395,20.339506172839503,33.05555555555556,33.05555555555556,33.05555555555556,33.05555555555556,38.14814814814815,38.14814814814815,47.77777777777778,47.77777777777778,47.77777777777778
A,Annual,COL,Colombia,WB_RISE_EE_BEC,Building Energy Codes,SCORE,Score,WB_RISE,Regulatory Indicators for Sustainable Energy (RISE),0,Units,A,Normal value,PU,Public,0.0,0.0,0.0,0.0,0.0,20.0,20.0,20.0,20.0,20.0,20.0,26.666666666666668,26.666666666666668,26.666666666666668
A,Annual,COL,Colombia,WB_RISE_EE_EES,Energy Efficiency Governance,SCORE,Score,WB_RISE,Regulatory Indicators for Sustainable Energy (RISE),0,Units,A,Normal value,PU,Public,33.88888888888889,33.88888888888889,33.88888888888889,33.88888888888889,33.88888888888889,36.66666666666667,36.66666666666667,36.66666666666667,36.66666666666667,53.333333333333336,53.333333333333336,100.0,100.0,100.0
A,Annual,COL,Colombia,WB_RISE_EE_ELS,Energy Labeling Systems,SCORE,Score,WB_RISE,Regulatory Indicators for Sustainable Energy (RISE),0,Units,A,Normal value,PU,Public,0.0,0.0,0.0,0.0,0.0,75.0,75.0,75.0,75.0,75.0,75.0,75.0,75.0,75.0
A,Annual,COL,Colombia,WB_RISE_EE_FMEE,Financing Mechanisms for Energy Efficiency,SCORE,Score,WB_RISE,Regulatory Indicators for Sustainable Energy (RISE),0,Units,A,Normal value,PU,Public,0.0,0.0,0.0,0.0,33.333333333333336,50.0,50.0,50.0,50.0,50.0,50.0,50.0,50.0,50.0
A,Annual,COL,Colombia,WB_RISE_EE_IMIC,Industrial and Commercial End Users,SCORE,Score,WB_RISE,Regulatory Indicators for Sustainable Energy (RISE),0,Units,A,Normal value,PU,Public,37.5,37.5,37.5,37.5,37.5,37.5,37.5,37.5,37.5,50.0,50.0,50.0,50.0,50.0
A,Annual,COL,Colombia,WB_RISE_EE_IMPS,Energy Efficiency in Public Sector,SCORE,Score,WB_RISE,Regulatory Indicators for Sustainable Energy (RISE),0,Units,A,Normal value,PU,Public,0.0,16.666666666666668,16.666666666666668,16.666666666666668,33.333333333333336,33.333333333333336,33.333333333333336,33.333333333333336,33.333333333333336,50.0,50.0,50.0,50.0,50.0
A,Annual,COL,Colombia,WB_RISE_EE_IMUT,Incentives & Mandates: Energy Utility Programs,SCORE,Score,WB_RISE,Regulatory Indicators for Sustainable Energy (RISE),0,Units,A,Normal value,PU,Public,20.0,20.0,20.0,20.0,20.0,20.0,20.0,20.0,20.0,20.0,20.0,20.0,20.0,20.0
A,Annual,COL,Colombia,WB_RISE_EE_MEEP,Minimum Energy Efficiency Performance Standards,SCORE,Score,WB_RISE,Regulatory Indicators for Sustainable Energy (RISE),0,Units,A,Normal value,PU,Public,0.0,0.0,0.0,0.0,0.0,0.0,0.0,0.0,0.0,0.0,0.0,0.0,0.0,0.0
A,Annual,COL,Colombia,WB_RISE_EE_TRN,Transport Sector,SCORE,Score,WB_RISE,Regulatory Indicators for Sustainable Energy (RISE),0,Units,A,Normal value,PU,Public,25.0,25.0,25.0,25.0,25.0,25.0,25.0,25.0,25.0,25.0,25.0,58.333333333333336,58.333333333333336,58.333333333333336
A,Annual,COL,Colombia,WB_RISE_RE_ALL,Sustainable Energy - Renewable Energy Score,SCORE,Score,WB_RISE,Regulatory Indicators for Sustainable Energy (RISE),0,Units,A,Normal value,PU,Public,11.944444444444446,11.944444444444446,11.944444444444446,15.27777777777778,15.27777777777778,16.349206349206348,23.682539682539684,27.682539682539687,29.349206349206348,35.23809523809524,35.23809523809524,42.27513227513227,42.27513227513227,48.92328042328042
A,Annual,COL,Colombia,WB_RISE_RE_ELEC,Electricity Sector Renewables,SCORE,Score,WB_RISE,Regulatory Indicators for Sustainable Energy (RISE),0,Units,A,Normal value,PU,Public,5.555555555555556,5.555555555555556,5.555555555555556,5.555555555555556,5.555555555555556,5.555555555555556,5.555555555555556,5.555555555555556,13.888888888888893,26.666666666666668,26.666666666666668,28.51851851851852,28.51851851851852,65.0925925925926
A,Annual,COL,Colombia,WB_RISE_RE_GOV,Renewable Energy - Governance,SCORE,Score,WB_RISE,Regulatory Indicators for Sustainable Energy (RISE),0,Units,A,Normal value,PU,Public,37.5,37.5,37.5,54.16666666666667,54.16666666666667,59.52380952380952,76.19047619047619,76.19047619047619,76.19047619047619,76.19047619047619,76.19047619047619,76.19047619047619,76.19047619047619,76.19047619047619
A,Annual,COL,Colombia,WB_RISE_RE_HE_CO,Heating and Cooling Renewables,SCORE,Score,WB_RISE,Regulatory Indicators for Sustainable Energy (RISE),0,Units,A,Normal value,PU,Public,0.0,0.0,0.0,0.0,0.0,0.0,0.0,0.0,0.0,0.0,0.0,0.0,0.0,0.0
A,Annual,COL,Colombia,WB_RISE_RE_LVL_PLYNG_FLD,Leveling the Playing Field for Renewables,SCORE,Score,WB_RISE,Regulatory Indicators for Sustainable Energy (RISE),0,Units,A,Normal value,PU,Public,0.0,0.0,0.0,0.0,0.0,0.0,20.0,40.0,40.0,40.0,40.0,40.0,40.0,20.0
A,Annual,COL,Colombia,WB_RISE_RE_TRNS,Transport Sector Renewables,SCORE,Score,WB_RISE,Regulatory Indicators for Sustainable Energy (RISE),0,Units,A,Normal value,PU,Public,16.666666666666668,16.666666666666668,16.666666666666668,16.666666666666668,16.666666666666668,16.666666666666668,16.666666666666668,16.666666666666668,16.666666666666668,33.333333333333336,33.333333333333336,66.66666666666667,66.66666666666667,83.33333333333333
A,Annual,CRI,Costa Rica,WB_RISE_EE_ALL,Sustainable Energy - Energy Efficiency Score,SCORE,Score,WB_RISE,Regulatory Indicators for Sustainable Energy (RISE),0,Units,A,Normal value,PU,Public,40.59876543209876,48.00617283950618,50.78395061728396,50.78395061728396,50.78395061728396,52.63580246913581,52.63580246913581,52.63580246913581,53.82098765432099,59.22222222222222,59.22222222222222,59.22222222222222,59.22222222222222,59.22222222222222
A,Annual,CRI,Costa Rica,WB_RISE_EE_BEC,Building Energy Codes,SCORE,Score,WB_RISE,Regulatory Indicators for Sustainable Energy (RISE),0,Units,A,Normal value,PU,Public,0.0,0.0,0.0,0.0,0.0,0.0,0.0,0.0,6.666666666666667,6.666666666666667,6.666666666666667,6.666666666666667,6.666666666666667,6.666666666666667
A,Annual,CRI,Costa Rica,WB_RISE_EE_EES,Energy Efficiency Governance,SCORE,Score,WB_RISE,Regulatory Indicators for Sustainable Energy (RISE),0,Units,A,Normal value,PU,Public,40.66666666666667,40.66666666666667,40.66666666666667,40.66666666666667,40.66666666666667,57.333333333333336,57.333333333333336,57.333333333333336,61.333333333333336,61.333333333333336,61.333333333333336,61.333333333333336,61.333333333333336,61.333333333333336
A,Annual,CRI,Costa Rica,WB_RISE_EE_ELS,Energy Labeling Systems,SCORE,Score,WB_RISE,Regulatory Indicators for Sustainable Energy (RISE),0,Units,A,Normal value,PU,Public,83.33333333333333,83.33333333333333,83.33333333333333,83.33333333333333,83.33333333333333,83.33333333333333,83.33333333333333,83.33333333333333,83.33333333333333,91.66666666666666,91.66666666666666,91.66666666666666,91.66666666666666,91.66666666666666
A,Annual,CRI,Costa Rica,WB_RISE_EE_FMEE,Financing Mechanisms for Energy Efficiency,SCORE,Score,WB_RISE,Regulatory Indicators for Sustainable Energy (RISE),0,Units,A,Normal value,PU,Public,50.0,50.0,50.0,50.0,50.0,50.0,50.0,50.0,50.0,50.0,50.0,50.0,50.0,50.0
A,Annual,CRI,Costa Rica,WB_RISE_EE_IMIC,Industrial and Commercial End Users,SCORE,Score,WB_RISE,Regulatory Indicators for Sustainable Energy (RISE),0,Units,A,Normal value,PU,Public,75.0,75.0,75.0,75.0,75.0,75.0,75.0,75.0,75.0,75.0,75.0,75.0,75.0,75.0
A,Annual,CRI,Costa Rica,WB_RISE_EE_IMPS,Energy Efficiency in Public Sector,SCORE,Score,WB_RISE,Regulatory Indicators for Sustainable Energy (RISE),0,Units,A,Normal value,PU,Public,0.0,50.0,50.0,50.0,50.0,50.0,50.0,50.0,50.0,50.0,50.0,50.0,50.0,50.0
A,Annual,CRI,Costa Rica,WB_RISE_EE_IMUT,Incentives & Mandates: Energy Utility Programs,SCORE,Score,WB_RISE,Regulatory Indicators for Sustainable Energy (RISE),0,Units,A,Normal value,PU,Public,40.0,56.66666666666667,56.66666666666667,56.66666666666667,56.66666666666667,56.66666666666667,56.66666666666667,56.66666666666667,56.66666666666667,56.66666666666667,56.66666666666667,56.66666666666667,56.66666666666667,56.66666666666667
A,Annual,CRI,Costa Rica,WB_RISE_EE_MEEP,Minimum Energy Efficiency Performance Standards,SCORE,Score,WB_RISE,Regulatory Indicators for Sustainable Energy (RISE),0,Units,A,Normal value,PU,Public,76.38888888888889,76.38888888888889,76.38888888888889,76.38888888888889,76.38888888888889,76.38888888888889,76.38888888888889,76.38888888888889,76.38888888888889,83.33333333333334,83.33333333333334,83.33333333333334,83.33333333333334,83.33333333333334
A,Annual,CRI,Costa Rica,WB_RISE_EE_TRN,Transport Sector,SCORE,Score,WB_RISE,Regulatory Indicators for Sustainable Energy (RISE),0,Units,A,Normal value,PU,Public,0.0,0.0,25.0,25.0,25.0,25.0,25.0,25.0,25.0,58.333333333333336,58.333333333333336,58.333333333333336,58.333333333333336,58.333333333333336
A,Annual,CRI,Costa Rica,WB_RISE_RE_ALL,Sustainable Energy - Renewable Energy Score,SCORE,Score,WB_RISE,Regulatory Indicators for Sustainable Energy (RISE),0,Units,A,Normal value,PU,Public,25.753968253968253,36.94444444444444,36.94444444444444,36.94444444444444,40.27777777777778,40.27777777777778,41.38888888888889,44.72222222222223,44.72222222222223,59.38888888888889,59.38888888888889,60.22222222222223,60.22222222222223,52.24074074074074
A,Annual,CRI,Costa Rica,WB_RISE_RE_ELEC,Electricity Sector Renewables,SCORE,Score,WB_RISE,Regulatory Indicators for Sustainable Energy (RISE),0,Units,A,Normal value,PU,Public,51.388888888888886,51.388888888888886,51.388888888888886,51.388888888888886,51.388888888888886,51.388888888888886,56.94444444444445,56.94444444444445,56.94444444444445,56.94444444444445,56.94444444444445,61.11111111111112,61.11111111111112,41.2037037037037
A,Annual,CRI,Costa Rica,WB_RISE_RE_GOV,Renewable Energy - Governance,SCORE,Score,WB_RISE,Regulatory Indicators for Sustainable Energy (RISE),0,Units,A,Normal value,PU,Public,44.04761904761905,100.0,100.0,100.0,100.0,100.0,100.0,100.0,100.0,100.0,100.0,100.0,100.0,100.0
A,Annual,CRI,Costa Rica,WB_RISE_RE_HE_CO,Heating and Cooling Renewables,SCORE,Score,WB_RISE,Regulatory Indicators for Sustainable Energy (RISE),0,Units,A,Normal value,PU,Public,0.0,0.0,0.0,0.0,16.666666666666668,16.666666666666668,16.666666666666668,33.333333333333336,33.333333333333336,33.333333333333336,33.333333333333336,33.333333333333336,33.333333333333336,33.333333333333336
A,Annual,CRI,Costa Rica,WB_RISE_RE_LVL_PLYNG_FLD,Leveling the Playing Field for Renewables,SCORE,Score,WB_RISE,Regulatory Indicators for Sustainable Energy (RISE),0,Units,A,Normal value,PU,Public,0.0,0.0,0.0,0.0,0.0,0.0,0.0,0.0,0.0,40.0,40.0,40.0,40.0,20.0
A,Annual,CRI,Costa Rica,WB_RISE_RE_TRNS,Transport Sector Renewables,SCORE,Score,WB_RISE,Regulatory Indicators for Sustainable Energy (RISE),0,Units,A,Normal value,PU,Public,33.333333333333336,33.333333333333336,33.333333333333336,33.333333333333336,33.333333333333336,33.333333333333336,33.333333333333336,33.333333333333336,33.333333333333336,66.66666666666667,66.66666666666667,66.66666666666667,66.66666666666667,66.66666666666667
A,Annual,CZE,Czechia,WB_RISE_EE_ALL,Sustainable Energy - Energy Efficiency Score,SCORE,Score,WB_RISE,Regulatory Indicators for Sustainable Energy (RISE),0,Units,A,Normal value,PU,Public,53.36419753086421,54.75308641975309,54.75308641975309,58.27160493827161,63.827160493827165,67.99382716049382,74.47530864197532,75.58641975308643,75.58641975308643,76.32716049382717,76.32716049382717,76.77160493827161,76.77160493827161,76.77160493827161
A,Annual,CZE,Czechia,WB_RISE_EE_BEC,Building Energy Codes,SCORE,Score,WB_RISE,Regulatory Indicators for Sustainable Energy (RISE),0,Units,A,Normal value,PU,Public,71.66666666666667,71.66666666666667,71.66666666666667,78.33333333333333,78.33333333333333,78.33333333333333,78.33333333333333,78.33333333333333,78.33333333333333,85.0,85.0,85.0,85.0,85.0
A,Annual,CZE,Czechia,WB_RISE_EE_EES,Energy Efficiency Governance,SCORE,Score,WB_RISE,Regulatory Indicators for Sustainable Energy (RISE),0,Units,A,Normal value,PU,Public,80.0,80.0,80.0,80.0,80.0,80.0,80.0,90.0,90.0,90.0,90.0,94.0,94.0,94.0
A,Annual,CZE,Czechia,WB_RISE_EE_ELS,Energy Labeling Systems,SCORE,Score,WB_RISE,Regulatory Indicators for Sustainable Energy (RISE),0,Units,A,Normal value,PU,Public,66.66666666666667,79.16666666666666,79.16666666666666,79.16666666666666,79.16666666666666,79.16666666666666,79.16666666666666,79.16666666666666,79.16666666666666,79.16666666666666,79.16666666666666,79.16666666666666,79.16666666666666,79.16666666666666
A,Annual,CZE,Czechia,WB_RISE_EE_FMEE,Financing Mechanisms for Energy Efficiency,SCORE,Score,WB_RISE,Regulatory Indicators for Sustainable Energy (RISE),0,Units,A,Normal value,PU,Public,50.0,50.0,50.0,50.0,50.0,50.0,50.0,50.0,50.0,50.0,50.0,50.0,50.0,50.0
A,Annual,CZE,Czechia,WB_RISE_EE_IMIC,Industrial and Commercial End Users,SCORE,Score,WB_RISE,Regulatory Indicators for Sustainable Energy (RISE),0,Units,A,Normal value,PU,Public,37.5,37.5,37.5,37.5,37.5,75.0,75.0,75.0,75.0,75.0,75.0,75.0,75.0,75.0
A,Annual,CZE,Czechia,WB_RISE_EE_IMPS,Energy Efficiency in Public Sector,SCORE,Score,WB_RISE,Regulatory Indicators for Sustainable Energy (RISE),0,Units,A,Normal value,PU,Public,33.333333333333336,33.333333333333336,33.333333333333336,33.333333333333336,83.33333333333334,83.33333333333334,83.33333333333334,83.33333333333334,83.33333333333334,83.33333333333334,83.33333333333334,83.33333333333334,83.33333333333334,83.33333333333334
A,Annual,CZE,Czechia,WB_RISE_EE_IMUT,Incentives & Mandates: Energy Utility Programs,SCORE,Score,WB_RISE,Regulatory Indicators for Sustainable Energy (RISE),0,Units,A,Normal value,PU,Public,30.0,30.0,30.0,30.0,30.0,30.0,30.0,30.0,30.0,30.0,30.0,30.0,30.0,30.0
A,Annual,CZE,Czechia,WB_RISE_EE_MEEP,Minimum Energy Efficiency Performance Standards,SCORE,Score,WB_RISE,Regulatory Indicators for Sustainable Energy (RISE),0,Units,A,Normal value,PU,Public,94.44444444444446,94.44444444444446,94.44444444444446,94.44444444444446,94.44444444444446,94.44444444444446,94.44444444444446,94.44444444444446,94.44444444444446,94.44444444444446,94.44444444444446,94.44444444444446,94.44444444444446,94.44444444444446
A,Annual,CZE,Czechia,WB_RISE_EE_TRN,Transport Sector,SCORE,Score,WB_RISE,Regulatory Indicators for Sustainable Energy (RISE),0,Units,A,Normal value,PU,Public,16.666666666666668,16.666666666666668,16.666666666666668,41.66666666666667,41.66666666666667,41.66666666666667,100.0,100.0,100.0,100.0,100.0,100.0,100.0,100.0
A,Annual,CZE,Czechia,WB_RISE_RE_ALL,Sustainable Energy - Renewable Energy Score,SCORE,Score,WB_RISE,Regulatory Indicators for Sustainable Energy (RISE),0,Units,A,Normal value,PU,Public,38.664021164021165,38.664021164021165,46.664021164021165,49.99735449735449,49.99735449735449,56.664021164021165,62.0925925925926,62.0925925925926,62.0925925925926,62.0925925925926,63.94444444444444,63.94444444444444,63.94444444444444,77.7037037037037
A,Annual,CZE,Czechia,WB_RISE_RE_ELEC,Electricity Sector Renewables,SCORE,Score,WB_RISE,Regulatory Indicators for Sustainable Energy (RISE),0,Units,A,Normal value,PU,Public,50.46296296296296,50.46296296296296,50.46296296296296,50.46296296296296,50.46296296296296,50.46296296296296,53.7962962962963,53.7962962962963,53.7962962962963,53.7962962962963,63.05555555555557,63.05555555555557,63.05555555555557,87.4074074074074
A,Annual,CZE,Czechia,WB_RISE_RE_GOV,Renewable Energy - Governance,SCORE,Score,WB_RISE,Regulatory Indicators for Sustainable Energy (RISE),0,Units,A,Normal value,PU,Public,92.85714285714286,92.85714285714286,92.85714285714286,92.85714285714286,92.85714285714286,92.85714285714286,100.0,100.0,100.0,100.0,100.0,100.0,100.0,100.0
A,Annual,CZE,Czechia,WB_RISE_RE_HE_CO,Heating and Cooling Renewables,SCORE,Score,WB_RISE,Regulatory Indicators for Sustainable Energy (RISE),0,Units,A,Normal value,PU,Public,16.666666666666668,16.666666666666668,16.666666666666668,16.666666666666668,16.666666666666668,50.0,50.0,50.0,50.0,50.0,50.0,50.0,50.0,77.77777777777779
A,Annual,CZE,Czechia,WB_RISE_RE_LVL_PLYNG_FLD,Leveling the Playing Field for Renewables,SCORE,Score,WB_RISE,Regulatory Indicators for Sustainable Energy (RISE),0,Units,A,Normal value,PU,Public,0.0,0.0,40.0,40.0,40.0,40.0,40.0,40.0,40.0,40.0,40.0,40.0,40.0,40.0
A,Annual,CZE,Czechia,WB_RISE_RE_TRNS,Transport Sector Renewables,SCORE,Score,WB_RISE,Regulatory Indicators for Sustainable Energy (RISE),0,Units,A,Normal value,PU,Public,33.333333333333336,33.333333333333336,33.333333333333336,50.0,50.0,50.0,66.66666666666667,66.66666666666667,66.66666666666667,66.66666666666667,66.66666666666667,66.66666666666667,66.66666666666667,83.33333333333333
A,Annual,DEU,Germany,WB_RISE_EE_ALL,Sustainable Energy - Energy Efficiency Score,SCORE,Score,WB_RISE,Regulatory Indicators for Sustainable Energy (RISE),0,Units,A,Normal value,PU,Public,58.05555555555556,58.05555555555556,58.05555555555556,58.05555555555556,69.46296296296298,79.18518518518519,82.40740740740742,88.33333333333333,88.33333333333333,88.33333333333333,88.33333333333333,88.33333333333333,88.33333333333333,88.33333333333333
A,Annual,DEU,Germany,WB_RISE_EE_BEC,Building Energy Codes,SCORE,Score,WB_RISE,Regulatory Indicators for Sustainable Energy (RISE),0,Units,A,Normal value,PU,Public,80.0,80.0,80.0,80.0,80.0,80.0,80.0,80.0,80.0,80.0,80.0,80.0,80.0,80.0
A,Annual,DEU,Germany,WB_RISE_EE_EES,Energy Efficiency Governance,SCORE,Score,WB_RISE,Regulatory Indicators for Sustainable Energy (RISE),0,Units,A,Normal value,PU,Public,60.0,60.0,60.0,60.0,96.0,96.0,100.0,100.0,100.0,100.0,100.0,100.0,100.0,100.0
A,Annual,DEU,Germany,WB_RISE_EE_ELS,Energy Labeling Systems,SCORE,Score,WB_RISE,Regulatory Indicators for Sustainable Energy (RISE),0,Units,A,Normal value,PU,Public,100.0,100.0,100.0,100.0,100.0,100.0,100.0,100.0,100.0,100.0,100.0,100.0,100.0,100.0
A,Annual,DEU,Germany,WB_RISE_EE_FMEE,Financing Mechanisms for Energy Efficiency,SCORE,Score,WB_RISE,Regulatory Indicators for Sustainable Energy (RISE),0,Units,A,Normal value,PU,Public,100.0,100.0,100.0,100.0,100.0,100.0,100.0,100.0,100.0,100.0,100.0,100.0,100.0,100.0
A,Annual,DEU,Germany,WB_RISE_EE_IMIC,Industrial and Commercial End Users,SCORE,Score,WB_RISE,Regulatory Indicators for Sustainable Energy (RISE),0,Units,A,Normal value,PU,Public,12.5,12.5,12.5,12.5,12.5,100.0,100.0,100.0,100.0,100.0,100.0,100.0,100.0,100.0
A,Annual,DEU,Germany,WB_RISE_EE_IMPS,Energy Efficiency in Public Sector,SCORE,Score,WB_RISE,Regulatory Indicators for Sustainable Energy (RISE),0,Units,A,Normal value,PU,Public,0.0,0.0,0.0,0.0,66.66666666666667,66.66666666666667,66.66666666666667,83.33333333333334,83.33333333333334,83.33333333333334,83.33333333333334,83.33333333333334,83.33333333333334,83.33333333333334
A,Annual,DEU,Germany,WB_RISE_EE_IMUT,Incentives & Mandates: Energy Utility Programs,SCORE,Score,WB_RISE,Regulatory Indicators for Sustainable Energy (RISE),0,Units,A,Normal value,PU,Public,20.0,20.0,20.0,20.0,20.0,20.0,20.0,40.0,40.0,40.0,40.0,40.0,40.0,40.0
A,Annual,DEU,Germany,WB_RISE_EE_MEEP,Minimum Energy Efficiency Performance Standards,SCORE,Score,WB_RISE,Regulatory Indicators for Sustainable Energy (RISE),0,Units,A,Normal value,PU,Public,91.66666666666669,91.66666666666669,91.66666666666669,91.66666666666669,91.66666666666669,91.66666666666669,91.66666666666669,91.66666666666669,91.66666666666669,91.66666666666669,91.66666666666669,91.66666666666669,91.66666666666669,91.66666666666669
A,Annual,DEU,Germany,WB_RISE_EE_TRN,Transport Sector,SCORE,Score,WB_RISE,Regulatory Indicators for Sustainable Energy (RISE),0,Units,A,Normal value,PU,Public,58.333333333333336,58.333333333333336,58.333333333333336,58.333333333333336,58.333333333333336,58.333333333333336,83.33333333333334,100.0,100.0,100.0,100.0,100.0,100.0,100.0
A,Annual,DEU,Germany,WB_RISE_RE_ALL,Sustainable Energy - Renewable Energy Score,SCORE,Score,WB_RISE,Regulatory Indicators for Sustainable Energy (RISE),0,Units,A,Normal value,PU,Public,38.19047619047619,38.19047619047619,50.19047619047619,50.19047619047619,65.19047619047619,66.3015873015873,74.30158730158732,77.35714285714286,77.35714285714286,80.69047619047619,80.69047619047619,80.69047619047619,80.69047619047619,85.94179894179894
A,Annual,DEU,Germany,WB_RISE_RE_ELEC,Electricity Sector Renewables,SCORE,Score,WB_RISE,Regulatory Indicators for Sustainable Energy (RISE),0,Units,A,Normal value,PU,Public,31.666666666666668,31.666666666666668,31.666666666666668,31.666666666666668,56.66666666666666,62.22222222222223,68.8888888888889,84.16666666666667,84.16666666666667,84.16666666666667,84.16666666666667,84.16666666666667,84.16666666666667,93.51851851851852
A,Annual,DEU,Germany,WB_RISE_RE_GOV,Renewable Energy - Governance,SCORE,Score,WB_RISE,Regulatory Indicators for Sustainable Energy (RISE),0,Units,A,Normal value,PU,Public,39.285714285714285,39.285714285714285,39.285714285714285,39.285714285714285,89.28571428571428,89.28571428571428,89.28571428571428,89.28571428571428,89.28571428571428,89.28571428571428,89.28571428571428,89.28571428571428,89.28571428571428,92.85714285714286
A,Annual,DEU,Germany,WB_RISE_RE_HE_CO,Heating and Cooling Renewables,SCORE,Score,WB_RISE,Regulatory Indicators for Sustainable Energy (RISE),0,Units,A,Normal value,PU,Public,66.66666666666667,66.66666666666667,66.66666666666667,66.66666666666667,66.66666666666667,66.66666666666667,66.66666666666667,66.66666666666667,66.66666666666667,83.33333333333333,83.33333333333333,83.33333333333333,83.33333333333333,100.0
A,Annual,DEU,Germany,WB_RISE_RE_LVL_PLYNG_FLD,Leveling the Playing Field for Renewables,SCORE,Score,WB_RISE,Regulatory Indicators for Sustainable Energy (RISE),0,Units,A,Normal value,PU,Public,20.0,20.0,80.0,80.0,80.0,80.0,80.0,80.0,80.0,80.0,80.0,80.0,80.0,60.0
A,Annual,DEU,Germany,WB_RISE_RE_TRNS,Transport Sector Renewables,SCORE,Score,WB_RISE,Regulatory Indicators for Sustainable Energy (RISE),0,Units,A,Normal value,PU,Public,33.333333333333336,33.333333333333336,33.333333333333336,33.333333333333336,33.333333333333336,33.333333333333336,66.66666666666667,66.66666666666667,66.66666666666667,66.66666666666667,66.66666666666667,66.66666666666667,66.66666666666667,83.33333333333333
A,Annual,DNK,Denmark,WB_RISE_EE_ALL,Sustainable Energy - Energy Efficiency Score,SCORE,Score,WB_RISE,Regulatory Indicators for Sustainable Energy (RISE),0,Units,A,Normal value,PU,Public,37.40740740740741,37.40740740740741,62.94444444444444,62.94444444444444,74.88888888888889,74.88888888888889,74.88888888888889,83.77777777777777,83.77777777777777,83.77777777777777,83.77777777777777,83.77777777777777,83.77777777777777,83.77777777777777
A,Annual,DNK,Denmark,WB_RISE_EE_BEC,Building Energy Codes,SCORE,Score,WB_RISE,Regulatory Indicators for Sustainable Energy (RISE),0,Units,A,Normal value,PU,Public,51.66666666666666,51.66666666666666,71.66666666666667,71.66666666666667,71.66666666666667,71.66666666666667,71.66666666666667,85.0,85.0,85.0,85.0,85.0,85.0,85.0
A,Annual,DNK,Denmark,WB_RISE_EE_EES,Energy Efficiency Governance,SCORE,Score,WB_RISE,Regulatory Indicators for Sustainable Energy (RISE),0,Units,A,Normal value,PU,Public,0.0,0.0,74.0,74.0,94.0,94.0,94.0,94.0,94.0,94.0,94.0,94.0,94.0,94.0
A,Annual,DNK,Denmark,WB_RISE_EE_ELS,Energy Labeling Systems,SCORE,Score,WB_RISE,Regulatory Indicators for Sustainable Energy (RISE),0,Units,A,Normal value,PU,Public,0.0,0.0,0.0,0.0,0.0,0.0,0.0,66.66666666666667,66.66666666666667,66.66666666666667,66.66666666666667,66.66666666666667,66.66666666666667,66.66666666666667
A,Annual,DNK,Denmark,WB_RISE_EE_FMEE,Financing Mechanisms for Energy Efficiency,SCORE,Score,WB_RISE,Regulatory Indicators for Sustainable Energy (RISE),0,Units,A,Normal value,PU,Public,100.0,100.0,100.0,100.0,100.0,100.0,100.0,100.0,100.0,100.0,100.0,100.0,100.0,100.0
A,Annual,DNK,Denmark,WB_RISE_EE_IMIC,Industrial and Commercial End Users,SCORE,Score,WB_RISE,Regulatory Indicators for Sustainable Energy (RISE),0,Units,A,Normal value,PU,Public,0.0,0.0,62.5,62.5,100.0,100.0,100.0,100.0,100.0,100.0,100.0,100.0,100.0,100.0
A,Annual,DNK,Denmark,WB_RISE_EE_IMPS,Energy Efficiency in Public Sector,SCORE,Score,WB_RISE,Regulatory Indicators for Sustainable Energy (RISE),0,Units,A,Normal value,PU,Public,33.333333333333336,33.333333333333336,33.333333333333336,33.333333333333336,83.33333333333334,83.33333333333334,83.33333333333334,83.33333333333334,83.33333333333334,83.33333333333334,83.33333333333334,83.33333333333334,83.33333333333334,83.33333333333334
A,Annual,DNK,Denmark,WB_RISE_EE_IMUT,Incentives & Mandates: Energy Utility Programs,SCORE,Score,WB_RISE,Regulatory Indicators for Sustainable Energy (RISE),0,Units,A,Normal value,PU,Public,10.0,10.0,50.0,50.0,50.0,50.0,50.0,50.0,50.0,50.0,50.0,50.0,50.0,50.0
A,Annual,DNK,Denmark,WB_RISE_EE_MEEP,Minimum Energy Efficiency Performance Standards,SCORE,Score,WB_RISE,Regulatory Indicators for Sustainable Energy (RISE),0,Units,A,Normal value,PU,Public,100.0,100.0,100.0,100.0,100.0,100.0,100.0,100.0,100.0,100.0,100.0,100.0,100.0,100.0
A,Annual,DNK,Denmark,WB_RISE_EE_TRN,Transport Sector,SCORE,Score,WB_RISE,Regulatory Indicators for Sustainable Energy (RISE),0,Units,A,Normal value,PU,Public,41.66666666666667,41.66666666666667,75.0,75.0,75.0,75.0,75.0,75.0,75.0,75.0,75.0,75.0,75.0,75.0
A,Annual,DNK,Denmark,WB_RISE_RE_ALL,Sustainable Energy - Renewable Energy Score,SCORE,Score,WB_RISE,Regulatory Indicators for Sustainable Energy (RISE),0,Units,A,Normal value,PU,Public,60.41534391534392,63.74867724867725,65.08201058201058,69.80423280423281,69.80423280423281,70.91534391534393,76.62962962962963,76.62962962962963,83.29629629629629,85.90740740740742,85.90740740740742,87.01851851851852,87.01851851851852,89.51851851851852
A,Annual,DNK,Denmark,WB_RISE_RE_ELEC,Electricity Sector Renewables,SCORE,Score,WB_RISE,Regulatory Indicators for Sustainable Energy (RISE),0,Units,A,Normal value,PU,Public,52.87037037037037,52.87037037037037,59.53703703703704,66.48148148148148,66.48148148148148,72.03703703703704,72.03703703703704,72.03703703703704,72.03703703703704,85.0925925925926,85.0925925925926,90.64814814814817,90.64814814814817,95.37037037037037
A,Annual,DNK,Denmark,WB_RISE_RE_GOV,Renewable Energy - Governance,SCORE,Score,WB_RISE,Regulatory Indicators for Sustainable Energy (RISE),0,Units,A,Normal value,PU,Public,71.42857142857143,71.42857142857143,71.42857142857143,71.42857142857143,71.42857142857143,71.42857142857143,100.0,100.0,100.0,100.0,100.0,100.0,100.0,100.0
A,Annual,DNK,Denmark,WB_RISE_RE_HE_CO,Heating and Cooling Renewables,SCORE,Score,WB_RISE,Regulatory Indicators for Sustainable Energy (RISE),0,Units,A,Normal value,PU,Public,50.0,66.66666666666667,66.66666666666667,66.66666666666667,66.66666666666667,66.66666666666667,66.66666666666667,66.66666666666667,66.66666666666667,66.66666666666667,66.66666666666667,66.66666666666667,66.66666666666667,88.8888888888889
A,Annual,DNK,Denmark,WB_RISE_RE_LVL_PLYNG_FLD,Leveling the Playing Field for Renewables,SCORE,Score,WB_RISE,Regulatory Indicators for Sustainable Energy (RISE),0,Units,A,Normal value,PU,Public,100.0,100.0,100.0,100.0,100.0,100.0,100.0,100.0,100.0,100.0,100.0,100.0,100.0,80.0
A,Annual,DNK,Denmark,WB_RISE_RE_TRNS,Transport Sector Renewables,SCORE,Score,WB_RISE,Regulatory Indicators for Sustainable Energy (RISE),0,Units,A,Normal value,PU,Public,27.777777777777786,27.777777777777786,27.777777777777786,44.44444444444445,44.44444444444445,44.44444444444445,44.44444444444445,44.44444444444445,77.77777777777779,77.77777777777779,77.77777777777779,77.77777777777779,77.77777777777779,83.33333333333333
A,Annual,DOM,Dominican Republic,WB_RISE_EE_ALL,Sustainable Energy - Energy Efficiency Score,SCORE,Score,WB_RISE,Regulatory Indicators for Sustainable Energy (RISE),0,Units,A,Normal value,PU,Public,11.851851851851857,18.14814814814815,18.14814814814815,23.39506172839506,23.39506172839506,24.78395061728395,29.567901234567906,29.567901234567906,30.49382716049383,30.49382716049383,30.49382716049383,30.49382716049383,30.49382716049383,30.49382716049383
A,Annual,DOM,Dominican Republic,WB_RISE_EE_BEC,Building Energy Codes,SCORE,Score,WB_RISE,Regulatory Indicators for Sustainable Energy (RISE),0,Units,A,Normal value,PU,Public,0.0,0.0,0.0,0.0,0.0,0.0,0.0,0.0,0.0,0.0,0.0,0.0,0.0,0.0
A,Annual,DOM,Dominican Republic,WB_RISE_EE_EES,Energy Efficiency Governance,SCORE,Score,WB_RISE,Regulatory Indicators for Sustainable Energy (RISE),0,Units,A,Normal value,PU,Public,50.0,50.0,50.0,55.55555555555556,55.55555555555556,55.55555555555556,55.55555555555556,55.55555555555556,55.55555555555556,55.55555555555556,55.55555555555556,55.55555555555556,55.55555555555556,55.55555555555556
A,Annual,DOM,Dominican Republic,WB_RISE_EE_ELS,Energy Labeling Systems,SCORE,Score,WB_RISE,Regulatory Indicators for Sustainable Energy (RISE),0,Units,A,Normal value,PU,Public,0.0,0.0,0.0,0.0,0.0,0.0,25.0,25.0,25.0,25.0,25.0,25.0,25.0,25.0
A,Annual,DOM,Dominican Republic,WB_RISE_EE_FMEE,Financing Mechanisms for Energy Efficiency,SCORE,Score,WB_RISE,Regulatory Indicators for Sustainable Energy (RISE),0,Units,A,Normal value,PU,Public,33.333333333333336,33.333333333333336,33.333333333333336,33.333333333333336,33.333333333333336,33.333333333333336,33.333333333333336,33.333333333333336,33.333333333333336,33.333333333333336,33.333333333333336,33.333333333333336,33.333333333333336,33.333333333333336
A,Annual,DOM,Dominican Republic,WB_RISE_EE_IMIC,Industrial and Commercial End Users,SCORE,Score,WB_RISE,Regulatory Indicators for Sustainable Energy (RISE),0,Units,A,Normal value,PU,Public,0.0,0.0,0.0,0.0,0.0,12.5,12.5,12.5,12.5,12.5,12.5,12.5,12.5,12.5
A,Annual,DOM,Dominican Republic,WB_RISE_EE_IMPS,Energy Efficiency in Public Sector,SCORE,Score,WB_RISE,Regulatory Indicators for Sustainable Energy (RISE),0,Units,A,Normal value,PU,Public,0.0,50.0,50.0,50.0,50.0,50.0,50.0,50.0,50.0,50.0,50.0,50.0,50.0,50.0
A,Annual,DOM,Dominican Republic,WB_RISE_EE_IMUT,Incentives & Mandates: Energy Utility Programs,SCORE,Score,WB_RISE,Regulatory Indicators for Sustainable Energy (RISE),0,Units,A,Normal value,PU,Public,23.333333333333336,30.0,30.0,30.0,30.0,30.0,30.0,30.0,30.0,30.0,30.0,30.0,30.0,30.0
A,Annual,DOM,Dominican Republic,WB_RISE_EE_MEEP,Minimum Energy Efficiency Performance Standards,SCORE,Score,WB_RISE,Regulatory Indicators for Sustainable Energy (RISE),0,Units,A,Normal value,PU,Public,0.0,0.0,0.0,0.0,0.0,0.0,18.05555555555556,18.05555555555556,26.38888888888889,26.38888888888889,26.38888888888889,26.38888888888889,26.38888888888889,26.38888888888889
A,Annual,DOM,Dominican Republic,WB_RISE_EE_TRN,Transport Sector,SCORE,Score,WB_RISE,Regulatory Indicators for Sustainable Energy (RISE),0,Units,A,Normal value,PU,Public,0.0,0.0,0.0,41.66666666666667,41.66666666666667,41.66666666666667,41.66666666666667,41.66666666666667,41.66666666666667,41.66666666666667,41.66666666666667,41.66666666666667,41.66666666666667,41.66666666666667
A,Annual,DOM,Dominican Republic,WB_RISE_RE_ALL,Sustainable Energy - Renewable Energy Score,SCORE,Score,WB_RISE,Regulatory Indicators for Sustainable Energy (RISE),0,Units,A,Normal value,PU,Public,22.703703703703702,22.703703703703702,22.703703703703702,27.33333333333333,27.33333333333333,27.690476190476197,27.690476190476197,31.02380952380953,31.02380952380953,39.43650793650794,40.15079365079365,40.507936507936506,40.507936507936506,31.24867724867725
A,Annual,DOM,Dominican Republic,WB_RISE_RE_ELEC,Electricity Sector Renewables,SCORE,Score,WB_RISE,Regulatory Indicators for Sustainable Energy (RISE),0,Units,A,Normal value,PU,Public,30.185185185185187,30.185185185185187,30.185185185185187,36.66666666666666,36.66666666666666,36.66666666666666,36.66666666666666,36.66666666666666,36.66666666666666,39.44444444444445,39.44444444444445,39.44444444444445,39.44444444444445,43.14814814814815
A,Annual,DOM,Dominican Republic,WB_RISE_RE_GOV,Renewable Energy - Governance,SCORE,Score,WB_RISE,Regulatory Indicators for Sustainable Energy (RISE),0,Units,A,Normal value,PU,Public,50.0,50.0,50.0,50.0,50.0,51.785714285714285,51.785714285714285,51.785714285714285,51.785714285714285,91.07142857142856,94.64285714285714,96.42857142857144,96.42857142857144,79.76190476190476
A,Annual,DOM,Dominican Republic,WB_RISE_RE_HE_CO,Heating and Cooling Renewables,SCORE,Score,WB_RISE,Regulatory Indicators for Sustainable Energy (RISE),0,Units,A,Normal value,PU,Public,0.0,0.0,0.0,0.0,0.0,0.0,0.0,16.666666666666668,16.666666666666668,16.666666666666668,16.666666666666668,16.666666666666668,16.666666666666668,0.0
A,Annual,DOM,Dominican Republic,WB_RISE_RE_LVL_PLYNG_FLD,Leveling the Playing Field for Renewables,SCORE,Score,WB_RISE,Regulatory Indicators for Sustainable Energy (RISE),0,Units,A,Normal value,PU,Public,0.0,0.0,0.0,0.0,0.0,0.0,0.0,0.0,0.0,0.0,0.0,0.0,0.0,0.0
A,Annual,DOM,Dominican Republic,WB_RISE_RE_TRNS,Transport Sector Renewables,SCORE,Score,WB_RISE,Regulatory Indicators for Sustainable Energy (RISE),0,Units,A,Normal value,PU,Public,33.333333333333336,33.333333333333336,33.333333333333336,50.0,50.0,50.0,50.0,50.0,50.0,50.0,50.0,50.0,50.0,33.333333333333336
A,Annual,DZA,Algeria,WB_RISE_EE_ALL,Sustainable Energy - Energy Efficiency Score,SCORE,Score,WB_RISE,Regulatory Indicators for Sustainable Energy (RISE),0,Units,A,Normal value,PU,Public,41.11111111111112,43.03086419753086,43.03086419753086,43.03086419753086,43.03086419753086,54.90123456790124,57.49382716049384,58.41975308641976,58.41975308641976,58.41975308641976,58.41975308641976,58.41975308641976,58.41975308641976,58.41975308641976
A,Annual,DZA,Algeria,WB_RISE_EE_BEC,Building Energy Codes,SCORE,Score,WB_RISE,Regulatory Indicators for Sustainable Energy (RISE),0,Units,A,Normal value,PU,Public,35.0,35.0,35.0,35.0,35.0,35.0,41.66666666666666,41.66666666666666,41.66666666666666,41.66666666666666,41.66666666666666,41.66666666666666,41.66666666666666,41.66666666666666
A,Annual,DZA,Algeria,WB_RISE_EE_EES,Energy Efficiency Governance,SCORE,Score,WB_RISE,Regulatory Indicators for Sustainable Energy (RISE),0,Units,A,Normal value,PU,Public,35.0,39.777777777777786,39.777777777777786,39.777777777777786,39.777777777777786,75.77777777777779,92.44444444444446,92.44444444444446,92.44444444444446,92.44444444444446,92.44444444444446,92.44444444444446,92.44444444444446,92.44444444444446
A,Annual,DZA,Algeria,WB_RISE_EE_ELS,Energy Labeling Systems,SCORE,Score,WB_RISE,Regulatory Indicators for Sustainable Energy (RISE),0,Units,A,Normal value,PU,Public,45.83333333333333,45.83333333333333,45.83333333333333,45.83333333333333,45.83333333333333,66.66666666666667,66.66666666666667,66.66666666666667,66.66666666666667,66.66666666666667,66.66666666666667,66.66666666666667,66.66666666666667,66.66666666666667
A,Annual,DZA,Algeria,WB_RISE_EE_FMEE,Financing Mechanisms for Energy Efficiency,SCORE,Score,WB_RISE,Regulatory Indicators for Sustainable Energy (RISE),0,Units,A,Normal value,PU,Public,0.0,0.0,0.0,0.0,0.0,50.0,50.0,50.0,50.0,50.0,50.0,50.0,50.0,50.0
A,Annual,DZA,Algeria,WB_RISE_EE_IMIC,Industrial and Commercial End Users,SCORE,Score,WB_RISE,Regulatory Indicators for Sustainable Energy (RISE),0,Units,A,Normal value,PU,Public,75.0,87.5,87.5,87.5,87.5,87.5,87.5,87.5,87.5,87.5,87.5,87.5,87.5,87.5
A,Annual,DZA,Algeria,WB_RISE_EE_IMPS,Energy Efficiency in Public Sector,SCORE,Score,WB_RISE,Regulatory Indicators for Sustainable Energy (RISE),0,Units,A,Normal value,PU,Public,50.0,50.0,50.0,50.0,50.0,50.0,50.0,50.0,50.0,50.0,50.0,50.0,50.0,50.0
A,Annual,DZA,Algeria,WB_RISE_EE_IMUT,Incentives & Mandates: Energy Utility Programs,SCORE,Score,WB_RISE,Regulatory Indicators for Sustainable Energy (RISE),0,Units,A,Normal value,PU,Public,41.66666666666667,41.66666666666667,41.66666666666667,41.66666666666667,41.66666666666667,41.66666666666667,41.66666666666667,41.66666666666667,41.66666666666667,41.66666666666667,41.66666666666667,41.66666666666667,41.66666666666667,41.66666666666667
A,Annual,DZA,Algeria,WB_RISE_EE_MEEP,Minimum Energy Efficiency Performance Standards,SCORE,Score,WB_RISE,Regulatory Indicators for Sustainable Energy (RISE),0,Units,A,Normal value,PU,Public,62.5,62.5,62.5,62.5,62.5,62.5,62.5,70.83333333333334,70.83333333333334,70.83333333333334,70.83333333333334,70.83333333333334,70.83333333333334,70.83333333333334
A,Annual,DZA,Algeria,WB_RISE_EE_TRN,Transport Sector,SCORE,Score,WB_RISE,Regulatory Indicators for Sustainable Energy (RISE),0,Units,A,Normal value,PU,Public,25.0,25.0,25.0,25.0,25.0,25.0,25.0,25.0,25.0,25.0,25.0,25.0,25.0,25.0
A,Annual,DZA,Algeria,WB_RISE_RE_ALL,Sustainable Energy - Renewable Energy Score,SCORE,Score,WB_RISE,Regulatory Indicators for Sustainable Energy (RISE),0,Units,A,Normal value,PU,Public,12.452380952380953,15.785714285714286,16.341269841269842,19.674603174603178,20.23015873015873,22.73015873015873,27.73015873015873,27.73015873015873,27.73015873015873,27.73015873015873,34.3968253968254,34.3968253968254,34.3968253968254,19.33862433862434
A,Annual,DZA,Algeria,WB_RISE_RE_ELEC,Electricity Sector Renewables,SCORE,Score,WB_RISE,Regulatory Indicators for Sustainable Energy (RISE),0,Units,A,Normal value,PU,Public,8.333333333333334,8.333333333333334,11.111111111111112,11.111111111111112,13.888888888888893,26.38888888888889,34.72222222222222,34.72222222222222,34.72222222222222,34.72222222222222,34.72222222222222,34.72222222222222,34.72222222222222,33.7962962962963
A,Annual,DZA,Algeria,WB_RISE_RE_GOV,Renewable Energy - Governance,SCORE,Score,WB_RISE,Regulatory Indicators for Sustainable Energy (RISE),0,Units,A,Normal value,PU,Public,33.92857142857143,33.92857142857143,33.92857142857143,50.5952380952381,50.5952380952381,50.5952380952381,67.26190476190476,67.26190476190476,67.26190476190476,67.26190476190476,67.26190476190476,67.26190476190476,67.26190476190476,51.785714285714285
A,Annual,DZA,Algeria,WB_RISE_RE_HE_CO,Heating and Cooling Renewables,SCORE,Score,WB_RISE,Regulatory Indicators for Sustainable Energy (RISE),0,Units,A,Normal value,PU,Public,0.0,16.666666666666668,16.666666666666668,16.666666666666668,16.666666666666668,16.666666666666668,16.666666666666668,16.666666666666668,16.666666666666668,16.666666666666668,33.333333333333336,33.333333333333336,33.333333333333336,11.111111111111112
A,Annual,DZA,Algeria,WB_RISE_RE_LVL_PLYNG_FLD,Leveling the Playing Field for Renewables,SCORE,Score,WB_RISE,Regulatory Indicators for Sustainable Energy (RISE),0,Units,A,Normal value,PU,Public,20.0,20.0,20.0,20.0,20.0,20.0,20.0,20.0,20.0,20.0,20.0,20.0,20.0,0.0
A,Annual,DZA,Algeria,WB_RISE_RE_TRNS,Transport Sector Renewables,SCORE,Score,WB_RISE,Regulatory Indicators for Sustainable Energy (RISE),0,Units,A,Normal value,PU,Public,0.0,0.0,0.0,0.0,0.0,0.0,0.0,0.0,0.0,0.0,16.666666666666668,16.666666666666668,16.666666666666668,0.0
A,Annual,ECU,Ecuador,WB_RISE_EE_ALL,Sustainable Energy - Energy Efficiency Score,SCORE,Score,WB_RISE,Regulatory Indicators for Sustainable Energy (RISE),0,Units,A,Normal value,PU,Public,18.395061728395063,18.395061728395063,18.395061728395063,18.395061728395063,22.469135802469136,26.17283950617284,42.74691358024691,44.13580246913581,45.24691358024691,60.617283950617285,61.35802469135803,61.35802469135803,61.35802469135803,61.35802469135803
A,Annual,ECU,Ecuador,WB_RISE_EE_BEC,Building Energy Codes,SCORE,Score,WB_RISE,Regulatory Indicators for Sustainable Energy (RISE),0,Units,A,Normal value,PU,Public,0.0,0.0,0.0,0.0,0.0,0.0,0.0,0.0,10.0,10.0,16.666666666666668,16.666666666666668,16.666666666666668,16.666666666666668
A,Annual,ECU,Ecuador,WB_RISE_EE_EES,Energy Efficiency Governance,SCORE,Score,WB_RISE,Regulatory Indicators for Sustainable Energy (RISE),0,Units,A,Normal value,PU,Public,0.0,0.0,0.0,0.0,0.0,0.0,20.0,20.0,20.0,66.66666666666667,66.66666666666667,66.66666666666667,66.66666666666667,66.66666666666667
A,Annual,ECU,Ecuador,WB_RISE_EE_ELS,Energy Labeling Systems,SCORE,Score,WB_RISE,Regulatory Indicators for Sustainable Energy (RISE),0,Units,A,Normal value,PU,Public,16.666666666666668,16.666666666666668,16.666666666666668,16.666666666666668,16.666666666666668,16.666666666666668,91.66666666666666,91.66666666666666,91.66666666666666,91.66666666666666,91.66666666666666,91.66666666666666,91.66666666666666,91.66666666666666
A,Annual,ECU,Ecuador,WB_RISE_EE_FMEE,Financing Mechanisms for Energy Efficiency,SCORE,Score,WB_RISE,Regulatory Indicators for Sustainable Energy (RISE),0,Units,A,Normal value,PU,Public,50.0,50.0,50.0,50.0,66.66666666666667,66.66666666666667,66.66666666666667,66.66666666666667,66.66666666666667,100.0,100.0,100.0,100.0,100.0
A,Annual,ECU,Ecuador,WB_RISE_EE_IMIC,Industrial and Commercial End Users,SCORE,Score,WB_RISE,Regulatory Indicators for Sustainable Energy (RISE),0,Units,A,Normal value,PU,Public,0.0,0.0,0.0,0.0,0.0,0.0,12.5,25.0,25.0,50.0,50.0,50.0,50.0,50.0
A,Annual,ECU,Ecuador,WB_RISE_EE_IMPS,Energy Efficiency in Public Sector,SCORE,Score,WB_RISE,Regulatory Indicators for Sustainable Energy (RISE),0,Units,A,Normal value,PU,Public,0.0,0.0,0.0,0.0,0.0,33.333333333333336,33.333333333333336,33.333333333333336,33.333333333333336,66.66666666666667,66.66666666666667,66.66666666666667,66.66666666666667,66.66666666666667
A,Annual,ECU,Ecuador,WB_RISE_EE_IMUT,Incentives & Mandates: Energy Utility Programs,SCORE,Score,WB_RISE,Regulatory Indicators for Sustainable Energy (RISE),0,Units,A,Normal value,PU,Public,26.666666666666668,26.666666666666668,26.666666666666668,26.666666666666668,46.66666666666667,46.66666666666667,46.66666666666667,46.66666666666667,46.66666666666667,46.66666666666667,46.66666666666667,46.66666666666667,46.66666666666667,46.66666666666667
A,Annual,ECU,Ecuador,WB_RISE_EE_MEEP,Minimum Energy Efficiency Performance Standards,SCORE,Score,WB_RISE,Regulatory Indicators for Sustainable Energy (RISE),0,Units,A,Normal value,PU,Public,30.55555555555556,30.55555555555556,30.55555555555556,30.55555555555556,30.55555555555556,30.55555555555556,72.22222222222223,72.22222222222223,72.22222222222223,72.22222222222223,72.22222222222223,72.22222222222223,72.22222222222223,72.22222222222223
A,Annual,ECU,Ecuador,WB_RISE_EE_TRN,Transport Sector,SCORE,Score,WB_RISE,Regulatory Indicators for Sustainable Energy (RISE),0,Units,A,Normal value,PU,Public,41.66666666666667,41.66666666666667,41.66666666666667,41.66666666666667,41.66666666666667,41.66666666666667,41.66666666666667,41.66666666666667,41.66666666666667,41.66666666666667,41.66666666666667,41.66666666666667,41.66666666666667,41.66666666666667
A,Annual,ECU,Ecuador,WB_RISE_RE_ALL,Sustainable Energy - Renewable Energy Score,SCORE,Score,WB_RISE,Regulatory Indicators for Sustainable Energy (RISE),0,Units,A,Normal value,PU,Public,0.0,0.0,0.0,0.0,0.0,10.555555555555555,10.555555555555555,13.888888888888893,18.333333333333336,23.166666666666668,41.22222222222222,48.92592592592592,48.92592592592592,40.87037037037037
A,Annual,ECU,Ecuador,WB_RISE_RE_ELEC,Electricity Sector Renewables,SCORE,Score,WB_RISE,Regulatory Indicators for Sustainable Energy (RISE),0,Units,A,Normal value,PU,Public,0.0,0.0,0.0,0.0,0.0,19.444444444444446,19.444444444444446,19.444444444444446,25.0,32.5,56.11111111111112,57.96296296296296,57.96296296296296,46.01851851851851
A,Annual,ECU,Ecuador,WB_RISE_RE_GOV,Renewable Energy - Governance,SCORE,Score,WB_RISE,Regulatory Indicators for Sustainable Energy (RISE),0,Units,A,Normal value,PU,Public,0.0,0.0,0.0,0.0,0.0,0.0,0.0,0.0,16.666666666666668,16.666666666666668,83.33333333333334,83.33333333333334,83.33333333333334,75.0
A,Annual,ECU,Ecuador,WB_RISE_RE_HE_CO,Heating and Cooling Renewables,SCORE,Score,WB_RISE,Regulatory Indicators for Sustainable Energy (RISE),0,Units,A,Normal value,PU,Public,0.0,0.0,0.0,0.0,0.0,16.666666666666668,16.666666666666668,16.666666666666668,16.666666666666668,16.666666666666668,16.666666666666668,16.666666666666668,16.666666666666668,16.666666666666668
A,Annual,ECU,Ecuador,WB_RISE_RE_LVL_PLYNG_FLD,Leveling the Playing Field for Renewables,SCORE,Score,WB_RISE,Regulatory Indicators for Sustainable Energy (RISE),0,Units,A,Normal value,PU,Public,0.0,0.0,0.0,0.0,0.0,0.0,0.0,0.0,0.0,0.0,0.0,20.0,20.0,0.0
A,Annual,ECU,Ecuador,WB_RISE_RE_TRNS,Transport Sector Renewables,SCORE,Score,WB_RISE,Regulatory Indicators for Sustainable Energy (RISE),0,Units,A,Normal value,PU,Public,0.0,0.0,0.0,0.0,0.0,16.666666666666668,16.666666666666668,33.333333333333336,33.333333333333336,50.0,50.0,66.66666666666667,66.66666666666667,66.66666666666667
A,Annual,EGY,"Egypt, Arab Rep.",WB_RISE_EE_ALL,Sustainable Energy - Energy Efficiency Score,SCORE,Score,WB_RISE,Regulatory Indicators for Sustainable Energy (RISE),0,Units,A,Normal value,PU,Public,6.666666666666667,7.283950617283951,7.283950617283951,7.283950617283951,8.518518518518519,13.641975308641976,23.11728395061728,27.90123456790124,37.19135802469136,37.19135802469136,38.30246913580248,39.56790123456791,39.56790123456791,39.56790123456791
A,Annual,EGY,"Egypt, Arab Rep.",WB_RISE_EE_BEC,Building Energy Codes,SCORE,Score,WB_RISE,Regulatory Indicators for Sustainable Energy (RISE),0,Units,A,Normal value,PU,Public,0.0,0.0,0.0,0.0,0.0,0.0,0.0,0.0,0.0,0.0,0.0,0.0,0.0,0.0
A,Annual,EGY,"Egypt, Arab Rep.",WB_RISE_EE_EES,Energy Efficiency Governance,SCORE,Score,WB_RISE,Regulatory Indicators for Sustainable Energy (RISE),0,Units,A,Normal value,PU,Public,0.0,5.555555555555556,5.555555555555556,5.555555555555556,8.333333333333334,18.333333333333336,57.777777777777786,74.44444444444446,87.22222222222223,87.22222222222223,87.22222222222223,87.22222222222223,87.22222222222223,87.22222222222223
A,Annual,EGY,"Egypt, Arab Rep.",WB_RISE_EE_ELS,Energy Labeling Systems,SCORE,Score,WB_RISE,Regulatory Indicators for Sustainable Energy (RISE),0,Units,A,Normal value,PU,Public,29.166666666666668,29.166666666666668,29.166666666666668,29.166666666666668,29.166666666666668,29.166666666666668,29.166666666666668,54.16666666666667,54.16666666666667,54.16666666666667,54.16666666666667,54.16666666666667,54.16666666666667,54.16666666666667
A,Annual,EGY,"Egypt, Arab Rep.",WB_RISE_EE_FMEE,Financing Mechanisms for Energy Efficiency,SCORE,Score,WB_RISE,Regulatory Indicators for Sustainable Energy (RISE),0,Units,A,Normal value,PU,Public,0.0,0.0,0.0,0.0,0.0,0.0,0.0,0.0,0.0,0.0,0.0,0.0,0.0,0.0
A,Annual,EGY,"Egypt, Arab Rep.",WB_RISE_EE_IMIC,Industrial and Commercial End Users,SCORE,Score,WB_RISE,Regulatory Indicators for Sustainable Energy (RISE),0,Units,A,Normal value,PU,Public,0.0,0.0,0.0,0.0,0.0,0.0,37.5,37.5,75.0,75.0,75.0,75.0,75.0,75.0
A,Annual,EGY,"Egypt, Arab Rep.",WB_RISE_EE_IMPS,Energy Efficiency in Public Sector,SCORE,Score,WB_RISE,Regulatory Indicators for Sustainable Energy (RISE),0,Units,A,Normal value,PU,Public,0.0,0.0,0.0,0.0,0.0,16.666666666666668,16.666666666666668,16.666666666666668,50.0,50.0,50.0,50.0,50.0,50.0
A,Annual,EGY,"Egypt, Arab Rep.",WB_RISE_EE_IMUT,Incentives & Mandates: Energy Utility Programs,SCORE,Score,WB_RISE,Regulatory Indicators for Sustainable Energy (RISE),0,Units,A,Normal value,PU,Public,10.0,10.0,10.0,10.0,10.0,26.666666666666668,26.666666666666668,26.666666666666668,26.666666666666668,26.666666666666668,36.66666666666667,46.66666666666667,46.66666666666667,46.66666666666667
A,Annual,EGY,"Egypt, Arab Rep.",WB_RISE_EE_MEEP,Minimum Energy Efficiency Performance Standards,SCORE,Score,WB_RISE,Regulatory Indicators for Sustainable Energy (RISE),0,Units,A,Normal value,PU,Public,20.833333333333336,20.833333333333336,20.833333333333336,20.833333333333336,29.166666666666668,31.944444444444446,40.27777777777778,41.66666666666667,41.66666666666667,41.66666666666667,41.66666666666667,43.05555555555556,43.05555555555556,43.05555555555556
A,Annual,EGY,"Egypt, Arab Rep.",WB_RISE_EE_TRN,Transport Sector,SCORE,Score,WB_RISE,Regulatory Indicators for Sustainable Energy (RISE),0,Units,A,Normal value,PU,Public,0.0,0.0,0.0,0.0,0.0,0.0,0.0,0.0,0.0,0.0,0.0,0.0,0.0,0.0
A,Annual,EGY,"Egypt, Arab Rep.",WB_RISE_RE_ALL,Sustainable Energy - Renewable Energy Score,SCORE,Score,WB_RISE,Regulatory Indicators for Sustainable Energy (RISE),0,Units,A,Normal value,PU,Public,9.484126984126984,9.484126984126984,13.484126984126984,13.484126984126984,13.484126984126984,29.465608465608465,31.03968253968254,34.68783068783069,34.68783068783069,41.35449735449736,48.68783068783069,48.68783068783069,48.68783068783069,44.18783068783069
A,Annual,EGY,"Egypt, Arab Rep.",WB_RISE_RE_ELEC,Electricity Sector Renewables,SCORE,Score,WB_RISE,Regulatory Indicators for Sustainable Energy (RISE),0,Units,A,Normal value,PU,Public,2.777777777777778,2.777777777777778,2.777777777777778,2.777777777777778,2.777777777777778,49.35185185185185,57.22222222222223,75.46296296296296,75.46296296296296,75.46296296296296,75.46296296296296,75.46296296296296,75.46296296296296,73.51851851851852
A,Annual,EGY,"Egypt, Arab Rep.",WB_RISE_RE_GOV,Renewable Energy - Governance,SCORE,Score,WB_RISE,Regulatory Indicators for Sustainable Energy (RISE),0,Units,A,Normal value,PU,Public,44.642857142857146,44.642857142857146,44.642857142857146,44.642857142857146,44.642857142857146,77.97619047619048,77.97619047619048,77.97619047619048,77.97619047619048,77.97619047619048,94.64285714285714,94.64285714285714,94.64285714285714,86.30952380952381
A,Annual,EGY,"Egypt, Arab Rep.",WB_RISE_RE_HE_CO,Heating and Cooling Renewables,SCORE,Score,WB_RISE,Regulatory Indicators for Sustainable Energy (RISE),0,Units,A,Normal value,PU,Public,0.0,0.0,0.0,0.0,0.0,0.0,0.0,0.0,0.0,0.0,0.0,0.0,0.0,27.777777777777786
A,Annual,EGY,"Egypt, Arab Rep.",WB_RISE_RE_LVL_PLYNG_FLD,Leveling the Playing Field for Renewables,SCORE,Score,WB_RISE,Regulatory Indicators for Sustainable Energy (RISE),0,Units,A,Normal value,PU,Public,0.0,0.0,20.0,20.0,20.0,20.0,20.0,20.0,20.0,20.0,40.0,40.0,40.0,0.0
A,Annual,EGY,"Egypt, Arab Rep.",WB_RISE_RE_TRNS,Transport Sector Renewables,SCORE,Score,WB_RISE,Regulatory Indicators for Sustainable Energy (RISE),0,Units,A,Normal value,PU,Public,0.0,0.0,0.0,0.0,0.0,0.0,0.0,0.0,0.0,33.333333333333336,33.333333333333336,33.333333333333336,33.333333333333336,33.333333333333336
A,Annual,ERI,Eritrea,WB_RISE_CC_ALL,Sustainable Energy - Clean Cooking Score,SCORE,Score,WB_RISE,Regulatory Indicators for Sustainable Energy (RISE),0,Units,A,Normal value,PU,Public,5.0,5.0,5.0,5.0,5.0,5.0,5.0,5.0,6.666666666666667,6.666666666666667,6.666666666666667,15.0,15.0,15.0
A,Annual,ERI,Eritrea,WB_RISE_CC_CCP,Clean Cooking National Planning,SCORE,Score,WB_RISE,Regulatory Indicators for Sustainable Energy (RISE),0,Units,A,Normal value,PU,Public,13.333333333333334,13.333333333333334,13.333333333333334,13.333333333333334,13.333333333333334,13.333333333333334,13.333333333333334,13.333333333333334,20.0,20.0,20.0,53.333333333333336,53.333333333333336,53.333333333333336
A,Annual,ERI,Eritrea,WB_RISE_CC_FIAC,Incentives and Attributes for Clean Cooking,SCORE,Score,WB_RISE,Regulatory Indicators for Sustainable Energy (RISE),0,Units,A,Normal value,PU,Public,0.0,0.0,0.0,0.0,0.0,0.0,0.0,0.0,0.0,0.0,0.0,0.0,0.0,0.0
A,Annual,ERI,Eritrea,WB_RISE_CC_SCCP,Implementation Scope of Clean Cooking Planning,SCORE,Score,WB_RISE,Regulatory Indicators for Sustainable Energy (RISE),0,Units,A,Normal value,PU,Public,6.666666666666667,6.666666666666667,6.666666666666667,6.666666666666667,6.666666666666667,6.666666666666667,6.666666666666667,6.666666666666667,6.666666666666667,6.666666666666667,6.666666666666667,6.666666666666667,6.666666666666667,6.666666666666667
A,Annual,ERI,Eritrea,WB_RISE_CC_STLA,Standards and Labeling,SCORE,Score,WB_RISE,Regulatory Indicators for Sustainable Energy (RISE),0,Units,A,Normal value,PU,Public,0.0,0.0,0.0,0.0,0.0,0.0,0.0,0.0,0.0,0.0,0.0,0.0,0.0,0.0
A,Annual,ERI,Eritrea,WB_RISE_CON_AFEL,Consumer Affordability of Electricity,SCORE,Score,WB_RISE,Regulatory Indicators for Sustainable Energy (RISE),0,Units,A,Normal value,PU,Public,65.13333333333334,65.13333333333334,65.13333333333334,65.13333333333334,65.13333333333334,65.13333333333334,65.13333333333334,65.13333333333334,65.13333333333334,65.13333333333334,65.13333333333334,65.13333333333334,65.13333333333334,65.13333333333334
A,Annual,ERI,Eritrea,WB_RISE_EA_ALL,Sustainable Energy - Electricity Access Score,SCORE,Score,WB_RISE,Regulatory Indicators for Sustainable Energy (RISE),0,Units,A,Normal value,PU,Public,23.40761904761905,23.40761904761905,23.40761904761905,23.40761904761905,23.40761904761905,23.40761904761905,23.40761904761905,23.40761904761905,28.69862433862434,28.69862433862434,28.69862433862434,32.50814814814815,33.4605291005291,27.746243386243385
A,Annual,ERI,Eritrea,WB_RISE_EE_ALL,Sustainable Energy - Energy Efficiency Score,SCORE,Score,WB_RISE,Regulatory Indicators for Sustainable Energy (RISE),0,Units,A,Normal value,PU,Public,0.925925925925926,0.925925925925926,0.925925925925926,0.925925925925926,0.925925925925926,0.925925925925926,0.925925925925926,0.925925925925926,0.925925925925926,3.703703703703704,3.703703703703704,3.925925925925926,3.925925925925926,3.925925925925926
A,Annual,ERI,Eritrea,WB_RISE_EE_BEC,Building Energy Codes,SCORE,Score,WB_RISE,Regulatory Indicators for Sustainable Energy (RISE),0,Units,A,Normal value,PU,Public,8.333333333333334,8.333333333333334,8.333333333333334,8.333333333333334,8.333333333333334,8.333333333333334,8.333333333333334,8.333333333333334,8.333333333333334,8.333333333333334,8.333333333333334,8.333333333333334,8.333333333333334,8.333333333333334
A,Annual,ERI,Eritrea,WB_RISE_EE_EES,Energy Efficiency Governance,SCORE,Score,WB_RISE,Regulatory Indicators for Sustainable Energy (RISE),0,Units,A,Normal value,PU,Public,0.0,0.0,0.0,0.0,0.0,0.0,0.0,0.0,0.0,0.0,0.0,2.0,2.0,2.0
A,Annual,ERI,Eritrea,WB_RISE_EE_ELS,Energy Labeling Systems,SCORE,Score,WB_RISE,Regulatory Indicators for Sustainable Energy (RISE),0,Units,A,Normal value,PU,Public,0.0,0.0,0.0,0.0,0.0,0.0,0.0,0.0,0.0,0.0,0.0,0.0,0.0,0.0
A,Annual,ERI,Eritrea,WB_RISE_EE_FMEE,Financing Mechanisms for Energy Efficiency,SCORE,Score,WB_RISE,Regulatory Indicators for Sustainable Energy (RISE),0,Units,A,Normal value,PU,Public,0.0,0.0,0.0,0.0,0.0,0.0,0.0,0.0,0.0,0.0,0.0,0.0,0.0,0.0
A,Annual,ERI,Eritrea,WB_RISE_EE_IMIC,Industrial and Commercial End Users,SCORE,Score,WB_RISE,Regulatory Indicators for Sustainable Energy (RISE),0,Units,A,Normal value,PU,Public,0.0,0.0,0.0,0.0,0.0,0.0,0.0,0.0,0.0,0.0,0.0,0.0,0.0,0.0
A,Annual,ERI,Eritrea,WB_RISE_EE_IMPS,Energy Efficiency in Public Sector,SCORE,Score,WB_RISE,Regulatory Indicators for Sustainable Energy (RISE),0,Units,A,Normal value,PU,Public,0.0,0.0,0.0,0.0,0.0,0.0,0.0,0.0,0.0,0.0,0.0,0.0,0.0,0.0
A,Annual,ERI,Eritrea,WB_RISE_EE_IMUT,Incentives & Mandates: Energy Utility Programs,SCORE,Score,WB_RISE,Regulatory Indicators for Sustainable Energy (RISE),0,Units,A,Normal value,PU,Public,0.0,0.0,0.0,0.0,0.0,0.0,0.0,0.0,0.0,25.0,25.0,25.0,25.0,25.0
A,Annual,ERI,Eritrea,WB_RISE_EE_MEEP,Minimum Energy Efficiency Performance Standards,SCORE,Score,WB_RISE,Regulatory Indicators for Sustainable Energy (RISE),0,Units,A,Normal value,PU,Public,0.0,0.0,0.0,0.0,0.0,0.0,0.0,0.0,0.0,0.0,0.0,0.0,0.0,0.0
A,Annual,ERI,Eritrea,WB_RISE_EE_TRN,Transport Sector,SCORE,Score,WB_RISE,Regulatory Indicators for Sustainable Energy (RISE),0,Units,A,Normal value,PU,Public,0.0,0.0,0.0,0.0,0.0,0.0,0.0,0.0,0.0,0.0,0.0,0.0,0.0,0.0
A,Annual,ERI,Eritrea,WB_RISE_ELTN_PL,Electrification Governance and Planning,SCORE,Score,WB_RISE,Regulatory Indicators for Sustainable Energy (RISE),0,Units,A,Normal value,PU,Public,35.23809523809524,35.23809523809524,35.23809523809524,35.23809523809524,35.23809523809524,35.23809523809524,35.23809523809524,35.23809523809524,35.23809523809524,35.23809523809524,35.23809523809524,54.285714285714285,59.04761904761904,30.47619047619048
A,Annual,ERI,Eritrea,WB_RISE_FRM_MGRI,Minigrids Framework,SCORE,Score,WB_RISE,Regulatory Indicators for Sustainable Energy (RISE),0,Units,A,Normal value,PU,Public,0.0,0.0,0.0,0.0,0.0,0.0,0.0,0.0,26.455026455026456,26.455026455026456,26.455026455026456,26.455026455026456,26.455026455026456,26.455026455026456
A,Annual,ERI,Eritrea,WB_RISE_FRM_OGS,Off-Grid Systems Framework,SCORE,Score,WB_RISE,Regulatory Indicators for Sustainable Energy (RISE),0,Units,A,Normal value,PU,Public,0.0,0.0,0.0,0.0,0.0,0.0,0.0,0.0,0.0,0.0,0.0,0.0,0.0,0.0
A,Annual,ERI,Eritrea,WB_RISE_FR_GREL,Grid Electrification Framework,SCORE,Score,WB_RISE,Regulatory Indicators for Sustainable Energy (RISE),0,Units,A,Normal value,PU,Public,16.666666666666668,16.666666666666668,16.666666666666668,16.666666666666668,16.666666666666668,16.666666666666668,16.666666666666668,16.666666666666668,16.666666666666668,16.666666666666668,16.666666666666668,16.666666666666668,16.666666666666668,16.666666666666668
A,Annual,ERI,Eritrea,WB_RISE_RE_ALL,Sustainable Energy - Renewable Energy Score,SCORE,Score,WB_RISE,Regulatory Indicators for Sustainable Energy (RISE),0,Units,A,Normal value,PU,Public,1.5,1.5,1.5,1.5,1.5,2.055555555555556,2.055555555555556,2.055555555555556,3.7222222222222223,3.7222222222222223,3.7222222222222223,3.7222222222222223,3.7222222222222223,7.425925925925926
A,Annual,ERI,Eritrea,WB_RISE_RE_ELEC,Electricity Sector Renewables,SCORE,Score,WB_RISE,Regulatory Indicators for Sustainable Energy (RISE),0,Units,A,Normal value,PU,Public,7.5,7.5,7.5,7.5,7.5,10.27777777777778,10.27777777777778,10.27777777777778,18.61111111111111,18.61111111111111,18.61111111111111,18.61111111111111,18.61111111111111,28.79629629629629
A,Annual,ERI,Eritrea,WB_RISE_RE_GOV,Renewable Energy - Governance,SCORE,Score,WB_RISE,Regulatory Indicators for Sustainable Energy (RISE),0,Units,A,Normal value,PU,Public,0.0,0.0,0.0,0.0,0.0,0.0,0.0,0.0,0.0,0.0,0.0,0.0,0.0,8.333333333333334
A,Annual,ERI,Eritrea,WB_RISE_RE_HE_CO,Heating and Cooling Renewables,SCORE,Score,WB_RISE,Regulatory Indicators for Sustainable Energy (RISE),0,Units,A,Normal value,PU,Public,0.0,0.0,0.0,0.0,0.0,0.0,0.0,0.0,0.0,0.0,0.0,0.0,0.0,0.0
A,Annual,ERI,Eritrea,WB_RISE_RE_LVL_PLYNG_FLD,Leveling the Playing Field for Renewables,SCORE,Score,WB_RISE,Regulatory Indicators for Sustainable Energy (RISE),0,Units,A,Normal value,PU,Public,0.0,0.0,0.0,0.0,0.0,0.0,0.0,0.0,0.0,0.0,0.0,0.0,0.0,0.0
A,Annual,ERI,Eritrea,WB_RISE_RE_TRNS,Transport Sector Renewables,SCORE,Score,WB_RISE,Regulatory Indicators for Sustainable Energy (RISE),0,Units,A,Normal value,PU,Public,0.0,0.0,0.0,0.0,0.0,0.0,0.0,0.0,0.0,0.0,0.0,0.0,0.0,0.0
A,Annual,ESP,Spain,WB_RISE_EE_ALL,Sustainable Energy - Energy Efficiency Score,SCORE,Score,WB_RISE,Regulatory Indicators for Sustainable Energy (RISE),0,Units,A,Normal value,PU,Public,25.462962962962965,46.60493827160494,51.04938271604939,56.23456790123457,59.47530864197532,65.03086419753087,68.73456790123458,78.4567901234568,78.4567901234568,78.4567901234568,79.93827160493828,79.93827160493828,79.93827160493828,79.93827160493828
A,Annual,ESP,Spain,WB_RISE_EE_BEC,Building Energy Codes,SCORE,Score,WB_RISE,Regulatory Indicators for Sustainable Energy (RISE),0,Units,A,Normal value,PU,Public,48.333333333333336,48.333333333333336,48.333333333333336,78.33333333333333,78.33333333333333,78.33333333333333,78.33333333333333,78.33333333333333,78.33333333333333,78.33333333333333,91.66666666666669,91.66666666666669,91.66666666666669,91.66666666666669
A,Annual,ESP,Spain,WB_RISE_EE_EES,Energy Efficiency Governance,SCORE,Score,WB_RISE,Regulatory Indicators for Sustainable Energy (RISE),0,Units,A,Normal value,PU,Public,27.777777777777786,83.33333333333334,83.33333333333334,100.0,100.0,100.0,100.0,100.0,100.0,100.0,100.0,100.0,100.0,100.0
A,Annual,ESP,Spain,WB_RISE_EE_ELS,Energy Labeling Systems,SCORE,Score,WB_RISE,Regulatory Indicators for Sustainable Energy (RISE),0,Units,A,Normal value,PU,Public,0.0,0.0,0.0,0.0,0.0,0.0,0.0,62.5,62.5,62.5,62.5,62.5,62.5,62.5
A,Annual,ESP,Spain,WB_RISE_EE_FMEE,Financing Mechanisms for Energy Efficiency,SCORE,Score,WB_RISE,Regulatory Indicators for Sustainable Energy (RISE),0,Units,A,Normal value,PU,Public,50.0,100.0,100.0,100.0,100.0,100.0,100.0,100.0,100.0,100.0,100.0,100.0,100.0,100.0
A,Annual,ESP,Spain,WB_RISE_EE_IMIC,Industrial and Commercial End Users,SCORE,Score,WB_RISE,Regulatory Indicators for Sustainable Energy (RISE),0,Units,A,Normal value,PU,Public,25.0,25.0,25.0,25.0,37.5,87.5,87.5,87.5,87.5,87.5,87.5,87.5,87.5,87.5
A,Annual,ESP,Spain,WB_RISE_EE_IMPS,Energy Efficiency in Public Sector,SCORE,Score,WB_RISE,Regulatory Indicators for Sustainable Energy (RISE),0,Units,A,Normal value,PU,Public,0.0,66.66666666666667,66.66666666666667,66.66666666666667,83.33333333333334,83.33333333333334,83.33333333333334,83.33333333333334,83.33333333333334,83.33333333333334,83.33333333333334,83.33333333333334,83.33333333333334,83.33333333333334
A,Annual,ESP,Spain,WB_RISE_EE_IMUT,Incentives & Mandates: Energy Utility Programs,SCORE,Score,WB_RISE,Regulatory Indicators for Sustainable Energy (RISE),0,Units,A,Normal value,PU,Public,10.0,10.0,50.0,50.0,50.0,50.0,50.0,50.0,50.0,50.0,50.0,50.0,50.0,50.0
A,Annual,ESP,Spain,WB_RISE_EE_MEEP,Minimum Energy Efficiency Performance Standards,SCORE,Score,WB_RISE,Regulatory Indicators for Sustainable Energy (RISE),0,Units,A,Normal value,PU,Public,51.388888888888886,69.44444444444444,69.44444444444444,69.44444444444444,69.44444444444444,69.44444444444444,69.44444444444444,69.44444444444444,69.44444444444444,69.44444444444444,69.44444444444444,69.44444444444444,69.44444444444444,69.44444444444444
A,Annual,ESP,Spain,WB_RISE_EE_TRN,Transport Sector,SCORE,Score,WB_RISE,Regulatory Indicators for Sustainable Energy (RISE),0,Units,A,Normal value,PU,Public,16.666666666666668,16.666666666666668,16.666666666666668,16.666666666666668,16.666666666666668,16.666666666666668,50.0,75.0,75.0,75.0,75.0,75.0,75.0,75.0
A,Annual,ESP,Spain,WB_RISE_RE_ALL,Sustainable Energy - Renewable Energy Score,SCORE,Score,WB_RISE,Regulatory Indicators for Sustainable Energy (RISE),0,Units,A,Normal value,PU,Public,26.822751322751323,31.148148148148145,31.148148148148145,52.81481481481482,54.87037037037037,54.87037037037037,54.87037037037037,55.24074074074074,58.57407407407408,61.90740740740741,61.90740740740741,61.90740740740741,61.90740740740741,83.33333333333334
A,Annual,ESP,Spain,WB_RISE_RE_ELEC,Electricity Sector Renewables,SCORE,Score,WB_RISE,Regulatory Indicators for Sustainable Energy (RISE),0,Units,A,Normal value,PU,Public,10.185185185185183,15.74074074074074,15.74074074074074,57.4074074074074,67.68518518518518,67.68518518518518,67.68518518518518,69.53703703703704,69.53703703703704,69.53703703703704,69.53703703703704,69.53703703703704,69.53703703703704,84.44444444444444
A,Annual,ESP,Spain,WB_RISE_RE_GOV,Renewable Energy - Governance,SCORE,Score,WB_RISE,Regulatory Indicators for Sustainable Energy (RISE),0,Units,A,Normal value,PU,Public,83.92857142857143,100.0,100.0,100.0,100.0,100.0,100.0,100.0,100.0,100.0,100.0,100.0,100.0,100.0
A,Annual,ESP,Spain,WB_RISE_RE_HE_CO,Heating and Cooling Renewables,SCORE,Score,WB_RISE,Regulatory Indicators for Sustainable Energy (RISE),0,Units,A,Normal value,PU,Public,0.0,0.0,0.0,33.333333333333336,33.333333333333336,33.333333333333336,33.333333333333336,33.333333333333336,50.0,50.0,50.0,50.0,50.0,88.8888888888889
A,Annual,ESP,Spain,WB_RISE_RE_LVL_PLYNG_FLD,Leveling the Playing Field for Renewables,SCORE,Score,WB_RISE,Regulatory Indicators for Sustainable Energy (RISE),0,Units,A,Normal value,PU,Public,40.0,40.0,40.0,40.0,40.0,40.0,40.0,40.0,40.0,40.0,40.0,40.0,40.0,60.0
A,Annual,ESP,Spain,WB_RISE_RE_TRNS,Transport Sector Renewables,SCORE,Score,WB_RISE,Regulatory Indicators for Sustainable Energy (RISE),0,Units,A,Normal value,PU,Public,0.0,0.0,0.0,33.333333333333336,33.333333333333336,33.333333333333336,33.333333333333336,33.333333333333336,33.333333333333336,50.0,50.0,50.0,50.0,83.33333333333333
A,Annual,ETH,Ethiopia,WB_RISE_CC_ALL,Sustainable Energy - Clean Cooking Score,SCORE,Score,WB_RISE,Regulatory Indicators for Sustainable Energy (RISE),0,Units,A,Normal value,PU,Public,7.500000000000001,11.250000000000002,11.250000000000002,27.638888888888893,27.638888888888893,27.638888888888893,27.638888888888893,27.638888888888893,36.38888888888889,48.47222222222223,48.47222222222223,57.083333333333336,62.083333333333336,62.083333333333336
A,Annual,ETH,Ethiopia,WB_RISE_CC_CCP,Clean Cooking National Planning,SCORE,Score,WB_RISE,Regulatory Indicators for Sustainable Energy (RISE),0,Units,A,Normal value,PU,Public,24.444444444444446,31.111111111111114,31.111111111111114,44.44444444444445,44.44444444444445,44.44444444444445,44.44444444444445,44.44444444444445,44.44444444444445,44.44444444444445,44.44444444444445,73.33333333333333,93.33333333333331,93.33333333333331
A,Annual,ETH,Ethiopia,WB_RISE_CC_FIAC,Incentives and Attributes for Clean Cooking,SCORE,Score,WB_RISE,Regulatory Indicators for Sustainable Energy (RISE),0,Units,A,Normal value,PU,Public,0.0,8.333333333333334,8.333333333333334,41.66666666666666,41.66666666666666,41.66666666666666,41.66666666666666,41.66666666666666,50.0,50.0,50.0,50.0,50.0,50.0
A,Annual,ETH,Ethiopia,WB_RISE_CC_SCCP,Implementation Scope of Clean Cooking Planning,SCORE,Score,WB_RISE,Regulatory Indicators for Sustainable Energy (RISE),0,Units,A,Normal value,PU,Public,5.555555555555556,5.555555555555556,5.555555555555556,24.444444444444446,24.444444444444446,24.444444444444446,24.444444444444446,24.444444444444446,51.11111111111112,51.11111111111112,51.11111111111112,56.66666666666666,56.66666666666666,56.66666666666666
A,Annual,ETH,Ethiopia,WB_RISE_CC_STLA,Standards and Labeling,SCORE,Score,WB_RISE,Regulatory Indicators for Sustainable Energy (RISE),0,Units,A,Normal value,PU,Public,0.0,0.0,0.0,0.0,0.0,0.0,0.0,0.0,0.0,48.333333333333336,48.333333333333336,48.333333333333336,48.333333333333336,48.333333333333336
A,Annual,ETH,Ethiopia,WB_RISE_CON_AFEL,Consumer Affordability of Electricity,SCORE,Score,WB_RISE,Regulatory Indicators for Sustainable Energy (RISE),0,Units,A,Normal value,PU,Public,44.0,44.0,44.0,44.0,44.0,44.0,44.0,44.0,44.0,60.66666666666666,60.66666666666666,60.66666666666666,60.66666666666666,60.66666666666666
A,Annual,ETH,Ethiopia,WB_RISE_EA_ALL,Sustainable Energy - Electricity Access Score,SCORE,Score,WB_RISE,Regulatory Indicators for Sustainable Energy (RISE),0,Units,A,Normal value,PU,Public,9.752380952380951,9.752380952380951,9.752380952380951,9.752380952380951,9.752380952380951,9.752380952380951,9.752380952380951,9.752380952380951,9.752380952380951,57.84761904761906,65.83703703703705,72.18624338624339,72.18624338624339,72.18624338624339
A,Annual,ETH,Ethiopia,WB_RISE_EE_ALL,Sustainable Energy - Energy Efficiency Score,SCORE,Score,WB_RISE,Regulatory Indicators for Sustainable Energy (RISE),0,Units,A,Normal value,PU,Public,2.7777777777777777,4.111111111111111,4.111111111111111,4.555555555555555,10.481481481481485,10.703703703703704,10.925925925925927,10.925925925925927,15.092592592592592,20.64814814814815,21.57407407407408,23.61111111111111,23.61111111111111,29.166666666666668
A,Annual,ETH,Ethiopia,WB_RISE_EE_BEC,Building Energy Codes,SCORE,Score,WB_RISE,Regulatory Indicators for Sustainable Energy (RISE),0,Units,A,Normal value,PU,Public,0.0,0.0,0.0,0.0,0.0,0.0,0.0,0.0,0.0,0.0,0.0,0.0,0.0,0.0
A,Annual,ETH,Ethiopia,WB_RISE_EE_EES,Energy Efficiency Governance,SCORE,Score,WB_RISE,Regulatory Indicators for Sustainable Energy (RISE),0,Units,A,Normal value,PU,Public,0.0,12.0,12.0,16.0,69.33333333333334,71.33333333333334,73.33333333333334,73.33333333333334,73.33333333333334,73.33333333333334,73.33333333333334,73.33333333333334,73.33333333333334,73.33333333333334
A,Annual,ETH,Ethiopia,WB_RISE_EE_ELS,Energy Labeling Systems,SCORE,Score,WB_RISE,Regulatory Indicators for Sustainable Energy (RISE),0,Units,A,Normal value,PU,Public,0.0,0.0,0.0,0.0,0.0,0.0,0.0,0.0,0.0,0.0,0.0,0.0,0.0,0.0
A,Annual,ETH,Ethiopia,WB_RISE_EE_FMEE,Financing Mechanisms for Energy Efficiency,SCORE,Score,WB_RISE,Regulatory Indicators for Sustainable Energy (RISE),0,Units,A,Normal value,PU,Public,0.0,0.0,0.0,0.0,0.0,0.0,0.0,0.0,0.0,0.0,0.0,0.0,0.0,50.0
A,Annual,ETH,Ethiopia,WB_RISE_EE_IMIC,Industrial and Commercial End Users,SCORE,Score,WB_RISE,Regulatory Indicators for Sustainable Energy (RISE),0,Units,A,Normal value,PU,Public,0.0,0.0,0.0,0.0,0.0,0.0,0.0,0.0,37.5,87.5,87.5,87.5,87.5,87.5
A,Annual,ETH,Ethiopia,WB_RISE_EE_IMPS,Energy Efficiency in Public Sector,SCORE,Score,WB_RISE,Regulatory Indicators for Sustainable Energy (RISE),0,Units,A,Normal value,PU,Public,0.0,0.0,0.0,0.0,0.0,0.0,0.0,0.0,0.0,0.0,0.0,0.0,0.0,0.0
A,Annual,ETH,Ethiopia,WB_RISE_EE_IMUT,Incentives & Mandates: Energy Utility Programs,SCORE,Score,WB_RISE,Regulatory Indicators for Sustainable Energy (RISE),0,Units,A,Normal value,PU,Public,0.0,0.0,0.0,0.0,0.0,0.0,0.0,0.0,0.0,0.0,0.0,10.0,10.0,10.0
A,Annual,ETH,Ethiopia,WB_RISE_EE_MEEP,Minimum Energy Efficiency Performance Standards,SCORE,Score,WB_RISE,Regulatory Indicators for Sustainable Energy (RISE),0,Units,A,Normal value,PU,Public,0.0,0.0,0.0,0.0,0.0,0.0,0.0,0.0,0.0,0.0,8.333333333333334,16.666666666666668,16.666666666666668,16.666666666666668
A,Annual,ETH,Ethiopia,WB_RISE_EE_TRN,Transport Sector,SCORE,Score,WB_RISE,Regulatory Indicators for Sustainable Energy (RISE),0,Units,A,Normal value,PU,Public,25.0,25.0,25.0,25.0,25.0,25.0,25.0,25.0,25.0,25.0,25.0,25.0,25.0,25.0
A,Annual,ETH,Ethiopia,WB_RISE_ELTN_PL,Electrification Governance and Planning,SCORE,Score,WB_RISE,Regulatory Indicators for Sustainable Energy (RISE),0,Units,A,Normal value,PU,Public,0.0,0.0,0.0,0.0,0.0,0.0,0.0,0.0,0.0,95.23809523809524,95.23809523809524,95.23809523809524,95.23809523809524,95.23809523809524
A,Annual,ETH,Ethiopia,WB_RISE_FRM_MGRI,Minigrids Framework,SCORE,Score,WB_RISE,Regulatory Indicators for Sustainable Energy (RISE),0,Units,A,Normal value,PU,Public,4.761904761904762,4.761904761904762,4.761904761904762,4.761904761904762,4.761904761904762,4.761904761904762,4.761904761904762,4.761904761904762,4.761904761904762,44.44444444444445,67.72486772486772,77.24867724867725,77.24867724867725,77.24867724867725
A,Annual,ETH,Ethiopia,WB_RISE_FRM_OGS,Off-Grid Systems Framework,SCORE,Score,WB_RISE,Regulatory Indicators for Sustainable Energy (RISE),0,Units,A,Normal value,PU,Public,0.0,0.0,0.0,0.0,0.0,0.0,0.0,0.0,0.0,55.55555555555557,55.55555555555557,77.77777777777777,77.77777777777777,77.77777777777777
A,Annual,ETH,Ethiopia,WB_RISE_FR_GREL,Grid Electrification Framework,SCORE,Score,WB_RISE,Regulatory Indicators for Sustainable Energy (RISE),0,Units,A,Normal value,PU,Public,0.0,0.0,0.0,0.0,0.0,0.0,0.0,0.0,0.0,33.333333333333336,50.0,50.0,50.0,50.0
A,Annual,ETH,Ethiopia,WB_RISE_RE_ALL,Sustainable Energy - Renewable Energy Score,SCORE,Score,WB_RISE,Regulatory Indicators for Sustainable Energy (RISE),0,Units,A,Normal value,PU,Public,0.0,0.0,0.0,0.0,1.1904761904761905,4.523809523809524,4.523809523809524,5.746031746031747,5.746031746031747,8.634920634920636,8.634920634920636,31.88095238095238,31.88095238095238,33.145502645502646
A,Annual,ETH,Ethiopia,WB_RISE_RE_ELEC,Electricity Sector Renewables,SCORE,Score,WB_RISE,Regulatory Indicators for Sustainable Energy (RISE),0,Units,A,Normal value,PU,Public,0.0,0.0,0.0,0.0,4.166666666666667,4.166666666666667,4.166666666666667,10.27777777777778,10.27777777777778,24.722222222222225,24.722222222222225,35.833333333333336,35.833333333333336,39.53703703703704
A,Annual,ETH,Ethiopia,WB_RISE_RE_GOV,Renewable Energy - Governance,SCORE,Score,WB_RISE,Regulatory Indicators for Sustainable Energy (RISE),0,Units,A,Normal value,PU,Public,0.0,0.0,0.0,0.0,1.7857142857142858,1.7857142857142858,1.7857142857142858,1.7857142857142858,1.7857142857142858,1.7857142857142858,1.7857142857142858,53.57142857142857,53.57142857142857,59.52380952380952
A,Annual,ETH,Ethiopia,WB_RISE_RE_HE_CO,Heating and Cooling Renewables,SCORE,Score,WB_RISE,Regulatory Indicators for Sustainable Energy (RISE),0,Units,A,Normal value,PU,Public,0.0,0.0,0.0,0.0,0.0,0.0,0.0,0.0,0.0,0.0,0.0,0.0,0.0,0.0
A,Annual,ETH,Ethiopia,WB_RISE_RE_LVL_PLYNG_FLD,Leveling the Playing Field for Renewables,SCORE,Score,WB_RISE,Regulatory Indicators for Sustainable Energy (RISE),0,Units,A,Normal value,PU,Public,0.0,0.0,0.0,0.0,0.0,0.0,0.0,0.0,0.0,0.0,0.0,20.0,20.0,0.0
A,Annual,ETH,Ethiopia,WB_RISE_RE_TRNS,Transport Sector Renewables,SCORE,Score,WB_RISE,Regulatory Indicators for Sustainable Energy (RISE),0,Units,A,Normal value,PU,Public,0.0,0.0,0.0,0.0,0.0,16.666666666666668,16.666666666666668,16.666666666666668,16.666666666666668,16.666666666666668,16.666666666666668,50.0,50.0,66.66666666666667
A,Annual,FIN,Finland,WB_RISE_EE_ALL,Sustainable Energy - Energy Efficiency Score,SCORE,Score,WB_RISE,Regulatory Indicators for Sustainable Energy (RISE),0,Units,A,Normal value,PU,Public,25.450617283950617,26.839506172839503,33.166666666666664,40.91975308641975,50.54938271604939,52.401234567901234,57.18518518518519,63.481481481481474,70.88888888888889,73.85185185185186,73.85185185185186,73.85185185185186,73.85185185185186,73.85185185185186
A,Annual,FIN,Finland,WB_RISE_EE_BEC,Building Energy Codes,SCORE,Score,WB_RISE,Regulatory Indicators for Sustainable Energy (RISE),0,Units,A,Normal value,PU,Public,0.0,0.0,0.0,65.0,65.0,65.0,65.0,71.66666666666667,71.66666666666667,78.33333333333333,78.33333333333333,78.33333333333333,78.33333333333333,78.33333333333333
A,Annual,FIN,Finland,WB_RISE_EE_EES,Energy Efficiency Governance,SCORE,Score,WB_RISE,Regulatory Indicators for Sustainable Energy (RISE),0,Units,A,Normal value,PU,Public,8.777777777777779,8.777777777777779,19.888888888888893,24.666666666666668,44.66666666666667,61.333333333333336,61.333333333333336,78.0,78.0,98.0,98.0,98.0,98.0,98.0
A,Annual,FIN,Finland,WB_RISE_EE_ELS,Energy Labeling Systems,SCORE,Score,WB_RISE,Regulatory Indicators for Sustainable Energy (RISE),0,Units,A,Normal value,PU,Public,50.0,62.5,62.5,62.5,62.5,62.5,62.5,79.16666666666666,79.16666666666666,79.16666666666666,79.16666666666666,79.16666666666666,79.16666666666666,79.16666666666666
A,Annual,FIN,Finland,WB_RISE_EE_FMEE,Financing Mechanisms for Energy Efficiency,SCORE,Score,WB_RISE,Regulatory Indicators for Sustainable Energy (RISE),0,Units,A,Normal value,PU,Public,0.0,0.0,0.0,0.0,0.0,0.0,0.0,0.0,50.0,50.0,50.0,50.0,50.0,50.0
A,Annual,FIN,Finland,WB_RISE_EE_IMIC,Industrial and Commercial End Users,SCORE,Score,WB_RISE,Regulatory Indicators for Sustainable Energy (RISE),0,Units,A,Normal value,PU,Public,0.0,0.0,12.5,12.5,62.5,62.5,62.5,62.5,62.5,62.5,62.5,62.5,62.5,62.5
A,Annual,FIN,Finland,WB_RISE_EE_IMPS,Energy Efficiency in Public Sector,SCORE,Score,WB_RISE,Regulatory Indicators for Sustainable Energy (RISE),0,Units,A,Normal value,PU,Public,16.666666666666668,16.666666666666668,50.0,50.0,50.0,50.0,83.33333333333334,83.33333333333334,83.33333333333334,83.33333333333334,83.33333333333334,83.33333333333334,83.33333333333334,83.33333333333334
A,Annual,FIN,Finland,WB_RISE_EE_IMUT,Incentives & Mandates: Energy Utility Programs,SCORE,Score,WB_RISE,Regulatory Indicators for Sustainable Energy (RISE),0,Units,A,Normal value,PU,Public,30.0,30.0,30.0,30.0,30.0,30.0,30.0,30.0,46.66666666666667,46.66666666666667,46.66666666666667,46.66666666666667,46.66666666666667,46.66666666666667
A,Annual,FIN,Finland,WB_RISE_EE_MEEP,Minimum Energy Efficiency Performance Standards,SCORE,Score,WB_RISE,Regulatory Indicators for Sustainable Energy (RISE),0,Units,A,Normal value,PU,Public,81.94444444444444,81.94444444444444,81.94444444444444,81.94444444444444,81.94444444444444,81.94444444444444,91.66666666666669,91.66666666666669,91.66666666666669,91.66666666666669,91.66666666666669,91.66666666666669,91.66666666666669,91.66666666666669
A,Annual,FIN,Finland,WB_RISE_EE_TRN,Transport Sector,SCORE,Score,WB_RISE,Regulatory Indicators for Sustainable Energy (RISE),0,Units,A,Normal value,PU,Public,41.66666666666667,41.66666666666667,41.66666666666667,41.66666666666667,58.333333333333336,58.333333333333336,58.333333333333336,75.0,75.0,75.0,75.0,75.0,75.0,75.0
A,Annual,FIN,Finland,WB_RISE_RE_ALL,Sustainable Energy - Renewable Energy Score,SCORE,Score,WB_RISE,Regulatory Indicators for Sustainable Energy (RISE),0,Units,A,Normal value,PU,Public,25.96825396825397,25.96825396825397,25.96825396825397,31.079365079365083,32.15079365079365,39.88888888888889,64.61111111111111,64.61111111111111,64.98148148148148,64.98148148148148,64.98148148148148,64.98148148148148,64.98148148148148,80.96296296296296
A,Annual,FIN,Finland,WB_RISE_RE_ELEC,Electricity Sector Renewables,SCORE,Score,WB_RISE,Regulatory Indicators for Sustainable Energy (RISE),0,Units,A,Normal value,PU,Public,17.222222222222225,17.222222222222225,17.222222222222225,26.111111111111114,26.111111111111114,26.111111111111114,66.38888888888889,66.38888888888889,68.24074074074073,68.24074074074073,68.24074074074073,68.24074074074073,68.24074074074073,67.03703703703704
A,Annual,FIN,Finland,WB_RISE_RE_GOV,Renewable Energy - Governance,SCORE,Score,WB_RISE,Regulatory Indicators for Sustainable Energy (RISE),0,Units,A,Normal value,PU,Public,72.61904761904762,72.61904761904762,72.61904761904762,72.61904761904762,77.97619047619048,83.33333333333334,100.0,100.0,100.0,100.0,100.0,100.0,100.0,100.0
A,Annual,FIN,Finland,WB_RISE_RE_HE_CO,Heating and Cooling Renewables,SCORE,Score,WB_RISE,Regulatory Indicators for Sustainable Energy (RISE),0,Units,A,Normal value,PU,Public,0.0,0.0,0.0,16.666666666666668,16.666666666666668,16.666666666666668,50.0,50.0,50.0,50.0,50.0,50.0,50.0,77.77777777777779
A,Annual,FIN,Finland,WB_RISE_RE_LVL_PLYNG_FLD,Leveling the Playing Field for Renewables,SCORE,Score,WB_RISE,Regulatory Indicators for Sustainable Energy (RISE),0,Units,A,Normal value,PU,Public,40.0,40.0,40.0,40.0,40.0,40.0,40.0,40.0,40.0,40.0,40.0,40.0,40.0,60.0
A,Annual,FIN,Finland,WB_RISE_RE_TRNS,Transport Sector Renewables,SCORE,Score,WB_RISE,Regulatory Indicators for Sustainable Energy (RISE),0,Units,A,Normal value,PU,Public,0.0,0.0,0.0,0.0,0.0,33.333333333333336,66.66666666666667,66.66666666666667,66.66666666666667,66.66666666666667,66.66666666666667,66.66666666666667,66.66666666666667,100.0
A,Annual,FRA,France,WB_RISE_EE_ALL,Sustainable Energy - Energy Efficiency Score,SCORE,Score,WB_RISE,Regulatory Indicators for Sustainable Energy (RISE),0,Units,A,Normal value,PU,Public,35.95061728395063,35.95061728395063,41.50617283950618,45.67283950617284,47.52469135802469,51.043209876543216,52.89506172839507,58.45061728395063,58.45061728395063,58.45061728395063,70.58024691358024,70.58024691358024,70.58024691358024,70.58024691358024
A,Annual,FRA,France,WB_RISE_EE_BEC,Building Energy Codes,SCORE,Score,WB_RISE,Regulatory Indicators for Sustainable Energy (RISE),0,Units,A,Normal value,PU,Public,6.666666666666667,6.666666666666667,40.0,40.0,40.0,71.66666666666667,71.66666666666667,71.66666666666667,71.66666666666667,71.66666666666667,85.0,85.0,85.0,85.0
A,Annual,FRA,France,WB_RISE_EE_EES,Energy Efficiency Governance,SCORE,Score,WB_RISE,Regulatory Indicators for Sustainable Energy (RISE),0,Units,A,Normal value,PU,Public,78.55555555555556,78.55555555555556,78.55555555555556,78.55555555555556,78.55555555555556,78.55555555555556,78.55555555555556,78.55555555555556,78.55555555555556,78.55555555555556,95.22222222222224,95.22222222222224,95.22222222222224,95.22222222222224
A,Annual,FRA,France,WB_RISE_EE_ELS,Energy Labeling Systems,SCORE,Score,WB_RISE,Regulatory Indicators for Sustainable Energy (RISE),0,Units,A,Normal value,PU,Public,16.666666666666668,16.666666666666668,16.666666666666668,16.666666666666668,16.666666666666668,16.666666666666668,16.666666666666668,50.0,50.0,50.0,50.0,50.0,50.0,50.0
A,Annual,FRA,France,WB_RISE_EE_FMEE,Financing Mechanisms for Energy Efficiency,SCORE,Score,WB_RISE,Regulatory Indicators for Sustainable Energy (RISE),0,Units,A,Normal value,PU,Public,50.0,50.0,50.0,50.0,50.0,50.0,50.0,50.0,50.0,50.0,50.0,50.0,50.0,50.0
A,Annual,FRA,France,WB_RISE_EE_IMIC,Industrial and Commercial End Users,SCORE,Score,WB_RISE,Regulatory Indicators for Sustainable Energy (RISE),0,Units,A,Normal value,PU,Public,0.0,0.0,0.0,37.5,37.5,37.5,37.5,37.5,37.5,37.5,100.0,100.0,100.0,100.0
A,Annual,FRA,France,WB_RISE_EE_IMPS,Energy Efficiency in Public Sector,SCORE,Score,WB_RISE,Regulatory Indicators for Sustainable Energy (RISE),0,Units,A,Normal value,PU,Public,16.666666666666668,16.666666666666668,33.333333333333336,33.333333333333336,50.0,50.0,66.66666666666667,66.66666666666667,66.66666666666667,66.66666666666667,83.33333333333334,83.33333333333334,83.33333333333334,83.33333333333334
A,Annual,FRA,France,WB_RISE_EE_IMUT,Incentives & Mandates: Energy Utility Programs,SCORE,Score,WB_RISE,Regulatory Indicators for Sustainable Energy (RISE),0,Units,A,Normal value,PU,Public,46.66666666666667,46.66666666666667,46.66666666666667,46.66666666666667,46.66666666666667,46.66666666666667,46.66666666666667,46.66666666666667,46.66666666666667,46.66666666666667,46.66666666666667,46.66666666666667,46.66666666666667,46.66666666666667
A,Annual,FRA,France,WB_RISE_EE_MEEP,Minimum Energy Efficiency Performance Standards,SCORE,Score,WB_RISE,Regulatory Indicators for Sustainable Energy (RISE),0,Units,A,Normal value,PU,Public,83.33333333333334,83.33333333333334,83.33333333333334,83.33333333333334,83.33333333333334,83.33333333333334,83.33333333333334,83.33333333333334,83.33333333333334,83.33333333333334,83.33333333333334,83.33333333333334,83.33333333333334,83.33333333333334
A,Annual,FRA,France,WB_RISE_EE_TRN,Transport Sector,SCORE,Score,WB_RISE,Regulatory Indicators for Sustainable Energy (RISE),0,Units,A,Normal value,PU,Public,25.0,25.0,25.0,25.0,25.0,25.0,25.0,41.66666666666667,41.66666666666667,41.66666666666667,41.66666666666667,41.66666666666667,41.66666666666667,41.66666666666667
A,Annual,FRA,France,WB_RISE_RE_ALL,Sustainable Energy - Renewable Energy Score,SCORE,Score,WB_RISE,Regulatory Indicators for Sustainable Energy (RISE),0,Units,A,Normal value,PU,Public,29.759259259259256,30.5,30.5,34.5,38.5,38.5,38.5,39.61111111111111,39.61111111111111,39.61111111111111,58.5,58.5,58.5,88.07407407407406
A,Annual,FRA,France,WB_RISE_RE_ELEC,Electricity Sector Renewables,SCORE,Score,WB_RISE,Regulatory Indicators for Sustainable Energy (RISE),0,Units,A,Normal value,PU,Public,32.129629629629626,35.833333333333336,35.833333333333336,35.833333333333336,35.833333333333336,35.833333333333336,35.833333333333336,41.38888888888889,41.38888888888889,41.38888888888889,69.16666666666667,69.16666666666667,69.16666666666667,88.7037037037037
A,Annual,FRA,France,WB_RISE_RE_GOV,Renewable Energy - Governance,SCORE,Score,WB_RISE,Regulatory Indicators for Sustainable Energy (RISE),0,Units,A,Normal value,PU,Public,83.33333333333334,83.33333333333334,83.33333333333334,83.33333333333334,83.33333333333334,83.33333333333334,83.33333333333334,83.33333333333334,83.33333333333334,83.33333333333334,83.33333333333334,83.33333333333334,83.33333333333334,91.66666666666666
A,Annual,FRA,France,WB_RISE_RE_HE_CO,Heating and Cooling Renewables,SCORE,Score,WB_RISE,Regulatory Indicators for Sustainable Energy (RISE),0,Units,A,Normal value,PU,Public,16.666666666666668,16.666666666666668,16.666666666666668,16.666666666666668,16.666666666666668,16.666666666666668,16.666666666666668,16.666666666666668,16.666666666666668,16.666666666666668,50.0,50.0,50.0,100.0
A,Annual,FRA,France,WB_RISE_RE_LVL_PLYNG_FLD,Leveling the Playing Field for Renewables,SCORE,Score,WB_RISE,Regulatory Indicators for Sustainable Energy (RISE),0,Units,A,Normal value,PU,Public,0.0,0.0,0.0,20.0,40.0,40.0,40.0,40.0,40.0,40.0,40.0,40.0,40.0,60.0
A,Annual,FRA,France,WB_RISE_RE_TRNS,Transport Sector Renewables,SCORE,Score,WB_RISE,Regulatory Indicators for Sustainable Energy (RISE),0,Units,A,Normal value,PU,Public,16.666666666666668,16.666666666666668,16.666666666666668,16.666666666666668,16.666666666666668,16.666666666666668,16.666666666666668,16.666666666666668,16.666666666666668,16.666666666666668,50.0,50.0,50.0,100.0
A,Annual,GBR,United Kingdom,WB_RISE_EE_ALL,Sustainable Energy - Energy Efficiency Score,SCORE,Score,WB_RISE,Regulatory Indicators for Sustainable Energy (RISE),0,Units,A,Normal value,PU,Public,55.43209876543211,55.43209876543211,60.5246913580247,61.14197530864198,70.58641975308643,71.32716049382718,71.63580246913581,73.85802469135803,78.82716049382717,82.43827160493828,83.3641975308642,83.3641975308642,83.3641975308642,83.3641975308642
A,Annual,GBR,United Kingdom,WB_RISE_EE_BEC,Building Energy Codes,SCORE,Score,WB_RISE,Regulatory Indicators for Sustainable Energy (RISE),0,Units,A,Normal value,PU,Public,71.66666666666667,71.66666666666667,71.66666666666667,71.66666666666667,80.0,86.66666666666667,86.66666666666667,86.66666666666667,86.66666666666667,86.66666666666667,86.66666666666667,86.66666666666667,86.66666666666667,86.66666666666667
A,Annual,GBR,United Kingdom,WB_RISE_EE_EES,Energy Efficiency Governance,SCORE,Score,WB_RISE,Regulatory Indicators for Sustainable Energy (RISE),0,Units,A,Normal value,PU,Public,22.222222222222225,22.222222222222225,22.222222222222225,27.777777777777786,44.44444444444445,44.44444444444445,47.22222222222223,67.22222222222223,80.0,100.0,100.0,100.0,100.0,100.0
A,Annual,GBR,United Kingdom,WB_RISE_EE_ELS,Energy Labeling Systems,SCORE,Score,WB_RISE,Regulatory Indicators for Sustainable Energy (RISE),0,Units,A,Normal value,PU,Public,79.16666666666667,79.16666666666667,79.16666666666667,79.16666666666667,79.16666666666667,79.16666666666667,79.16666666666667,79.16666666666667,79.16666666666667,79.16666666666667,87.5,87.5,87.5,87.5
A,Annual,GBR,United Kingdom,WB_RISE_EE_FMEE,Financing Mechanisms for Energy Efficiency,SCORE,Score,WB_RISE,Regulatory Indicators for Sustainable Energy (RISE),0,Units,A,Normal value,PU,Public,83.33333333333334,83.33333333333334,100.0,100.0,100.0,100.0,100.0,100.0,100.0,100.0,100.0,100.0,100.0,100.0
A,Annual,GBR,United Kingdom,WB_RISE_EE_IMIC,Industrial and Commercial End Users,SCORE,Score,WB_RISE,Regulatory Indicators for Sustainable Energy (RISE),0,Units,A,Normal value,PU,Public,25.0,25.0,37.5,37.5,87.5,87.5,87.5,87.5,87.5,100.0,100.0,100.0,100.0,100.0
A,Annual,GBR,United Kingdom,WB_RISE_EE_IMPS,Energy Efficiency in Public Sector,SCORE,Score,WB_RISE,Regulatory Indicators for Sustainable Energy (RISE),0,Units,A,Normal value,PU,Public,66.66666666666667,66.66666666666667,66.66666666666667,66.66666666666667,66.66666666666667,66.66666666666667,66.66666666666667,66.66666666666667,83.33333333333334,83.33333333333334,83.33333333333334,83.33333333333334,83.33333333333334,83.33333333333334
A,Annual,GBR,United Kingdom,WB_RISE_EE_IMUT,Incentives & Mandates: Energy Utility Programs,SCORE,Score,WB_RISE,Regulatory Indicators for Sustainable Energy (RISE),0,Units,A,Normal value,PU,Public,30.0,30.0,46.66666666666667,46.66666666666667,56.66666666666667,56.66666666666667,56.66666666666667,56.66666666666667,56.66666666666667,56.66666666666667,56.66666666666667,56.66666666666667,56.66666666666667,56.66666666666667
A,Annual,GBR,United Kingdom,WB_RISE_EE_MEEP,Minimum Energy Efficiency Performance Standards,SCORE,Score,WB_RISE,Regulatory Indicators for Sustainable Energy (RISE),0,Units,A,Normal value,PU,Public,62.5,62.5,62.5,62.5,62.5,62.5,62.5,62.5,77.77777777777779,77.77777777777779,77.77777777777779,77.77777777777779,77.77777777777779,77.77777777777779
A,Annual,GBR,United Kingdom,WB_RISE_EE_TRN,Transport Sector,SCORE,Score,WB_RISE,Regulatory Indicators for Sustainable Energy (RISE),0,Units,A,Normal value,PU,Public,58.333333333333336,58.333333333333336,58.333333333333336,58.333333333333336,58.333333333333336,58.333333333333336,58.333333333333336,58.333333333333336,58.333333333333336,58.333333333333336,58.333333333333336,58.333333333333336,58.333333333333336,58.333333333333336
A,Annual,GBR,United Kingdom,WB_RISE_RE_ALL,Sustainable Energy - Renewable Energy Score,SCORE,Score,WB_RISE,Regulatory Indicators for Sustainable Energy (RISE),0,Units,A,Normal value,PU,Public,19.43650793650794,26.17724867724868,27.1031746031746,61.38888888888889,63.05555555555556,63.05555555555556,63.61111111111111,63.98148148148148,63.98148148148148,67.31481481481481,67.31481481481481,67.31481481481481,67.31481481481481,78.62962962962962
A,Annual,GBR,United Kingdom,WB_RISE_RE_ELEC,Electricity Sector Renewables,SCORE,Score,WB_RISE,Regulatory Indicators for Sustainable Energy (RISE),0,Units,A,Normal value,PU,Public,15.27777777777778,28.981481481481485,33.611111111111114,66.94444444444444,75.27777777777779,75.27777777777779,78.05555555555556,79.9074074074074,79.9074074074074,79.9074074074074,79.9074074074074,79.9074074074074,79.9074074074074,92.03703703703702
A,Annual,GBR,United Kingdom,WB_RISE_RE_GOV,Renewable Energy - Governance,SCORE,Score,WB_RISE,Regulatory Indicators for Sustainable Energy (RISE),0,Units,A,Normal value,PU,Public,61.90476190476191,61.90476190476191,61.90476190476191,100.0,100.0,100.0,100.0,100.0,100.0,100.0,100.0,100.0,100.0,100.0
A,Annual,GBR,United Kingdom,WB_RISE_RE_HE_CO,Heating and Cooling Renewables,SCORE,Score,WB_RISE,Regulatory Indicators for Sustainable Energy (RISE),0,Units,A,Normal value,PU,Public,0.0,0.0,0.0,33.333333333333336,33.333333333333336,33.333333333333336,33.333333333333336,33.333333333333336,33.333333333333336,50.0,50.0,50.0,50.0,77.77777777777779
A,Annual,GBR,United Kingdom,WB_RISE_RE_LVL_PLYNG_FLD,Leveling the Playing Field for Renewables,SCORE,Score,WB_RISE,Regulatory Indicators for Sustainable Energy (RISE),0,Units,A,Normal value,PU,Public,20.0,40.0,40.0,40.0,40.0,40.0,40.0,40.0,40.0,40.0,40.0,40.0,40.0,40.0
A,Annual,GBR,United Kingdom,WB_RISE_RE_TRNS,Transport Sector Renewables,SCORE,Score,WB_RISE,Regulatory Indicators for Sustainable Energy (RISE),0,Units,A,Normal value,PU,Public,0.0,0.0,0.0,66.66666666666667,66.66666666666667,66.66666666666667,66.66666666666667,66.66666666666667,66.66666666666667,66.66666666666667,66.66666666666667,66.66666666666667,66.66666666666667,83.33333333333333
A,Annual,GEO,Georgia,WB_RISE_EE_ALL,Sustainable Energy - Energy Efficiency Score,SCORE,Score,WB_RISE,Regulatory Indicators for Sustainable Energy (RISE),0,Units,A,Normal value,PU,Public,1.1111111111111112,1.1111111111111112,1.1111111111111112,1.1111111111111112,1.1111111111111112,10.246913580246916,10.246913580246916,10.246913580246916,10.246913580246916,15.06172839506173,23.33333333333333,23.33333333333333,23.33333333333333,23.33333333333333
A,Annual,GEO,Georgia,WB_RISE_EE_BEC,Building Energy Codes,SCORE,Score,WB_RISE,Regulatory Indicators for Sustainable Energy (RISE),0,Units,A,Normal value,PU,Public,0.0,0.0,0.0,0.0,0.0,0.0,0.0,0.0,0.0,0.0,26.666666666666668,26.666666666666668,26.666666666666668,26.666666666666668
A,Annual,GEO,Georgia,WB_RISE_EE_EES,Energy Efficiency Governance,SCORE,Score,WB_RISE,Regulatory Indicators for Sustainable Energy (RISE),0,Units,A,Normal value,PU,Public,0.0,0.0,0.0,0.0,0.0,32.22222222222223,32.22222222222223,32.22222222222223,32.22222222222223,32.22222222222223,55.0,55.0,55.0,55.0
A,Annual,GEO,Georgia,WB_RISE_EE_ELS,Energy Labeling Systems,SCORE,Score,WB_RISE,Regulatory Indicators for Sustainable Energy (RISE),0,Units,A,Normal value,PU,Public,0.0,0.0,0.0,0.0,0.0,0.0,0.0,0.0,0.0,0.0,0.0,0.0,0.0,0.0
A,Annual,GEO,Georgia,WB_RISE_EE_FMEE,Financing Mechanisms for Energy Efficiency,SCORE,Score,WB_RISE,Regulatory Indicators for Sustainable Energy (RISE),0,Units,A,Normal value,PU,Public,0.0,0.0,0.0,0.0,0.0,0.0,0.0,0.0,0.0,16.666666666666668,16.666666666666668,16.666666666666668,16.666666666666668,16.666666666666668
A,Annual,GEO,Georgia,WB_RISE_EE_IMIC,Industrial and Commercial End Users,SCORE,Score,WB_RISE,Regulatory Indicators for Sustainable Energy (RISE),0,Units,A,Normal value,PU,Public,0.0,0.0,0.0,0.0,0.0,25.0,25.0,25.0,25.0,25.0,37.5,37.5,37.5,37.5
A,Annual,GEO,Georgia,WB_RISE_EE_IMPS,Energy Efficiency in Public Sector,SCORE,Score,WB_RISE,Regulatory Indicators for Sustainable Energy (RISE),0,Units,A,Normal value,PU,Public,0.0,0.0,0.0,0.0,0.0,0.0,0.0,0.0,0.0,0.0,0.0,0.0,0.0,0.0
A,Annual,GEO,Georgia,WB_RISE_EE_IMUT,Incentives & Mandates: Energy Utility Programs,SCORE,Score,WB_RISE,Regulatory Indicators for Sustainable Energy (RISE),0,Units,A,Normal value,PU,Public,10.0,10.0,10.0,10.0,10.0,10.0,10.0,10.0,10.0,36.66666666666667,36.66666666666667,36.66666666666667,36.66666666666667,36.66666666666667
A,Annual,GEO,Georgia,WB_RISE_EE_MEEP,Minimum Energy Efficiency Performance Standards,SCORE,Score,WB_RISE,Regulatory Indicators for Sustainable Energy (RISE),0,Units,A,Normal value,PU,Public,0.0,0.0,0.0,0.0,0.0,0.0,0.0,0.0,0.0,0.0,12.5,12.5,12.5,12.5
A,Annual,GEO,Georgia,WB_RISE_EE_TRN,Transport Sector,SCORE,Score,WB_RISE,Regulatory Indicators for Sustainable Energy (RISE),0,Units,A,Normal value,PU,Public,0.0,0.0,0.0,0.0,0.0,25.0,25.0,25.0,25.0,25.0,25.0,25.0,25.0,25.0
A,Annual,GEO,Georgia,WB_RISE_RE_ALL,Sustainable Energy - Renewable Energy Score,SCORE,Score,WB_RISE,Regulatory Indicators for Sustainable Energy (RISE),0,Units,A,Normal value,PU,Public,5.0,5.0,5.0,5.0,5.0,5.0,5.0,5.0,5.833333333333334,25.31746031746032,25.31746031746032,25.31746031746032,25.31746031746032,47.28042328042328
A,Annual,GEO,Georgia,WB_RISE_RE_ELEC,Electricity Sector Renewables,SCORE,Score,WB_RISE,Regulatory Indicators for Sustainable Energy (RISE),0,Units,A,Normal value,PU,Public,0.0,0.0,0.0,0.0,0.0,0.0,0.0,0.0,4.166666666666667,11.111111111111112,11.111111111111112,11.111111111111112,11.111111111111112,31.48148148148148
A,Annual,GEO,Georgia,WB_RISE_RE_GOV,Renewable Energy - Governance,SCORE,Score,WB_RISE,Regulatory Indicators for Sustainable Energy (RISE),0,Units,A,Normal value,PU,Public,25.0,25.0,25.0,25.0,25.0,25.0,25.0,25.0,25.0,65.47619047619048,65.47619047619048,65.47619047619048,65.47619047619048,57.142857142857146
A,Annual,GEO,Georgia,WB_RISE_RE_HE_CO,Heating and Cooling Renewables,SCORE,Score,WB_RISE,Regulatory Indicators for Sustainable Energy (RISE),0,Units,A,Normal value,PU,Public,0.0,0.0,0.0,0.0,0.0,0.0,0.0,0.0,0.0,16.666666666666668,16.666666666666668,16.666666666666668,16.666666666666668,77.77777777777779
A,Annual,GEO,Georgia,WB_RISE_RE_LVL_PLYNG_FLD,Leveling the Playing Field for Renewables,SCORE,Score,WB_RISE,Regulatory Indicators for Sustainable Energy (RISE),0,Units,A,Normal value,PU,Public,0.0,0.0,0.0,0.0,0.0,0.0,0.0,0.0,0.0,0.0,0.0,0.0,0.0,20.0
A,Annual,GEO,Georgia,WB_RISE_RE_TRNS,Transport Sector Renewables,SCORE,Score,WB_RISE,Regulatory Indicators for Sustainable Energy (RISE),0,Units,A,Normal value,PU,Public,0.0,0.0,0.0,0.0,0.0,0.0,0.0,0.0,0.0,33.333333333333336,33.333333333333336,33.333333333333336,33.333333333333336,50.0
A,Annual,GHA,Ghana,WB_RISE_CC_ALL,Sustainable Energy - Clean Cooking Score,SCORE,Score,WB_RISE,Regulatory Indicators for Sustainable Energy (RISE),0,Units,A,Normal value,PU,Public,15.0,15.0,15.0,15.0,16.38888888888889,20.55555555555556,20.55555555555556,23.88888888888889,26.666666666666668,28.333333333333336,35.0,54.99999999999999,54.99999999999999,68.88888888888889
A,Annual,GHA,Ghana,WB_RISE_CC_CCP,Clean Cooking National Planning,SCORE,Score,WB_RISE,Regulatory Indicators for Sustainable Energy (RISE),0,Units,A,Normal value,PU,Public,60.0,60.0,60.0,60.0,60.0,60.0,60.0,60.0,60.0,66.66666666666667,93.33333333333331,100.0,100.0,100.0
A,Annual,GHA,Ghana,WB_RISE_CC_FIAC,Incentives and Attributes for Clean Cooking,SCORE,Score,WB_RISE,Regulatory Indicators for Sustainable Energy (RISE),0,Units,A,Normal value,PU,Public,0.0,0.0,0.0,0.0,0.0,16.666666666666668,16.666666666666668,16.666666666666668,16.666666666666668,16.666666666666668,16.666666666666668,16.666666666666668,16.666666666666668,33.333333333333336
A,Annual,GHA,Ghana,WB_RISE_CC_SCCP,Implementation Scope of Clean Cooking Planning,SCORE,Score,WB_RISE,Regulatory Indicators for Sustainable Energy (RISE),0,Units,A,Normal value,PU,Public,0.0,0.0,0.0,0.0,0.0,0.0,0.0,0.0,0.0,0.0,0.0,73.33333333333333,73.33333333333333,73.33333333333333
A,Annual,GHA,Ghana,WB_RISE_CC_STLA,Standards and Labeling,SCORE,Score,WB_RISE,Regulatory Indicators for Sustainable Energy (RISE),0,Units,A,Normal value,PU,Public,0.0,0.0,0.0,0.0,5.555555555555556,5.555555555555556,5.555555555555556,18.88888888888889,30.0,30.0,30.0,30.0,30.0,68.8888888888889
A,Annual,GHA,Ghana,WB_RISE_CON_AFEL,Consumer Affordability of Electricity,SCORE,Score,WB_RISE,Regulatory Indicators for Sustainable Energy (RISE),0,Units,A,Normal value,PU,Public,95.74,95.74,95.74,95.74,95.74,95.74,95.74,95.74,95.74,95.74,95.74,95.74,95.74,95.74
A,Annual,GHA,Ghana,WB_RISE_EA_ALL,Sustainable Energy - Electricity Access Score,SCORE,Score,WB_RISE,Regulatory Indicators for Sustainable Energy (RISE),0,Units,A,Normal value,PU,Public,51.81466666666668,51.81466666666668,55.74059259259259,55.74059259259259,55.74059259259259,62.40725925925926,64.8411216931217,64.8411216931217,66.32260317460319,73.68768253968254,74.79879365079367,74.79879365079367,75.90990476190477,75.90990476190477
A,Annual,GHA,Ghana,WB_RISE_EE_ALL,Sustainable Energy - Energy Efficiency Score,SCORE,Score,WB_RISE,Regulatory Indicators for Sustainable Energy (RISE),0,Units,A,Normal value,PU,Public,23.37037037037037,25.222222222222225,25.222222222222225,28.92592592592593,28.92592592592593,33.64814814814815,33.64814814814815,35.03703703703704,35.777777777777786,41.7037037037037,43.55555555555555,43.55555555555555,45.407407407407405,46.333333333333336
A,Annual,GHA,Ghana,WB_RISE_EE_BEC,Building Energy Codes,SCORE,Score,WB_RISE,Regulatory Indicators for Sustainable Energy (RISE),0,Units,A,Normal value,PU,Public,0.0,0.0,0.0,0.0,0.0,0.0,0.0,0.0,6.666666666666667,6.666666666666667,6.666666666666667,6.666666666666667,15.0,15.0
A,Annual,GHA,Ghana,WB_RISE_EE_EES,Energy Efficiency Governance,SCORE,Score,WB_RISE,Regulatory Indicators for Sustainable Energy (RISE),0,Units,A,Normal value,PU,Public,18.666666666666668,35.333333333333336,35.333333333333336,35.333333333333336,35.333333333333336,65.33333333333334,65.33333333333334,65.33333333333334,65.33333333333334,65.33333333333334,65.33333333333334,65.33333333333334,65.33333333333334,65.33333333333334
A,Annual,GHA,Ghana,WB_RISE_EE_ELS,Energy Labeling Systems,SCORE,Score,WB_RISE,Regulatory Indicators for Sustainable Energy (RISE),0,Units,A,Normal value,PU,Public,50.0,50.0,50.0,50.0,50.0,50.0,50.0,50.0,50.0,50.0,66.66666666666666,66.66666666666666,75.0,75.0
A,Annual,GHA,Ghana,WB_RISE_EE_FMEE,Financing Mechanisms for Energy Efficiency,SCORE,Score,WB_RISE,Regulatory Indicators for Sustainable Energy (RISE),0,Units,A,Normal value,PU,Public,0.0,0.0,0.0,0.0,0.0,0.0,0.0,0.0,0.0,0.0,0.0,0.0,0.0,0.0
A,Annual,GHA,Ghana,WB_RISE_EE_IMIC,Industrial and Commercial End Users,SCORE,Score,WB_RISE,Regulatory Indicators for Sustainable Energy (RISE),0,Units,A,Normal value,PU,Public,50.0,50.0,50.0,50.0,50.0,62.5,62.5,75.0,75.0,75.0,75.0,75.0,75.0,75.0
A,Annual,GHA,Ghana,WB_RISE_EE_IMPS,Energy Efficiency in Public Sector,SCORE,Score,WB_RISE,Regulatory Indicators for Sustainable Energy (RISE),0,Units,A,Normal value,PU,Public,0.0,0.0,0.0,33.333333333333336,33.333333333333336,33.333333333333336,33.333333333333336,33.333333333333336,33.333333333333336,66.66666666666667,66.66666666666667,66.66666666666667,66.66666666666667,66.66666666666667
A,Annual,GHA,Ghana,WB_RISE_EE_IMUT,Incentives & Mandates: Energy Utility Programs,SCORE,Score,WB_RISE,Regulatory Indicators for Sustainable Energy (RISE),0,Units,A,Normal value,PU,Public,33.333333333333336,33.333333333333336,33.333333333333336,33.333333333333336,33.333333333333336,33.333333333333336,33.333333333333336,33.333333333333336,33.333333333333336,53.333333333333336,53.333333333333336,53.333333333333336,53.333333333333336,53.333333333333336
A,Annual,GHA,Ghana,WB_RISE_EE_MEEP,Minimum Energy Efficiency Performance Standards,SCORE,Score,WB_RISE,Regulatory Indicators for Sustainable Energy (RISE),0,Units,A,Normal value,PU,Public,58.33333333333334,58.33333333333334,58.33333333333334,58.33333333333334,58.33333333333334,58.33333333333334,58.33333333333334,58.33333333333334,58.33333333333334,58.33333333333334,58.33333333333334,58.33333333333334,58.33333333333334,66.66666666666667
A,Annual,GHA,Ghana,WB_RISE_EE_TRN,Transport Sector,SCORE,Score,WB_RISE,Regulatory Indicators for Sustainable Energy (RISE),0,Units,A,Normal value,PU,Public,0.0,0.0,0.0,0.0,0.0,0.0,0.0,0.0,0.0,0.0,0.0,0.0,0.0,0.0
A,Annual,GHA,Ghana,WB_RISE_ELTN_PL,Electrification Governance and Planning,SCORE,Score,WB_RISE,Regulatory Indicators for Sustainable Energy (RISE),0,Units,A,Normal value,PU,Public,51.42857142857142,51.42857142857142,58.095238095238095,58.095238095238095,58.095238095238095,58.095238095238095,58.095238095238095,58.095238095238095,58.095238095238095,79.04761904761905,79.04761904761905,79.04761904761905,79.04761904761905,79.04761904761905
A,Annual,GHA,Ghana,WB_RISE_FRM_MGRI,Minigrids Framework,SCORE,Score,WB_RISE,Regulatory Indicators for Sustainable Energy (RISE),0,Units,A,Normal value,PU,Public,28.571428571428573,28.571428571428573,35.97883597883598,35.97883597883598,35.97883597883598,35.97883597883598,48.14814814814815,48.14814814814815,55.55555555555557,60.31746031746032,60.31746031746032,60.31746031746032,60.31746031746032,60.31746031746032
A,Annual,GHA,Ghana,WB_RISE_FRM_OGS,Off-Grid Systems Framework,SCORE,Score,WB_RISE,Regulatory Indicators for Sustainable Energy (RISE),0,Units,A,Normal value,PU,Public,16.666666666666668,16.666666666666668,22.222222222222225,22.222222222222225,22.222222222222225,55.55555555555557,55.55555555555557,55.55555555555557,55.55555555555557,66.66666666666667,72.22222222222223,72.22222222222223,77.77777777777777,77.77777777777777
A,Annual,GHA,Ghana,WB_RISE_FR_GREL,Grid Electrification Framework,SCORE,Score,WB_RISE,Regulatory Indicators for Sustainable Energy (RISE),0,Units,A,Normal value,PU,Public,66.66666666666667,66.66666666666667,66.66666666666667,66.66666666666667,66.66666666666667,66.66666666666667,66.66666666666667,66.66666666666667,66.66666666666667,66.66666666666667,66.66666666666667,66.66666666666667,66.66666666666667,66.66666666666667
A,Annual,GHA,Ghana,WB_RISE_RE_ALL,Sustainable Energy - Renewable Energy Score,SCORE,Score,WB_RISE,Regulatory Indicators for Sustainable Energy (RISE),0,Units,A,Normal value,PU,Public,9.166666666666668,10.833333333333334,11.944444444444446,13.055555555555555,13.055555555555555,20.076719576719576,20.076719576719576,20.076719576719576,21.14814814814815,29.95767195767196,33.29100529100529,37.6957671957672,42.64814814814815,30.96296296296297
A,Annual,GHA,Ghana,WB_RISE_RE_ELEC,Electricity Sector Renewables,SCORE,Score,WB_RISE,Regulatory Indicators for Sustainable Energy (RISE),0,Units,A,Normal value,PU,Public,12.5,20.83333333333333,26.38888888888889,31.944444444444446,31.944444444444446,39.90740740740741,39.90740740740741,39.90740740740741,39.90740740740741,39.90740740740741,39.90740740740741,39.90740740740741,43.24074074074074,71.48148148148148
A,Annual,GHA,Ghana,WB_RISE_RE_GOV,Renewable Energy - Governance,SCORE,Score,WB_RISE,Regulatory Indicators for Sustainable Energy (RISE),0,Units,A,Normal value,PU,Public,16.666666666666668,16.666666666666668,16.666666666666668,16.666666666666668,16.666666666666668,23.80952380952381,23.80952380952381,23.80952380952381,29.166666666666668,73.21428571428572,73.21428571428572,78.57142857142857,100.0,83.33333333333334
A,Annual,GHA,Ghana,WB_RISE_RE_HE_CO,Heating and Cooling Renewables,SCORE,Score,WB_RISE,Regulatory Indicators for Sustainable Energy (RISE),0,Units,A,Normal value,PU,Public,0.0,0.0,0.0,0.0,0.0,0.0,0.0,0.0,0.0,0.0,16.666666666666668,16.666666666666668,16.666666666666668,0.0
A,Annual,GHA,Ghana,WB_RISE_RE_LVL_PLYNG_FLD,Leveling the Playing Field for Renewables,SCORE,Score,WB_RISE,Regulatory Indicators for Sustainable Energy (RISE),0,Units,A,Normal value,PU,Public,0.0,0.0,0.0,0.0,0.0,20.0,20.0,20.0,20.0,20.0,20.0,20.0,20.0,0.0
A,Annual,GHA,Ghana,WB_RISE_RE_TRNS,Transport Sector Renewables,SCORE,Score,WB_RISE,Regulatory Indicators for Sustainable Energy (RISE),0,Units,A,Normal value,PU,Public,16.666666666666668,16.666666666666668,16.666666666666668,16.666666666666668,16.666666666666668,16.666666666666668,16.666666666666668,16.666666666666668,16.666666666666668,16.666666666666668,16.666666666666668,33.333333333333336,33.333333333333336,0.0
A,Annual,GIN,Guinea,WB_RISE_CC_ALL,Sustainable Energy - Clean Cooking Score,SCORE,Score,WB_RISE,Regulatory Indicators for Sustainable Energy (RISE),0,Units,A,Normal value,PU,Public,0.0,0.0,0.0,0.0,0.0,0.0,0.0,0.0,0.0,0.0,0.0,0.0,0.0,0.0
A,Annual,GIN,Guinea,WB_RISE_CC_CCP,Clean Cooking National Planning,SCORE,Score,WB_RISE,Regulatory Indicators for Sustainable Energy (RISE),0,Units,A,Normal value,PU,Public,0.0,0.0,0.0,0.0,0.0,0.0,0.0,0.0,0.0,0.0,0.0,0.0,0.0,0.0
A,Annual,GIN,Guinea,WB_RISE_CC_FIAC,Incentives and Attributes for Clean Cooking,SCORE,Score,WB_RISE,Regulatory Indicators for Sustainable Energy (RISE),0,Units,A,Normal value,PU,Public,0.0,0.0,0.0,0.0,0.0,0.0,0.0,0.0,0.0,0.0,0.0,0.0,0.0,0.0
A,Annual,GIN,Guinea,WB_RISE_CC_SCCP,Implementation Scope of Clean Cooking Planning,SCORE,Score,WB_RISE,Regulatory Indicators for Sustainable Energy (RISE),0,Units,A,Normal value,PU,Public,0.0,0.0,0.0,0.0,0.0,0.0,0.0,0.0,0.0,0.0,0.0,0.0,0.0,0.0
A,Annual,GIN,Guinea,WB_RISE_CC_STLA,Standards and Labeling,SCORE,Score,WB_RISE,Regulatory Indicators for Sustainable Energy (RISE),0,Units,A,Normal value,PU,Public,0.0,0.0,0.0,0.0,0.0,0.0,0.0,0.0,0.0,0.0,0.0,0.0,0.0,0.0
A,Annual,GIN,Guinea,WB_RISE_CON_AFEL,Consumer Affordability of Electricity,SCORE,Score,WB_RISE,Regulatory Indicators for Sustainable Energy (RISE),0,Units,A,Normal value,PU,Public,66.66666666666667,66.66666666666667,66.66666666666667,66.66666666666667,66.66666666666667,66.66666666666667,66.66666666666667,66.66666666666667,66.66666666666667,66.66666666666667,66.66666666666667,66.66666666666667,66.66666666666667,66.66666666666667
A,Annual,GIN,Guinea,WB_RISE_EA_ALL,Sustainable Energy - Electricity Access Score,SCORE,Score,WB_RISE,Regulatory Indicators for Sustainable Energy (RISE),0,Units,A,Normal value,PU,Public,13.333333333333334,14.666666666666668,14.666666666666668,20.64550264550265,20.64550264550265,21.97883597883598,22.71957671957672,23.671957671957674,25.57671957671958,26.52910052910053,33.95767195767196,33.95767195767196,37.2910052910053,43.95767195767196
A,Annual,GIN,Guinea,WB_RISE_EE_ALL,Sustainable Energy - Energy Efficiency Score,SCORE,Score,WB_RISE,Regulatory Indicators for Sustainable Energy (RISE),0,Units,A,Normal value,PU,Public,2.2222222222222223,2.2222222222222223,2.2222222222222223,2.2222222222222223,20.925925925925927,20.925925925925927,20.925925925925927,24.03703703703704,24.03703703703704,25.425925925925927,26.814814814814817,26.814814814814817,26.969135802469136,26.969135802469136
A,Annual,GIN,Guinea,WB_RISE_EE_BEC,Building Energy Codes,SCORE,Score,WB_RISE,Regulatory Indicators for Sustainable Energy (RISE),0,Units,A,Normal value,PU,Public,0.0,0.0,0.0,0.0,0.0,0.0,0.0,0.0,0.0,0.0,0.0,0.0,0.0,0.0
A,Annual,GIN,Guinea,WB_RISE_EE_EES,Energy Efficiency Governance,SCORE,Score,WB_RISE,Regulatory Indicators for Sustainable Energy (RISE),0,Units,A,Normal value,PU,Public,0.0,0.0,0.0,0.0,43.333333333333336,43.333333333333336,43.333333333333336,71.33333333333334,71.33333333333334,71.33333333333334,71.33333333333334,71.33333333333334,71.33333333333334,71.33333333333334
A,Annual,GIN,Guinea,WB_RISE_EE_ELS,Energy Labeling Systems,SCORE,Score,WB_RISE,Regulatory Indicators for Sustainable Energy (RISE),0,Units,A,Normal value,PU,Public,0.0,0.0,0.0,0.0,37.5,37.5,37.5,37.5,37.5,37.5,37.5,37.5,37.5,37.5
A,Annual,GIN,Guinea,WB_RISE_EE_FMEE,Financing Mechanisms for Energy Efficiency,SCORE,Score,WB_RISE,Regulatory Indicators for Sustainable Energy (RISE),0,Units,A,Normal value,PU,Public,0.0,0.0,0.0,0.0,0.0,0.0,0.0,0.0,0.0,0.0,0.0,0.0,0.0,0.0
A,Annual,GIN,Guinea,WB_RISE_EE_IMIC,Industrial and Commercial End Users,SCORE,Score,WB_RISE,Regulatory Indicators for Sustainable Energy (RISE),0,Units,A,Normal value,PU,Public,0.0,0.0,0.0,0.0,50.0,50.0,50.0,50.0,50.0,62.5,75.0,75.0,75.0,75.0
A,Annual,GIN,Guinea,WB_RISE_EE_IMPS,Energy Efficiency in Public Sector,SCORE,Score,WB_RISE,Regulatory Indicators for Sustainable Energy (RISE),0,Units,A,Normal value,PU,Public,0.0,0.0,0.0,0.0,0.0,0.0,0.0,0.0,0.0,0.0,0.0,0.0,0.0,0.0
A,Annual,GIN,Guinea,WB_RISE_EE_IMUT,Incentives & Mandates: Energy Utility Programs,SCORE,Score,WB_RISE,Regulatory Indicators for Sustainable Energy (RISE),0,Units,A,Normal value,PU,Public,20.0,20.0,20.0,20.0,20.0,20.0,20.0,20.0,20.0,20.0,20.0,20.0,20.0,20.0
A,Annual,GIN,Guinea,WB_RISE_EE_MEEP,Minimum Energy Efficiency Performance Standards,SCORE,Score,WB_RISE,Regulatory Indicators for Sustainable Energy (RISE),0,Units,A,Normal value,PU,Public,0.0,0.0,0.0,0.0,37.5,37.5,37.5,37.5,37.5,37.5,37.5,37.5,38.88888888888889,38.88888888888889
A,Annual,GIN,Guinea,WB_RISE_EE_TRN,Transport Sector,SCORE,Score,WB_RISE,Regulatory Indicators for Sustainable Energy (RISE),0,Units,A,Normal value,PU,Public,0.0,0.0,0.0,0.0,0.0,0.0,0.0,0.0,0.0,0.0,0.0,0.0,0.0,0.0
A,Annual,GIN,Guinea,WB_RISE_ELTN_PL,Electrification Governance and Planning,SCORE,Score,WB_RISE,Regulatory Indicators for Sustainable Energy (RISE),0,Units,A,Normal value,PU,Public,0.0,6.666666666666667,6.666666666666667,6.666666666666667,6.666666666666667,13.333333333333334,13.333333333333334,18.09523809523809,22.857142857142858,22.857142857142858,60.0,60.0,60.0,60.0
A,Annual,GIN,Guinea,WB_RISE_FRM_MGRI,Minigrids Framework,SCORE,Score,WB_RISE,Regulatory Indicators for Sustainable Energy (RISE),0,Units,A,Normal value,PU,Public,0.0,0.0,0.0,13.227513227513228,13.227513227513228,13.227513227513228,16.931216931216934,16.931216931216934,21.693121693121697,26.455026455026456,26.455026455026456,26.455026455026456,26.455026455026456,26.455026455026456
A,Annual,GIN,Guinea,WB_RISE_FRM_OGS,Off-Grid Systems Framework,SCORE,Score,WB_RISE,Regulatory Indicators for Sustainable Energy (RISE),0,Units,A,Normal value,PU,Public,0.0,0.0,0.0,16.666666666666668,16.666666666666668,16.666666666666668,16.666666666666668,16.666666666666668,16.666666666666668,16.666666666666668,16.666666666666668,16.666666666666668,16.666666666666668,50.0
A,Annual,GIN,Guinea,WB_RISE_FR_GREL,Grid Electrification Framework,SCORE,Score,WB_RISE,Regulatory Indicators for Sustainable Energy (RISE),0,Units,A,Normal value,PU,Public,0.0,0.0,0.0,0.0,0.0,0.0,0.0,0.0,0.0,0.0,0.0,0.0,16.666666666666668,16.666666666666668
A,Annual,GIN,Guinea,WB_RISE_RE_ALL,Sustainable Energy - Renewable Energy Score,SCORE,Score,WB_RISE,Regulatory Indicators for Sustainable Energy (RISE),0,Units,A,Normal value,PU,Public,0.0,0.0,0.0,0.0,0.0,0.0,0.0,0.0,0.0,0.0,0.0,5.674603174603175,5.674603174603175,9.563492063492063
A,Annual,GIN,Guinea,WB_RISE_RE_ELEC,Electricity Sector Renewables,SCORE,Score,WB_RISE,Regulatory Indicators for Sustainable Energy (RISE),0,Units,A,Normal value,PU,Public,0.0,0.0,0.0,0.0,0.0,0.0,0.0,0.0,0.0,0.0,0.0,6.9444444444444455,6.9444444444444455,18.05555555555556
A,Annual,GIN,Guinea,WB_RISE_RE_GOV,Renewable Energy - Governance,SCORE,Score,WB_RISE,Regulatory Indicators for Sustainable Energy (RISE),0,Units,A,Normal value,PU,Public,0.0,0.0,0.0,0.0,0.0,0.0,0.0,0.0,0.0,0.0,0.0,21.428571428571427,21.428571428571427,29.76190476190476
A,Annual,GIN,Guinea,WB_RISE_RE_HE_CO,Heating and Cooling Renewables,SCORE,Score,WB_RISE,Regulatory Indicators for Sustainable Energy (RISE),0,Units,A,Normal value,PU,Public,0.0,0.0,0.0,0.0,0.0,0.0,0.0,0.0,0.0,0.0,0.0,0.0,0.0,0.0
A,Annual,GIN,Guinea,WB_RISE_RE_LVL_PLYNG_FLD,Leveling the Playing Field for Renewables,SCORE,Score,WB_RISE,Regulatory Indicators for Sustainable Energy (RISE),0,Units,A,Normal value,PU,Public,0.0,0.0,0.0,0.0,0.0,0.0,0.0,0.0,0.0,0.0,0.0,0.0,0.0,0.0
A,Annual,GIN,Guinea,WB_RISE_RE_TRNS,Transport Sector Renewables,SCORE,Score,WB_RISE,Regulatory Indicators for Sustainable Energy (RISE),0,Units,A,Normal value,PU,Public,0.0,0.0,0.0,0.0,0.0,0.0,0.0,0.0,0.0,0.0,0.0,0.0,0.0,0.0
A,Annual,GRC,Greece,WB_RISE_EE_ALL,Sustainable Energy - Energy Efficiency Score,SCORE,Score,WB_RISE,Regulatory Indicators for Sustainable Energy (RISE),0,Units,A,Normal value,PU,Public,35.46296296296296,39.16666666666666,39.90740740740741,41.388888888888886,43.24074074074074,47.90123456790124,47.90123456790124,49.75308641975309,49.75308641975309,58.456790123456784,60.77160493827161,60.77160493827161,60.77160493827161,60.77160493827161
A,Annual,GRC,Greece,WB_RISE_EE_BEC,Building Energy Codes,SCORE,Score,WB_RISE,Regulatory Indicators for Sustainable Energy (RISE),0,Units,A,Normal value,PU,Public,60.0,60.0,66.66666666666667,80.0,80.0,80.0,80.0,86.66666666666667,86.66666666666667,93.33333333333331,93.33333333333331,93.33333333333331,93.33333333333331,93.33333333333331
A,Annual,GRC,Greece,WB_RISE_EE_EES,Energy Efficiency Governance,SCORE,Score,WB_RISE,Regulatory Indicators for Sustainable Energy (RISE),0,Units,A,Normal value,PU,Public,13.888888888888893,13.888888888888893,13.888888888888893,13.888888888888893,13.888888888888893,16.666666666666668,16.666666666666668,26.666666666666668,26.666666666666668,56.66666666666667,56.66666666666667,56.66666666666667,56.66666666666667,56.66666666666667
A,Annual,GRC,Greece,WB_RISE_EE_ELS,Energy Labeling Systems,SCORE,Score,WB_RISE,Regulatory Indicators for Sustainable Energy (RISE),0,Units,A,Normal value,PU,Public,37.5,54.16666666666666,54.16666666666666,54.16666666666666,54.16666666666666,54.16666666666666,54.16666666666666,54.16666666666666,54.16666666666666,54.16666666666666,66.66666666666667,66.66666666666667,66.66666666666667,66.66666666666667
A,Annual,GRC,Greece,WB_RISE_EE_FMEE,Financing Mechanisms for Energy Efficiency,SCORE,Score,WB_RISE,Regulatory Indicators for Sustainable Energy (RISE),0,Units,A,Normal value,PU,Public,0.0,16.666666666666668,16.666666666666668,16.666666666666668,16.666666666666668,16.666666666666668,16.666666666666668,16.666666666666668,16.666666666666668,16.666666666666668,16.666666666666668,16.666666666666668,16.666666666666668,16.666666666666668
A,Annual,GRC,Greece,WB_RISE_EE_IMIC,Industrial and Commercial End Users,SCORE,Score,WB_RISE,Regulatory Indicators for Sustainable Energy (RISE),0,Units,A,Normal value,PU,Public,12.5,12.5,12.5,12.5,12.5,25.0,25.0,25.0,25.0,50.0,50.0,50.0,50.0,50.0
A,Annual,GRC,Greece,WB_RISE_EE_IMPS,Energy Efficiency in Public Sector,SCORE,Score,WB_RISE,Regulatory Indicators for Sustainable Energy (RISE),0,Units,A,Normal value,PU,Public,66.66666666666667,66.66666666666667,66.66666666666667,66.66666666666667,66.66666666666667,66.66666666666667,66.66666666666667,66.66666666666667,66.66666666666667,66.66666666666667,66.66666666666667,66.66666666666667,66.66666666666667,66.66666666666667
A,Annual,GRC,Greece,WB_RISE_EE_IMUT,Incentives & Mandates: Energy Utility Programs,SCORE,Score,WB_RISE,Regulatory Indicators for Sustainable Energy (RISE),0,Units,A,Normal value,PU,Public,13.333333333333334,13.333333333333334,13.333333333333334,13.333333333333334,30.0,56.66666666666667,56.66666666666667,56.66666666666667,56.66666666666667,56.66666666666667,56.66666666666667,56.66666666666667,56.66666666666667,56.66666666666667
A,Annual,GRC,Greece,WB_RISE_EE_MEEP,Minimum Energy Efficiency Performance Standards,SCORE,Score,WB_RISE,Regulatory Indicators for Sustainable Energy (RISE),0,Units,A,Normal value,PU,Public,90.27777777777776,90.27777777777776,90.27777777777776,90.27777777777776,90.27777777777776,90.27777777777776,90.27777777777776,90.27777777777776,90.27777777777776,90.27777777777776,98.61111111111111,98.61111111111111,98.61111111111111,98.61111111111111
A,Annual,GRC,Greece,WB_RISE_EE_TRN,Transport Sector,SCORE,Score,WB_RISE,Regulatory Indicators for Sustainable Energy (RISE),0,Units,A,Normal value,PU,Public,25.0,25.0,25.0,25.0,25.0,25.0,25.0,25.0,25.0,41.66666666666667,41.66666666666667,41.66666666666667,41.66666666666667,41.66666666666667
A,Annual,GRC,Greece,WB_RISE_RE_ALL,Sustainable Energy - Renewable Energy Score,SCORE,Score,WB_RISE,Regulatory Indicators for Sustainable Energy (RISE),0,Units,A,Normal value,PU,Public,20.92063492063492,31.87301587301588,37.38888888888889,37.38888888888889,41.388888888888886,48.05555555555556,48.61111111111111,52.5,52.5,55.833333333333336,55.833333333333336,55.833333333333336,55.833333333333336,76.66666666666667
A,Annual,GRC,Greece,WB_RISE_RE_ELEC,Electricity Sector Renewables,SCORE,Score,WB_RISE,Regulatory Indicators for Sustainable Energy (RISE),0,Units,A,Normal value,PU,Public,37.22222222222222,41.38888888888889,46.94444444444445,46.94444444444445,50.27777777777778,50.27777777777778,53.05555555555555,55.833333333333336,55.833333333333336,55.833333333333336,55.833333333333336,55.833333333333336,55.833333333333336,91.11111111111111
A,Annual,GRC,Greece,WB_RISE_RE_GOV,Renewable Energy - Governance,SCORE,Score,WB_RISE,Regulatory Indicators for Sustainable Energy (RISE),0,Units,A,Normal value,PU,Public,10.714285714285714,61.30952380952381,83.33333333333334,83.33333333333334,83.33333333333334,83.33333333333334,83.33333333333334,83.33333333333334,83.33333333333334,83.33333333333334,83.33333333333334,83.33333333333334,83.33333333333334,83.33333333333334
A,Annual,GRC,Greece,WB_RISE_RE_HE_CO,Heating and Cooling Renewables,SCORE,Score,WB_RISE,Regulatory Indicators for Sustainable Energy (RISE),0,Units,A,Normal value,PU,Public,16.666666666666668,16.666666666666668,16.666666666666668,16.666666666666668,16.666666666666668,16.666666666666668,16.666666666666668,33.333333333333336,33.333333333333336,50.0,50.0,50.0,50.0,88.8888888888889
A,Annual,GRC,Greece,WB_RISE_RE_LVL_PLYNG_FLD,Leveling the Playing Field for Renewables,SCORE,Score,WB_RISE,Regulatory Indicators for Sustainable Energy (RISE),0,Units,A,Normal value,PU,Public,40.0,40.0,40.0,40.0,40.0,40.0,40.0,40.0,40.0,40.0,40.0,40.0,40.0,20.0
A,Annual,GRC,Greece,WB_RISE_RE_TRNS,Transport Sector Renewables,SCORE,Score,WB_RISE,Regulatory Indicators for Sustainable Energy (RISE),0,Units,A,Normal value,PU,Public,0.0,0.0,0.0,0.0,16.666666666666668,50.0,50.0,50.0,50.0,50.0,50.0,50.0,50.0,100.0
A,Annual,GTM,Guatemala,WB_RISE_CC_ALL,Sustainable Energy - Clean Cooking Score,SCORE,Score,WB_RISE,Regulatory Indicators for Sustainable Energy (RISE),0,Units,A,Normal value,PU,Public,0.0,0.0,2.777777777777778,6.111111111111112,10.972222222222223,10.972222222222223,10.972222222222223,10.972222222222223,10.972222222222223,10.972222222222223,17.63888888888889,20.416666666666668,20.416666666666668,20.416666666666668
A,Annual,GTM,Guatemala,WB_RISE_CC_CCP,Clean Cooking National Planning,SCORE,Score,WB_RISE,Regulatory Indicators for Sustainable Energy (RISE),0,Units,A,Normal value,PU,Public,0.0,0.0,11.111111111111112,24.444444444444446,35.55555555555556,35.55555555555556,35.55555555555556,35.55555555555556,35.55555555555556,35.55555555555556,42.22222222222222,42.22222222222222,42.22222222222222,42.22222222222222
A,Annual,GTM,Guatemala,WB_RISE_CC_FIAC,Incentives and Attributes for Clean Cooking,SCORE,Score,WB_RISE,Regulatory Indicators for Sustainable Energy (RISE),0,Units,A,Normal value,PU,Public,0.0,0.0,0.0,0.0,8.333333333333334,8.333333333333334,8.333333333333334,8.333333333333334,8.333333333333334,8.333333333333334,8.333333333333334,8.333333333333334,8.333333333333334,8.333333333333334
A,Annual,GTM,Guatemala,WB_RISE_CC_SCCP,Implementation Scope of Clean Cooking Planning,SCORE,Score,WB_RISE,Regulatory Indicators for Sustainable Energy (RISE),0,Units,A,Normal value,PU,Public,0.0,0.0,0.0,0.0,0.0,0.0,0.0,0.0,0.0,0.0,20.0,31.111111111111114,31.111111111111114,31.111111111111114
A,Annual,GTM,Guatemala,WB_RISE_CC_STLA,Standards and Labeling,SCORE,Score,WB_RISE,Regulatory Indicators for Sustainable Energy (RISE),0,Units,A,Normal value,PU,Public,0.0,0.0,0.0,0.0,0.0,0.0,0.0,0.0,0.0,0.0,0.0,0.0,0.0,0.0
A,Annual,GTM,Guatemala,WB_RISE_CON_AFEL,Consumer Affordability of Electricity,SCORE,Score,WB_RISE,Regulatory Indicators for Sustainable Energy (RISE),0,Units,A,Normal value,PU,Public,82.33333333333333,82.33333333333333,82.33333333333333,82.33333333333333,82.33333333333333,82.33333333333333,82.33333333333333,82.33333333333333,82.33333333333333,82.33333333333333,82.33333333333333,82.33333333333333,82.33333333333333,82.33333333333333
A,Annual,GTM,Guatemala,WB_RISE_EA_ALL,Sustainable Energy - Electricity Access Score,SCORE,Score,WB_RISE,Regulatory Indicators for Sustainable Energy (RISE),0,Units,A,Normal value,PU,Public,24.13862433862434,24.13862433862434,25.249735449735446,25.249735449735446,31.91640211640212,31.91640211640212,31.91640211640212,35.249735449735454,38.10687830687831,38.10687830687831,57.63068783068783,61.91640211640212,65.24973544973545,65.24973544973545
A,Annual,GTM,Guatemala,WB_RISE_EE_ALL,Sustainable Energy - Energy Efficiency Score,SCORE,Score,WB_RISE,Regulatory Indicators for Sustainable Energy (RISE),0,Units,A,Normal value,PU,Public,6.049382716049383,6.049382716049383,9.753086419753089,9.753086419753089,11.604938271604938,11.604938271604938,11.604938271604938,11.604938271604938,11.604938271604938,11.975308641975309,14.475308641975309,14.78395061728395,14.78395061728395,14.78395061728395
A,Annual,GTM,Guatemala,WB_RISE_EE_BEC,Building Energy Codes,SCORE,Score,WB_RISE,Regulatory Indicators for Sustainable Energy (RISE),0,Units,A,Normal value,PU,Public,0.0,0.0,0.0,0.0,0.0,0.0,0.0,0.0,0.0,0.0,0.0,0.0,0.0,0.0
A,Annual,GTM,Guatemala,WB_RISE_EE_EES,Energy Efficiency Governance,SCORE,Score,WB_RISE,Regulatory Indicators for Sustainable Energy (RISE),0,Units,A,Normal value,PU,Public,2.777777777777778,2.777777777777778,2.777777777777778,2.777777777777778,2.777777777777778,2.777777777777778,2.777777777777778,2.777777777777778,2.777777777777778,2.777777777777778,12.77777777777778,15.555555555555555,15.555555555555555,15.555555555555555
A,Annual,GTM,Guatemala,WB_RISE_EE_ELS,Energy Labeling Systems,SCORE,Score,WB_RISE,Regulatory Indicators for Sustainable Energy (RISE),0,Units,A,Normal value,PU,Public,0.0,0.0,0.0,0.0,0.0,0.0,0.0,0.0,0.0,0.0,0.0,0.0,0.0,0.0
A,Annual,GTM,Guatemala,WB_RISE_EE_FMEE,Financing Mechanisms for Energy Efficiency,SCORE,Score,WB_RISE,Regulatory Indicators for Sustainable Energy (RISE),0,Units,A,Normal value,PU,Public,0.0,0.0,33.333333333333336,33.333333333333336,50.0,50.0,50.0,50.0,50.0,50.0,50.0,50.0,50.0,50.0
A,Annual,GTM,Guatemala,WB_RISE_EE_IMIC,Industrial and Commercial End Users,SCORE,Score,WB_RISE,Regulatory Indicators for Sustainable Energy (RISE),0,Units,A,Normal value,PU,Public,0.0,0.0,0.0,0.0,0.0,0.0,0.0,0.0,0.0,0.0,12.5,12.5,12.5,12.5
A,Annual,GTM,Guatemala,WB_RISE_EE_IMPS,Energy Efficiency in Public Sector,SCORE,Score,WB_RISE,Regulatory Indicators for Sustainable Energy (RISE),0,Units,A,Normal value,PU,Public,0.0,0.0,0.0,0.0,0.0,0.0,0.0,0.0,0.0,0.0,0.0,0.0,0.0,0.0
A,Annual,GTM,Guatemala,WB_RISE_EE_IMUT,Incentives & Mandates: Energy Utility Programs,SCORE,Score,WB_RISE,Regulatory Indicators for Sustainable Energy (RISE),0,Units,A,Normal value,PU,Public,26.666666666666668,26.666666666666668,26.666666666666668,26.666666666666668,26.666666666666668,26.666666666666668,26.666666666666668,26.666666666666668,26.666666666666668,30.0,30.0,30.0,30.0,30.0
A,Annual,GTM,Guatemala,WB_RISE_EE_MEEP,Minimum Energy Efficiency Performance Standards,SCORE,Score,WB_RISE,Regulatory Indicators for Sustainable Energy (RISE),0,Units,A,Normal value,PU,Public,0.0,0.0,0.0,0.0,0.0,0.0,0.0,0.0,0.0,0.0,0.0,0.0,0.0,0.0
A,Annual,GTM,Guatemala,WB_RISE_EE_TRN,Transport Sector,SCORE,Score,WB_RISE,Regulatory Indicators for Sustainable Energy (RISE),0,Units,A,Normal value,PU,Public,25.0,25.0,25.0,25.0,25.0,25.0,25.0,25.0,25.0,25.0,25.0,25.0,25.0,25.0
A,Annual,GTM,Guatemala,WB_RISE_ELTN_PL,Electrification Governance and Planning,SCORE,Score,WB_RISE,Regulatory Indicators for Sustainable Energy (RISE),0,Units,A,Normal value,PU,Public,4.761904761904762,4.761904761904762,4.761904761904762,4.761904761904762,4.761904761904762,4.761904761904762,4.761904761904762,4.761904761904762,4.761904761904762,4.761904761904762,80.95238095238095,80.95238095238095,80.95238095238095,80.95238095238095
A,Annual,GTM,Guatemala,WB_RISE_FRM_MGRI,Minigrids Framework,SCORE,Score,WB_RISE,Regulatory Indicators for Sustainable Energy (RISE),0,Units,A,Normal value,PU,Public,28.04232804232804,28.04232804232804,28.04232804232804,28.04232804232804,28.04232804232804,28.04232804232804,28.04232804232804,28.04232804232804,42.32804232804233,42.32804232804233,47.08994708994709,51.85185185185185,51.85185185185185,51.85185185185185
A,Annual,GTM,Guatemala,WB_RISE_FRM_OGS,Off-Grid Systems Framework,SCORE,Score,WB_RISE,Regulatory Indicators for Sustainable Energy (RISE),0,Units,A,Normal value,PU,Public,5.555555555555556,5.555555555555556,11.111111111111112,11.111111111111112,44.44444444444445,44.44444444444445,44.44444444444445,44.44444444444445,44.44444444444445,44.44444444444445,44.44444444444445,44.44444444444445,61.11111111111111,61.11111111111111
A,Annual,GTM,Guatemala,WB_RISE_FR_GREL,Grid Electrification Framework,SCORE,Score,WB_RISE,Regulatory Indicators for Sustainable Energy (RISE),0,Units,A,Normal value,PU,Public,0.0,0.0,0.0,0.0,0.0,0.0,0.0,16.666666666666668,16.666666666666668,16.666666666666668,33.333333333333336,50.0,50.0,50.0
A,Annual,GTM,Guatemala,WB_RISE_RE_ALL,Sustainable Energy - Renewable Energy Score,SCORE,Score,WB_RISE,Regulatory Indicators for Sustainable Energy (RISE),0,Units,A,Normal value,PU,Public,10.203703703703706,10.203703703703706,10.203703703703706,10.56084656084656,11.671957671957673,11.671957671957673,11.671957671957673,11.671957671957673,11.671957671957673,17.33862433862434,19.322751322751323,26.179894179894177,26.179894179894177,22.45767195767196
A,Annual,GTM,Guatemala,WB_RISE_RE_ELEC,Electricity Sector Renewables,SCORE,Score,WB_RISE,Regulatory Indicators for Sustainable Energy (RISE),0,Units,A,Normal value,PU,Public,9.351851851851851,9.351851851851851,9.351851851851851,9.351851851851851,14.90740740740741,14.90740740740741,14.90740740740741,14.90740740740741,14.90740740740741,43.24074074074074,46.01851851851851,46.01851851851851,46.01851851851851,47.40740740740741
A,Annual,GTM,Guatemala,WB_RISE_RE_GOV,Renewable Energy - Governance,SCORE,Score,WB_RISE,Regulatory Indicators for Sustainable Energy (RISE),0,Units,A,Normal value,PU,Public,41.66666666666667,41.66666666666667,41.66666666666667,43.45238095238095,43.45238095238095,43.45238095238095,43.45238095238095,43.45238095238095,43.45238095238095,43.45238095238095,50.5952380952381,64.88095238095238,64.88095238095238,64.88095238095238
A,Annual,GTM,Guatemala,WB_RISE_RE_HE_CO,Heating and Cooling Renewables,SCORE,Score,WB_RISE,Regulatory Indicators for Sustainable Energy (RISE),0,Units,A,Normal value,PU,Public,0.0,0.0,0.0,0.0,0.0,0.0,0.0,0.0,0.0,0.0,0.0,0.0,0.0,0.0
A,Annual,GTM,Guatemala,WB_RISE_RE_LVL_PLYNG_FLD,Leveling the Playing Field for Renewables,SCORE,Score,WB_RISE,Regulatory Indicators for Sustainable Energy (RISE),0,Units,A,Normal value,PU,Public,0.0,0.0,0.0,0.0,0.0,0.0,0.0,0.0,0.0,0.0,0.0,20.0,20.0,0.0
A,Annual,GTM,Guatemala,WB_RISE_RE_TRNS,Transport Sector Renewables,SCORE,Score,WB_RISE,Regulatory Indicators for Sustainable Energy (RISE),0,Units,A,Normal value,PU,Public,0.0,0.0,0.0,0.0,0.0,0.0,0.0,0.0,0.0,0.0,0.0,0.0,0.0,0.0
A,Annual,HND,Honduras,WB_RISE_CC_ALL,Sustainable Energy - Clean Cooking Score,SCORE,Score,WB_RISE,Regulatory Indicators for Sustainable Energy (RISE),0,Units,A,Normal value,PU,Public,0.0,0.0,0.0,0.0,6.25,6.25,6.25,23.75,23.75,23.75,23.75,23.75,23.75,23.75
A,Annual,HND,Honduras,WB_RISE_CC_CCP,Clean Cooking National Planning,SCORE,Score,WB_RISE,Regulatory Indicators for Sustainable Energy (RISE),0,Units,A,Normal value,PU,Public,0.0,0.0,0.0,0.0,0.0,0.0,0.0,40.0,40.0,40.0,40.0,40.0,40.0,40.0
A,Annual,HND,Honduras,WB_RISE_CC_FIAC,Incentives and Attributes for Clean Cooking,SCORE,Score,WB_RISE,Regulatory Indicators for Sustainable Energy (RISE),0,Units,A,Normal value,PU,Public,0.0,0.0,0.0,0.0,25.0,25.0,25.0,25.0,25.0,25.0,25.0,25.0,25.0,25.0
A,Annual,HND,Honduras,WB_RISE_CC_SCCP,Implementation Scope of Clean Cooking Planning,SCORE,Score,WB_RISE,Regulatory Indicators for Sustainable Energy (RISE),0,Units,A,Normal value,PU,Public,0.0,0.0,0.0,0.0,0.0,0.0,0.0,0.0,0.0,0.0,0.0,0.0,0.0,0.0
A,Annual,HND,Honduras,WB_RISE_CC_STLA,Standards and Labeling,SCORE,Score,WB_RISE,Regulatory Indicators for Sustainable Energy (RISE),0,Units,A,Normal value,PU,Public,0.0,0.0,0.0,0.0,0.0,0.0,0.0,30.0,30.0,30.0,30.0,30.0,30.0,30.0
A,Annual,HND,Honduras,WB_RISE_CON_AFEL,Consumer Affordability of Electricity,SCORE,Score,WB_RISE,Regulatory Indicators for Sustainable Energy (RISE),0,Units,A,Normal value,PU,Public,65.66666666666667,65.66666666666667,65.66666666666667,65.66666666666667,65.66666666666667,65.66666666666667,65.66666666666667,65.66666666666667,65.66666666666667,65.66666666666667,65.66666666666667,82.33333333333333,82.33333333333333,82.33333333333333
A,Annual,HND,Honduras,WB_RISE_EA_ALL,Sustainable Energy - Electricity Access Score,SCORE,Score,WB_RISE,Regulatory Indicators for Sustainable Energy (RISE),0,Units,A,Normal value,PU,Public,22.12804232804233,23.080423280423283,23.080423280423283,23.080423280423283,26.255026455026456,26.255026455026456,26.255026455026456,30.064550264550263,30.064550264550263,30.064550264550263,31.3978835978836,45.68359788359788,45.68359788359788,45.68359788359788
A,Annual,HND,Honduras,WB_RISE_EE_ALL,Sustainable Energy - Energy Efficiency Score,SCORE,Score,WB_RISE,Regulatory Indicators for Sustainable Energy (RISE),0,Units,A,Normal value,PU,Public,2.2222222222222223,3.1481481481481484,4.25925925925926,4.25925925925926,9.814814814814817,9.814814814814817,9.814814814814817,12.283950617283953,14.50617283950617,14.50617283950617,14.50617283950617,14.50617283950617,15.061728395061728,15.061728395061728
A,Annual,HND,Honduras,WB_RISE_EE_BEC,Building Energy Codes,SCORE,Score,WB_RISE,Regulatory Indicators for Sustainable Energy (RISE),0,Units,A,Normal value,PU,Public,6.666666666666667,6.666666666666667,6.666666666666667,6.666666666666667,6.666666666666667,6.666666666666667,6.666666666666667,6.666666666666667,6.666666666666667,6.666666666666667,6.666666666666667,6.666666666666667,6.666666666666667,6.666666666666667
A,Annual,HND,Honduras,WB_RISE_EE_EES,Energy Efficiency Governance,SCORE,Score,WB_RISE,Regulatory Indicators for Sustainable Energy (RISE),0,Units,A,Normal value,PU,Public,0.0,0.0,10.0,10.0,10.0,10.0,10.0,23.888888888888893,23.888888888888893,23.888888888888893,23.888888888888893,23.888888888888893,23.888888888888893,23.888888888888893
A,Annual,HND,Honduras,WB_RISE_EE_ELS,Energy Labeling Systems,SCORE,Score,WB_RISE,Regulatory Indicators for Sustainable Energy (RISE),0,Units,A,Normal value,PU,Public,8.333333333333334,8.333333333333334,8.333333333333334,8.333333333333334,8.333333333333334,8.333333333333334,8.333333333333334,8.333333333333334,8.333333333333334,8.333333333333334,8.333333333333334,8.333333333333334,8.333333333333334,8.333333333333334
A,Annual,HND,Honduras,WB_RISE_EE_FMEE,Financing Mechanisms for Energy Efficiency,SCORE,Score,WB_RISE,Regulatory Indicators for Sustainable Energy (RISE),0,Units,A,Normal value,PU,Public,0.0,0.0,0.0,0.0,0.0,0.0,0.0,0.0,0.0,0.0,0.0,0.0,0.0,0.0
A,Annual,HND,Honduras,WB_RISE_EE_IMIC,Industrial and Commercial End Users,SCORE,Score,WB_RISE,Regulatory Indicators for Sustainable Energy (RISE),0,Units,A,Normal value,PU,Public,0.0,0.0,0.0,0.0,0.0,0.0,0.0,0.0,0.0,0.0,0.0,0.0,0.0,0.0
A,Annual,HND,Honduras,WB_RISE_EE_IMPS,Energy Efficiency in Public Sector,SCORE,Score,WB_RISE,Regulatory Indicators for Sustainable Energy (RISE),0,Units,A,Normal value,PU,Public,0.0,0.0,0.0,0.0,50.0,50.0,50.0,50.0,50.0,50.0,50.0,50.0,50.0,50.0
A,Annual,HND,Honduras,WB_RISE_EE_IMUT,Incentives & Mandates: Energy Utility Programs,SCORE,Score,WB_RISE,Regulatory Indicators for Sustainable Energy (RISE),0,Units,A,Normal value,PU,Public,5.0,5.0,5.0,5.0,5.0,5.0,5.0,5.0,25.0,25.0,25.0,25.0,30.0,30.0
A,Annual,HND,Honduras,WB_RISE_EE_MEEP,Minimum Energy Efficiency Performance Standards,SCORE,Score,WB_RISE,Regulatory Indicators for Sustainable Energy (RISE),0,Units,A,Normal value,PU,Public,0.0,8.333333333333334,8.333333333333334,8.333333333333334,8.333333333333334,8.333333333333334,8.333333333333334,16.666666666666668,16.666666666666668,16.666666666666668,16.666666666666668,16.666666666666668,16.666666666666668,16.666666666666668
A,Annual,HND,Honduras,WB_RISE_EE_TRN,Transport Sector,SCORE,Score,WB_RISE,Regulatory Indicators for Sustainable Energy (RISE),0,Units,A,Normal value,PU,Public,0.0,0.0,0.0,0.0,0.0,0.0,0.0,0.0,0.0,0.0,0.0,0.0,0.0,0.0
A,Annual,HND,Honduras,WB_RISE_ELTN_PL,Electrification Governance and Planning,SCORE,Score,WB_RISE,Regulatory Indicators for Sustainable Energy (RISE),0,Units,A,Normal value,PU,Public,19.047619047619047,23.80952380952381,23.80952380952381,23.80952380952381,23.80952380952381,23.80952380952381,23.80952380952381,42.85714285714285,42.85714285714285,42.85714285714285,49.52380952380952,49.52380952380952,49.52380952380952,49.52380952380952
A,Annual,HND,Honduras,WB_RISE_FRM_MGRI,Minigrids Framework,SCORE,Score,WB_RISE,Regulatory Indicators for Sustainable Energy (RISE),0,Units,A,Normal value,PU,Public,3.703703703703704,3.703703703703704,3.703703703703704,3.703703703703704,19.576719576719576,19.576719576719576,19.576719576719576,19.576719576719576,19.576719576719576,19.576719576719576,19.576719576719576,24.33862433862434,24.33862433862434,24.33862433862434
A,Annual,HND,Honduras,WB_RISE_FRM_OGS,Off-Grid Systems Framework,SCORE,Score,WB_RISE,Regulatory Indicators for Sustainable Energy (RISE),0,Units,A,Normal value,PU,Public,5.555555555555556,5.555555555555556,5.555555555555556,5.555555555555556,5.555555555555556,5.555555555555556,5.555555555555556,5.555555555555556,5.555555555555556,5.555555555555556,5.555555555555556,5.555555555555556,5.555555555555556,5.555555555555556
A,Annual,HND,Honduras,WB_RISE_FR_GREL,Grid Electrification Framework,SCORE,Score,WB_RISE,Regulatory Indicators for Sustainable Energy (RISE),0,Units,A,Normal value,PU,Public,16.666666666666668,16.666666666666668,16.666666666666668,16.666666666666668,16.666666666666668,16.666666666666668,16.666666666666668,16.666666666666668,16.666666666666668,16.666666666666668,16.666666666666668,66.66666666666667,66.66666666666667,66.66666666666667
A,Annual,HND,Honduras,WB_RISE_RE_ALL,Sustainable Energy - Renewable Energy Score,SCORE,Score,WB_RISE,Regulatory Indicators for Sustainable Energy (RISE),0,Units,A,Normal value,PU,Public,6.333333333333333,13.0,14.428571428571429,14.428571428571429,14.428571428571429,14.428571428571429,14.428571428571429,14.428571428571429,14.428571428571429,15.169312169312173,15.169312169312173,28.97883597883598,30.64550264550264,22.75661375661376
A,Annual,HND,Honduras,WB_RISE_RE_ELEC,Electricity Sector Renewables,SCORE,Score,WB_RISE,Regulatory Indicators for Sustainable Energy (RISE),0,Units,A,Normal value,PU,Public,11.666666666666666,11.666666666666666,11.666666666666666,11.666666666666666,11.666666666666666,11.666666666666666,11.666666666666666,11.666666666666666,11.666666666666666,15.370370370370372,15.370370370370372,48.7037037037037,57.03703703703704,45.92592592592592
A,Annual,HND,Honduras,WB_RISE_RE_GOV,Renewable Energy - Governance,SCORE,Score,WB_RISE,Regulatory Indicators for Sustainable Energy (RISE),0,Units,A,Normal value,PU,Public,0.0,33.333333333333336,40.47619047619048,40.47619047619048,40.47619047619048,40.47619047619048,40.47619047619048,40.47619047619048,40.47619047619048,40.47619047619048,40.47619047619048,76.19047619047619,76.19047619047619,67.85714285714286
A,Annual,HND,Honduras,WB_RISE_RE_HE_CO,Heating and Cooling Renewables,SCORE,Score,WB_RISE,Regulatory Indicators for Sustainable Energy (RISE),0,Units,A,Normal value,PU,Public,0.0,0.0,0.0,0.0,0.0,0.0,0.0,0.0,0.0,0.0,0.0,0.0,0.0,0.0
A,Annual,HND,Honduras,WB_RISE_RE_LVL_PLYNG_FLD,Leveling the Playing Field for Renewables,SCORE,Score,WB_RISE,Regulatory Indicators for Sustainable Energy (RISE),0,Units,A,Normal value,PU,Public,20.0,20.0,20.0,20.0,20.0,20.0,20.0,20.0,20.0,20.0,20.0,20.0,20.0,0.0
A,Annual,HND,Honduras,WB_RISE_RE_TRNS,Transport Sector Renewables,SCORE,Score,WB_RISE,Regulatory Indicators for Sustainable Energy (RISE),0,Units,A,Normal value,PU,Public,0.0,0.0,0.0,0.0,0.0,0.0,0.0,0.0,0.0,0.0,0.0,0.0,0.0,0.0
A,Annual,HRV,Croatia,WB_RISE_EE_ALL,Sustainable Energy - Energy Efficiency Score,SCORE,Score,WB_RISE,Regulatory Indicators for Sustainable Energy (RISE),0,Units,A,Normal value,PU,Public,21.512345679012345,25.21604938271605,25.524691358024693,43.70370370370371,58.888888888888886,59.62962962962964,59.62962962962964,62.12962962962964,62.12962962962964,62.12962962962964,62.12962962962964,66.3888888888889,66.3888888888889,66.3888888888889
A,Annual,HRV,Croatia,WB_RISE_EE_BEC,Building Energy Codes,SCORE,Score,WB_RISE,Regulatory Indicators for Sustainable Energy (RISE),0,Units,A,Normal value,PU,Public,0.0,0.0,0.0,48.333333333333336,65.0,65.0,65.0,65.0,65.0,65.0,65.0,78.33333333333333,78.33333333333333,78.33333333333333
A,Annual,HRV,Croatia,WB_RISE_EE_EES,Energy Efficiency Governance,SCORE,Score,WB_RISE,Regulatory Indicators for Sustainable Energy (RISE),0,Units,A,Normal value,PU,Public,57.777777777777786,57.777777777777786,60.55555555555556,80.0,90.0,90.0,90.0,100.0,100.0,100.0,100.0,100.0,100.0,100.0
A,Annual,HRV,Croatia,WB_RISE_EE_ELS,Energy Labeling Systems,SCORE,Score,WB_RISE,Regulatory Indicators for Sustainable Energy (RISE),0,Units,A,Normal value,PU,Public,37.5,37.5,37.5,37.5,37.5,37.5,37.5,37.5,37.5,37.5,37.5,41.66666666666667,41.66666666666667,41.66666666666667
A,Annual,HRV,Croatia,WB_RISE_EE_FMEE,Financing Mechanisms for Energy Efficiency,SCORE,Score,WB_RISE,Regulatory Indicators for Sustainable Energy (RISE),0,Units,A,Normal value,PU,Public,16.666666666666668,16.666666666666668,16.666666666666668,16.666666666666668,16.666666666666668,16.666666666666668,16.666666666666668,16.666666666666668,16.666666666666668,16.666666666666668,16.666666666666668,16.666666666666668,16.666666666666668,16.666666666666668
A,Annual,HRV,Croatia,WB_RISE_EE_IMIC,Industrial and Commercial End Users,SCORE,Score,WB_RISE,Regulatory Indicators for Sustainable Energy (RISE),0,Units,A,Normal value,PU,Public,0.0,0.0,0.0,12.5,62.5,62.5,62.5,75.0,75.0,75.0,75.0,75.0,75.0,75.0
A,Annual,HRV,Croatia,WB_RISE_EE_IMPS,Energy Efficiency in Public Sector,SCORE,Score,WB_RISE,Regulatory Indicators for Sustainable Energy (RISE),0,Units,A,Normal value,PU,Public,0.0,0.0,0.0,33.333333333333336,83.33333333333334,83.33333333333334,83.33333333333334,83.33333333333334,83.33333333333334,83.33333333333334,83.33333333333334,83.33333333333334,83.33333333333334,83.33333333333334
A,Annual,HRV,Croatia,WB_RISE_EE_IMUT,Incentives & Mandates: Energy Utility Programs,SCORE,Score,WB_RISE,Regulatory Indicators for Sustainable Energy (RISE),0,Units,A,Normal value,PU,Public,31.666666666666668,48.333333333333336,48.333333333333336,48.333333333333336,58.333333333333336,65.0,65.0,65.0,65.0,65.0,65.0,81.66666666666667,81.66666666666667,81.66666666666667
A,Annual,HRV,Croatia,WB_RISE_EE_MEEP,Minimum Energy Efficiency Performance Standards,SCORE,Score,WB_RISE,Regulatory Indicators for Sustainable Energy (RISE),0,Units,A,Normal value,PU,Public,33.333333333333336,33.333333333333336,33.333333333333336,33.333333333333336,33.333333333333336,33.333333333333336,33.333333333333336,33.333333333333336,33.333333333333336,33.333333333333336,33.333333333333336,37.5,37.5,37.5
A,Annual,HRV,Croatia,WB_RISE_EE_TRN,Transport Sector,SCORE,Score,WB_RISE,Regulatory Indicators for Sustainable Energy (RISE),0,Units,A,Normal value,PU,Public,16.666666666666668,33.333333333333336,33.333333333333336,83.33333333333334,83.33333333333334,83.33333333333334,83.33333333333334,83.33333333333334,83.33333333333334,83.33333333333334,83.33333333333334,83.33333333333334,83.33333333333334,83.33333333333334
A,Annual,HRV,Croatia,WB_RISE_RE_ALL,Sustainable Energy - Renewable Energy Score,SCORE,Score,WB_RISE,Regulatory Indicators for Sustainable Energy (RISE),0,Units,A,Normal value,PU,Public,12.98941798941799,13.544973544973548,13.544973544973548,38.34656084656085,38.34656084656085,45.01322751322752,46.23544973544973,46.79100529100529,49.64814814814815,49.64814814814815,49.64814814814815,53.64814814814815,53.64814814814815,59.22222222222223
A,Annual,HRV,Croatia,WB_RISE_RE_ELEC,Electricity Sector Renewables,SCORE,Score,WB_RISE,Regulatory Indicators for Sustainable Energy (RISE),0,Units,A,Normal value,PU,Public,14.351851851851851,17.12962962962963,17.12962962962963,56.018518518518526,56.018518518518526,56.018518518518526,62.129629629629626,64.9074074074074,64.9074074074074,64.9074074074074,64.9074074074074,64.9074074074074,64.9074074074074,56.66666666666668
A,Annual,HRV,Croatia,WB_RISE_RE_GOV,Renewable Energy - Governance,SCORE,Score,WB_RISE,Regulatory Indicators for Sustainable Energy (RISE),0,Units,A,Normal value,PU,Public,33.92857142857143,33.92857142857143,33.92857142857143,52.38095238095238,52.38095238095238,85.71428571428572,85.71428571428572,85.71428571428572,100.0,100.0,100.0,100.0,100.0,91.66666666666666
A,Annual,HRV,Croatia,WB_RISE_RE_HE_CO,Heating and Cooling Renewables,SCORE,Score,WB_RISE,Regulatory Indicators for Sustainable Energy (RISE),0,Units,A,Normal value,PU,Public,0.0,0.0,0.0,33.333333333333336,33.333333333333336,33.333333333333336,33.333333333333336,33.333333333333336,33.333333333333336,33.333333333333336,33.333333333333336,33.333333333333336,33.333333333333336,44.44444444444445
A,Annual,HRV,Croatia,WB_RISE_RE_LVL_PLYNG_FLD,Leveling the Playing Field for Renewables,SCORE,Score,WB_RISE,Regulatory Indicators for Sustainable Energy (RISE),0,Units,A,Normal value,PU,Public,0.0,0.0,0.0,0.0,0.0,0.0,0.0,0.0,0.0,0.0,0.0,20.0,20.0,20.0
A,Annual,HRV,Croatia,WB_RISE_RE_TRNS,Transport Sector Renewables,SCORE,Score,WB_RISE,Regulatory Indicators for Sustainable Energy (RISE),0,Units,A,Normal value,PU,Public,16.666666666666668,16.666666666666668,16.666666666666668,50.0,50.0,50.0,50.0,50.0,50.0,50.0,50.0,50.0,50.0,83.33333333333333
A,Annual,HTI,Haiti,WB_RISE_CC_ALL,Sustainable Energy - Clean Cooking Score,SCORE,Score,WB_RISE,Regulatory Indicators for Sustainable Energy (RISE),0,Units,A,Normal value,PU,Public,7.638888888888889,7.638888888888889,7.638888888888889,7.638888888888889,7.638888888888889,21.11111111111111,21.11111111111111,26.11111111111111,26.11111111111111,29.166666666666668,33.333333333333336,35.0,35.0,35.0
A,Annual,HTI,Haiti,WB_RISE_CC_CCP,Clean Cooking National Planning,SCORE,Score,WB_RISE,Regulatory Indicators for Sustainable Energy (RISE),0,Units,A,Normal value,PU,Public,22.222222222222225,22.222222222222225,22.222222222222225,22.222222222222225,22.222222222222225,22.222222222222225,22.222222222222225,42.22222222222222,42.22222222222222,48.88888888888889,48.88888888888889,55.55555555555557,55.55555555555557,55.55555555555557
A,Annual,HTI,Haiti,WB_RISE_CC_FIAC,Incentives and Attributes for Clean Cooking,SCORE,Score,WB_RISE,Regulatory Indicators for Sustainable Energy (RISE),0,Units,A,Normal value,PU,Public,0.0,0.0,0.0,0.0,0.0,8.333333333333334,8.333333333333334,8.333333333333334,8.333333333333334,8.333333333333334,25.0,25.0,25.0,25.0
A,Annual,HTI,Haiti,WB_RISE_CC_SCCP,Implementation Scope of Clean Cooking Planning,SCORE,Score,WB_RISE,Regulatory Indicators for Sustainable Energy (RISE),0,Units,A,Normal value,PU,Public,0.0,0.0,0.0,0.0,0.0,38.88888888888889,38.88888888888889,38.88888888888889,38.88888888888889,44.44444444444445,44.44444444444445,44.44444444444445,44.44444444444445,44.44444444444445
A,Annual,HTI,Haiti,WB_RISE_CC_STLA,Standards and Labeling,SCORE,Score,WB_RISE,Regulatory Indicators for Sustainable Energy (RISE),0,Units,A,Normal value,PU,Public,8.333333333333334,8.333333333333334,8.333333333333334,8.333333333333334,8.333333333333334,15.0,15.0,15.0,15.0,15.0,15.0,15.0,15.0,15.0
A,Annual,HTI,Haiti,WB_RISE_CON_AFEL,Consumer Affordability of Electricity,SCORE,Score,WB_RISE,Regulatory Indicators for Sustainable Energy (RISE),0,Units,A,Normal value,PU,Public,82.33333333333333,82.33333333333333,82.33333333333333,82.33333333333333,82.33333333333333,82.33333333333333,82.33333333333333,82.33333333333333,82.33333333333333,82.33333333333333,82.33333333333333,82.33333333333333,82.33333333333333,82.33333333333333
A,Annual,HTI,Haiti,WB_RISE_EA_ALL,Sustainable Energy - Electricity Access Score,SCORE,Score,WB_RISE,Regulatory Indicators for Sustainable Energy (RISE),0,Units,A,Normal value,PU,Public,17.20740740740741,17.20740740740741,17.20740740740741,17.20740740740741,17.20740740740741,23.874074074074077,45.06984126984128,53.852910052910055,58.2021164021164,59.154497354497344,59.154497354497344,64.39259259259259,67.72592592592592,71.05925925925925
A,Annual,HTI,Haiti,WB_RISE_EE_ALL,Sustainable Energy - Energy Efficiency Score,SCORE,Score,WB_RISE,Regulatory Indicators for Sustainable Energy (RISE),0,Units,A,Normal value,PU,Public,3.2716049382716053,3.2716049382716053,3.888888888888889,3.888888888888889,3.888888888888889,3.888888888888889,3.888888888888889,7.746913580246915,7.746913580246915,7.746913580246915,7.746913580246915,7.746913580246915,7.746913580246915,7.746913580246915
A,Annual,HTI,Haiti,WB_RISE_EE_BEC,Building Energy Codes,SCORE,Score,WB_RISE,Regulatory Indicators for Sustainable Energy (RISE),0,Units,A,Normal value,PU,Public,0.0,0.0,0.0,0.0,0.0,0.0,0.0,0.0,0.0,0.0,0.0,0.0,0.0,0.0
A,Annual,HTI,Haiti,WB_RISE_EE_EES,Energy Efficiency Governance,SCORE,Score,WB_RISE,Regulatory Indicators for Sustainable Energy (RISE),0,Units,A,Normal value,PU,Public,2.777777777777778,2.777777777777778,8.333333333333334,8.333333333333334,8.333333333333334,8.333333333333334,8.333333333333334,8.333333333333334,8.333333333333334,8.333333333333334,8.333333333333334,8.333333333333334,8.333333333333334,8.333333333333334
A,Annual,HTI,Haiti,WB_RISE_EE_ELS,Energy Labeling Systems,SCORE,Score,WB_RISE,Regulatory Indicators for Sustainable Energy (RISE),0,Units,A,Normal value,PU,Public,0.0,0.0,0.0,0.0,0.0,0.0,0.0,0.0,0.0,0.0,0.0,0.0,0.0,0.0
A,Annual,HTI,Haiti,WB_RISE_EE_FMEE,Financing Mechanisms for Energy Efficiency,SCORE,Score,WB_RISE,Regulatory Indicators for Sustainable Energy (RISE),0,Units,A,Normal value,PU,Public,0.0,0.0,0.0,0.0,0.0,0.0,0.0,33.333333333333336,33.333333333333336,33.333333333333336,33.333333333333336,33.333333333333336,33.333333333333336,33.333333333333336
A,Annual,HTI,Haiti,WB_RISE_EE_IMIC,Industrial and Commercial End Users,SCORE,Score,WB_RISE,Regulatory Indicators for Sustainable Energy (RISE),0,Units,A,Normal value,PU,Public,0.0,0.0,0.0,0.0,0.0,0.0,0.0,0.0,0.0,0.0,0.0,0.0,0.0,0.0
A,Annual,HTI,Haiti,WB_RISE_EE_IMPS,Energy Efficiency in Public Sector,SCORE,Score,WB_RISE,Regulatory Indicators for Sustainable Energy (RISE),0,Units,A,Normal value,PU,Public,0.0,0.0,0.0,0.0,0.0,0.0,0.0,0.0,0.0,0.0,0.0,0.0,0.0,0.0
A,Annual,HTI,Haiti,WB_RISE_EE_IMUT,Incentives & Mandates: Energy Utility Programs,SCORE,Score,WB_RISE,Regulatory Indicators for Sustainable Energy (RISE),0,Units,A,Normal value,PU,Public,26.666666666666668,26.666666666666668,26.666666666666668,26.666666666666668,26.666666666666668,26.666666666666668,26.666666666666668,26.666666666666668,26.666666666666668,26.666666666666668,26.666666666666668,26.666666666666668,26.666666666666668,26.666666666666668
A,Annual,HTI,Haiti,WB_RISE_EE_MEEP,Minimum Energy Efficiency Performance Standards,SCORE,Score,WB_RISE,Regulatory Indicators for Sustainable Energy (RISE),0,Units,A,Normal value,PU,Public,0.0,0.0,0.0,0.0,0.0,0.0,0.0,1.388888888888889,1.388888888888889,1.388888888888889,1.388888888888889,1.388888888888889,1.388888888888889,1.388888888888889
A,Annual,HTI,Haiti,WB_RISE_EE_TRN,Transport Sector,SCORE,Score,WB_RISE,Regulatory Indicators for Sustainable Energy (RISE),0,Units,A,Normal value,PU,Public,0.0,0.0,0.0,0.0,0.0,0.0,0.0,0.0,0.0,0.0,0.0,0.0,0.0,0.0
A,Annual,HTI,Haiti,WB_RISE_ELTN_PL,Electrification Governance and Planning,SCORE,Score,WB_RISE,Regulatory Indicators for Sustainable Energy (RISE),0,Units,A,Normal value,PU,Public,0.0,0.0,0.0,0.0,0.0,0.0,43.80952380952382,43.80952380952382,55.23809523809524,55.23809523809524,55.23809523809524,55.23809523809524,55.23809523809524,55.23809523809524
A,Annual,HTI,Haiti,WB_RISE_FRM_MGRI,Minigrids Framework,SCORE,Score,WB_RISE,Regulatory Indicators for Sustainable Energy (RISE),0,Units,A,Normal value,PU,Public,3.703703703703704,3.703703703703704,3.703703703703704,3.703703703703704,3.703703703703704,3.703703703703704,26.984126984126988,48.67724867724868,53.43915343915344,58.2010582010582,58.2010582010582,67.72486772486772,67.72486772486772,67.72486772486772
A,Annual,HTI,Haiti,WB_RISE_FRM_OGS,Off-Grid Systems Framework,SCORE,Score,WB_RISE,Regulatory Indicators for Sustainable Energy (RISE),0,Units,A,Normal value,PU,Public,0.0,0.0,0.0,0.0,0.0,33.333333333333336,72.22222222222223,77.77777777777779,83.33333333333333,83.33333333333333,83.33333333333333,100.0,100.0,100.0
A,Annual,HTI,Haiti,WB_RISE_FR_GREL,Grid Electrification Framework,SCORE,Score,WB_RISE,Regulatory Indicators for Sustainable Energy (RISE),0,Units,A,Normal value,PU,Public,0.0,0.0,0.0,0.0,0.0,0.0,0.0,16.666666666666668,16.666666666666668,16.666666666666668,16.666666666666668,16.666666666666668,33.333333333333336,50.0
A,Annual,HTI,Haiti,WB_RISE_RE_ALL,Sustainable Energy - Renewable Energy Score,SCORE,Score,WB_RISE,Regulatory Indicators for Sustainable Energy (RISE),0,Units,A,Normal value,PU,Public,0.0,0.0,0.0,0.0,0.0,0.0,8.055555555555555,8.055555555555555,14.722222222222223,14.722222222222223,14.722222222222223,14.722222222222223,14.722222222222223,5.648148148148148
A,Annual,HTI,Haiti,WB_RISE_RE_ELEC,Electricity Sector Renewables,SCORE,Score,WB_RISE,Regulatory Indicators for Sustainable Energy (RISE),0,Units,A,Normal value,PU,Public,0.0,0.0,0.0,0.0,0.0,0.0,12.5,12.5,29.166666666666668,29.166666666666668,29.166666666666668,29.166666666666668,29.166666666666668,19.90740740740741
A,Annual,HTI,Haiti,WB_RISE_RE_GOV,Renewable Energy - Governance,SCORE,Score,WB_RISE,Regulatory Indicators for Sustainable Energy (RISE),0,Units,A,Normal value,PU,Public,0.0,0.0,0.0,0.0,0.0,0.0,16.666666666666668,16.666666666666668,33.333333333333336,33.333333333333336,33.333333333333336,33.333333333333336,33.333333333333336,8.333333333333334
A,Annual,HTI,Haiti,WB_RISE_RE_HE_CO,Heating and Cooling Renewables,SCORE,Score,WB_RISE,Regulatory Indicators for Sustainable Energy (RISE),0,Units,A,Normal value,PU,Public,0.0,0.0,0.0,0.0,0.0,0.0,11.111111111111112,11.111111111111112,11.111111111111112,11.111111111111112,11.111111111111112,11.111111111111112,11.111111111111112,0.0
A,Annual,HTI,Haiti,WB_RISE_RE_LVL_PLYNG_FLD,Leveling the Playing Field for Renewables,SCORE,Score,WB_RISE,Regulatory Indicators for Sustainable Energy (RISE),0,Units,A,Normal value,PU,Public,0.0,0.0,0.0,0.0,0.0,0.0,0.0,0.0,0.0,0.0,0.0,0.0,0.0,0.0
A,Annual,HTI,Haiti,WB_RISE_RE_TRNS,Transport Sector Renewables,SCORE,Score,WB_RISE,Regulatory Indicators for Sustainable Energy (RISE),0,Units,A,Normal value,PU,Public,0.0,0.0,0.0,0.0,0.0,0.0,0.0,0.0,0.0,0.0,0.0,0.0,0.0,0.0
A,Annual,HUN,Hungary,WB_RISE_EE_ALL,Sustainable Energy - Energy Efficiency Score,SCORE,Score,WB_RISE,Regulatory Indicators for Sustainable Energy (RISE),0,Units,A,Normal value,PU,Public,42.03703703703704,47.5925925925926,48.518518518518526,48.518518518518526,48.518518518518526,55.74074074074075,57.87037037037037,59.25925925925927,60.74074074074075,84.25925925925927,84.25925925925927,86.11111111111111,86.11111111111111,86.11111111111111
A,Annual,HUN,Hungary,WB_RISE_EE_BEC,Building Energy Codes,SCORE,Score,WB_RISE,Regulatory Indicators for Sustainable Energy (RISE),0,Units,A,Normal value,PU,Public,66.66666666666667,66.66666666666667,66.66666666666667,66.66666666666667,66.66666666666667,66.66666666666667,73.33333333333333,73.33333333333333,86.66666666666667,93.33333333333331,93.33333333333331,93.33333333333331,93.33333333333331,93.33333333333331
A,Annual,HUN,Hungary,WB_RISE_EE_EES,Energy Efficiency Governance,SCORE,Score,WB_RISE,Regulatory Indicators for Sustainable Energy (RISE),0,Units,A,Normal value,PU,Public,0.0,0.0,0.0,0.0,0.0,20.0,20.0,20.0,20.0,100.0,100.0,100.0,100.0,100.0
A,Annual,HUN,Hungary,WB_RISE_EE_ELS,Energy Labeling Systems,SCORE,Score,WB_RISE,Regulatory Indicators for Sustainable Energy (RISE),0,Units,A,Normal value,PU,Public,66.66666666666667,100.0,100.0,100.0,100.0,100.0,100.0,100.0,100.0,100.0,100.0,100.0,100.0,100.0
A,Annual,HUN,Hungary,WB_RISE_EE_FMEE,Financing Mechanisms for Energy Efficiency,SCORE,Score,WB_RISE,Regulatory Indicators for Sustainable Energy (RISE),0,Units,A,Normal value,PU,Public,50.0,50.0,50.0,50.0,50.0,50.0,50.0,50.0,50.0,50.0,50.0,50.0,50.0,50.0
A,Annual,HUN,Hungary,WB_RISE_EE_IMIC,Industrial and Commercial End Users,SCORE,Score,WB_RISE,Regulatory Indicators for Sustainable Energy (RISE),0,Units,A,Normal value,PU,Public,25.0,25.0,25.0,25.0,25.0,50.0,62.5,75.0,75.0,100.0,100.0,100.0,100.0,100.0
A,Annual,HUN,Hungary,WB_RISE_EE_IMPS,Energy Efficiency in Public Sector,SCORE,Score,WB_RISE,Regulatory Indicators for Sustainable Energy (RISE),0,Units,A,Normal value,PU,Public,50.0,50.0,50.0,50.0,50.0,50.0,50.0,50.0,50.0,83.33333333333334,83.33333333333334,100.0,100.0,100.0
A,Annual,HUN,Hungary,WB_RISE_EE_IMUT,Incentives & Mandates: Energy Utility Programs,SCORE,Score,WB_RISE,Regulatory Indicators for Sustainable Energy (RISE),0,Units,A,Normal value,PU,Public,36.66666666666667,36.66666666666667,36.66666666666667,36.66666666666667,36.66666666666667,56.66666666666667,56.66666666666667,56.66666666666667,56.66666666666667,90.0,90.0,90.0,90.0,90.0
A,Annual,HUN,Hungary,WB_RISE_EE_MEEP,Minimum Energy Efficiency Performance Standards,SCORE,Score,WB_RISE,Regulatory Indicators for Sustainable Energy (RISE),0,Units,A,Normal value,PU,Public,58.33333333333334,58.33333333333334,66.66666666666667,66.66666666666667,66.66666666666667,66.66666666666667,66.66666666666667,66.66666666666667,66.66666666666667,100.0,100.0,100.0,100.0,100.0
A,Annual,HUN,Hungary,WB_RISE_EE_TRN,Transport Sector,SCORE,Score,WB_RISE,Regulatory Indicators for Sustainable Energy (RISE),0,Units,A,Normal value,PU,Public,25.0,41.66666666666667,41.66666666666667,41.66666666666667,41.66666666666667,41.66666666666667,41.66666666666667,41.66666666666667,41.66666666666667,41.66666666666667,41.66666666666667,41.66666666666667,41.66666666666667,41.66666666666667
A,Annual,HUN,Hungary,WB_RISE_RE_ALL,Sustainable Energy - Renewable Energy Score,SCORE,Score,WB_RISE,Regulatory Indicators for Sustainable Energy (RISE),0,Units,A,Normal value,PU,Public,42.277777777777786,45.61111111111112,45.61111111111112,48.94444444444445,48.94444444444445,49.50000000000001,49.50000000000001,51.277777777777786,57.94444444444444,61.277777777777786,61.277777777777786,61.277777777777786,61.277777777777786,72.31481481481481
A,Annual,HUN,Hungary,WB_RISE_RE_ELEC,Electricity Sector Renewables,SCORE,Score,WB_RISE,Regulatory Indicators for Sustainable Energy (RISE),0,Units,A,Normal value,PU,Public,54.72222222222222,54.72222222222222,54.72222222222222,54.72222222222222,54.72222222222222,57.5,57.5,66.3888888888889,66.3888888888889,66.3888888888889,66.3888888888889,66.3888888888889,66.3888888888889,57.68518518518518
A,Annual,HUN,Hungary,WB_RISE_RE_GOV,Renewable Energy - Governance,SCORE,Score,WB_RISE,Regulatory Indicators for Sustainable Energy (RISE),0,Units,A,Normal value,PU,Public,50.0,66.66666666666667,66.66666666666667,83.33333333333334,83.33333333333334,83.33333333333334,83.33333333333334,83.33333333333334,83.33333333333334,83.33333333333334,83.33333333333334,83.33333333333334,83.33333333333334,91.66666666666666
A,Annual,HUN,Hungary,WB_RISE_RE_HE_CO,Heating and Cooling Renewables,SCORE,Score,WB_RISE,Regulatory Indicators for Sustainable Energy (RISE),0,Units,A,Normal value,PU,Public,33.333333333333336,33.333333333333336,33.333333333333336,33.333333333333336,33.333333333333336,33.333333333333336,33.333333333333336,33.333333333333336,50.0,50.0,50.0,50.0,50.0,88.8888888888889
A,Annual,HUN,Hungary,WB_RISE_RE_LVL_PLYNG_FLD,Leveling the Playing Field for Renewables,SCORE,Score,WB_RISE,Regulatory Indicators for Sustainable Energy (RISE),0,Units,A,Normal value,PU,Public,40.0,40.0,40.0,40.0,40.0,40.0,40.0,40.0,40.0,40.0,40.0,40.0,40.0,40.0
A,Annual,HUN,Hungary,WB_RISE_RE_TRNS,Transport Sector Renewables,SCORE,Score,WB_RISE,Regulatory Indicators for Sustainable Energy (RISE),0,Units,A,Normal value,PU,Public,33.333333333333336,33.333333333333336,33.333333333333336,33.333333333333336,33.333333333333336,33.333333333333336,33.333333333333336,33.333333333333336,50.0,66.66666666666667,66.66666666666667,66.66666666666667,66.66666666666667,83.33333333333333
A,Annual,IDN,Indonesia,WB_RISE_CC_ALL,Sustainable Energy - Clean Cooking Score,SCORE,Score,WB_RISE,Regulatory Indicators for Sustainable Energy (RISE),0,Units,A,Normal value,PU,Public,0.0,0.0,14.166666666666668,33.05555555555556,40.55555555555556,5.555555555555556,20.13888888888889,20.13888888888889,20.13888888888889,29.72222222222222,80.0,80.0,68.47222222222223,68.47222222222223
A,Annual,IDN,Indonesia,WB_RISE_CC_CCP,Clean Cooking National Planning,SCORE,Score,WB_RISE,Regulatory Indicators for Sustainable Energy (RISE),0,Units,A,Normal value,PU,Public,0.0,0.0,33.333333333333336,53.333333333333336,53.333333333333336,22.222222222222225,22.222222222222225,22.222222222222225,22.222222222222225,28.88888888888889,86.66666666666667,86.66666666666667,86.66666666666667,86.66666666666667
A,Annual,IDN,Indonesia,WB_RISE_CC_FIAC,Incentives and Attributes for Clean Cooking,SCORE,Score,WB_RISE,Regulatory Indicators for Sustainable Energy (RISE),0,Units,A,Normal value,PU,Public,0.0,0.0,0.0,16.666666666666668,16.666666666666668,0.0,58.333333333333336,58.333333333333336,58.333333333333336,75.0,83.33333333333333,83.33333333333333,50.0,50.0
A,Annual,IDN,Indonesia,WB_RISE_CC_SCCP,Implementation Scope of Clean Cooking Planning,SCORE,Score,WB_RISE,Regulatory Indicators for Sustainable Energy (RISE),0,Units,A,Normal value,PU,Public,0.0,0.0,23.33333333333333,48.88888888888889,62.22222222222223,0.0,0.0,0.0,0.0,0.0,80.0,80.0,68.8888888888889,68.8888888888889
A,Annual,IDN,Indonesia,WB_RISE_CC_STLA,Standards and Labeling,SCORE,Score,WB_RISE,Regulatory Indicators for Sustainable Energy (RISE),0,Units,A,Normal value,PU,Public,0.0,0.0,0.0,13.333333333333334,30.0,0.0,0.0,0.0,0.0,15.0,70.0,70.0,68.33333333333333,68.33333333333333
A,Annual,IDN,Indonesia,WB_RISE_CON_AFEL,Consumer Affordability of Electricity,SCORE,Score,WB_RISE,Regulatory Indicators for Sustainable Energy (RISE),0,Units,A,Normal value,PU,Public,66.66653333333333,66.66653333333333,66.66653333333333,66.66653333333333,83.33319999999999,83.33319999999999,83.33319999999999,83.33319999999999,83.33319999999999,83.33319999999999,83.33319999999999,83.33319999999999,83.33319999999999,83.33319999999999
A,Annual,IDN,Indonesia,WB_RISE_EA_ALL,Sustainable Energy - Electricity Access Score,SCORE,Score,WB_RISE,Regulatory Indicators for Sustainable Energy (RISE),0,Units,A,Normal value,PU,Public,19.999973333333333,19.999973333333333,19.999973333333333,19.999973333333333,24.28568761904761,24.28568761904761,25.23806857142857,25.23806857142857,26.190449523809527,29.04759238095238,31.693095026455023,31.693095026455023,72.41267174603175,73.52378285714285
A,Annual,IDN,Indonesia,WB_RISE_EE_ALL,Sustainable Energy - Energy Efficiency Score,SCORE,Score,WB_RISE,Regulatory Indicators for Sustainable Energy (RISE),0,Units,A,Normal value,PU,Public,0.925925925925926,1.3888888888888888,1.3888888888888888,1.3888888888888888,1.3888888888888888,1.3888888888888888,1.3888888888888888,6.944444444444445,6.944444444444445,6.944444444444445,6.944444444444445,7.716049382716049,49.19753086419753,49.93827160493827
A,Annual,IDN,Indonesia,WB_RISE_EE_BEC,Building Energy Codes,SCORE,Score,WB_RISE,Regulatory Indicators for Sustainable Energy (RISE),0,Units,A,Normal value,PU,Public,0.0,0.0,0.0,0.0,0.0,0.0,0.0,0.0,0.0,0.0,0.0,0.0,73.33333333333333,80.0
A,Annual,IDN,Indonesia,WB_RISE_EE_EES,Energy Efficiency Governance,SCORE,Score,WB_RISE,Regulatory Indicators for Sustainable Energy (RISE),0,Units,A,Normal value,PU,Public,0.0,0.0,0.0,0.0,0.0,0.0,0.0,0.0,0.0,0.0,0.0,2.777777777777778,70.55555555555556,70.55555555555556
A,Annual,IDN,Indonesia,WB_RISE_EE_ELS,Energy Labeling Systems,SCORE,Score,WB_RISE,Regulatory Indicators for Sustainable Energy (RISE),0,Units,A,Normal value,PU,Public,8.333333333333334,12.5,12.5,12.5,12.5,12.5,12.5,12.5,12.5,12.5,12.5,16.666666666666668,41.66666666666667,41.66666666666667
A,Annual,IDN,Indonesia,WB_RISE_EE_FMEE,Financing Mechanisms for Energy Efficiency,SCORE,Score,WB_RISE,Regulatory Indicators for Sustainable Energy (RISE),0,Units,A,Normal value,PU,Public,0.0,0.0,0.0,0.0,0.0,0.0,0.0,50.0,50.0,50.0,50.0,50.0,50.0,50.0
A,Annual,IDN,Indonesia,WB_RISE_EE_IMIC,Industrial and Commercial End Users,SCORE,Score,WB_RISE,Regulatory Indicators for Sustainable Energy (RISE),0,Units,A,Normal value,PU,Public,0.0,0.0,0.0,0.0,0.0,0.0,0.0,0.0,0.0,0.0,0.0,0.0,75.0,75.0
A,Annual,IDN,Indonesia,WB_RISE_EE_IMPS,Energy Efficiency in Public Sector,SCORE,Score,WB_RISE,Regulatory Indicators for Sustainable Energy (RISE),0,Units,A,Normal value,PU,Public,0.0,0.0,0.0,0.0,0.0,0.0,0.0,0.0,0.0,0.0,0.0,0.0,16.666666666666668,16.666666666666668
A,Annual,IDN,Indonesia,WB_RISE_EE_IMUT,Incentives & Mandates: Energy Utility Programs,SCORE,Score,WB_RISE,Regulatory Indicators for Sustainable Energy (RISE),0,Units,A,Normal value,PU,Public,0.0,0.0,0.0,0.0,0.0,0.0,0.0,0.0,0.0,0.0,0.0,0.0,43.333333333333336,43.333333333333336
A,Annual,IDN,Indonesia,WB_RISE_EE_MEEP,Minimum Energy Efficiency Performance Standards,SCORE,Score,WB_RISE,Regulatory Indicators for Sustainable Energy (RISE),0,Units,A,Normal value,PU,Public,0.0,0.0,0.0,0.0,0.0,0.0,0.0,0.0,0.0,0.0,0.0,0.0,47.22222222222223,47.22222222222223
A,Annual,IDN,Indonesia,WB_RISE_EE_TRN,Transport Sector,SCORE,Score,WB_RISE,Regulatory Indicators for Sustainable Energy (RISE),0,Units,A,Normal value,PU,Public,0.0,0.0,0.0,0.0,0.0,0.0,0.0,0.0,0.0,0.0,0.0,0.0,25.0,25.0
A,Annual,IDN,Indonesia,WB_RISE_ELTN_PL,Electrification Governance and Planning,SCORE,Score,WB_RISE,Regulatory Indicators for Sustainable Energy (RISE),0,Units,A,Normal value,PU,Public,0.0,0.0,0.0,0.0,0.0,0.0,0.0,0.0,0.0,9.523809523809524,14.285714285714286,14.285714285714286,81.90476190476191,81.90476190476191
A,Annual,IDN,Indonesia,WB_RISE_FRM_MGRI,Minigrids Framework,SCORE,Score,WB_RISE,Regulatory Indicators for Sustainable Energy (RISE),0,Units,A,Normal value,PU,Public,0.0,0.0,0.0,0.0,4.761904761904762,4.761904761904762,9.523809523809524,9.523809523809524,14.285714285714285,19.047619047619047,27.51322751322752,27.51322751322752,63.49206349206349,63.49206349206349
A,Annual,IDN,Indonesia,WB_RISE_FRM_OGS,Off-Grid Systems Framework,SCORE,Score,WB_RISE,Regulatory Indicators for Sustainable Energy (RISE),0,Units,A,Normal value,PU,Public,0.0,0.0,0.0,0.0,0.0,0.0,0.0,0.0,0.0,0.0,0.0,0.0,50.0,55.55555555555557
A,Annual,IDN,Indonesia,WB_RISE_FR_GREL,Grid Electrification Framework,SCORE,Score,WB_RISE,Regulatory Indicators for Sustainable Energy (RISE),0,Units,A,Normal value,PU,Public,33.333333333333336,33.333333333333336,33.333333333333336,33.333333333333336,33.333333333333336,33.333333333333336,33.333333333333336,33.333333333333336,33.333333333333336,33.333333333333336,33.333333333333336,33.333333333333336,83.33333333333333,83.33333333333333
A,Annual,IDN,Indonesia,WB_RISE_RE_ALL,Sustainable Energy - Renewable Energy Score,SCORE,Score,WB_RISE,Regulatory Indicators for Sustainable Energy (RISE),0,Units,A,Normal value,PU,Public,0.0,0.0,0.0,0.0,4.166666666666667,4.166666666666667,4.166666666666667,4.166666666666667,4.166666666666667,4.166666666666667,4.833333333333334,4.833333333333334,55.03703703703703,46.66666666666667
A,Annual,IDN,Indonesia,WB_RISE_RE_ELEC,Electricity Sector Renewables,SCORE,Score,WB_RISE,Regulatory Indicators for Sustainable Energy (RISE),0,Units,A,Normal value,PU,Public,0.0,0.0,0.0,0.0,4.166666666666667,4.166666666666667,4.166666666666667,4.166666666666667,4.166666666666667,4.166666666666667,7.5,7.5,49.629629629629626,36.66666666666666
A,Annual,IDN,Indonesia,WB_RISE_RE_GOV,Renewable Energy - Governance,SCORE,Score,WB_RISE,Regulatory Indicators for Sustainable Energy (RISE),0,Units,A,Normal value,PU,Public,0.0,0.0,0.0,0.0,0.0,0.0,0.0,0.0,0.0,0.0,0.0,0.0,100.0,83.33333333333334
A,Annual,IDN,Indonesia,WB_RISE_RE_HE_CO,Heating and Cooling Renewables,SCORE,Score,WB_RISE,Regulatory Indicators for Sustainable Energy (RISE),0,Units,A,Normal value,PU,Public,0.0,0.0,0.0,0.0,0.0,0.0,0.0,0.0,0.0,0.0,0.0,0.0,38.88888888888889,0.0
A,Annual,IDN,Indonesia,WB_RISE_RE_LVL_PLYNG_FLD,Leveling the Playing Field for Renewables,SCORE,Score,WB_RISE,Regulatory Indicators for Sustainable Energy (RISE),0,Units,A,Normal value,PU,Public,0.0,0.0,0.0,0.0,0.0,0.0,0.0,0.0,0.0,0.0,0.0,0.0,20.0,80.0
A,Annual,IDN,Indonesia,WB_RISE_RE_TRNS,Transport Sector Renewables,SCORE,Score,WB_RISE,Regulatory Indicators for Sustainable Energy (RISE),0,Units,A,Normal value,PU,Public,0.0,0.0,0.0,0.0,16.666666666666668,16.666666666666668,16.666666666666668,16.666666666666668,16.666666666666668,16.666666666666668,16.666666666666668,16.666666666666668,66.66666666666667,33.333333333333336
A,Annual,IND,India,WB_RISE_CC_ALL,Sustainable Energy - Clean Cooking Score,SCORE,Score,WB_RISE,Regulatory Indicators for Sustainable Energy (RISE),0,Units,A,Normal value,PU,Public,5.555555555555556,,,5.555555555555556,5.555555555555556,5.555555555555556,20.13888888888889,20.13888888888889,20.13888888888889,25.55555555555556,80.0,80.0,80.0,80.0
A,Annual,IND,India,WB_RISE_CC_CCP,Clean Cooking National Planning,SCORE,Score,WB_RISE,Regulatory Indicators for Sustainable Energy (RISE),0,Units,A,Normal value,PU,Public,22.222222222222225,,,22.222222222222225,22.222222222222225,22.222222222222225,22.222222222222225,22.222222222222225,22.222222222222225,28.88888888888889,86.66666666666667,86.66666666666667,86.66666666666667,86.66666666666667
A,Annual,IND,India,WB_RISE_CC_FIAC,Incentives and Attributes for Clean Cooking,SCORE,Score,WB_RISE,Regulatory Indicators for Sustainable Energy (RISE),0,Units,A,Normal value,PU,Public,0.0,,,0.0,0.0,0.0,58.333333333333336,58.333333333333336,58.333333333333336,66.66666666666667,83.33333333333333,83.33333333333333,83.33333333333333,83.33333333333333
A,Annual,IND,India,WB_RISE_CC_SCCP,Implementation Scope of Clean Cooking Planning,SCORE,Score,WB_RISE,Regulatory Indicators for Sustainable Energy (RISE),0,Units,A,Normal value,PU,Public,0.0,,,0.0,0.0,0.0,0.0,0.0,0.0,0.0,80.0,80.0,80.0,80.0
A,Annual,IND,India,WB_RISE_CC_STLA,Standards and Labeling,SCORE,Score,WB_RISE,Regulatory Indicators for Sustainable Energy (RISE),0,Units,A,Normal value,PU,Public,0.0,,,0.0,0.0,0.0,0.0,0.0,0.0,6.666666666666667,70.0,70.0,70.0,70.0
A,Annual,IND,India,WB_RISE_CON_AFEL,Consumer Affordability of Electricity,SCORE,Score,WB_RISE,Regulatory Indicators for Sustainable Energy (RISE),0,Units,A,Normal value,PU,Public,66.58553302333334,66.58553302333334,66.58553302333334,66.58553302333334,66.58553302333334,66.58553302333334,66.58553302333334,66.58553302333334,66.58553302333334,66.58553302333334,69.91886635666667,69.91886635666667,69.91886635666667,79.91886635666667
A,Annual,IND,India,WB_RISE_EA_ALL,Sustainable Energy - Electricity Access Score,SCORE,Score,WB_RISE,Regulatory Indicators for Sustainable Energy (RISE),0,Units,A,Normal value,PU,Public,31.31710660466667,31.77424946180953,31.77424946180953,32.53615422371429,32.684302371862444,32.684302371862444,33.76366745122751,40.43033411789418,42.87477856233863,46.58906427662434,54.77954046710054,57.82715951471958,57.97530766286773,70.39435528191535
A,Annual,IND,India,WB_RISE_EE_ALL,Sustainable Energy - Energy Efficiency Score,SCORE,Score,WB_RISE,Regulatory Indicators for Sustainable Energy (RISE),0,Units,A,Normal value,PU,Public,36.72222222222222,36.72222222222222,41.07407407407408,41.07407407407408,41.07407407407408,46.25925925925926,47.18518518518518,49.96296296296296,50.888888888888886,73.94444444444446,73.94444444444446,75.42592592592595,75.57407407407409,80.74074074074075
A,Annual,IND,India,WB_RISE_EE_BEC,Building Energy Codes,SCORE,Score,WB_RISE,Regulatory Indicators for Sustainable Energy (RISE),0,Units,A,Normal value,PU,Public,20.0,20.0,20.0,20.0,20.0,20.0,20.0,20.0,28.33333333333333,43.333333333333336,43.333333333333336,43.333333333333336,43.333333333333336,50.0
A,Annual,IND,India,WB_RISE_EE_EES,Energy Efficiency Governance,SCORE,Score,WB_RISE,Regulatory Indicators for Sustainable Energy (RISE),0,Units,A,Normal value,PU,Public,32.66666666666667,32.66666666666667,32.66666666666667,32.66666666666667,32.66666666666667,32.66666666666667,32.66666666666667,32.66666666666667,32.66666666666667,96.0,96.0,96.0,96.0,100.0
A,Annual,IND,India,WB_RISE_EE_ELS,Energy Labeling Systems,SCORE,Score,WB_RISE,Regulatory Indicators for Sustainable Energy (RISE),0,Units,A,Normal value,PU,Public,83.33333333333333,83.33333333333333,83.33333333333333,83.33333333333333,83.33333333333333,83.33333333333333,83.33333333333333,83.33333333333333,83.33333333333333,83.33333333333333,83.33333333333333,83.33333333333333,83.33333333333333,83.33333333333334
A,Annual,IND,India,WB_RISE_EE_FMEE,Financing Mechanisms for Energy Efficiency,SCORE,Score,WB_RISE,Regulatory Indicators for Sustainable Energy (RISE),0,Units,A,Normal value,PU,Public,50.0,50.0,50.0,50.0,50.0,50.0,50.0,50.0,50.0,50.0,50.0,50.0,50.0,50.0
A,Annual,IND,India,WB_RISE_EE_IMIC,Industrial and Commercial End Users,SCORE,Score,WB_RISE,Regulatory Indicators for Sustainable Energy (RISE),0,Units,A,Normal value,PU,Public,32.5,32.5,55.0,55.0,55.0,65.0,65.0,65.0,65.0,87.5,87.5,87.5,87.5,100.0
A,Annual,IND,India,WB_RISE_EE_IMPS,Energy Efficiency in Public Sector,SCORE,Score,WB_RISE,Regulatory Indicators for Sustainable Energy (RISE),0,Units,A,Normal value,PU,Public,6.666666666666667,6.666666666666667,23.333333333333336,23.333333333333336,23.333333333333336,60.000000000000014,60.000000000000014,60.000000000000014,60.000000000000014,96.66666666666669,96.66666666666669,96.66666666666669,96.66666666666669,100.0
A,Annual,IND,India,WB_RISE_EE_IMUT,Incentives & Mandates: Energy Utility Programs,SCORE,Score,WB_RISE,Regulatory Indicators for Sustainable Energy (RISE),0,Units,A,Normal value,PU,Public,38.66666666666667,38.66666666666667,38.66666666666667,38.66666666666667,38.66666666666667,38.66666666666667,38.66666666666667,38.66666666666667,38.66666666666667,42.00000000000001,42.00000000000001,55.333333333333336,56.66666666666667,77.0
A,Annual,IND,India,WB_RISE_EE_MEEP,Minimum Energy Efficiency Performance Standards,SCORE,Score,WB_RISE,Regulatory Indicators for Sustainable Energy (RISE),0,Units,A,Normal value,PU,Public,66.66666666666667,66.66666666666667,66.66666666666667,66.66666666666667,66.66666666666667,66.66666666666667,75.0,83.33333333333334,83.33333333333334,83.33333333333334,83.33333333333334,83.33333333333334,83.33333333333334,83.33333333333334
A,Annual,IND,India,WB_RISE_EE_TRN,Transport Sector,SCORE,Score,WB_RISE,Regulatory Indicators for Sustainable Energy (RISE),0,Units,A,Normal value,PU,Public,0.0,0.0,0.0,0.0,0.0,0.0,0.0,16.666666666666668,16.666666666666668,83.33333333333334,83.33333333333334,83.33333333333334,83.33333333333334,83.33333333333334
A,Annual,IND,India,WB_RISE_ELTN_PL,Electrification Governance and Planning,SCORE,Score,WB_RISE,Regulatory Indicators for Sustainable Energy (RISE),0,Units,A,Normal value,PU,Public,23.80952380952381,25.142857142857142,25.142857142857142,25.142857142857142,25.142857142857142,25.142857142857142,25.142857142857142,28.95238095238096,28.95238095238096,37.52380952380953,38.47619047619048,46.095238095238095,46.095238095238095,92.0
A,Annual,IND,India,WB_RISE_FRM_MGRI,Minigrids Framework,SCORE,Score,WB_RISE,Regulatory Indicators for Sustainable Energy (RISE),0,Units,A,Normal value,PU,Public,16.190476190476193,17.142857142857146,17.142857142857146,20.95238095238096,21.693121693121697,21.693121693121697,22.64550264550265,25.502645502645503,25.502645502645503,25.502645502645503,25.502645502645503,26.455026455026456,27.1957671957672,30.052910052910057
A,Annual,IND,India,WB_RISE_FRM_OGS,Off-Grid Systems Framework,SCORE,Score,WB_RISE,Regulatory Indicators for Sustainable Energy (RISE),0,Units,A,Normal value,PU,Public,13.333333333333334,13.333333333333334,13.333333333333334,13.333333333333334,13.333333333333334,13.333333333333334,17.77777777777778,17.77777777777778,30.000000000000007,33.333333333333336,60.0,60.0,60.0,60.0
A,Annual,IND,India,WB_RISE_FR_GREL,Grid Electrification Framework,SCORE,Score,WB_RISE,Regulatory Indicators for Sustainable Energy (RISE),0,Units,A,Normal value,PU,Public,36.66666666666667,36.66666666666667,36.66666666666667,36.66666666666667,36.66666666666667,36.66666666666667,36.66666666666667,63.333333333333336,63.333333333333336,70.00000000000001,80.00000000000001,86.66666666666667,86.66666666666667,90.0
A,Annual,IND,India,WB_RISE_RE_ALL,Sustainable Energy - Renewable Energy Score,SCORE,Score,WB_RISE,Regulatory Indicators for Sustainable Energy (RISE),0,Units,A,Normal value,PU,Public,9.303703703703706,10.681481481481482,11.292592592592596,12.292592592592593,12.45925925925926,12.45925925925926,15.659259259259258,15.903703703703709,16.4962962962963,33.142857142857146,39.1910052910053,43.19100529100529,46.771428571428565,67.78518518518518
A,Annual,IND,India,WB_RISE_RE_ELEC,Electricity Sector Renewables,SCORE,Score,WB_RISE,Regulatory Indicators for Sustainable Energy (RISE),0,Units,A,Normal value,PU,Public,12.074074074074076,15.62962962962963,18.685185185185183,18.685185185185183,19.51851851851852,19.51851851851852,19.51851851851852,20.74074074074074,23.703703703703702,36.22222222222223,51.79629629629629,51.79629629629629,59.22222222222221,87.81481481481481
A,Annual,IND,India,WB_RISE_RE_GOV,Renewable Energy - Governance,SCORE,Score,WB_RISE,Regulatory Indicators for Sustainable Energy (RISE),0,Units,A,Normal value,PU,Public,30.0,33.333333333333336,33.333333333333336,38.333333333333336,38.333333333333336,38.333333333333336,38.333333333333336,38.333333333333336,38.333333333333336,39.04761904761905,42.38095238095239,42.38095238095239,49.52380952380952,93.33333333333331
A,Annual,IND,India,WB_RISE_RE_HE_CO,Heating and Cooling Renewables,SCORE,Score,WB_RISE,Regulatory Indicators for Sustainable Energy (RISE),0,Units,A,Normal value,PU,Public,4.444444444444445,4.444444444444445,4.444444444444445,4.444444444444445,4.444444444444445,4.444444444444445,4.444444444444445,4.444444444444445,4.444444444444445,47.77777777777778,47.77777777777778,47.77777777777778,47.77777777777778,71.11111111111111
A,Annual,IND,India,WB_RISE_RE_LVL_PLYNG_FLD,Leveling the Playing Field for Renewables,SCORE,Score,WB_RISE,Regulatory Indicators for Sustainable Energy (RISE),0,Units,A,Normal value,PU,Public,0.0,0.0,0.0,0.0,0.0,0.0,16.0,16.0,16.0,16.0,24.0,24.0,24.0,20.0
A,Annual,IND,India,WB_RISE_RE_TRNS,Transport Sector Renewables,SCORE,Score,WB_RISE,Regulatory Indicators for Sustainable Energy (RISE),0,Units,A,Normal value,PU,Public,0.0,0.0,0.0,0.0,0.0,0.0,0.0,0.0,0.0,26.666666666666668,30.000000000000007,50.0,53.333333333333336,66.66666666666667
A,Annual,IRL,Ireland,WB_RISE_EE_ALL,Sustainable Energy - Energy Efficiency Score,SCORE,Score,WB_RISE,Regulatory Indicators for Sustainable Energy (RISE),0,Units,A,Normal value,PU,Public,48.96913580246914,51.90123456790124,57.888888888888886,67.70370370370371,75.14197530864197,75.14197530864197,75.14197530864197,78.10493827160494,78.32716049382717,78.32716049382717,78.32716049382717,78.32716049382717,78.32716049382717,78.32716049382717
A,Annual,IRL,Ireland,WB_RISE_EE_BEC,Building Energy Codes,SCORE,Score,WB_RISE,Regulatory Indicators for Sustainable Energy (RISE),0,Units,A,Normal value,PU,Public,41.66666666666666,41.66666666666666,48.333333333333336,70.0,86.66666666666667,86.66666666666667,86.66666666666667,86.66666666666667,86.66666666666667,86.66666666666667,86.66666666666667,86.66666666666667,86.66666666666667,86.66666666666667
A,Annual,IRL,Ireland,WB_RISE_EE_EES,Energy Efficiency Governance,SCORE,Score,WB_RISE,Regulatory Indicators for Sustainable Energy (RISE),0,Units,A,Normal value,PU,Public,80.44444444444446,80.44444444444446,80.44444444444446,80.44444444444446,83.22222222222223,83.22222222222223,83.22222222222223,93.22222222222224,95.22222222222224,95.22222222222224,95.22222222222224,95.22222222222224,95.22222222222224,95.22222222222224
A,Annual,IRL,Ireland,WB_RISE_EE_ELS,Energy Labeling Systems,SCORE,Score,WB_RISE,Regulatory Indicators for Sustainable Energy (RISE),0,Units,A,Normal value,PU,Public,50.0,75.0,75.0,75.0,75.0,75.0,75.0,75.0,75.0,75.0,75.0,75.0,75.0,75.0
A,Annual,IRL,Ireland,WB_RISE_EE_FMEE,Financing Mechanisms for Energy Efficiency,SCORE,Score,WB_RISE,Regulatory Indicators for Sustainable Energy (RISE),0,Units,A,Normal value,PU,Public,50.0,50.0,50.0,50.0,50.0,50.0,50.0,50.0,50.0,50.0,50.0,50.0,50.0,50.0
A,Annual,IRL,Ireland,WB_RISE_EE_IMIC,Industrial and Commercial End Users,SCORE,Score,WB_RISE,Regulatory Indicators for Sustainable Energy (RISE),0,Units,A,Normal value,PU,Public,50.0,50.0,62.5,62.5,100.0,100.0,100.0,100.0,100.0,100.0,100.0,100.0,100.0,100.0
A,Annual,IRL,Ireland,WB_RISE_EE_IMPS,Energy Efficiency in Public Sector,SCORE,Score,WB_RISE,Regulatory Indicators for Sustainable Energy (RISE),0,Units,A,Normal value,PU,Public,33.333333333333336,33.333333333333336,66.66666666666667,83.33333333333334,83.33333333333334,83.33333333333334,83.33333333333334,83.33333333333334,83.33333333333334,83.33333333333334,83.33333333333334,83.33333333333334,83.33333333333334,83.33333333333334
A,Annual,IRL,Ireland,WB_RISE_EE_IMUT,Incentives & Mandates: Energy Utility Programs,SCORE,Score,WB_RISE,Regulatory Indicators for Sustainable Energy (RISE),0,Units,A,Normal value,PU,Public,20.0,20.0,20.0,20.0,30.0,30.0,30.0,30.0,30.0,30.0,30.0,30.0,30.0,30.0
A,Annual,IRL,Ireland,WB_RISE_EE_MEEP,Minimum Energy Efficiency Performance Standards,SCORE,Score,WB_RISE,Regulatory Indicators for Sustainable Energy (RISE),0,Units,A,Normal value,PU,Public,56.94444444444444,58.33333333333333,59.72222222222222,84.72222222222223,84.72222222222223,84.72222222222223,84.72222222222223,84.72222222222223,84.72222222222223,84.72222222222223,84.72222222222223,84.72222222222223,84.72222222222223,84.72222222222223
A,Annual,IRL,Ireland,WB_RISE_EE_TRN,Transport Sector,SCORE,Score,WB_RISE,Regulatory Indicators for Sustainable Energy (RISE),0,Units,A,Normal value,PU,Public,58.333333333333336,58.333333333333336,58.333333333333336,83.33333333333334,83.33333333333334,83.33333333333334,83.33333333333334,100.0,100.0,100.0,100.0,100.0,100.0,100.0
A,Annual,IRL,Ireland,WB_RISE_RE_ALL,Sustainable Energy - Renewable Energy Score,SCORE,Score,WB_RISE,Regulatory Indicators for Sustainable Energy (RISE),0,Units,A,Normal value,PU,Public,44.94444444444444,45.61111111111111,45.61111111111111,45.61111111111111,45.61111111111111,50.05555555555556,50.05555555555556,50.05555555555556,61.72222222222221,65.05555555555556,65.05555555555556,66.0925925925926,66.0925925925926,84.62962962962963
A,Annual,IRL,Ireland,WB_RISE_RE_ELEC,Electricity Sector Renewables,SCORE,Score,WB_RISE,Regulatory Indicators for Sustainable Energy (RISE),0,Units,A,Normal value,PU,Public,34.72222222222222,38.05555555555556,38.05555555555556,38.05555555555556,38.05555555555556,43.61111111111112,43.61111111111112,43.61111111111112,68.61111111111111,68.61111111111111,68.61111111111111,73.79629629629629,73.79629629629629,85.37037037037037
A,Annual,IRL,Ireland,WB_RISE_RE_GOV,Renewable Energy - Governance,SCORE,Score,WB_RISE,Regulatory Indicators for Sustainable Energy (RISE),0,Units,A,Normal value,PU,Public,100.0,100.0,100.0,100.0,100.0,100.0,100.0,100.0,100.0,100.0,100.0,100.0,100.0,100.0
A,Annual,IRL,Ireland,WB_RISE_RE_HE_CO,Heating and Cooling Renewables,SCORE,Score,WB_RISE,Regulatory Indicators for Sustainable Energy (RISE),0,Units,A,Normal value,PU,Public,16.666666666666668,16.666666666666668,16.666666666666668,16.666666666666668,16.666666666666668,33.333333333333336,33.333333333333336,33.333333333333336,50.0,50.0,50.0,50.0,50.0,77.77777777777779
A,Annual,IRL,Ireland,WB_RISE_RE_LVL_PLYNG_FLD,Leveling the Playing Field for Renewables,SCORE,Score,WB_RISE,Regulatory Indicators for Sustainable Energy (RISE),0,Units,A,Normal value,PU,Public,40.0,40.0,40.0,40.0,40.0,40.0,40.0,40.0,40.0,40.0,40.0,40.0,40.0,60.0
A,Annual,IRL,Ireland,WB_RISE_RE_TRNS,Transport Sector Renewables,SCORE,Score,WB_RISE,Regulatory Indicators for Sustainable Energy (RISE),0,Units,A,Normal value,PU,Public,33.333333333333336,33.333333333333336,33.333333333333336,33.333333333333336,33.333333333333336,33.333333333333336,33.333333333333336,33.333333333333336,50.0,66.66666666666667,66.66666666666667,66.66666666666667,66.66666666666667,100.0
A,Annual,IRN,"Iran, Islamic Rep.",WB_RISE_EE_ALL,Sustainable Energy - Energy Efficiency Score,SCORE,Score,WB_RISE,Regulatory Indicators for Sustainable Energy (RISE),0,Units,A,Normal value,PU,Public,26.97530864197531,40.8641975308642,51.66666666666667,52.351851851851855,52.351851851851855,57.51234567901236,61.808641975308646,62.03086419753087,64.06790123456791,64.06790123456791,72.40123456790124,72.40123456790124,72.40123456790124,72.40123456790124
A,Annual,IRN,"Iran, Islamic Rep.",WB_RISE_EE_BEC,Building Energy Codes,SCORE,Score,WB_RISE,Regulatory Indicators for Sustainable Energy (RISE),0,Units,A,Normal value,PU,Public,0.0,0.0,0.0,0.0,0.0,0.0,0.0,0.0,0.0,0.0,65.0,65.0,65.0,65.0
A,Annual,IRN,"Iran, Islamic Rep.",WB_RISE_EE_EES,Energy Efficiency Governance,SCORE,Score,WB_RISE,Regulatory Indicators for Sustainable Energy (RISE),0,Units,A,Normal value,PU,Public,37.777777777777786,43.333333333333336,43.333333333333336,45.333333333333336,45.333333333333336,47.333333333333336,86.0,88.0,98.0,98.0,98.0,98.0,98.0,98.0
A,Annual,IRN,"Iran, Islamic Rep.",WB_RISE_EE_ELS,Energy Labeling Systems,SCORE,Score,WB_RISE,Regulatory Indicators for Sustainable Energy (RISE),0,Units,A,Normal value,PU,Public,20.833333333333336,29.166666666666668,54.16666666666666,58.33333333333333,58.33333333333333,75.0,75.0,75.0,83.33333333333334,83.33333333333334,83.33333333333334,83.33333333333334,83.33333333333334,83.33333333333334
A,Annual,IRN,"Iran, Islamic Rep.",WB_RISE_EE_FMEE,Financing Mechanisms for Energy Efficiency,SCORE,Score,WB_RISE,Regulatory Indicators for Sustainable Energy (RISE),0,Units,A,Normal value,PU,Public,16.666666666666668,16.666666666666668,50.0,50.0,50.0,50.0,50.0,50.0,50.0,50.0,50.0,50.0,50.0,50.0
A,Annual,IRN,"Iran, Islamic Rep.",WB_RISE_EE_IMIC,Industrial and Commercial End Users,SCORE,Score,WB_RISE,Regulatory Indicators for Sustainable Energy (RISE),0,Units,A,Normal value,PU,Public,0.0,50.0,50.0,50.0,50.0,50.0,50.0,50.0,50.0,50.0,50.0,50.0,50.0,50.0
A,Annual,IRN,"Iran, Islamic Rep.",WB_RISE_EE_IMPS,Energy Efficiency in Public Sector,SCORE,Score,WB_RISE,Regulatory Indicators for Sustainable Energy (RISE),0,Units,A,Normal value,PU,Public,16.666666666666668,66.66666666666667,66.66666666666667,66.66666666666667,66.66666666666667,83.33333333333334,83.33333333333334,83.33333333333334,83.33333333333334,83.33333333333334,83.33333333333334,83.33333333333334,83.33333333333334,83.33333333333334
A,Annual,IRN,"Iran, Islamic Rep.",WB_RISE_EE_IMUT,Incentives & Mandates: Energy Utility Programs,SCORE,Score,WB_RISE,Regulatory Indicators for Sustainable Energy (RISE),0,Units,A,Normal value,PU,Public,63.333333333333336,63.333333333333336,63.333333333333336,63.333333333333336,63.333333333333336,63.333333333333336,63.333333333333336,63.333333333333336,63.333333333333336,63.333333333333336,73.33333333333334,73.33333333333334,73.33333333333334,73.33333333333334
A,Annual,IRN,"Iran, Islamic Rep.",WB_RISE_EE_MEEP,Minimum Energy Efficiency Performance Standards,SCORE,Score,WB_RISE,Regulatory Indicators for Sustainable Energy (RISE),0,Units,A,Normal value,PU,Public,29.166666666666668,40.27777777777778,79.16666666666667,79.16666666666667,79.16666666666667,90.2777777777778,90.2777777777778,90.2777777777778,90.2777777777778,90.2777777777778,90.2777777777778,90.2777777777778,90.2777777777778,90.2777777777778
A,Annual,IRN,"Iran, Islamic Rep.",WB_RISE_EE_TRN,Transport Sector,SCORE,Score,WB_RISE,Regulatory Indicators for Sustainable Energy (RISE),0,Units,A,Normal value,PU,Public,58.333333333333336,58.333333333333336,58.333333333333336,58.333333333333336,58.333333333333336,58.333333333333336,58.333333333333336,58.333333333333336,58.333333333333336,58.333333333333336,58.333333333333336,58.333333333333336,58.333333333333336,58.333333333333336
A,Annual,IRN,"Iran, Islamic Rep.",WB_RISE_RE_ALL,Sustainable Energy - Renewable Energy Score,SCORE,Score,WB_RISE,Regulatory Indicators for Sustainable Energy (RISE),0,Units,A,Normal value,PU,Public,23.63492063492064,45.77777777777778,47.11111111111112,49.61111111111112,49.61111111111112,57.31481481481482,57.31481481481482,60.64814814814815,63.98148148148149,63.98148148148149,63.98148148148149,63.98148148148149,63.98148148148149,38.333333333333336
A,Annual,IRN,"Iran, Islamic Rep.",WB_RISE_RE_ELEC,Electricity Sector Renewables,SCORE,Score,WB_RISE,Regulatory Indicators for Sustainable Energy (RISE),0,Units,A,Normal value,PU,Public,37.22222222222222,62.22222222222223,68.8888888888889,81.3888888888889,81.3888888888889,83.24074074074075,83.24074074074075,83.24074074074075,83.24074074074075,83.24074074074075,83.24074074074075,83.24074074074075,83.24074074074075,75.0
A,Annual,IRN,"Iran, Islamic Rep.",WB_RISE_RE_GOV,Renewable Energy - Governance,SCORE,Score,WB_RISE,Regulatory Indicators for Sustainable Energy (RISE),0,Units,A,Normal value,PU,Public,64.28571428571429,100.0,100.0,100.0,100.0,100.0,100.0,100.0,100.0,100.0,100.0,100.0,100.0,83.33333333333334
A,Annual,IRN,"Iran, Islamic Rep.",WB_RISE_RE_HE_CO,Heating and Cooling Renewables,SCORE,Score,WB_RISE,Regulatory Indicators for Sustainable Energy (RISE),0,Units,A,Normal value,PU,Public,0.0,16.666666666666668,16.666666666666668,16.666666666666668,16.666666666666668,33.333333333333336,33.333333333333336,50.0,50.0,50.0,50.0,50.0,50.0,0.0
A,Annual,IRN,"Iran, Islamic Rep.",WB_RISE_RE_LVL_PLYNG_FLD,Leveling the Playing Field for Renewables,SCORE,Score,WB_RISE,Regulatory Indicators for Sustainable Energy (RISE),0,Units,A,Normal value,PU,Public,0.0,0.0,0.0,0.0,0.0,20.0,20.0,20.0,20.0,20.0,20.0,20.0,20.0,0.0
A,Annual,IRN,"Iran, Islamic Rep.",WB_RISE_RE_TRNS,Transport Sector Renewables,SCORE,Score,WB_RISE,Regulatory Indicators for Sustainable Energy (RISE),0,Units,A,Normal value,PU,Public,16.666666666666668,50.0,50.0,50.0,50.0,50.0,50.0,50.0,66.66666666666667,66.66666666666667,66.66666666666667,66.66666666666667,66.66666666666667,33.333333333333336
A,Annual,ISR,Israel,WB_RISE_EE_ALL,Sustainable Energy - Energy Efficiency Score,SCORE,Score,WB_RISE,Regulatory Indicators for Sustainable Energy (RISE),0,Units,A,Normal value,PU,Public,37.46913580246914,44.351851851851855,46.20370370370371,46.20370370370371,47.12962962962963,56.75925925925926,58.518518518518526,59.62962962962964,59.62962962962964,59.62962962962964,59.62962962962964,59.62962962962964,59.62962962962964,59.62962962962964
A,Annual,ISR,Israel,WB_RISE_EE_BEC,Building Energy Codes,SCORE,Score,WB_RISE,Regulatory Indicators for Sustainable Energy (RISE),0,Units,A,Normal value,PU,Public,13.333333333333334,26.666666666666668,26.666666666666668,26.666666666666668,35.0,41.66666666666666,41.66666666666666,41.66666666666666,41.66666666666666,41.66666666666666,41.66666666666666,41.66666666666666,41.66666666666666,41.66666666666666
A,Annual,ISR,Israel,WB_RISE_EE_EES,Energy Efficiency Governance,SCORE,Score,WB_RISE,Regulatory Indicators for Sustainable Energy (RISE),0,Units,A,Normal value,PU,Public,44.44444444444445,47.22222222222223,47.22222222222223,47.22222222222223,47.22222222222223,77.22222222222223,77.22222222222223,87.22222222222223,87.22222222222223,87.22222222222223,87.22222222222223,87.22222222222223,87.22222222222223,87.22222222222223
A,Annual,ISR,Israel,WB_RISE_EE_ELS,Energy Labeling Systems,SCORE,Score,WB_RISE,Regulatory Indicators for Sustainable Energy (RISE),0,Units,A,Normal value,PU,Public,62.5,62.5,62.5,62.5,62.5,62.5,62.5,62.5,62.5,62.5,62.5,62.5,62.5,62.5
A,Annual,ISR,Israel,WB_RISE_EE_FMEE,Financing Mechanisms for Energy Efficiency,SCORE,Score,WB_RISE,Regulatory Indicators for Sustainable Energy (RISE),0,Units,A,Normal value,PU,Public,0.0,0.0,0.0,0.0,0.0,50.0,50.0,50.0,50.0,50.0,50.0,50.0,50.0,50.0
A,Annual,ISR,Israel,WB_RISE_EE_IMIC,Industrial and Commercial End Users,SCORE,Score,WB_RISE,Regulatory Indicators for Sustainable Energy (RISE),0,Units,A,Normal value,PU,Public,37.5,50.0,50.0,50.0,50.0,50.0,62.5,62.5,62.5,62.5,62.5,62.5,62.5,62.5
A,Annual,ISR,Israel,WB_RISE_EE_IMPS,Energy Efficiency in Public Sector,SCORE,Score,WB_RISE,Regulatory Indicators for Sustainable Energy (RISE),0,Units,A,Normal value,PU,Public,33.333333333333336,66.66666666666667,66.66666666666667,66.66666666666667,66.66666666666667,66.66666666666667,66.66666666666667,66.66666666666667,66.66666666666667,66.66666666666667,66.66666666666667,66.66666666666667,66.66666666666667,66.66666666666667
A,Annual,ISR,Israel,WB_RISE_EE_IMUT,Incentives & Mandates: Energy Utility Programs,SCORE,Score,WB_RISE,Regulatory Indicators for Sustainable Energy (RISE),0,Units,A,Normal value,PU,Public,10.0,10.0,26.666666666666668,26.666666666666668,26.666666666666668,26.666666666666668,30.0,30.0,30.0,30.0,30.0,30.0,30.0,30.0
A,Annual,ISR,Israel,WB_RISE_EE_MEEP,Minimum Energy Efficiency Performance Standards,SCORE,Score,WB_RISE,Regulatory Indicators for Sustainable Energy (RISE),0,Units,A,Normal value,PU,Public,77.77777777777779,77.77777777777779,77.77777777777779,77.77777777777779,77.77777777777779,77.77777777777779,77.77777777777779,77.77777777777779,77.77777777777779,77.77777777777779,77.77777777777779,77.77777777777779,77.77777777777779,77.77777777777779
A,Annual,ISR,Israel,WB_RISE_EE_TRN,Transport Sector,SCORE,Score,WB_RISE,Regulatory Indicators for Sustainable Energy (RISE),0,Units,A,Normal value,PU,Public,58.333333333333336,58.333333333333336,58.333333333333336,58.333333333333336,58.333333333333336,58.333333333333336,58.333333333333336,58.333333333333336,58.333333333333336,58.333333333333336,58.333333333333336,58.333333333333336,58.333333333333336,58.333333333333336
A,Annual,ISR,Israel,WB_RISE_RE_ALL,Sustainable Energy - Renewable Energy Score,SCORE,Score,WB_RISE,Regulatory Indicators for Sustainable Energy (RISE),0,Units,A,Normal value,PU,Public,23.190476190476197,23.190476190476197,31.190476190476197,32.02380952380953,36.30952380952381,36.86507936507937,36.86507936507937,40.56878306878307,47.23544973544973,47.23544973544973,47.23544973544973,47.23544973544973,47.23544973544973,35.920634920634924
A,Annual,ISR,Israel,WB_RISE_RE_ELEC,Electricity Sector Renewables,SCORE,Score,WB_RISE,Regulatory Indicators for Sustainable Energy (RISE),0,Units,A,Normal value,PU,Public,51.66666666666666,51.66666666666666,51.66666666666666,55.83333333333334,55.83333333333334,58.61111111111112,58.61111111111112,60.46296296296296,60.46296296296296,60.46296296296296,60.46296296296296,60.46296296296296,60.46296296296296,77.22222222222223
A,Annual,ISR,Israel,WB_RISE_RE_GOV,Renewable Energy - Governance,SCORE,Score,WB_RISE,Regulatory Indicators for Sustainable Energy (RISE),0,Units,A,Normal value,PU,Public,64.28571428571429,64.28571428571429,64.28571428571429,64.28571428571429,85.71428571428572,85.71428571428572,85.71428571428572,85.71428571428572,85.71428571428572,85.71428571428572,85.71428571428572,85.71428571428572,85.71428571428572,69.04761904761905
A,Annual,ISR,Israel,WB_RISE_RE_HE_CO,Heating and Cooling Renewables,SCORE,Score,WB_RISE,Regulatory Indicators for Sustainable Energy (RISE),0,Units,A,Normal value,PU,Public,0.0,0.0,0.0,0.0,0.0,0.0,0.0,0.0,0.0,0.0,0.0,0.0,0.0,0.0
A,Annual,ISR,Israel,WB_RISE_RE_LVL_PLYNG_FLD,Leveling the Playing Field for Renewables,SCORE,Score,WB_RISE,Regulatory Indicators for Sustainable Energy (RISE),0,Units,A,Normal value,PU,Public,0.0,0.0,40.0,40.0,40.0,40.0,40.0,40.0,40.0,40.0,40.0,40.0,40.0,0.0
A,Annual,ISR,Israel,WB_RISE_RE_TRNS,Transport Sector Renewables,SCORE,Score,WB_RISE,Regulatory Indicators for Sustainable Energy (RISE),0,Units,A,Normal value,PU,Public,0.0,0.0,0.0,0.0,0.0,0.0,0.0,16.666666666666668,50.0,50.0,50.0,50.0,50.0,33.333333333333336
A,Annual,ITA,Italy,WB_RISE_EE_ALL,Sustainable Energy - Energy Efficiency Score,SCORE,Score,WB_RISE,Regulatory Indicators for Sustainable Energy (RISE),0,Units,A,Normal value,PU,Public,41.48148148148148,51.85185185185185,51.85185185185185,54.47530864197531,60.33950617283952,69.25925925925927,75.77160493827161,76.88271604938272,76.88271604938272,85.08641975308643,85.08641975308643,85.08641975308643,85.08641975308643,85.08641975308643
A,Annual,ITA,Italy,WB_RISE_EE_BEC,Building Energy Codes,SCORE,Score,WB_RISE,Regulatory Indicators for Sustainable Energy (RISE),0,Units,A,Normal value,PU,Public,55.0,55.0,55.0,71.66666666666667,71.66666666666667,78.33333333333333,78.33333333333333,78.33333333333333,78.33333333333333,85.0,85.0,85.0,85.0,85.0
A,Annual,ITA,Italy,WB_RISE_EE_EES,Energy Efficiency Governance,SCORE,Score,WB_RISE,Regulatory Indicators for Sustainable Energy (RISE),0,Units,A,Normal value,PU,Public,5.555555555555556,15.555555555555555,15.555555555555555,18.333333333333336,21.111111111111114,23.888888888888893,60.0,60.0,60.0,98.0,98.0,98.0,98.0,98.0
A,Annual,ITA,Italy,WB_RISE_EE_ELS,Energy Labeling Systems,SCORE,Score,WB_RISE,Regulatory Indicators for Sustainable Energy (RISE),0,Units,A,Normal value,PU,Public,45.833333333333336,45.833333333333336,45.833333333333336,50.0,50.0,50.0,50.0,50.0,50.0,50.0,50.0,50.0,50.0,50.0
A,Annual,ITA,Italy,WB_RISE_EE_FMEE,Financing Mechanisms for Energy Efficiency,SCORE,Score,WB_RISE,Regulatory Indicators for Sustainable Energy (RISE),0,Units,A,Normal value,PU,Public,50.0,50.0,50.0,50.0,100.0,100.0,100.0,100.0,100.0,100.0,100.0,100.0,100.0,100.0
A,Annual,ITA,Italy,WB_RISE_EE_IMIC,Industrial and Commercial End Users,SCORE,Score,WB_RISE,Regulatory Indicators for Sustainable Energy (RISE),0,Units,A,Normal value,PU,Public,0.0,0.0,0.0,0.0,0.0,37.5,50.0,50.0,50.0,62.5,62.5,62.5,62.5,62.5
A,Annual,ITA,Italy,WB_RISE_EE_IMPS,Energy Efficiency in Public Sector,SCORE,Score,WB_RISE,Regulatory Indicators for Sustainable Energy (RISE),0,Units,A,Normal value,PU,Public,0.0,50.0,50.0,50.0,50.0,83.33333333333334,83.33333333333334,83.33333333333334,83.33333333333334,100.0,100.0,100.0,100.0,100.0
A,Annual,ITA,Italy,WB_RISE_EE_IMUT,Incentives & Mandates: Energy Utility Programs,SCORE,Score,WB_RISE,Regulatory Indicators for Sustainable Energy (RISE),0,Units,A,Normal value,PU,Public,60.0,60.0,60.0,60.0,60.0,60.0,70.0,80.0,80.0,80.0,80.0,80.0,80.0,80.0
A,Annual,ITA,Italy,WB_RISE_EE_MEEP,Minimum Energy Efficiency Performance Standards,SCORE,Score,WB_RISE,Regulatory Indicators for Sustainable Energy (RISE),0,Units,A,Normal value,PU,Public,90.27777777777776,90.27777777777776,90.27777777777776,90.27777777777776,90.27777777777776,90.27777777777776,90.27777777777776,90.27777777777776,90.27777777777776,90.27777777777776,90.27777777777776,90.27777777777776,90.27777777777776,90.27777777777776
A,Annual,ITA,Italy,WB_RISE_EE_TRN,Transport Sector,SCORE,Score,WB_RISE,Regulatory Indicators for Sustainable Energy (RISE),0,Units,A,Normal value,PU,Public,66.66666666666667,100.0,100.0,100.0,100.0,100.0,100.0,100.0,100.0,100.0,100.0,100.0,100.0,100.0
A,Annual,ITA,Italy,WB_RISE_RE_ALL,Sustainable Energy - Renewable Energy Score,SCORE,Score,WB_RISE,Regulatory Indicators for Sustainable Energy (RISE),0,Units,A,Normal value,PU,Public,24.814814814814817,32.31481481481482,35.648148148148145,40.64814814814815,40.64814814814815,43.98148148148148,50.64814814814815,50.64814814814815,50.64814814814815,59.35185185185185,59.35185185185185,59.35185185185185,59.35185185185185,84.11111111111111
A,Annual,ITA,Italy,WB_RISE_RE_ELEC,Electricity Sector Renewables,SCORE,Score,WB_RISE,Regulatory Indicators for Sustainable Energy (RISE),0,Units,A,Normal value,PU,Public,34.07407407407408,38.24074074074074,38.24074074074074,46.57407407407408,46.57407407407408,46.57407407407408,46.57407407407408,46.57407407407408,46.57407407407408,73.42592592592592,73.42592592592592,73.42592592592592,73.42592592592592,88.33333333333333
A,Annual,ITA,Italy,WB_RISE_RE_GOV,Renewable Energy - Governance,SCORE,Score,WB_RISE,Regulatory Indicators for Sustainable Energy (RISE),0,Units,A,Normal value,PU,Public,50.0,83.33333333333334,83.33333333333334,100.0,100.0,100.0,100.0,100.0,100.0,100.0,100.0,100.0,100.0,100.0
A,Annual,ITA,Italy,WB_RISE_RE_HE_CO,Heating and Cooling Renewables,SCORE,Score,WB_RISE,Regulatory Indicators for Sustainable Energy (RISE),0,Units,A,Normal value,PU,Public,0.0,0.0,16.666666666666668,16.666666666666668,16.666666666666668,33.333333333333336,33.333333333333336,33.333333333333336,33.333333333333336,50.0,50.0,50.0,50.0,88.8888888888889
A,Annual,ITA,Italy,WB_RISE_RE_LVL_PLYNG_FLD,Leveling the Playing Field for Renewables,SCORE,Score,WB_RISE,Regulatory Indicators for Sustainable Energy (RISE),0,Units,A,Normal value,PU,Public,40.0,40.0,40.0,40.0,40.0,40.0,40.0,40.0,40.0,40.0,40.0,40.0,40.0,60.0
A,Annual,ITA,Italy,WB_RISE_RE_TRNS,Transport Sector Renewables,SCORE,Score,WB_RISE,Regulatory Indicators for Sustainable Energy (RISE),0,Units,A,Normal value,PU,Public,0.0,0.0,0.0,0.0,0.0,0.0,33.333333333333336,33.333333333333336,33.333333333333336,33.333333333333336,33.333333333333336,33.333333333333336,33.333333333333336,83.33333333333333
A,Annual,JAM,Jamaica,WB_RISE_EE_ALL,Sustainable Energy - Energy Efficiency Score,SCORE,Score,WB_RISE,Regulatory Indicators for Sustainable Energy (RISE),0,Units,A,Normal value,PU,Public,12.660493827160495,14.512345679012348,14.512345679012348,24.23456790123457,26.08641975308642,27.93827160493828,38.12345679012346,38.12345679012346,44.29629629629631,48.55555555555557,48.92592592592593,49.23456790123457,49.23456790123457,49.23456790123457
A,Annual,JAM,Jamaica,WB_RISE_EE_BEC,Building Energy Codes,SCORE,Score,WB_RISE,Regulatory Indicators for Sustainable Energy (RISE),0,Units,A,Normal value,PU,Public,16.666666666666668,16.666666666666668,16.666666666666668,16.666666666666668,16.666666666666668,16.666666666666668,25.0,25.0,25.0,28.33333333333333,28.33333333333333,28.33333333333333,28.33333333333333,28.33333333333333
A,Annual,JAM,Jamaica,WB_RISE_EE_EES,Energy Efficiency Governance,SCORE,Score,WB_RISE,Regulatory Indicators for Sustainable Energy (RISE),0,Units,A,Normal value,PU,Public,33.111111111111114,49.777777777777786,49.777777777777786,49.777777777777786,66.44444444444446,66.44444444444446,66.44444444444446,66.44444444444446,72.0,72.0,72.0,72.0,72.0,72.0
A,Annual,JAM,Jamaica,WB_RISE_EE_ELS,Energy Labeling Systems,SCORE,Score,WB_RISE,Regulatory Indicators for Sustainable Energy (RISE),0,Units,A,Normal value,PU,Public,20.833333333333336,20.833333333333336,20.833333333333336,41.66666666666667,41.66666666666667,41.66666666666667,41.66666666666667,41.66666666666667,41.66666666666667,41.66666666666667,41.66666666666667,41.66666666666667,41.66666666666667,41.66666666666667
A,Annual,JAM,Jamaica,WB_RISE_EE_FMEE,Financing Mechanisms for Energy Efficiency,SCORE,Score,WB_RISE,Regulatory Indicators for Sustainable Energy (RISE),0,Units,A,Normal value,PU,Public,33.333333333333336,33.333333333333336,33.333333333333336,50.0,50.0,50.0,50.0,50.0,50.0,50.0,50.0,50.0,50.0,50.0
A,Annual,JAM,Jamaica,WB_RISE_EE_IMIC,Industrial and Commercial End Users,SCORE,Score,WB_RISE,Regulatory Indicators for Sustainable Energy (RISE),0,Units,A,Normal value,PU,Public,0.0,0.0,0.0,0.0,0.0,0.0,0.0,0.0,0.0,0.0,0.0,0.0,0.0,0.0
A,Annual,JAM,Jamaica,WB_RISE_EE_IMPS,Energy Efficiency in Public Sector,SCORE,Score,WB_RISE,Regulatory Indicators for Sustainable Energy (RISE),0,Units,A,Normal value,PU,Public,0.0,0.0,0.0,0.0,0.0,16.666666666666668,16.666666666666668,16.666666666666668,50.0,66.66666666666667,66.66666666666667,66.66666666666667,66.66666666666667,66.66666666666667
A,Annual,JAM,Jamaica,WB_RISE_EE_IMUT,Incentives & Mandates: Energy Utility Programs,SCORE,Score,WB_RISE,Regulatory Indicators for Sustainable Energy (RISE),0,Units,A,Normal value,PU,Public,10.0,10.0,10.0,10.0,10.0,10.0,60.0,60.0,76.66666666666667,86.66666666666667,90.0,90.0,90.0,90.0
A,Annual,JAM,Jamaica,WB_RISE_EE_MEEP,Minimum Energy Efficiency Performance Standards,SCORE,Score,WB_RISE,Regulatory Indicators for Sustainable Energy (RISE),0,Units,A,Normal value,PU,Public,0.0,0.0,0.0,0.0,0.0,0.0,16.666666666666668,16.666666666666668,16.666666666666668,25.0,25.0,27.77777777777778,27.77777777777778,27.77777777777778
A,Annual,JAM,Jamaica,WB_RISE_EE_TRN,Transport Sector,SCORE,Score,WB_RISE,Regulatory Indicators for Sustainable Energy (RISE),0,Units,A,Normal value,PU,Public,0.0,0.0,0.0,50.0,50.0,50.0,66.66666666666667,66.66666666666667,66.66666666666667,66.66666666666667,66.66666666666667,66.66666666666667,66.66666666666667,66.66666666666667
A,Annual,JAM,Jamaica,WB_RISE_RE_ALL,Sustainable Energy - Renewable Energy Score,SCORE,Score,WB_RISE,Regulatory Indicators for Sustainable Energy (RISE),0,Units,A,Normal value,PU,Public,14.952380952380953,14.952380952380953,15.322751322751325,16.433862433862437,16.433862433862437,18.65608465608465,19.21164021164021,27.544973544973544,33.25925925925925,34.592592592592595,36.25925925925925,39.5925925925926,39.5925925925926,32.94444444444444
A,Annual,JAM,Jamaica,WB_RISE_RE_ELEC,Electricity Sector Renewables,SCORE,Score,WB_RISE,Regulatory Indicators for Sustainable Energy (RISE),0,Units,A,Normal value,PU,Public,3.333333333333333,3.333333333333333,5.185185185185185,10.74074074074074,10.74074074074074,21.85185185185185,24.62962962962963,49.629629629629626,49.629629629629626,56.2962962962963,64.62962962962963,64.62962962962963,64.62962962962963,56.38888888888889
A,Annual,JAM,Jamaica,WB_RISE_RE_GOV,Renewable Energy - Governance,SCORE,Score,WB_RISE,Regulatory Indicators for Sustainable Energy (RISE),0,Units,A,Normal value,PU,Public,71.42857142857143,71.42857142857143,71.42857142857143,71.42857142857143,71.42857142857143,71.42857142857143,71.42857142857143,71.42857142857143,100.0,100.0,100.0,100.0,100.0,75.0
A,Annual,JAM,Jamaica,WB_RISE_RE_HE_CO,Heating and Cooling Renewables,SCORE,Score,WB_RISE,Regulatory Indicators for Sustainable Energy (RISE),0,Units,A,Normal value,PU,Public,0.0,0.0,0.0,0.0,0.0,0.0,0.0,0.0,0.0,0.0,0.0,0.0,0.0,0.0
A,Annual,JAM,Jamaica,WB_RISE_RE_LVL_PLYNG_FLD,Leveling the Playing Field for Renewables,SCORE,Score,WB_RISE,Regulatory Indicators for Sustainable Energy (RISE),0,Units,A,Normal value,PU,Public,0.0,0.0,0.0,0.0,0.0,0.0,0.0,0.0,0.0,0.0,0.0,0.0,0.0,0.0
A,Annual,JAM,Jamaica,WB_RISE_RE_TRNS,Transport Sector Renewables,SCORE,Score,WB_RISE,Regulatory Indicators for Sustainable Energy (RISE),0,Units,A,Normal value,PU,Public,0.0,0.0,0.0,0.0,0.0,0.0,0.0,16.666666666666668,16.666666666666668,16.666666666666668,16.666666666666668,33.333333333333336,33.333333333333336,33.333333333333336
A,Annual,JOR,Jordan,WB_RISE_EE_ALL,Sustainable Energy - Energy Efficiency Score,SCORE,Score,WB_RISE,Regulatory Indicators for Sustainable Energy (RISE),0,Units,A,Normal value,PU,Public,15.679012345679013,15.679012345679013,24.90740740740741,41.327160493827165,52.43827160493827,57.67901234567901,57.67901234567901,63.23456790123456,63.23456790123456,63.23456790123456,70.64197530864197,71.10493827160494,71.10493827160494,71.10493827160494
A,Annual,JOR,Jordan,WB_RISE_EE_BEC,Building Energy Codes,SCORE,Score,WB_RISE,Regulatory Indicators for Sustainable Energy (RISE),0,Units,A,Normal value,PU,Public,20.0,20.0,43.333333333333336,43.333333333333336,43.333333333333336,50.0,50.0,50.0,50.0,50.0,50.0,50.0,50.0,50.0
A,Annual,JOR,Jordan,WB_RISE_EE_EES,Energy Efficiency Governance,SCORE,Score,WB_RISE,Regulatory Indicators for Sustainable Energy (RISE),0,Units,A,Normal value,PU,Public,19.444444444444446,19.444444444444446,19.444444444444446,50.55555555555556,70.0,98.0,98.0,98.0,98.0,98.0,98.0,98.0,98.0,98.0
A,Annual,JOR,Jordan,WB_RISE_EE_ELS,Energy Labeling Systems,SCORE,Score,WB_RISE,Regulatory Indicators for Sustainable Energy (RISE),0,Units,A,Normal value,PU,Public,12.5,12.5,37.5,37.5,50.0,50.0,50.0,50.0,50.0,50.0,50.0,50.0,50.0,50.0
A,Annual,JOR,Jordan,WB_RISE_EE_FMEE,Financing Mechanisms for Energy Efficiency,SCORE,Score,WB_RISE,Regulatory Indicators for Sustainable Energy (RISE),0,Units,A,Normal value,PU,Public,50.0,50.0,50.0,100.0,100.0,100.0,100.0,100.0,100.0,100.0,100.0,100.0,100.0,100.0
A,Annual,JOR,Jordan,WB_RISE_EE_IMIC,Industrial and Commercial End Users,SCORE,Score,WB_RISE,Regulatory Indicators for Sustainable Energy (RISE),0,Units,A,Normal value,PU,Public,12.5,12.5,12.5,12.5,12.5,25.0,25.0,75.0,75.0,75.0,75.0,75.0,75.0,75.0
A,Annual,JOR,Jordan,WB_RISE_EE_IMPS,Energy Efficiency in Public Sector,SCORE,Score,WB_RISE,Regulatory Indicators for Sustainable Energy (RISE),0,Units,A,Normal value,PU,Public,0.0,0.0,0.0,66.66666666666667,66.66666666666667,66.66666666666667,66.66666666666667,66.66666666666667,66.66666666666667,66.66666666666667,100.0,100.0,100.0,100.0
A,Annual,JOR,Jordan,WB_RISE_EE_IMUT,Incentives & Mandates: Energy Utility Programs,SCORE,Score,WB_RISE,Regulatory Indicators for Sustainable Energy (RISE),0,Units,A,Normal value,PU,Public,26.666666666666668,26.666666666666668,26.666666666666668,26.666666666666668,26.666666666666668,26.666666666666668,26.666666666666668,26.666666666666668,26.666666666666668,26.666666666666668,60.0,60.0,60.0,60.0
A,Annual,JOR,Jordan,WB_RISE_EE_MEEP,Minimum Energy Efficiency Performance Standards,SCORE,Score,WB_RISE,Regulatory Indicators for Sustainable Energy (RISE),0,Units,A,Normal value,PU,Public,0.0,0.0,34.72222222222222,34.72222222222222,77.77777777777777,77.77777777777777,77.77777777777777,77.77777777777777,77.77777777777777,77.77777777777777,77.77777777777777,81.94444444444444,81.94444444444444,81.94444444444444
A,Annual,JOR,Jordan,WB_RISE_EE_TRN,Transport Sector,SCORE,Score,WB_RISE,Regulatory Indicators for Sustainable Energy (RISE),0,Units,A,Normal value,PU,Public,0.0,0.0,0.0,0.0,25.0,25.0,25.0,25.0,25.0,25.0,25.0,25.0,25.0,25.0
A,Annual,JOR,Jordan,WB_RISE_RE_ALL,Sustainable Energy - Renewable Energy Score,SCORE,Score,WB_RISE,Regulatory Indicators for Sustainable Energy (RISE),0,Units,A,Normal value,PU,Public,4.880952380952381,4.880952380952381,15.65873015873016,15.65873015873016,24.82539682539683,31.992063492063487,37.7063492063492,46.26190476190476,46.26190476190476,49.595238095238095,49.595238095238095,52.92857142857142,52.92857142857142,37.81746031746032
A,Annual,JOR,Jordan,WB_RISE_RE_ELEC,Electricity Sector Renewables,SCORE,Score,WB_RISE,Regulatory Indicators for Sustainable Energy (RISE),0,Units,A,Normal value,PU,Public,8.333333333333334,8.333333333333334,28.88888888888889,28.88888888888889,58.05555555555557,77.22222222222223,77.22222222222223,80.0,80.0,80.0,80.0,80.0,80.0,66.66666666666667
A,Annual,JOR,Jordan,WB_RISE_RE_GOV,Renewable Energy - Governance,SCORE,Score,WB_RISE,Regulatory Indicators for Sustainable Energy (RISE),0,Units,A,Normal value,PU,Public,16.071428571428573,16.071428571428573,49.40476190476191,49.40476190476191,49.40476190476191,66.07142857142857,94.64285714285714,94.64285714285714,94.64285714285714,94.64285714285714,94.64285714285714,94.64285714285714,94.64285714285714,77.97619047619048
A,Annual,JOR,Jordan,WB_RISE_RE_HE_CO,Heating and Cooling Renewables,SCORE,Score,WB_RISE,Regulatory Indicators for Sustainable Energy (RISE),0,Units,A,Normal value,PU,Public,0.0,0.0,0.0,0.0,0.0,0.0,0.0,0.0,0.0,0.0,0.0,16.666666666666668,16.666666666666668,27.777777777777786
A,Annual,JOR,Jordan,WB_RISE_RE_LVL_PLYNG_FLD,Leveling the Playing Field for Renewables,SCORE,Score,WB_RISE,Regulatory Indicators for Sustainable Energy (RISE),0,Units,A,Normal value,PU,Public,0.0,0.0,0.0,0.0,0.0,0.0,0.0,40.0,40.0,40.0,40.0,40.0,40.0,0.0
A,Annual,JOR,Jordan,WB_RISE_RE_TRNS,Transport Sector Renewables,SCORE,Score,WB_RISE,Regulatory Indicators for Sustainable Energy (RISE),0,Units,A,Normal value,PU,Public,0.0,0.0,0.0,0.0,16.666666666666668,16.666666666666668,16.666666666666668,16.666666666666668,16.666666666666668,33.333333333333336,33.333333333333336,33.333333333333336,33.333333333333336,16.666666666666668
A,Annual,JPN,Japan,WB_RISE_EE_ALL,Sustainable Energy - Energy Efficiency Score,SCORE,Score,WB_RISE,Regulatory Indicators for Sustainable Energy (RISE),0,Units,A,Normal value,PU,Public,48.70370370370371,48.70370370370371,48.70370370370371,51.2962962962963,53.14814814814815,57.96296296296296,63.05555555555556,63.05555555555556,64.53703703703702,66.23456790123457,66.23456790123457,68.45679012345678,73.11728395061729,85.61728395061726
A,Annual,JPN,Japan,WB_RISE_EE_BEC,Building Energy Codes,SCORE,Score,WB_RISE,Regulatory Indicators for Sustainable Energy (RISE),0,Units,A,Normal value,PU,Public,0.0,0.0,0.0,6.666666666666667,6.666666666666667,50.0,50.0,50.0,63.333333333333336,63.333333333333336,63.333333333333336,63.333333333333336,63.333333333333336,71.66666666666667
A,Annual,JPN,Japan,WB_RISE_EE_EES,Energy Efficiency Governance,SCORE,Score,WB_RISE,Regulatory Indicators for Sustainable Energy (RISE),0,Units,A,Normal value,PU,Public,30.55555555555556,30.55555555555556,30.55555555555556,30.55555555555556,30.55555555555556,30.55555555555556,30.55555555555556,30.55555555555556,30.55555555555556,30.55555555555556,30.55555555555556,50.55555555555556,77.22222222222223,77.22222222222223
A,Annual,JPN,Japan,WB_RISE_EE_ELS,Energy Labeling Systems,SCORE,Score,WB_RISE,Regulatory Indicators for Sustainable Energy (RISE),0,Units,A,Normal value,PU,Public,75.0,75.0,75.0,91.66666666666666,91.66666666666666,91.66666666666666,91.66666666666666,91.66666666666666,91.66666666666666,91.66666666666666,91.66666666666666,91.66666666666666,91.66666666666666,91.66666666666666
A,Annual,JPN,Japan,WB_RISE_EE_FMEE,Financing Mechanisms for Energy Efficiency,SCORE,Score,WB_RISE,Regulatory Indicators for Sustainable Energy (RISE),0,Units,A,Normal value,PU,Public,100.0,100.0,100.0,100.0,100.0,100.0,100.0,100.0,100.0,100.0,100.0,100.0,100.0,100.0
A,Annual,JPN,Japan,WB_RISE_EE_IMIC,Industrial and Commercial End Users,SCORE,Score,WB_RISE,Regulatory Indicators for Sustainable Energy (RISE),0,Units,A,Normal value,PU,Public,50.0,50.0,50.0,50.0,50.0,50.0,62.5,62.5,62.5,62.5,62.5,62.5,62.5,100.0
A,Annual,JPN,Japan,WB_RISE_EE_IMPS,Energy Efficiency in Public Sector,SCORE,Score,WB_RISE,Regulatory Indicators for Sustainable Energy (RISE),0,Units,A,Normal value,PU,Public,0.0,0.0,0.0,0.0,16.666666666666668,16.666666666666668,33.333333333333336,33.333333333333336,33.333333333333336,33.333333333333336,33.333333333333336,33.333333333333336,33.333333333333336,100.0
A,Annual,JPN,Japan,WB_RISE_EE_IMUT,Incentives & Mandates: Energy Utility Programs,SCORE,Score,WB_RISE,Regulatory Indicators for Sustainable Energy (RISE),0,Units,A,Normal value,PU,Public,46.66666666666667,46.66666666666667,46.66666666666667,46.66666666666667,46.66666666666667,46.66666666666667,63.333333333333336,63.333333333333336,63.333333333333336,63.333333333333336,63.333333333333336,63.333333333333336,63.333333333333336,63.333333333333336
A,Annual,JPN,Japan,WB_RISE_EE_MEEP,Minimum Energy Efficiency Performance Standards,SCORE,Score,WB_RISE,Regulatory Indicators for Sustainable Energy (RISE),0,Units,A,Normal value,PU,Public,61.11111111111112,61.11111111111112,61.11111111111112,61.11111111111112,61.11111111111112,61.11111111111112,61.11111111111112,61.11111111111112,61.11111111111112,76.38888888888889,76.38888888888889,76.38888888888889,91.66666666666669,91.66666666666669
A,Annual,JPN,Japan,WB_RISE_EE_TRN,Transport Sector,SCORE,Score,WB_RISE,Regulatory Indicators for Sustainable Energy (RISE),0,Units,A,Normal value,PU,Public,75.0,75.0,75.0,75.0,75.0,75.0,75.0,75.0,75.0,75.0,75.0,75.0,75.0,75.0
A,Annual,JPN,Japan,WB_RISE_RE_ALL,Sustainable Energy - Renewable Energy Score,SCORE,Score,WB_RISE,Regulatory Indicators for Sustainable Energy (RISE),0,Units,A,Normal value,PU,Public,4.523809523809524,5.07936507936508,5.746031746031746,5.746031746031746,6.301587301587302,6.857142857142857,6.857142857142857,7.412698412698414,17.412698412698415,23.603174603174605,28.047619047619047,47.82539682539683,66.77777777777779,63.537037037037045
A,Annual,JPN,Japan,WB_RISE_RE_ELEC,Electricity Sector Renewables,SCORE,Score,WB_RISE,Regulatory Indicators for Sustainable Energy (RISE),0,Units,A,Normal value,PU,Public,8.333333333333334,11.111111111111112,14.444444444444445,14.444444444444445,17.222222222222225,20.0,20.0,22.777777777777786,22.777777777777786,22.777777777777786,22.777777777777786,28.33333333333333,61.66666666666668,80.46296296296296
A,Annual,JPN,Japan,WB_RISE_RE_GOV,Renewable Energy - Governance,SCORE,Score,WB_RISE,Regulatory Indicators for Sustainable Energy (RISE),0,Units,A,Normal value,PU,Public,14.285714285714286,14.285714285714286,14.285714285714286,14.285714285714286,14.285714285714286,14.285714285714286,14.285714285714286,14.285714285714286,14.285714285714286,28.571428571428573,28.571428571428573,61.90476190476191,83.33333333333334,91.66666666666666
A,Annual,JPN,Japan,WB_RISE_RE_HE_CO,Heating and Cooling Renewables,SCORE,Score,WB_RISE,Regulatory Indicators for Sustainable Energy (RISE),0,Units,A,Normal value,PU,Public,0.0,0.0,0.0,0.0,0.0,0.0,0.0,0.0,0.0,0.0,0.0,0.0,0.0,55.55555555555557
A,Annual,JPN,Japan,WB_RISE_RE_LVL_PLYNG_FLD,Leveling the Playing Field for Renewables,SCORE,Score,WB_RISE,Regulatory Indicators for Sustainable Energy (RISE),0,Units,A,Normal value,PU,Public,0.0,0.0,0.0,0.0,0.0,0.0,0.0,0.0,0.0,0.0,0.0,60.0,100.0,40.0
A,Annual,JPN,Japan,WB_RISE_RE_TRNS,Transport Sector Renewables,SCORE,Score,WB_RISE,Regulatory Indicators for Sustainable Energy (RISE),0,Units,A,Normal value,PU,Public,0.0,0.0,0.0,0.0,0.0,0.0,0.0,0.0,50.0,66.66666666666667,88.8888888888889,88.8888888888889,88.8888888888889,50.0
A,Annual,KAZ,Kazakhstan,WB_RISE_EE_ALL,Sustainable Energy - Energy Efficiency Score,SCORE,Score,WB_RISE,Regulatory Indicators for Sustainable Energy (RISE),0,Units,A,Normal value,PU,Public,1.1111111111111112,1.1111111111111112,8.24074074074074,8.549382716049383,11.049382716049385,25.4320987654321,27.283950617283956,28.82716049382716,28.82716049382716,28.82716049382716,31.60493827160494,31.60493827160494,32.71604938271605,32.71604938271605
A,Annual,KAZ,Kazakhstan,WB_RISE_EE_BEC,Building Energy Codes,SCORE,Score,WB_RISE,Regulatory Indicators for Sustainable Energy (RISE),0,Units,A,Normal value,PU,Public,0.0,0.0,0.0,0.0,0.0,35.0,41.66666666666666,41.66666666666666,41.66666666666666,41.66666666666666,41.66666666666666,41.66666666666666,41.66666666666666,41.66666666666666
A,Annual,KAZ,Kazakhstan,WB_RISE_EE_EES,Energy Efficiency Governance,SCORE,Score,WB_RISE,Regulatory Indicators for Sustainable Energy (RISE),0,Units,A,Normal value,PU,Public,0.0,0.0,26.666666666666668,26.666666666666668,36.66666666666667,36.66666666666667,46.66666666666667,46.66666666666667,46.66666666666667,46.66666666666667,46.66666666666667,46.66666666666667,56.66666666666667,56.66666666666667
A,Annual,KAZ,Kazakhstan,WB_RISE_EE_ELS,Energy Labeling Systems,SCORE,Score,WB_RISE,Regulatory Indicators for Sustainable Energy (RISE),0,Units,A,Normal value,PU,Public,0.0,0.0,0.0,0.0,0.0,0.0,0.0,0.0,0.0,0.0,0.0,0.0,0.0,0.0
A,Annual,KAZ,Kazakhstan,WB_RISE_EE_FMEE,Financing Mechanisms for Energy Efficiency,SCORE,Score,WB_RISE,Regulatory Indicators for Sustainable Energy (RISE),0,Units,A,Normal value,PU,Public,0.0,0.0,0.0,0.0,0.0,50.0,50.0,50.0,50.0,50.0,50.0,50.0,50.0,50.0
A,Annual,KAZ,Kazakhstan,WB_RISE_EE_IMIC,Industrial and Commercial End Users,SCORE,Score,WB_RISE,Regulatory Indicators for Sustainable Energy (RISE),0,Units,A,Normal value,PU,Public,0.0,0.0,37.5,37.5,50.0,50.0,50.0,50.0,50.0,50.0,50.0,50.0,50.0,50.0
A,Annual,KAZ,Kazakhstan,WB_RISE_EE_IMPS,Energy Efficiency in Public Sector,SCORE,Score,WB_RISE,Regulatory Indicators for Sustainable Energy (RISE),0,Units,A,Normal value,PU,Public,0.0,0.0,0.0,0.0,0.0,0.0,0.0,0.0,0.0,0.0,0.0,0.0,0.0,0.0
A,Annual,KAZ,Kazakhstan,WB_RISE_EE_IMUT,Incentives & Mandates: Energy Utility Programs,SCORE,Score,WB_RISE,Regulatory Indicators for Sustainable Energy (RISE),0,Units,A,Normal value,PU,Public,10.0,10.0,10.0,10.0,10.0,26.666666666666668,26.666666666666668,26.666666666666668,26.666666666666668,26.666666666666668,26.666666666666668,26.666666666666668,26.666666666666668,26.666666666666668
A,Annual,KAZ,Kazakhstan,WB_RISE_EE_MEEP,Minimum Energy Efficiency Performance Standards,SCORE,Score,WB_RISE,Regulatory Indicators for Sustainable Energy (RISE),0,Units,A,Normal value,PU,Public,0.0,0.0,0.0,2.777777777777778,2.777777777777778,30.55555555555556,30.55555555555556,44.44444444444445,44.44444444444445,44.44444444444445,44.44444444444445,44.44444444444445,44.44444444444445,44.44444444444445
A,Annual,KAZ,Kazakhstan,WB_RISE_EE_TRN,Transport Sector,SCORE,Score,WB_RISE,Regulatory Indicators for Sustainable Energy (RISE),0,Units,A,Normal value,PU,Public,0.0,0.0,0.0,0.0,0.0,0.0,0.0,0.0,0.0,0.0,25.0,25.0,25.0,25.0
A,Annual,KAZ,Kazakhstan,WB_RISE_RE_ALL,Sustainable Energy - Renewable Energy Score,SCORE,Score,WB_RISE,Regulatory Indicators for Sustainable Energy (RISE),0,Units,A,Normal value,PU,Public,11.055555555555555,11.055555555555555,11.055555555555555,12.722222222222223,16.055555555555554,16.055555555555554,16.055555555555554,16.055555555555554,16.72222222222222,16.72222222222222,16.72222222222222,17.833333333333336,28.071428571428573,24.92328042328042
A,Annual,KAZ,Kazakhstan,WB_RISE_RE_ELEC,Electricity Sector Renewables,SCORE,Score,WB_RISE,Regulatory Indicators for Sustainable Energy (RISE),0,Units,A,Normal value,PU,Public,15.27777777777778,15.27777777777778,15.27777777777778,23.61111111111111,23.61111111111111,23.61111111111111,23.61111111111111,23.61111111111111,26.944444444444443,26.944444444444443,26.944444444444443,32.5,40.833333333333336,45.09259259259259
A,Annual,KAZ,Kazakhstan,WB_RISE_RE_GOV,Renewable Energy - Governance,SCORE,Score,WB_RISE,Regulatory Indicators for Sustainable Energy (RISE),0,Units,A,Normal value,PU,Public,0.0,0.0,0.0,0.0,16.666666666666668,16.666666666666668,16.666666666666668,16.666666666666668,16.666666666666668,16.666666666666668,16.666666666666668,16.666666666666668,59.52380952380952,59.52380952380952
A,Annual,KAZ,Kazakhstan,WB_RISE_RE_HE_CO,Heating and Cooling Renewables,SCORE,Score,WB_RISE,Regulatory Indicators for Sustainable Energy (RISE),0,Units,A,Normal value,PU,Public,0.0,0.0,0.0,0.0,0.0,0.0,0.0,0.0,0.0,0.0,0.0,0.0,0.0,0.0
A,Annual,KAZ,Kazakhstan,WB_RISE_RE_LVL_PLYNG_FLD,Leveling the Playing Field for Renewables,SCORE,Score,WB_RISE,Regulatory Indicators for Sustainable Energy (RISE),0,Units,A,Normal value,PU,Public,40.0,40.0,40.0,40.0,40.0,40.0,40.0,40.0,40.0,40.0,40.0,40.0,40.0,20.0
A,Annual,KAZ,Kazakhstan,WB_RISE_RE_TRNS,Transport Sector Renewables,SCORE,Score,WB_RISE,Regulatory Indicators for Sustainable Energy (RISE),0,Units,A,Normal value,PU,Public,0.0,0.0,0.0,0.0,0.0,0.0,0.0,0.0,0.0,0.0,0.0,0.0,0.0,0.0
A,Annual,KEN,Kenya,WB_RISE_CC_ALL,Sustainable Energy - Clean Cooking Score,SCORE,Score,WB_RISE,Regulatory Indicators for Sustainable Energy (RISE),0,Units,A,Normal value,PU,Public,0.0,4.166666666666667,4.166666666666667,15.0,17.083333333333336,5.555555555555556,20.13888888888889,20.13888888888889,20.13888888888889,29.72222222222222,80.0,80.0,79.02777777777779,80.69444444444444
A,Annual,KEN,Kenya,WB_RISE_CC_CCP,Clean Cooking National Planning,SCORE,Score,WB_RISE,Regulatory Indicators for Sustainable Energy (RISE),0,Units,A,Normal value,PU,Public,0.0,0.0,0.0,0.0,0.0,22.222222222222225,22.222222222222225,22.222222222222225,22.222222222222225,28.88888888888889,86.66666666666667,86.66666666666667,86.66666666666667,93.33333333333331
A,Annual,KEN,Kenya,WB_RISE_CC_FIAC,Incentives and Attributes for Clean Cooking,SCORE,Score,WB_RISE,Regulatory Indicators for Sustainable Energy (RISE),0,Units,A,Normal value,PU,Public,0.0,16.666666666666668,16.666666666666668,16.666666666666668,25.0,0.0,58.333333333333336,58.333333333333336,58.333333333333336,75.0,83.33333333333333,83.33333333333333,41.66666666666666,41.66666666666666
A,Annual,KEN,Kenya,WB_RISE_CC_SCCP,Implementation Scope of Clean Cooking Planning,SCORE,Score,WB_RISE,Regulatory Indicators for Sustainable Energy (RISE),0,Units,A,Normal value,PU,Public,0.0,0.0,0.0,0.0,0.0,0.0,0.0,0.0,0.0,0.0,80.0,80.0,94.44444444444444,94.44444444444444
A,Annual,KEN,Kenya,WB_RISE_CC_STLA,Standards and Labeling,SCORE,Score,WB_RISE,Regulatory Indicators for Sustainable Energy (RISE),0,Units,A,Normal value,PU,Public,0.0,0.0,0.0,43.333333333333336,43.333333333333336,0.0,0.0,0.0,0.0,15.0,70.0,70.0,93.33333333333331,93.33333333333331
A,Annual,KEN,Kenya,WB_RISE_CON_AFEL,Consumer Affordability of Electricity,SCORE,Score,WB_RISE,Regulatory Indicators for Sustainable Energy (RISE),0,Units,A,Normal value,PU,Public,12.836666666666668,12.836666666666668,12.836666666666668,12.836666666666668,12.836666666666668,12.836666666666668,12.836666666666668,12.836666666666668,29.50333333333333,46.17,46.17,46.17,46.17,46.17
A,Annual,KEN,Kenya,WB_RISE_EA_ALL,Sustainable Energy - Electricity Access Score,SCORE,Score,WB_RISE,Regulatory Indicators for Sustainable Energy (RISE),0,Units,A,Normal value,PU,Public,2.567333333333333,2.567333333333333,2.567333333333333,2.567333333333333,2.567333333333333,2.567333333333333,2.567333333333333,2.567333333333333,27.138761904761907,30.47209523809524,41.900666666666666,61.794846560846565,65.1281798941799,89.23400000000001
A,Annual,KEN,Kenya,WB_RISE_EE_ALL,Sustainable Energy - Energy Efficiency Score,SCORE,Score,WB_RISE,Regulatory Indicators for Sustainable Energy (RISE),0,Units,A,Normal value,PU,Public,0.0,0.0,0.0,0.0,0.0,0.0,16.203703703703702,16.203703703703702,16.203703703703702,16.203703703703702,68.39506172839508,68.39506172839508,68.39506172839508,73.8888888888889
A,Annual,KEN,Kenya,WB_RISE_EE_BEC,Building Energy Codes,SCORE,Score,WB_RISE,Regulatory Indicators for Sustainable Energy (RISE),0,Units,A,Normal value,PU,Public,0.0,0.0,0.0,0.0,0.0,0.0,0.0,0.0,0.0,0.0,93.33333333333331,93.33333333333331,93.33333333333331,93.33333333333331
A,Annual,KEN,Kenya,WB_RISE_EE_EES,Energy Efficiency Governance,SCORE,Score,WB_RISE,Regulatory Indicators for Sustainable Energy (RISE),0,Units,A,Normal value,PU,Public,0.0,0.0,0.0,0.0,0.0,0.0,0.0,0.0,0.0,0.0,97.22222222222224,97.22222222222224,97.22222222222224,100.0
A,Annual,KEN,Kenya,WB_RISE_EE_ELS,Energy Labeling Systems,SCORE,Score,WB_RISE,Regulatory Indicators for Sustainable Energy (RISE),0,Units,A,Normal value,PU,Public,0.0,0.0,0.0,0.0,0.0,0.0,70.83333333333333,70.83333333333333,70.83333333333333,70.83333333333333,83.33333333333334,83.33333333333334,83.33333333333334,83.33333333333334
A,Annual,KEN,Kenya,WB_RISE_EE_FMEE,Financing Mechanisms for Energy Efficiency,SCORE,Score,WB_RISE,Regulatory Indicators for Sustainable Energy (RISE),0,Units,A,Normal value,PU,Public,0.0,0.0,0.0,0.0,0.0,0.0,0.0,0.0,0.0,0.0,0.0,0.0,0.0,0.0
A,Annual,KEN,Kenya,WB_RISE_EE_IMIC,Industrial and Commercial End Users,SCORE,Score,WB_RISE,Regulatory Indicators for Sustainable Energy (RISE),0,Units,A,Normal value,PU,Public,0.0,0.0,0.0,0.0,0.0,0.0,0.0,0.0,0.0,0.0,100.0,100.0,100.0,100.0
A,Annual,KEN,Kenya,WB_RISE_EE_IMPS,Energy Efficiency in Public Sector,SCORE,Score,WB_RISE,Regulatory Indicators for Sustainable Energy (RISE),0,Units,A,Normal value,PU,Public,0.0,0.0,0.0,0.0,0.0,0.0,0.0,0.0,0.0,0.0,83.33333333333334,83.33333333333334,83.33333333333334,100.0
A,Annual,KEN,Kenya,WB_RISE_EE_IMUT,Incentives & Mandates: Energy Utility Programs,SCORE,Score,WB_RISE,Regulatory Indicators for Sustainable Energy (RISE),0,Units,A,Normal value,PU,Public,0.0,0.0,0.0,0.0,0.0,0.0,0.0,0.0,0.0,0.0,0.0,0.0,0.0,30.0
A,Annual,KEN,Kenya,WB_RISE_EE_MEEP,Minimum Energy Efficiency Performance Standards,SCORE,Score,WB_RISE,Regulatory Indicators for Sustainable Energy (RISE),0,Units,A,Normal value,PU,Public,0.0,0.0,0.0,0.0,0.0,0.0,75.0,75.0,75.0,75.0,75.0,75.0,75.0,75.0
A,Annual,KEN,Kenya,WB_RISE_EE_TRN,Transport Sector,SCORE,Score,WB_RISE,Regulatory Indicators for Sustainable Energy (RISE),0,Units,A,Normal value,PU,Public,0.0,0.0,0.0,0.0,0.0,0.0,0.0,0.0,0.0,0.0,83.33333333333334,83.33333333333334,83.33333333333334,83.33333333333334
A,Annual,KEN,Kenya,WB_RISE_ELTN_PL,Electrification Governance and Planning,SCORE,Score,WB_RISE,Regulatory Indicators for Sustainable Energy (RISE),0,Units,A,Normal value,PU,Public,0.0,0.0,0.0,0.0,0.0,0.0,0.0,0.0,37.142857142857146,37.142857142857146,56.19047619047618,56.19047619047618,56.19047619047618,100.0
A,Annual,KEN,Kenya,WB_RISE_FRM_MGRI,Minigrids Framework,SCORE,Score,WB_RISE,Regulatory Indicators for Sustainable Energy (RISE),0,Units,A,Normal value,PU,Public,0.0,0.0,0.0,0.0,0.0,0.0,0.0,0.0,19.047619047619047,19.047619047619047,23.80952380952381,56.61375661375661,56.61375661375661,100.0
A,Annual,KEN,Kenya,WB_RISE_FRM_OGS,Off-Grid Systems Framework,SCORE,Score,WB_RISE,Regulatory Indicators for Sustainable Energy (RISE),0,Units,A,Normal value,PU,Public,0.0,0.0,0.0,0.0,0.0,0.0,0.0,0.0,0.0,0.0,16.666666666666668,83.33333333333333,100.0,100.0
A,Annual,KEN,Kenya,WB_RISE_FR_GREL,Grid Electrification Framework,SCORE,Score,WB_RISE,Regulatory Indicators for Sustainable Energy (RISE),0,Units,A,Normal value,PU,Public,0.0,0.0,0.0,0.0,0.0,0.0,0.0,0.0,50.0,50.0,66.66666666666667,66.66666666666667,66.66666666666667,100.0
A,Annual,KEN,Kenya,WB_RISE_RE_ALL,Sustainable Energy - Renewable Energy Score,SCORE,Score,WB_RISE,Regulatory Indicators for Sustainable Energy (RISE),0,Units,A,Normal value,PU,Public,0.5555555555555556,0.5555555555555556,0.5555555555555556,0.5555555555555556,0.5555555555555556,0.5555555555555556,0.5555555555555556,0.5555555555555556,1.1111111111111112,5.03968253968254,10.595238095238097,20.500000000000004,27.814814814814817,42.92592592592593
A,Annual,KEN,Kenya,WB_RISE_RE_ELEC,Electricity Sector Renewables,SCORE,Score,WB_RISE,Regulatory Indicators for Sustainable Energy (RISE),0,Units,A,Normal value,PU,Public,2.777777777777778,2.777777777777778,2.777777777777778,2.777777777777778,2.777777777777778,2.777777777777778,2.777777777777778,2.777777777777778,5.555555555555556,18.055555555555557,18.055555555555557,28.88888888888889,48.7962962962963,72.96296296296296
A,Annual,KEN,Kenya,WB_RISE_RE_GOV,Renewable Energy - Governance,SCORE,Score,WB_RISE,Regulatory Indicators for Sustainable Energy (RISE),0,Units,A,Normal value,PU,Public,0.0,0.0,0.0,0.0,0.0,0.0,0.0,0.0,0.0,7.142857142857143,7.142857142857143,45.833333333333336,45.833333333333336,75.0
A,Annual,KEN,Kenya,WB_RISE_RE_HE_CO,Heating and Cooling Renewables,SCORE,Score,WB_RISE,Regulatory Indicators for Sustainable Energy (RISE),0,Units,A,Normal value,PU,Public,0.0,0.0,0.0,0.0,0.0,0.0,0.0,0.0,0.0,0.0,27.777777777777786,27.777777777777786,27.777777777777786,33.333333333333336
A,Annual,KEN,Kenya,WB_RISE_RE_LVL_PLYNG_FLD,Leveling the Playing Field for Renewables,SCORE,Score,WB_RISE,Regulatory Indicators for Sustainable Energy (RISE),0,Units,A,Normal value,PU,Public,0.0,0.0,0.0,0.0,0.0,0.0,0.0,0.0,0.0,0.0,0.0,0.0,0.0,0.0
A,Annual,KEN,Kenya,WB_RISE_RE_TRNS,Transport Sector Renewables,SCORE,Score,WB_RISE,Regulatory Indicators for Sustainable Energy (RISE),0,Units,A,Normal value,PU,Public,0.0,0.0,0.0,0.0,0.0,0.0,0.0,0.0,0.0,0.0,0.0,0.0,16.666666666666668,33.333333333333336
A,Annual,KGZ,Kyrgyz Republic,WB_RISE_EE_ALL,Sustainable Energy - Energy Efficiency Score,SCORE,Score,WB_RISE,Regulatory Indicators for Sustainable Energy (RISE),0,Units,A,Normal value,PU,Public,0.925925925925926,1.6666666666666667,1.6666666666666667,7.839506172839506,7.839506172839506,7.839506172839506,8.148148148148149,11.851851851851851,15.092592592592592,15.092592592592592,15.092592592592592,15.092592592592592,18.05555555555556,18.05555555555556
A,Annual,KGZ,Kyrgyz Republic,WB_RISE_EE_BEC,Building Energy Codes,SCORE,Score,WB_RISE,Regulatory Indicators for Sustainable Energy (RISE),0,Units,A,Normal value,PU,Public,0.0,6.666666666666667,6.666666666666667,6.666666666666667,6.666666666666667,6.666666666666667,6.666666666666667,6.666666666666667,6.666666666666667,6.666666666666667,6.666666666666667,6.666666666666667,33.333333333333336,33.333333333333336
A,Annual,KGZ,Kyrgyz Republic,WB_RISE_EE_EES,Energy Efficiency Governance,SCORE,Score,WB_RISE,Regulatory Indicators for Sustainable Energy (RISE),0,Units,A,Normal value,PU,Public,8.333333333333334,8.333333333333334,8.333333333333334,13.888888888888893,13.888888888888893,13.888888888888893,16.666666666666668,16.666666666666668,16.666666666666668,16.666666666666668,16.666666666666668,16.666666666666668,16.666666666666668,16.666666666666668
A,Annual,KGZ,Kyrgyz Republic,WB_RISE_EE_ELS,Energy Labeling Systems,SCORE,Score,WB_RISE,Regulatory Indicators for Sustainable Energy (RISE),0,Units,A,Normal value,PU,Public,0.0,0.0,0.0,0.0,0.0,0.0,0.0,0.0,0.0,0.0,0.0,0.0,0.0,0.0
A,Annual,KGZ,Kyrgyz Republic,WB_RISE_EE_FMEE,Financing Mechanisms for Energy Efficiency,SCORE,Score,WB_RISE,Regulatory Indicators for Sustainable Energy (RISE),0,Units,A,Normal value,PU,Public,0.0,0.0,0.0,50.0,50.0,50.0,50.0,50.0,50.0,50.0,50.0,50.0,50.0,50.0
A,Annual,KGZ,Kyrgyz Republic,WB_RISE_EE_IMIC,Industrial and Commercial End Users,SCORE,Score,WB_RISE,Regulatory Indicators for Sustainable Energy (RISE),0,Units,A,Normal value,PU,Public,0.0,0.0,0.0,0.0,0.0,0.0,0.0,0.0,12.5,12.5,12.5,12.5,12.5,12.5
A,Annual,KGZ,Kyrgyz Republic,WB_RISE_EE_IMPS,Energy Efficiency in Public Sector,SCORE,Score,WB_RISE,Regulatory Indicators for Sustainable Energy (RISE),0,Units,A,Normal value,PU,Public,0.0,0.0,0.0,0.0,0.0,0.0,0.0,0.0,0.0,0.0,0.0,0.0,0.0,0.0
A,Annual,KGZ,Kyrgyz Republic,WB_RISE_EE_IMUT,Incentives & Mandates: Energy Utility Programs,SCORE,Score,WB_RISE,Regulatory Indicators for Sustainable Energy (RISE),0,Units,A,Normal value,PU,Public,0.0,0.0,0.0,0.0,0.0,0.0,0.0,33.333333333333336,50.0,50.0,50.0,50.0,50.0,50.0
A,Annual,KGZ,Kyrgyz Republic,WB_RISE_EE_MEEP,Minimum Energy Efficiency Performance Standards,SCORE,Score,WB_RISE,Regulatory Indicators for Sustainable Energy (RISE),0,Units,A,Normal value,PU,Public,0.0,0.0,0.0,0.0,0.0,0.0,0.0,0.0,0.0,0.0,0.0,0.0,0.0,0.0
A,Annual,KGZ,Kyrgyz Republic,WB_RISE_EE_TRN,Transport Sector,SCORE,Score,WB_RISE,Regulatory Indicators for Sustainable Energy (RISE),0,Units,A,Normal value,PU,Public,0.0,0.0,0.0,0.0,0.0,0.0,0.0,0.0,0.0,0.0,0.0,0.0,0.0,0.0
A,Annual,KGZ,Kyrgyz Republic,WB_RISE_RE_ALL,Sustainable Energy - Renewable Energy Score,SCORE,Score,WB_RISE,Regulatory Indicators for Sustainable Energy (RISE),0,Units,A,Normal value,PU,Public,1.388888888888889,1.388888888888889,1.388888888888889,1.388888888888889,1.388888888888889,2.2222222222222223,2.2222222222222223,2.2222222222222223,5.555555555555555,5.555555555555555,5.555555555555555,12.412698412698417,12.412698412698417,17.06878306878307
A,Annual,KGZ,Kyrgyz Republic,WB_RISE_RE_ELEC,Electricity Sector Renewables,SCORE,Score,WB_RISE,Regulatory Indicators for Sustainable Energy (RISE),0,Units,A,Normal value,PU,Public,6.9444444444444455,6.9444444444444455,6.9444444444444455,6.9444444444444455,6.9444444444444455,11.111111111111112,11.111111111111112,11.111111111111112,11.111111111111112,11.111111111111112,11.111111111111112,11.111111111111112,11.111111111111112,21.85185185185185
A,Annual,KGZ,Kyrgyz Republic,WB_RISE_RE_GOV,Renewable Energy - Governance,SCORE,Score,WB_RISE,Regulatory Indicators for Sustainable Energy (RISE),0,Units,A,Normal value,PU,Public,0.0,0.0,0.0,0.0,0.0,0.0,0.0,0.0,16.666666666666668,16.666666666666668,16.666666666666668,30.95238095238096,30.95238095238096,19.047619047619047
A,Annual,KGZ,Kyrgyz Republic,WB_RISE_RE_HE_CO,Heating and Cooling Renewables,SCORE,Score,WB_RISE,Regulatory Indicators for Sustainable Energy (RISE),0,Units,A,Normal value,PU,Public,0.0,0.0,0.0,0.0,0.0,0.0,0.0,0.0,0.0,0.0,0.0,0.0,0.0,27.777777777777786
A,Annual,KGZ,Kyrgyz Republic,WB_RISE_RE_LVL_PLYNG_FLD,Leveling the Playing Field for Renewables,SCORE,Score,WB_RISE,Regulatory Indicators for Sustainable Energy (RISE),0,Units,A,Normal value,PU,Public,0.0,0.0,0.0,0.0,0.0,0.0,0.0,0.0,0.0,0.0,0.0,20.0,20.0,0.0
A,Annual,KGZ,Kyrgyz Republic,WB_RISE_RE_TRNS,Transport Sector Renewables,SCORE,Score,WB_RISE,Regulatory Indicators for Sustainable Energy (RISE),0,Units,A,Normal value,PU,Public,0.0,0.0,0.0,0.0,0.0,0.0,0.0,0.0,0.0,0.0,0.0,0.0,0.0,16.666666666666668
A,Annual,KHM,Cambodia,WB_RISE_CC_ALL,Sustainable Energy - Clean Cooking Score,SCORE,Score,WB_RISE,Regulatory Indicators for Sustainable Energy (RISE),0,Units,A,Normal value,PU,Public,1.6666666666666667,5.833333333333334,5.833333333333334,5.833333333333334,5.833333333333334,7.5,7.5,7.5,7.5,7.5,7.5,10.833333333333334,10.833333333333334,10.833333333333334
A,Annual,KHM,Cambodia,WB_RISE_CC_CCP,Clean Cooking National Planning,SCORE,Score,WB_RISE,Regulatory Indicators for Sustainable Energy (RISE),0,Units,A,Normal value,PU,Public,6.666666666666667,6.666666666666667,6.666666666666667,6.666666666666667,6.666666666666667,13.333333333333334,13.333333333333334,13.333333333333334,13.333333333333334,13.333333333333334,13.333333333333334,26.666666666666668,26.666666666666668,26.666666666666668
A,Annual,KHM,Cambodia,WB_RISE_CC_FIAC,Incentives and Attributes for Clean Cooking,SCORE,Score,WB_RISE,Regulatory Indicators for Sustainable Energy (RISE),0,Units,A,Normal value,PU,Public,0.0,16.666666666666668,16.666666666666668,16.666666666666668,16.666666666666668,16.666666666666668,16.666666666666668,16.666666666666668,16.666666666666668,16.666666666666668,16.666666666666668,16.666666666666668,16.666666666666668,16.666666666666668
A,Annual,KHM,Cambodia,WB_RISE_CC_SCCP,Implementation Scope of Clean Cooking Planning,SCORE,Score,WB_RISE,Regulatory Indicators for Sustainable Energy (RISE),0,Units,A,Normal value,PU,Public,0.0,0.0,0.0,0.0,0.0,0.0,0.0,0.0,0.0,0.0,0.0,0.0,0.0,0.0
A,Annual,KHM,Cambodia,WB_RISE_CC_STLA,Standards and Labeling,SCORE,Score,WB_RISE,Regulatory Indicators for Sustainable Energy (RISE),0,Units,A,Normal value,PU,Public,0.0,0.0,0.0,0.0,0.0,0.0,0.0,0.0,0.0,0.0,0.0,0.0,0.0,0.0
A,Annual,KHM,Cambodia,WB_RISE_CON_AFEL,Consumer Affordability of Electricity,SCORE,Score,WB_RISE,Regulatory Indicators for Sustainable Energy (RISE),0,Units,A,Normal value,PU,Public,66.30666666666667,66.30666666666667,66.30666666666667,66.30666666666667,66.30666666666667,66.30666666666667,66.30666666666667,66.30666666666667,66.30666666666667,66.30666666666667,66.30666666666667,66.30666666666667,66.30666666666667,82.97333333333334
A,Annual,KHM,Cambodia,WB_RISE_EA_ALL,Sustainable Energy - Electricity Access Score,SCORE,Score,WB_RISE,Regulatory Indicators for Sustainable Energy (RISE),0,Units,A,Normal value,PU,Public,43.20842328042328,43.20842328042328,43.20842328042328,46.54175661375662,46.54175661375662,47.49413756613757,47.49413756613757,49.55762962962963,49.55762962962963,67.84334391534392,67.84334391534392,67.84334391534392,68.79572486772487,78.6369947089947
A,Annual,KHM,Cambodia,WB_RISE_EE_ALL,Sustainable Energy - Energy Efficiency Score,SCORE,Score,WB_RISE,Regulatory Indicators for Sustainable Energy (RISE),0,Units,A,Normal value,PU,Public,1.1111111111111112,1.1111111111111112,1.1111111111111112,1.851851851851852,1.851851851851852,1.851851851851852,1.851851851851852,6.944444444444445,8.796296296296298,8.796296296296298,8.796296296296298,12.314814814814817,47.22222222222222,47.22222222222222
A,Annual,KHM,Cambodia,WB_RISE_EE_BEC,Building Energy Codes,SCORE,Score,WB_RISE,Regulatory Indicators for Sustainable Energy (RISE),0,Units,A,Normal value,PU,Public,0.0,0.0,0.0,6.666666666666667,6.666666666666667,6.666666666666667,6.666666666666667,6.666666666666667,6.666666666666667,6.666666666666667,6.666666666666667,13.333333333333334,41.66666666666666,41.66666666666666
A,Annual,KHM,Cambodia,WB_RISE_EE_EES,Energy Efficiency Governance,SCORE,Score,WB_RISE,Regulatory Indicators for Sustainable Energy (RISE),0,Units,A,Normal value,PU,Public,0.0,0.0,0.0,0.0,0.0,0.0,0.0,0.0,0.0,0.0,0.0,0.0,100.0,100.0
A,Annual,KHM,Cambodia,WB_RISE_EE_ELS,Energy Labeling Systems,SCORE,Score,WB_RISE,Regulatory Indicators for Sustainable Energy (RISE),0,Units,A,Normal value,PU,Public,0.0,0.0,0.0,0.0,0.0,0.0,0.0,0.0,0.0,0.0,0.0,0.0,0.0,0.0
A,Annual,KHM,Cambodia,WB_RISE_EE_FMEE,Financing Mechanisms for Energy Efficiency,SCORE,Score,WB_RISE,Regulatory Indicators for Sustainable Energy (RISE),0,Units,A,Normal value,PU,Public,0.0,0.0,0.0,0.0,0.0,0.0,0.0,33.333333333333336,33.333333333333336,33.333333333333336,33.333333333333336,33.333333333333336,33.333333333333336,33.333333333333336
A,Annual,KHM,Cambodia,WB_RISE_EE_IMIC,Industrial and Commercial End Users,SCORE,Score,WB_RISE,Regulatory Indicators for Sustainable Energy (RISE),0,Units,A,Normal value,PU,Public,0.0,0.0,0.0,0.0,0.0,0.0,0.0,12.5,12.5,12.5,12.5,12.5,100.0,100.0
A,Annual,KHM,Cambodia,WB_RISE_EE_IMPS,Energy Efficiency in Public Sector,SCORE,Score,WB_RISE,Regulatory Indicators for Sustainable Energy (RISE),0,Units,A,Normal value,PU,Public,0.0,0.0,0.0,0.0,0.0,0.0,0.0,0.0,0.0,0.0,0.0,0.0,50.0,50.0
A,Annual,KHM,Cambodia,WB_RISE_EE_IMUT,Incentives & Mandates: Energy Utility Programs,SCORE,Score,WB_RISE,Regulatory Indicators for Sustainable Energy (RISE),0,Units,A,Normal value,PU,Public,10.0,10.0,10.0,10.0,10.0,10.0,10.0,10.0,26.666666666666668,26.666666666666668,26.666666666666668,26.666666666666668,33.333333333333336,33.333333333333336
A,Annual,KHM,Cambodia,WB_RISE_EE_MEEP,Minimum Energy Efficiency Performance Standards,SCORE,Score,WB_RISE,Regulatory Indicators for Sustainable Energy (RISE),0,Units,A,Normal value,PU,Public,0.0,0.0,0.0,0.0,0.0,0.0,0.0,0.0,0.0,0.0,0.0,0.0,0.0,0.0
A,Annual,KHM,Cambodia,WB_RISE_EE_TRN,Transport Sector,SCORE,Score,WB_RISE,Regulatory Indicators for Sustainable Energy (RISE),0,Units,A,Normal value,PU,Public,0.0,0.0,0.0,0.0,0.0,0.0,0.0,0.0,0.0,0.0,0.0,25.0,66.66666666666667,66.66666666666667
A,Annual,KHM,Cambodia,WB_RISE_ELTN_PL,Electrification Governance and Planning,SCORE,Score,WB_RISE,Regulatory Indicators for Sustainable Energy (RISE),0,Units,A,Normal value,PU,Public,9.523809523809524,9.523809523809524,9.523809523809524,9.523809523809524,9.523809523809524,9.523809523809524,9.523809523809524,9.523809523809524,9.523809523809524,67.61904761904762,67.61904761904762,67.61904761904762,67.61904761904762,67.61904761904762
A,Annual,KHM,Cambodia,WB_RISE_FRM_MGRI,Minigrids Framework,SCORE,Score,WB_RISE,Regulatory Indicators for Sustainable Energy (RISE),0,Units,A,Normal value,PU,Public,40.21164021164021,40.21164021164021,40.21164021164021,40.21164021164021,40.21164021164021,44.97354497354497,44.97354497354497,49.73544973544974,49.73544973544974,49.73544973544974,49.73544973544974,49.73544973544974,54.4973544973545,59.25925925925926
A,Annual,KHM,Cambodia,WB_RISE_FRM_OGS,Off-Grid Systems Framework,SCORE,Score,WB_RISE,Regulatory Indicators for Sustainable Energy (RISE),0,Units,A,Normal value,PU,Public,66.66666666666667,66.66666666666667,66.66666666666667,66.66666666666667,66.66666666666667,66.66666666666667,66.66666666666667,72.22222222222223,72.22222222222223,72.22222222222223,72.22222222222223,72.22222222222223,72.22222222222223,83.33333333333333
A,Annual,KHM,Cambodia,WB_RISE_FR_GREL,Grid Electrification Framework,SCORE,Score,WB_RISE,Regulatory Indicators for Sustainable Energy (RISE),0,Units,A,Normal value,PU,Public,33.333333333333336,33.333333333333336,33.333333333333336,50.0,50.0,50.0,50.0,50.0,50.0,83.33333333333333,83.33333333333333,83.33333333333333,83.33333333333333,100.0
A,Annual,KHM,Cambodia,WB_RISE_RE_ALL,Sustainable Energy - Renewable Energy Score,SCORE,Score,WB_RISE,Regulatory Indicators for Sustainable Energy (RISE),0,Units,A,Normal value,PU,Public,2.650793650793651,2.650793650793651,2.650793650793651,2.650793650793651,5.984126984126984,12.841269841269844,16.174603174603174,16.174603174603174,18.67460317460317,22.00793650793651,22.00793650793651,22.00793650793651,25.15608465608465,16.50793650793651
A,Annual,KHM,Cambodia,WB_RISE_RE_ELEC,Electricity Sector Renewables,SCORE,Score,WB_RISE,Regulatory Indicators for Sustainable Energy (RISE),0,Units,A,Normal value,PU,Public,6.111111111111112,6.111111111111112,6.111111111111112,6.111111111111112,6.111111111111112,6.111111111111112,6.111111111111112,6.111111111111112,6.111111111111112,22.777777777777786,22.777777777777786,22.777777777777786,38.51851851851852,23.61111111111111
A,Annual,KHM,Cambodia,WB_RISE_RE_GOV,Renewable Energy - Governance,SCORE,Score,WB_RISE,Regulatory Indicators for Sustainable Energy (RISE),0,Units,A,Normal value,PU,Public,7.142857142857143,7.142857142857143,7.142857142857143,7.142857142857143,23.80952380952381,38.095238095238095,54.76190476190476,54.76190476190476,67.26190476190476,67.26190476190476,67.26190476190476,67.26190476190476,67.26190476190476,58.92857142857143
A,Annual,KHM,Cambodia,WB_RISE_RE_HE_CO,Heating and Cooling Renewables,SCORE,Score,WB_RISE,Regulatory Indicators for Sustainable Energy (RISE),0,Units,A,Normal value,PU,Public,0.0,0.0,0.0,0.0,0.0,0.0,0.0,0.0,0.0,0.0,0.0,0.0,0.0,0.0
A,Annual,KHM,Cambodia,WB_RISE_RE_LVL_PLYNG_FLD,Leveling the Playing Field for Renewables,SCORE,Score,WB_RISE,Regulatory Indicators for Sustainable Energy (RISE),0,Units,A,Normal value,PU,Public,0.0,0.0,0.0,0.0,0.0,20.0,20.0,20.0,20.0,20.0,20.0,20.0,20.0,0.0
A,Annual,KHM,Cambodia,WB_RISE_RE_TRNS,Transport Sector Renewables,SCORE,Score,WB_RISE,Regulatory Indicators for Sustainable Energy (RISE),0,Units,A,Normal value,PU,Public,0.0,0.0,0.0,0.0,0.0,0.0,0.0,0.0,0.0,0.0,0.0,0.0,0.0,0.0
A,Annual,KOR,"Korea, Rep.",WB_RISE_EE_ALL,Sustainable Energy - Energy Efficiency Score,SCORE,Score,WB_RISE,Regulatory Indicators for Sustainable Energy (RISE),0,Units,A,Normal value,PU,Public,47.40740740740741,47.40740740740741,47.40740740740741,47.40740740740741,48.51851851851851,48.51851851851851,51.29629629629629,54.07407407407407,65.92592592592592,80.64814814814814,84.9074074074074,84.9074074074074,93.7037037037037,95.92592592592592
A,Annual,KOR,"Korea, Rep.",WB_RISE_EE_BEC,Building Energy Codes,SCORE,Score,WB_RISE,Regulatory Indicators for Sustainable Energy (RISE),0,Units,A,Normal value,PU,Public,0.0,0.0,0.0,0.0,0.0,0.0,0.0,0.0,6.666666666666667,20.0,33.333333333333336,33.333333333333336,100.0,100.0
A,Annual,KOR,"Korea, Rep.",WB_RISE_EE_EES,Energy Efficiency Governance,SCORE,Score,WB_RISE,Regulatory Indicators for Sustainable Energy (RISE),0,Units,A,Normal value,PU,Public,33.333333333333336,33.333333333333336,33.333333333333336,33.333333333333336,43.333333333333336,43.333333333333336,43.333333333333336,43.333333333333336,43.333333333333336,100.0,100.0,100.0,100.0,100.0
A,Annual,KOR,"Korea, Rep.",WB_RISE_EE_ELS,Energy Labeling Systems,SCORE,Score,WB_RISE,Regulatory Indicators for Sustainable Energy (RISE),0,Units,A,Normal value,PU,Public,100.0,100.0,100.0,100.0,100.0,100.0,100.0,100.0,100.0,100.0,100.0,100.0,100.0,100.0
A,Annual,KOR,"Korea, Rep.",WB_RISE_EE_FMEE,Financing Mechanisms for Energy Efficiency,SCORE,Score,WB_RISE,Regulatory Indicators for Sustainable Energy (RISE),0,Units,A,Normal value,PU,Public,50.0,50.0,50.0,50.0,50.0,50.0,50.0,50.0,100.0,100.0,100.0,100.0,100.0,100.0
A,Annual,KOR,"Korea, Rep.",WB_RISE_EE_IMIC,Industrial and Commercial End Users,SCORE,Score,WB_RISE,Regulatory Indicators for Sustainable Energy (RISE),0,Units,A,Normal value,PU,Public,0.0,0.0,0.0,0.0,0.0,0.0,0.0,0.0,50.0,62.5,87.5,87.5,100.0,100.0
A,Annual,KOR,"Korea, Rep.",WB_RISE_EE_IMPS,Energy Efficiency in Public Sector,SCORE,Score,WB_RISE,Regulatory Indicators for Sustainable Energy (RISE),0,Units,A,Normal value,PU,Public,66.66666666666667,66.66666666666667,66.66666666666667,66.66666666666667,66.66666666666667,66.66666666666667,66.66666666666667,66.66666666666667,66.66666666666667,100.0,100.0,100.0,100.0,100.0
A,Annual,KOR,"Korea, Rep.",WB_RISE_EE_IMUT,Incentives & Mandates: Energy Utility Programs,SCORE,Score,WB_RISE,Regulatory Indicators for Sustainable Energy (RISE),0,Units,A,Normal value,PU,Public,26.666666666666668,26.666666666666668,26.666666666666668,26.666666666666668,26.666666666666668,26.666666666666668,26.666666666666668,26.666666666666668,26.666666666666668,43.333333333333336,43.333333333333336,43.333333333333336,43.333333333333336,63.333333333333336
A,Annual,KOR,"Korea, Rep.",WB_RISE_EE_MEEP,Minimum Energy Efficiency Performance Standards,SCORE,Score,WB_RISE,Regulatory Indicators for Sustainable Energy (RISE),0,Units,A,Normal value,PU,Public,100.0,100.0,100.0,100.0,100.0,100.0,100.0,100.0,100.0,100.0,100.0,100.0,100.0,100.0
A,Annual,KOR,"Korea, Rep.",WB_RISE_EE_TRN,Transport Sector,SCORE,Score,WB_RISE,Regulatory Indicators for Sustainable Energy (RISE),0,Units,A,Normal value,PU,Public,50.0,50.0,50.0,50.0,50.0,50.0,75.0,100.0,100.0,100.0,100.0,100.0,100.0,100.0
A,Annual,KOR,"Korea, Rep.",WB_RISE_RE_ALL,Sustainable Energy - Renewable Energy Score,SCORE,Score,WB_RISE,Regulatory Indicators for Sustainable Energy (RISE),0,Units,A,Normal value,PU,Public,7.611111111111112,10.944444444444446,13.444444444444446,13.444444444444446,13.814814814814817,25.14814814814815,25.14814814814815,35.18518518518518,38.04232804232804,41.37566137566138,48.35714285714286,61.80952380952382,62.365079365079374,61.24074074074074
A,Annual,KOR,"Korea, Rep.",WB_RISE_RE_ELEC,Electricity Sector Renewables,SCORE,Score,WB_RISE,Regulatory Indicators for Sustainable Energy (RISE),0,Units,A,Normal value,PU,Public,21.38888888888889,21.38888888888889,33.88888888888889,33.88888888888889,35.74074074074074,35.74074074074074,35.74074074074074,52.59259259259259,52.59259259259259,52.59259259259259,61.94444444444445,74.44444444444444,77.22222222222223,85.0925925925926
A,Annual,KOR,"Korea, Rep.",WB_RISE_RE_GOV,Renewable Energy - Governance,SCORE,Score,WB_RISE,Regulatory Indicators for Sustainable Energy (RISE),0,Units,A,Normal value,PU,Public,16.666666666666668,16.666666666666668,16.666666666666668,16.666666666666668,16.666666666666668,16.666666666666668,16.666666666666668,50.0,64.28571428571429,64.28571428571429,64.28571428571429,85.71428571428572,85.71428571428572,100.0
A,Annual,KOR,"Korea, Rep.",WB_RISE_RE_HE_CO,Heating and Cooling Renewables,SCORE,Score,WB_RISE,Regulatory Indicators for Sustainable Energy (RISE),0,Units,A,Normal value,PU,Public,0.0,0.0,0.0,0.0,0.0,16.666666666666668,16.666666666666668,16.666666666666668,16.666666666666668,16.666666666666668,22.222222222222225,22.222222222222225,22.222222222222225,11.111111111111112
A,Annual,KOR,"Korea, Rep.",WB_RISE_RE_LVL_PLYNG_FLD,Leveling the Playing Field for Renewables,SCORE,Score,WB_RISE,Regulatory Indicators for Sustainable Energy (RISE),0,Units,A,Normal value,PU,Public,0.0,0.0,0.0,0.0,0.0,40.0,40.0,40.0,40.0,40.0,60.0,60.0,60.0,60.0
A,Annual,KOR,"Korea, Rep.",WB_RISE_RE_TRNS,Transport Sector Renewables,SCORE,Score,WB_RISE,Regulatory Indicators for Sustainable Energy (RISE),0,Units,A,Normal value,PU,Public,0.0,16.666666666666668,16.666666666666668,16.666666666666668,16.666666666666668,16.666666666666668,16.666666666666668,16.666666666666668,16.666666666666668,33.333333333333336,33.333333333333336,66.66666666666667,66.66666666666667,50.0
A,Annual,KWT,Kuwait,WB_RISE_EE_ALL,Sustainable Energy - Energy Efficiency Score,SCORE,Score,WB_RISE,Regulatory Indicators for Sustainable Energy (RISE),0,Units,A,Normal value,PU,Public,12.97530864197531,15.271604938271606,15.271604938271606,15.271604938271606,24.685185185185183,24.685185185185183,24.685185185185183,27.46296296296296,29.623456790123456,32.8641975308642,32.8641975308642,34.25308641975309,34.25308641975309,34.25308641975309
A,Annual,KWT,Kuwait,WB_RISE_EE_BEC,Building Energy Codes,SCORE,Score,WB_RISE,Regulatory Indicators for Sustainable Energy (RISE),0,Units,A,Normal value,PU,Public,35.0,35.0,35.0,35.0,35.0,35.0,35.0,35.0,35.0,35.0,35.0,35.0,35.0,35.0
A,Annual,KWT,Kuwait,WB_RISE_EE_EES,Energy Efficiency Governance,SCORE,Score,WB_RISE,Regulatory Indicators for Sustainable Energy (RISE),0,Units,A,Normal value,PU,Public,45.11111111111112,65.77777777777779,65.77777777777779,65.77777777777779,65.77777777777779,65.77777777777779,65.77777777777779,65.77777777777779,65.77777777777779,65.77777777777779,65.77777777777779,65.77777777777779,65.77777777777779,65.77777777777779
A,Annual,KWT,Kuwait,WB_RISE_EE_ELS,Energy Labeling Systems,SCORE,Score,WB_RISE,Regulatory Indicators for Sustainable Energy (RISE),0,Units,A,Normal value,PU,Public,0.0,0.0,0.0,0.0,0.0,0.0,0.0,0.0,8.333333333333334,12.5,12.5,12.5,12.5,12.5
A,Annual,KWT,Kuwait,WB_RISE_EE_FMEE,Financing Mechanisms for Energy Efficiency,SCORE,Score,WB_RISE,Regulatory Indicators for Sustainable Energy (RISE),0,Units,A,Normal value,PU,Public,0.0,0.0,0.0,0.0,50.0,50.0,50.0,50.0,50.0,50.0,50.0,50.0,50.0,50.0
A,Annual,KWT,Kuwait,WB_RISE_EE_IMIC,Industrial and Commercial End Users,SCORE,Score,WB_RISE,Regulatory Indicators for Sustainable Energy (RISE),0,Units,A,Normal value,PU,Public,0.0,0.0,0.0,0.0,0.0,0.0,0.0,0.0,0.0,0.0,0.0,12.5,12.5,12.5
A,Annual,KWT,Kuwait,WB_RISE_EE_IMPS,Energy Efficiency in Public Sector,SCORE,Score,WB_RISE,Regulatory Indicators for Sustainable Energy (RISE),0,Units,A,Normal value,PU,Public,16.666666666666668,16.666666666666668,16.666666666666668,16.666666666666668,50.0,50.0,50.0,50.0,50.0,50.0,50.0,50.0,50.0,50.0
A,Annual,KWT,Kuwait,WB_RISE_EE_IMUT,Incentives & Mandates: Energy Utility Programs,SCORE,Score,WB_RISE,Regulatory Indicators for Sustainable Energy (RISE),0,Units,A,Normal value,PU,Public,20.0,20.0,20.0,20.0,20.0,20.0,20.0,20.0,20.0,20.0,20.0,20.0,20.0,20.0
A,Annual,KWT,Kuwait,WB_RISE_EE_MEEP,Minimum Energy Efficiency Performance Standards,SCORE,Score,WB_RISE,Regulatory Indicators for Sustainable Energy (RISE),0,Units,A,Normal value,PU,Public,0.0,0.0,0.0,0.0,1.388888888888889,1.388888888888889,1.388888888888889,26.38888888888889,37.5,37.5,37.5,37.5,37.5,37.5
A,Annual,KWT,Kuwait,WB_RISE_EE_TRN,Transport Sector,SCORE,Score,WB_RISE,Regulatory Indicators for Sustainable Energy (RISE),0,Units,A,Normal value,PU,Public,0.0,0.0,0.0,0.0,0.0,0.0,0.0,0.0,0.0,25.0,25.0,25.0,25.0,25.0
A,Annual,KWT,Kuwait,WB_RISE_RE_ALL,Sustainable Energy - Renewable Energy Score,SCORE,Score,WB_RISE,Regulatory Indicators for Sustainable Energy (RISE),0,Units,A,Normal value,PU,Public,6.666666666666667,6.666666666666667,10.0,10.555555555555555,11.38888888888889,11.38888888888889,16.388888888888893,16.388888888888893,20.388888888888893,20.388888888888893,20.388888888888893,20.388888888888893,20.388888888888893,11.75925925925926
A,Annual,KWT,Kuwait,WB_RISE_RE_ELEC,Electricity Sector Renewables,SCORE,Score,WB_RISE,Regulatory Indicators for Sustainable Energy (RISE),0,Units,A,Normal value,PU,Public,0.0,0.0,16.666666666666668,19.444444444444446,23.61111111111111,23.61111111111111,23.61111111111111,23.61111111111111,23.61111111111111,23.61111111111111,23.61111111111111,23.61111111111111,23.61111111111111,17.12962962962963
A,Annual,KWT,Kuwait,WB_RISE_RE_GOV,Renewable Energy - Governance,SCORE,Score,WB_RISE,Regulatory Indicators for Sustainable Energy (RISE),0,Units,A,Normal value,PU,Public,16.666666666666668,16.666666666666668,16.666666666666668,16.666666666666668,16.666666666666668,16.666666666666668,41.66666666666667,41.66666666666667,41.66666666666667,41.66666666666667,41.66666666666667,41.66666666666667,41.66666666666667,41.66666666666667
A,Annual,KWT,Kuwait,WB_RISE_RE_HE_CO,Heating and Cooling Renewables,SCORE,Score,WB_RISE,Regulatory Indicators for Sustainable Energy (RISE),0,Units,A,Normal value,PU,Public,16.666666666666668,16.666666666666668,16.666666666666668,16.666666666666668,16.666666666666668,16.666666666666668,16.666666666666668,16.666666666666668,16.666666666666668,16.666666666666668,16.666666666666668,16.666666666666668,16.666666666666668,0.0
A,Annual,KWT,Kuwait,WB_RISE_RE_LVL_PLYNG_FLD,Leveling the Playing Field for Renewables,SCORE,Score,WB_RISE,Regulatory Indicators for Sustainable Energy (RISE),0,Units,A,Normal value,PU,Public,0.0,0.0,0.0,0.0,0.0,0.0,0.0,0.0,20.0,20.0,20.0,20.0,20.0,0.0
A,Annual,KWT,Kuwait,WB_RISE_RE_TRNS,Transport Sector Renewables,SCORE,Score,WB_RISE,Regulatory Indicators for Sustainable Energy (RISE),0,Units,A,Normal value,PU,Public,0.0,0.0,0.0,0.0,0.0,0.0,0.0,0.0,0.0,0.0,0.0,0.0,0.0,0.0
A,Annual,LAO,Lao PDR,WB_RISE_CC_ALL,Sustainable Energy - Clean Cooking Score,SCORE,Score,WB_RISE,Regulatory Indicators for Sustainable Energy (RISE),0,Units,A,Normal value,PU,Public,5.0,5.0,7.777777777777779,21.11111111111111,21.11111111111111,5.555555555555556,20.13888888888889,20.13888888888889,20.13888888888889,29.72222222222222,80.0,80.0,60.97222222222222,60.97222222222222
A,Annual,LAO,Lao PDR,WB_RISE_CC_CCP,Clean Cooking National Planning,SCORE,Score,WB_RISE,Regulatory Indicators for Sustainable Energy (RISE),0,Units,A,Normal value,PU,Public,20.0,20.0,20.0,26.666666666666668,26.666666666666668,22.222222222222225,22.222222222222225,22.222222222222225,22.222222222222225,28.88888888888889,86.66666666666667,86.66666666666667,80.0,80.0
A,Annual,LAO,Lao PDR,WB_RISE_CC_FIAC,Incentives and Attributes for Clean Cooking,SCORE,Score,WB_RISE,Regulatory Indicators for Sustainable Energy (RISE),0,Units,A,Normal value,PU,Public,0.0,0.0,0.0,0.0,0.0,0.0,58.333333333333336,58.333333333333336,58.333333333333336,75.0,83.33333333333333,83.33333333333333,41.66666666666666,41.66666666666666
A,Annual,LAO,Lao PDR,WB_RISE_CC_SCCP,Implementation Scope of Clean Cooking Planning,SCORE,Score,WB_RISE,Regulatory Indicators for Sustainable Energy (RISE),0,Units,A,Normal value,PU,Public,0.0,0.0,11.111111111111112,11.111111111111112,11.111111111111112,0.0,0.0,0.0,0.0,0.0,80.0,80.0,42.22222222222222,42.22222222222222
A,Annual,LAO,Lao PDR,WB_RISE_CC_STLA,Standards and Labeling,SCORE,Score,WB_RISE,Regulatory Indicators for Sustainable Energy (RISE),0,Units,A,Normal value,PU,Public,0.0,0.0,0.0,46.66666666666666,46.66666666666666,0.0,0.0,0.0,0.0,15.0,70.0,70.0,80.0,80.0
A,Annual,LAO,Lao PDR,WB_RISE_CON_AFEL,Consumer Affordability of Electricity,SCORE,Score,WB_RISE,Regulatory Indicators for Sustainable Energy (RISE),0,Units,A,Normal value,PU,Public,66.66656666666667,66.66656666666667,66.66656666666667,66.66656666666667,66.66656666666667,66.66656666666667,66.66656666666667,66.66656666666667,66.66656666666667,66.66656666666667,66.66656666666667,66.66656666666667,66.66656666666667,66.66656666666667
A,Annual,LAO,Lao PDR,WB_RISE_EA_ALL,Sustainable Energy - Electricity Access Score,SCORE,Score,WB_RISE,Regulatory Indicators for Sustainable Energy (RISE),0,Units,A,Normal value,PU,Public,13.333313333333331,19.31214931216931,19.31214931216931,19.31214931216931,40.73013873015873,40.73013873015873,40.73013873015873,40.73013873015873,40.73013873015873,40.73013873015873,40.73013873015873,40.73013873015873,42.63490063492063,42.63490063492063
A,Annual,LAO,Lao PDR,WB_RISE_EE_ALL,Sustainable Energy - Energy Efficiency Score,SCORE,Score,WB_RISE,Regulatory Indicators for Sustainable Energy (RISE),0,Units,A,Normal value,PU,Public,1.234567901234568,1.4567901234567904,1.4567901234567904,1.4567901234567904,9.08641975308642,10.197530864197532,11.308641975308642,12.419753086419751,13.530864197530866,14.641975308641976,14.641975308641976,15.382716049382717,15.382716049382717,15.382716049382717
A,Annual,LAO,Lao PDR,WB_RISE_EE_BEC,Building Energy Codes,SCORE,Score,WB_RISE,Regulatory Indicators for Sustainable Energy (RISE),0,Units,A,Normal value,PU,Public,0.0,0.0,0.0,0.0,0.0,0.0,0.0,0.0,0.0,0.0,0.0,6.666666666666667,6.666666666666667,6.666666666666667
A,Annual,LAO,Lao PDR,WB_RISE_EE_EES,Energy Efficiency Governance,SCORE,Score,WB_RISE,Regulatory Indicators for Sustainable Energy (RISE),0,Units,A,Normal value,PU,Public,11.111111111111112,13.111111111111112,13.111111111111112,13.111111111111112,15.111111111111112,15.111111111111112,25.111111111111114,25.111111111111114,25.111111111111114,25.111111111111114,25.111111111111114,25.111111111111114,25.111111111111114,25.111111111111114
A,Annual,LAO,Lao PDR,WB_RISE_EE_ELS,Energy Labeling Systems,SCORE,Score,WB_RISE,Regulatory Indicators for Sustainable Energy (RISE),0,Units,A,Normal value,PU,Public,0.0,0.0,0.0,0.0,0.0,0.0,0.0,0.0,0.0,0.0,0.0,0.0,0.0,0.0
A,Annual,LAO,Lao PDR,WB_RISE_EE_FMEE,Financing Mechanisms for Energy Efficiency,SCORE,Score,WB_RISE,Regulatory Indicators for Sustainable Energy (RISE),0,Units,A,Normal value,PU,Public,0.0,0.0,0.0,0.0,33.333333333333336,33.333333333333336,33.333333333333336,33.333333333333336,33.333333333333336,33.333333333333336,33.333333333333336,33.333333333333336,33.333333333333336,33.333333333333336
A,Annual,LAO,Lao PDR,WB_RISE_EE_IMIC,Industrial and Commercial End Users,SCORE,Score,WB_RISE,Regulatory Indicators for Sustainable Energy (RISE),0,Units,A,Normal value,PU,Public,0.0,0.0,0.0,0.0,0.0,0.0,0.0,0.0,0.0,0.0,0.0,0.0,0.0,0.0
A,Annual,LAO,Lao PDR,WB_RISE_EE_IMPS,Energy Efficiency in Public Sector,SCORE,Score,WB_RISE,Regulatory Indicators for Sustainable Energy (RISE),0,Units,A,Normal value,PU,Public,0.0,0.0,0.0,0.0,16.666666666666668,16.666666666666668,16.666666666666668,16.666666666666668,16.666666666666668,16.666666666666668,16.666666666666668,16.666666666666668,16.666666666666668,16.666666666666668
A,Annual,LAO,Lao PDR,WB_RISE_EE_IMUT,Incentives & Mandates: Energy Utility Programs,SCORE,Score,WB_RISE,Regulatory Indicators for Sustainable Energy (RISE),0,Units,A,Normal value,PU,Public,0.0,0.0,0.0,0.0,0.0,10.0,10.0,20.0,30.0,40.0,40.0,40.0,40.0,40.0
A,Annual,LAO,Lao PDR,WB_RISE_EE_MEEP,Minimum Energy Efficiency Performance Standards,SCORE,Score,WB_RISE,Regulatory Indicators for Sustainable Energy (RISE),0,Units,A,Normal value,PU,Public,0.0,0.0,0.0,0.0,0.0,0.0,0.0,0.0,0.0,0.0,0.0,0.0,0.0,0.0
A,Annual,LAO,Lao PDR,WB_RISE_EE_TRN,Transport Sector,SCORE,Score,WB_RISE,Regulatory Indicators for Sustainable Energy (RISE),0,Units,A,Normal value,PU,Public,0.0,0.0,0.0,0.0,16.666666666666668,16.666666666666668,16.666666666666668,16.666666666666668,16.666666666666668,16.666666666666668,16.666666666666668,16.666666666666668,16.666666666666668,16.666666666666668
A,Annual,LAO,Lao PDR,WB_RISE_ELTN_PL,Electrification Governance and Planning,SCORE,Score,WB_RISE,Regulatory Indicators for Sustainable Energy (RISE),0,Units,A,Normal value,PU,Public,0.0,9.523809523809524,9.523809523809524,9.523809523809524,55.23809523809524,55.23809523809524,55.23809523809524,55.23809523809524,55.23809523809524,55.23809523809524,55.23809523809524,55.23809523809524,64.76190476190476,64.76190476190476
A,Annual,LAO,Lao PDR,WB_RISE_FRM_MGRI,Minigrids Framework,SCORE,Score,WB_RISE,Regulatory Indicators for Sustainable Energy (RISE),0,Units,A,Normal value,PU,Public,0.0,3.703703703703704,3.703703703703704,3.703703703703704,20.63492063492064,20.63492063492064,20.63492063492064,20.63492063492064,20.63492063492064,20.63492063492064,20.63492063492064,20.63492063492064,20.63492063492064,20.63492063492064
A,Annual,LAO,Lao PDR,WB_RISE_FRM_OGS,Off-Grid Systems Framework,SCORE,Score,WB_RISE,Regulatory Indicators for Sustainable Energy (RISE),0,Units,A,Normal value,PU,Public,0.0,0.0,0.0,0.0,11.111111111111112,11.111111111111112,11.111111111111112,11.111111111111112,11.111111111111112,11.111111111111112,11.111111111111112,11.111111111111112,11.111111111111112,11.111111111111112
A,Annual,LAO,Lao PDR,WB_RISE_FR_GREL,Grid Electrification Framework,SCORE,Score,WB_RISE,Regulatory Indicators for Sustainable Energy (RISE),0,Units,A,Normal value,PU,Public,0.0,16.666666666666668,16.666666666666668,16.666666666666668,50.0,50.0,50.0,50.0,50.0,50.0,50.0,50.0,50.0,50.0
A,Annual,LAO,Lao PDR,WB_RISE_RE_ALL,Sustainable Energy - Renewable Energy Score,SCORE,Score,WB_RISE,Regulatory Indicators for Sustainable Energy (RISE),0,Units,A,Normal value,PU,Public,0.0,10.0,10.0,10.0,13.333333333333334,13.333333333333334,13.333333333333334,13.333333333333334,13.333333333333334,13.333333333333334,13.333333333333334,16.666666666666668,19.52380952380953,23.89417989417989
A,Annual,LAO,Lao PDR,WB_RISE_RE_ELEC,Electricity Sector Renewables,SCORE,Score,WB_RISE,Regulatory Indicators for Sustainable Energy (RISE),0,Units,A,Normal value,PU,Public,0.0,16.666666666666668,16.666666666666668,16.666666666666668,16.666666666666668,16.666666666666668,16.666666666666668,16.666666666666668,16.666666666666668,16.666666666666668,16.666666666666668,27.77777777777777,27.77777777777777,35.74074074074074
A,Annual,LAO,Lao PDR,WB_RISE_RE_GOV,Renewable Energy - Governance,SCORE,Score,WB_RISE,Regulatory Indicators for Sustainable Energy (RISE),0,Units,A,Normal value,PU,Public,0.0,16.666666666666668,16.666666666666668,16.666666666666668,16.666666666666668,16.666666666666668,16.666666666666668,16.666666666666668,16.666666666666668,16.666666666666668,16.666666666666668,16.666666666666668,30.95238095238096,22.61904761904762
A,Annual,LAO,Lao PDR,WB_RISE_RE_HE_CO,Heating and Cooling Renewables,SCORE,Score,WB_RISE,Regulatory Indicators for Sustainable Energy (RISE),0,Units,A,Normal value,PU,Public,0.0,0.0,0.0,0.0,0.0,0.0,0.0,0.0,0.0,0.0,0.0,0.0,0.0,27.777777777777786
A,Annual,LAO,Lao PDR,WB_RISE_RE_LVL_PLYNG_FLD,Leveling the Playing Field for Renewables,SCORE,Score,WB_RISE,Regulatory Indicators for Sustainable Energy (RISE),0,Units,A,Normal value,PU,Public,0.0,0.0,0.0,0.0,0.0,0.0,0.0,0.0,0.0,0.0,0.0,0.0,0.0,0.0
A,Annual,LAO,Lao PDR,WB_RISE_RE_TRNS,Transport Sector Renewables,SCORE,Score,WB_RISE,Regulatory Indicators for Sustainable Energy (RISE),0,Units,A,Normal value,PU,Public,0.0,16.666666666666668,16.666666666666668,16.666666666666668,33.333333333333336,33.333333333333336,33.333333333333336,33.333333333333336,33.333333333333336,33.333333333333336,33.333333333333336,38.88888888888889,38.88888888888889,33.333333333333336
A,Annual,LBN,Lebanon,WB_RISE_EE_ALL,Sustainable Energy - Energy Efficiency Score,SCORE,Score,WB_RISE,Regulatory Indicators for Sustainable Energy (RISE),0,Units,A,Normal value,PU,Public,13.14814814814815,16.11111111111111,20.55555555555556,20.55555555555556,21.635802469135808,25.64814814814815,32.0,32.0,32.0,32.0,32.0,34.592592592592595,34.592592592592595,34.592592592592595
A,Annual,LBN,Lebanon,WB_RISE_EE_BEC,Building Energy Codes,SCORE,Score,WB_RISE,Regulatory Indicators for Sustainable Energy (RISE),0,Units,A,Normal value,PU,Public,6.666666666666667,6.666666666666667,13.333333333333334,13.333333333333334,13.333333333333334,13.333333333333334,13.333333333333334,13.333333333333334,13.333333333333334,13.333333333333334,13.333333333333334,20.0,20.0,20.0
A,Annual,LBN,Lebanon,WB_RISE_EE_EES,Energy Efficiency Governance,SCORE,Score,WB_RISE,Regulatory Indicators for Sustainable Energy (RISE),0,Units,A,Normal value,PU,Public,43.333333333333336,70.0,70.0,70.0,70.0,70.0,98.0,98.0,98.0,98.0,98.0,98.0,98.0,98.0
A,Annual,LBN,Lebanon,WB_RISE_EE_ELS,Energy Labeling Systems,SCORE,Score,WB_RISE,Regulatory Indicators for Sustainable Energy (RISE),0,Units,A,Normal value,PU,Public,0.0,0.0,0.0,0.0,0.0,0.0,0.0,0.0,0.0,0.0,0.0,0.0,0.0,0.0
A,Annual,LBN,Lebanon,WB_RISE_EE_FMEE,Financing Mechanisms for Energy Efficiency,SCORE,Score,WB_RISE,Regulatory Indicators for Sustainable Energy (RISE),0,Units,A,Normal value,PU,Public,33.333333333333336,33.333333333333336,66.66666666666667,66.66666666666667,66.66666666666667,66.66666666666667,66.66666666666667,66.66666666666667,66.66666666666667,66.66666666666667,66.66666666666667,66.66666666666667,66.66666666666667,66.66666666666667
A,Annual,LBN,Lebanon,WB_RISE_EE_IMIC,Industrial and Commercial End Users,SCORE,Score,WB_RISE,Regulatory Indicators for Sustainable Energy (RISE),0,Units,A,Normal value,PU,Public,0.0,0.0,0.0,0.0,0.0,0.0,12.5,12.5,12.5,12.5,12.5,12.5,12.5,12.5
A,Annual,LBN,Lebanon,WB_RISE_EE_IMPS,Energy Efficiency in Public Sector,SCORE,Score,WB_RISE,Regulatory Indicators for Sustainable Energy (RISE),0,Units,A,Normal value,PU,Public,0.0,0.0,0.0,0.0,0.0,16.666666666666668,33.333333333333336,33.333333333333336,33.333333333333336,33.333333333333336,33.333333333333336,50.0,50.0,50.0
A,Annual,LBN,Lebanon,WB_RISE_EE_IMUT,Incentives & Mandates: Energy Utility Programs,SCORE,Score,WB_RISE,Regulatory Indicators for Sustainable Energy (RISE),0,Units,A,Normal value,PU,Public,35.0,35.0,35.0,35.0,35.0,51.66666666666667,51.66666666666667,51.66666666666667,51.66666666666667,51.66666666666667,51.66666666666667,51.66666666666667,51.66666666666667,51.66666666666667
A,Annual,LBN,Lebanon,WB_RISE_EE_MEEP,Minimum Energy Efficiency Performance Standards,SCORE,Score,WB_RISE,Regulatory Indicators for Sustainable Energy (RISE),0,Units,A,Normal value,PU,Public,0.0,0.0,0.0,0.0,9.722222222222223,12.5,12.5,12.5,12.5,12.5,12.5,12.5,12.5,12.5
A,Annual,LBN,Lebanon,WB_RISE_EE_TRN,Transport Sector,SCORE,Score,WB_RISE,Regulatory Indicators for Sustainable Energy (RISE),0,Units,A,Normal value,PU,Public,0.0,0.0,0.0,0.0,0.0,0.0,0.0,0.0,0.0,0.0,0.0,0.0,0.0,0.0
A,Annual,LBN,Lebanon,WB_RISE_RE_ALL,Sustainable Energy - Renewable Energy Score,SCORE,Score,WB_RISE,Regulatory Indicators for Sustainable Energy (RISE),0,Units,A,Normal value,PU,Public,3.690476190476191,10.357142857142858,13.69047619047619,14.060846560846562,14.060846560846562,14.060846560846562,20.283068783068785,23.87830687830688,27.21164021164021,31.97354497354497,49.30687830687831,49.30687830687831,49.30687830687831,33.38095238095238
A,Annual,LBN,Lebanon,WB_RISE_RE_ELEC,Electricity Sector Renewables,SCORE,Score,WB_RISE,Regulatory Indicators for Sustainable Energy (RISE),0,Units,A,Normal value,PU,Public,4.166666666666667,4.166666666666667,4.166666666666667,6.018518518518519,6.018518518518519,6.018518518518519,20.462962962962965,31.29629629629629,31.29629629629629,31.29629629629629,47.96296296296296,47.96296296296296,47.96296296296296,55.0
A,Annual,LBN,Lebanon,WB_RISE_RE_GOV,Renewable Energy - Governance,SCORE,Score,WB_RISE,Regulatory Indicators for Sustainable Energy (RISE),0,Units,A,Normal value,PU,Public,14.285714285714286,47.61904761904762,47.61904761904762,47.61904761904762,47.61904761904762,47.61904761904762,47.61904761904762,54.76190476190476,54.76190476190476,78.57142857142857,78.57142857142857,78.57142857142857,78.57142857142857,61.90476190476191
A,Annual,LBN,Lebanon,WB_RISE_RE_HE_CO,Heating and Cooling Renewables,SCORE,Score,WB_RISE,Regulatory Indicators for Sustainable Energy (RISE),0,Units,A,Normal value,PU,Public,0.0,0.0,16.666666666666668,16.666666666666668,16.666666666666668,16.666666666666668,33.333333333333336,33.333333333333336,33.333333333333336,33.333333333333336,50.0,50.0,50.0,33.333333333333336
A,Annual,LBN,Lebanon,WB_RISE_RE_LVL_PLYNG_FLD,Leveling the Playing Field for Renewables,SCORE,Score,WB_RISE,Regulatory Indicators for Sustainable Energy (RISE),0,Units,A,Normal value,PU,Public,0.0,0.0,0.0,0.0,0.0,0.0,0.0,0.0,0.0,0.0,20.0,20.0,20.0,0.0
A,Annual,LBN,Lebanon,WB_RISE_RE_TRNS,Transport Sector Renewables,SCORE,Score,WB_RISE,Regulatory Indicators for Sustainable Energy (RISE),0,Units,A,Normal value,PU,Public,0.0,0.0,0.0,0.0,0.0,0.0,0.0,0.0,16.666666666666668,16.666666666666668,50.0,50.0,50.0,16.666666666666668
A,Annual,LBR,Liberia,WB_RISE_CC_ALL,Sustainable Energy - Clean Cooking Score,SCORE,Score,WB_RISE,Regulatory Indicators for Sustainable Energy (RISE),0,Units,A,Normal value,PU,Public,0.0,0.0,0.0,0.0,0.0,5.555555555555556,20.13888888888889,20.13888888888889,20.13888888888889,29.72222222222222,80.0,80.0,31.38888888888889,31.38888888888889
A,Annual,LBR,Liberia,WB_RISE_CC_CCP,Clean Cooking National Planning,SCORE,Score,WB_RISE,Regulatory Indicators for Sustainable Energy (RISE),0,Units,A,Normal value,PU,Public,0.0,0.0,0.0,0.0,0.0,22.222222222222225,22.222222222222225,22.222222222222225,22.222222222222225,28.88888888888889,86.66666666666667,86.66666666666667,73.33333333333333,73.33333333333333
A,Annual,LBR,Liberia,WB_RISE_CC_FIAC,Incentives and Attributes for Clean Cooking,SCORE,Score,WB_RISE,Regulatory Indicators for Sustainable Energy (RISE),0,Units,A,Normal value,PU,Public,0.0,0.0,0.0,0.0,0.0,0.0,58.333333333333336,58.333333333333336,58.333333333333336,75.0,83.33333333333333,83.33333333333333,16.666666666666668,16.666666666666668
A,Annual,LBR,Liberia,WB_RISE_CC_SCCP,Implementation Scope of Clean Cooking Planning,SCORE,Score,WB_RISE,Regulatory Indicators for Sustainable Energy (RISE),0,Units,A,Normal value,PU,Public,0.0,0.0,0.0,0.0,0.0,0.0,0.0,0.0,0.0,0.0,80.0,80.0,35.55555555555556,35.55555555555556
A,Annual,LBR,Liberia,WB_RISE_CC_STLA,Standards and Labeling,SCORE,Score,WB_RISE,Regulatory Indicators for Sustainable Energy (RISE),0,Units,A,Normal value,PU,Public,0.0,0.0,0.0,0.0,0.0,0.0,0.0,0.0,0.0,15.0,70.0,70.0,0.0,0.0
A,Annual,LBR,Liberia,WB_RISE_CON_AFEL,Consumer Affordability of Electricity,SCORE,Score,WB_RISE,Regulatory Indicators for Sustainable Energy (RISE),0,Units,A,Normal value,PU,Public,66.64666666666666,66.64666666666666,66.64666666666666,66.64666666666666,66.64666666666666,66.64666666666666,66.64666666666666,66.64666666666666,66.64666666666666,66.64666666666666,66.64666666666666,66.64666666666666,83.31333333333333,83.31333333333333
A,Annual,LBR,Liberia,WB_RISE_EA_ALL,Sustainable Energy - Electricity Access Score,SCORE,Score,WB_RISE,Regulatory Indicators for Sustainable Energy (RISE),0,Units,A,Normal value,PU,Public,13.329333333333333,13.329333333333333,13.329333333333333,13.329333333333333,13.329333333333333,13.329333333333333,37.615047619047616,37.615047619047616,37.615047619047616,37.615047619047616,47.773777777777774,49.67853968253968,60.84256084656086,60.84256084656086
A,Annual,LBR,Liberia,WB_RISE_EE_ALL,Sustainable Energy - Energy Efficiency Score,SCORE,Score,WB_RISE,Regulatory Indicators for Sustainable Energy (RISE),0,Units,A,Normal value,PU,Public,0.0,0.0,0.0,0.0,0.0,0.0,0.0,0.0,2.5308641975308643,2.5308641975308643,2.5308641975308643,3.641975308641976,3.641975308641976,4.753086419753086
A,Annual,LBR,Liberia,WB_RISE_EE_BEC,Building Energy Codes,SCORE,Score,WB_RISE,Regulatory Indicators for Sustainable Energy (RISE),0,Units,A,Normal value,PU,Public,0.0,0.0,0.0,0.0,0.0,0.0,0.0,0.0,0.0,0.0,0.0,0.0,0.0,0.0
A,Annual,LBR,Liberia,WB_RISE_EE_EES,Energy Efficiency Governance,SCORE,Score,WB_RISE,Regulatory Indicators for Sustainable Energy (RISE),0,Units,A,Normal value,PU,Public,0.0,0.0,0.0,0.0,0.0,0.0,0.0,0.0,22.77777777777778,22.77777777777778,22.77777777777778,22.77777777777778,22.77777777777778,22.77777777777778
A,Annual,LBR,Liberia,WB_RISE_EE_ELS,Energy Labeling Systems,SCORE,Score,WB_RISE,Regulatory Indicators for Sustainable Energy (RISE),0,Units,A,Normal value,PU,Public,0.0,0.0,0.0,0.0,0.0,0.0,0.0,0.0,0.0,0.0,0.0,0.0,0.0,0.0
A,Annual,LBR,Liberia,WB_RISE_EE_FMEE,Financing Mechanisms for Energy Efficiency,SCORE,Score,WB_RISE,Regulatory Indicators for Sustainable Energy (RISE),0,Units,A,Normal value,PU,Public,0.0,0.0,0.0,0.0,0.0,0.0,0.0,0.0,0.0,0.0,0.0,0.0,0.0,0.0
A,Annual,LBR,Liberia,WB_RISE_EE_IMIC,Industrial and Commercial End Users,SCORE,Score,WB_RISE,Regulatory Indicators for Sustainable Energy (RISE),0,Units,A,Normal value,PU,Public,0.0,0.0,0.0,0.0,0.0,0.0,0.0,0.0,0.0,0.0,0.0,0.0,0.0,0.0
A,Annual,LBR,Liberia,WB_RISE_EE_IMPS,Energy Efficiency in Public Sector,SCORE,Score,WB_RISE,Regulatory Indicators for Sustainable Energy (RISE),0,Units,A,Normal value,PU,Public,0.0,0.0,0.0,0.0,0.0,0.0,0.0,0.0,0.0,0.0,0.0,0.0,0.0,0.0
A,Annual,LBR,Liberia,WB_RISE_EE_IMUT,Incentives & Mandates: Energy Utility Programs,SCORE,Score,WB_RISE,Regulatory Indicators for Sustainable Energy (RISE),0,Units,A,Normal value,PU,Public,0.0,0.0,0.0,0.0,0.0,0.0,0.0,0.0,0.0,0.0,0.0,10.0,10.0,20.0
A,Annual,LBR,Liberia,WB_RISE_EE_MEEP,Minimum Energy Efficiency Performance Standards,SCORE,Score,WB_RISE,Regulatory Indicators for Sustainable Energy (RISE),0,Units,A,Normal value,PU,Public,0.0,0.0,0.0,0.0,0.0,0.0,0.0,0.0,0.0,0.0,0.0,0.0,0.0,0.0
A,Annual,LBR,Liberia,WB_RISE_EE_TRN,Transport Sector,SCORE,Score,WB_RISE,Regulatory Indicators for Sustainable Energy (RISE),0,Units,A,Normal value,PU,Public,0.0,0.0,0.0,0.0,0.0,0.0,0.0,0.0,0.0,0.0,0.0,0.0,0.0,0.0
A,Annual,LBR,Liberia,WB_RISE_ELTN_PL,Electrification Governance and Planning,SCORE,Score,WB_RISE,Regulatory Indicators for Sustainable Energy (RISE),0,Units,A,Normal value,PU,Public,0.0,0.0,0.0,0.0,0.0,0.0,71.42857142857143,71.42857142857143,71.42857142857143,71.42857142857143,76.19047619047619,85.71428571428571,90.47619047619048,90.47619047619048
A,Annual,LBR,Liberia,WB_RISE_FRM_MGRI,Minigrids Framework,SCORE,Score,WB_RISE,Regulatory Indicators for Sustainable Energy (RISE),0,Units,A,Normal value,PU,Public,0.0,0.0,0.0,0.0,0.0,0.0,0.0,0.0,0.0,0.0,23.80952380952381,23.80952380952381,58.2010582010582,58.2010582010582
A,Annual,LBR,Liberia,WB_RISE_FRM_OGS,Off-Grid Systems Framework,SCORE,Score,WB_RISE,Regulatory Indicators for Sustainable Energy (RISE),0,Units,A,Normal value,PU,Public,0.0,0.0,0.0,0.0,0.0,0.0,33.333333333333336,33.333333333333336,33.333333333333336,33.333333333333336,55.55555555555557,55.55555555555557,55.55555555555557,55.55555555555557
A,Annual,LBR,Liberia,WB_RISE_FR_GREL,Grid Electrification Framework,SCORE,Score,WB_RISE,Regulatory Indicators for Sustainable Energy (RISE),0,Units,A,Normal value,PU,Public,0.0,0.0,0.0,0.0,0.0,0.0,16.666666666666668,16.666666666666668,16.666666666666668,16.666666666666668,16.666666666666668,16.666666666666668,16.666666666666668,16.666666666666668
A,Annual,LBR,Liberia,WB_RISE_RE_ALL,Sustainable Energy - Renewable Energy Score,SCORE,Score,WB_RISE,Regulatory Indicators for Sustainable Energy (RISE),0,Units,A,Normal value,PU,Public,0.0,0.0,0.0,0.0,0.0,0.0,17.166666666666668,17.166666666666668,17.166666666666668,17.166666666666668,18.5952380952381,22.24603174603175,22.24603174603175,14.46825396825397
A,Annual,LBR,Liberia,WB_RISE_RE_ELEC,Electricity Sector Renewables,SCORE,Score,WB_RISE,Regulatory Indicators for Sustainable Energy (RISE),0,Units,A,Normal value,PU,Public,0.0,0.0,0.0,0.0,0.0,0.0,35.833333333333336,35.833333333333336,35.833333333333336,35.833333333333336,35.833333333333336,46.94444444444445,46.94444444444445,41.38888888888889
A,Annual,LBR,Liberia,WB_RISE_RE_GOV,Renewable Energy - Governance,SCORE,Score,WB_RISE,Regulatory Indicators for Sustainable Energy (RISE),0,Units,A,Normal value,PU,Public,0.0,0.0,0.0,0.0,0.0,0.0,33.333333333333336,33.333333333333336,33.333333333333336,33.333333333333336,40.47619047619048,47.61904761904762,47.61904761904762,30.95238095238096
A,Annual,LBR,Liberia,WB_RISE_RE_HE_CO,Heating and Cooling Renewables,SCORE,Score,WB_RISE,Regulatory Indicators for Sustainable Energy (RISE),0,Units,A,Normal value,PU,Public,0.0,0.0,0.0,0.0,0.0,0.0,16.666666666666668,16.666666666666668,16.666666666666668,16.666666666666668,16.666666666666668,16.666666666666668,16.666666666666668,0.0
A,Annual,LBR,Liberia,WB_RISE_RE_LVL_PLYNG_FLD,Leveling the Playing Field for Renewables,SCORE,Score,WB_RISE,Regulatory Indicators for Sustainable Energy (RISE),0,Units,A,Normal value,PU,Public,0.0,0.0,0.0,0.0,0.0,0.0,0.0,0.0,0.0,0.0,0.0,0.0,0.0,0.0
A,Annual,LBR,Liberia,WB_RISE_RE_TRNS,Transport Sector Renewables,SCORE,Score,WB_RISE,Regulatory Indicators for Sustainable Energy (RISE),0,Units,A,Normal value,PU,Public,0.0,0.0,0.0,0.0,0.0,0.0,0.0,0.0,0.0,0.0,0.0,0.0,0.0,0.0
A,Annual,LKA,Sri Lanka,WB_RISE_CC_ALL,Sustainable Energy - Clean Cooking Score,SCORE,Score,WB_RISE,Regulatory Indicators for Sustainable Energy (RISE),0,Units,A,Normal value,PU,Public,6.388888888888889,6.388888888888889,6.388888888888889,6.388888888888889,6.388888888888889,3.055555555555556,3.055555555555556,3.055555555555556,3.055555555555556,3.055555555555556,3.055555555555556,3.055555555555556,13.055555555555555,13.055555555555555
A,Annual,LKA,Sri Lanka,WB_RISE_CC_CCP,Clean Cooking National Planning,SCORE,Score,WB_RISE,Regulatory Indicators for Sustainable Energy (RISE),0,Units,A,Normal value,PU,Public,6.666666666666667,6.666666666666667,6.666666666666667,6.666666666666667,6.666666666666667,6.666666666666667,6.666666666666667,6.666666666666667,6.666666666666667,6.666666666666667,6.666666666666667,6.666666666666667,13.333333333333334,13.333333333333334
A,Annual,LKA,Sri Lanka,WB_RISE_CC_FIAC,Incentives and Attributes for Clean Cooking,SCORE,Score,WB_RISE,Regulatory Indicators for Sustainable Energy (RISE),0,Units,A,Normal value,PU,Public,0.0,0.0,0.0,0.0,0.0,0.0,0.0,0.0,0.0,0.0,0.0,0.0,0.0,0.0
A,Annual,LKA,Sri Lanka,WB_RISE_CC_SCCP,Implementation Scope of Clean Cooking Planning,SCORE,Score,WB_RISE,Regulatory Indicators for Sustainable Energy (RISE),0,Units,A,Normal value,PU,Public,18.88888888888889,18.88888888888889,18.88888888888889,18.88888888888889,18.88888888888889,5.555555555555556,5.555555555555556,5.555555555555556,5.555555555555556,5.555555555555556,5.555555555555556,5.555555555555556,38.88888888888889,38.88888888888889
A,Annual,LKA,Sri Lanka,WB_RISE_CC_STLA,Standards and Labeling,SCORE,Score,WB_RISE,Regulatory Indicators for Sustainable Energy (RISE),0,Units,A,Normal value,PU,Public,0.0,0.0,0.0,0.0,0.0,0.0,0.0,0.0,0.0,0.0,0.0,0.0,0.0,0.0
A,Annual,LKA,Sri Lanka,WB_RISE_CON_AFEL,Consumer Affordability of Electricity,SCORE,Score,WB_RISE,Regulatory Indicators for Sustainable Energy (RISE),0,Units,A,Normal value,PU,Public,82.33333333333333,82.33333333333333,82.33333333333333,82.33333333333333,82.33333333333333,82.33333333333333,82.33333333333333,82.33333333333333,82.33333333333333,99.0,99.0,99.0,99.0,99.0
A,Annual,LKA,Sri Lanka,WB_RISE_EA_ALL,Sustainable Energy - Electricity Access Score,SCORE,Score,WB_RISE,Regulatory Indicators for Sustainable Energy (RISE),0,Units,A,Normal value,PU,Public,38.06455026455027,38.06455026455027,38.06455026455027,38.06455026455027,38.06455026455027,38.06455026455027,38.06455026455027,38.06455026455027,38.06455026455027,82.39259259259259,82.39259259259259,82.39259259259259,82.39259259259259,82.39259259259259
A,Annual,LKA,Sri Lanka,WB_RISE_EE_ALL,Sustainable Energy - Energy Efficiency Score,SCORE,Score,WB_RISE,Regulatory Indicators for Sustainable Energy (RISE),0,Units,A,Normal value,PU,Public,19.444444444444443,22.22222222222222,26.38888888888889,26.38888888888889,26.38888888888889,26.38888888888889,26.85185185185185,26.85185185185185,26.85185185185185,45.64814814814815,49.50617283950618,57.22222222222222,57.22222222222222,60.8641975308642
A,Annual,LKA,Sri Lanka,WB_RISE_EE_BEC,Building Energy Codes,SCORE,Score,WB_RISE,Regulatory Indicators for Sustainable Energy (RISE),0,Units,A,Normal value,PU,Public,0.0,0.0,0.0,0.0,0.0,0.0,0.0,0.0,0.0,0.0,0.0,50.0,50.0,50.0
A,Annual,LKA,Sri Lanka,WB_RISE_EE_EES,Energy Efficiency Governance,SCORE,Score,WB_RISE,Regulatory Indicators for Sustainable Energy (RISE),0,Units,A,Normal value,PU,Public,16.666666666666668,16.666666666666668,16.666666666666668,16.666666666666668,16.666666666666668,16.666666666666668,16.666666666666668,16.666666666666668,16.666666666666668,90.0,90.0,90.0,90.0,90.0
A,Annual,LKA,Sri Lanka,WB_RISE_EE_ELS,Energy Labeling Systems,SCORE,Score,WB_RISE,Regulatory Indicators for Sustainable Energy (RISE),0,Units,A,Normal value,PU,Public,37.5,37.5,37.5,37.5,37.5,37.5,41.66666666666667,41.66666666666667,41.66666666666667,41.66666666666667,54.16666666666666,62.5,62.5,62.5
A,Annual,LKA,Sri Lanka,WB_RISE_EE_FMEE,Financing Mechanisms for Energy Efficiency,SCORE,Score,WB_RISE,Regulatory Indicators for Sustainable Energy (RISE),0,Units,A,Normal value,PU,Public,33.333333333333336,33.333333333333336,33.333333333333336,33.333333333333336,33.333333333333336,33.333333333333336,33.333333333333336,33.333333333333336,33.333333333333336,50.0,50.0,50.0,50.0,50.0
A,Annual,LKA,Sri Lanka,WB_RISE_EE_IMIC,Industrial and Commercial End Users,SCORE,Score,WB_RISE,Regulatory Indicators for Sustainable Energy (RISE),0,Units,A,Normal value,PU,Public,12.5,12.5,50.0,50.0,50.0,50.0,50.0,50.0,50.0,62.5,75.0,75.0,75.0,75.0
A,Annual,LKA,Sri Lanka,WB_RISE_EE_IMPS,Energy Efficiency in Public Sector,SCORE,Score,WB_RISE,Regulatory Indicators for Sustainable Energy (RISE),0,Units,A,Normal value,PU,Public,16.666666666666668,16.666666666666668,16.666666666666668,16.666666666666668,16.666666666666668,16.666666666666668,16.666666666666668,16.666666666666668,16.666666666666668,83.33333333333334,83.33333333333334,83.33333333333334,83.33333333333334,83.33333333333334
A,Annual,LKA,Sri Lanka,WB_RISE_EE_IMUT,Incentives & Mandates: Energy Utility Programs,SCORE,Score,WB_RISE,Regulatory Indicators for Sustainable Energy (RISE),0,Units,A,Normal value,PU,Public,16.666666666666668,16.666666666666668,16.666666666666668,16.666666666666668,16.666666666666668,16.666666666666668,16.666666666666668,16.666666666666668,16.666666666666668,16.666666666666668,16.666666666666668,16.666666666666668,16.666666666666668,46.66666666666667
A,Annual,LKA,Sri Lanka,WB_RISE_EE_MEEP,Minimum Energy Efficiency Performance Standards,SCORE,Score,WB_RISE,Regulatory Indicators for Sustainable Energy (RISE),0,Units,A,Normal value,PU,Public,41.66666666666667,41.66666666666667,41.66666666666667,41.66666666666667,41.66666666666667,41.66666666666667,41.66666666666667,41.66666666666667,41.66666666666667,41.66666666666667,51.388888888888886,62.5,62.5,65.27777777777777
A,Annual,LKA,Sri Lanka,WB_RISE_EE_TRN,Transport Sector,SCORE,Score,WB_RISE,Regulatory Indicators for Sustainable Energy (RISE),0,Units,A,Normal value,PU,Public,0.0,25.0,25.0,25.0,25.0,25.0,25.0,25.0,25.0,25.0,25.0,25.0,25.0,25.0
A,Annual,LKA,Sri Lanka,WB_RISE_ELTN_PL,Electrification Governance and Planning,SCORE,Score,WB_RISE,Regulatory Indicators for Sustainable Energy (RISE),0,Units,A,Normal value,PU,Public,40.0,40.0,40.0,40.0,40.0,40.0,40.0,40.0,40.0,100.0,100.0,100.0,100.0,100.0
A,Annual,LKA,Sri Lanka,WB_RISE_FRM_MGRI,Minigrids Framework,SCORE,Score,WB_RISE,Regulatory Indicators for Sustainable Energy (RISE),0,Units,A,Normal value,PU,Public,29.100529100529094,29.100529100529094,29.100529100529094,29.100529100529094,29.100529100529094,29.100529100529094,29.100529100529094,29.100529100529094,29.100529100529094,51.85185185185185,51.85185185185185,51.85185185185185,51.85185185185185,51.85185185185185
A,Annual,LKA,Sri Lanka,WB_RISE_FRM_OGS,Off-Grid Systems Framework,SCORE,Score,WB_RISE,Regulatory Indicators for Sustainable Energy (RISE),0,Units,A,Normal value,PU,Public,22.222222222222225,22.222222222222225,22.222222222222225,22.222222222222225,22.222222222222225,22.222222222222225,22.222222222222225,22.222222222222225,22.222222222222225,61.11111111111111,61.11111111111111,61.11111111111111,61.11111111111111,61.11111111111111
A,Annual,LKA,Sri Lanka,WB_RISE_FR_GREL,Grid Electrification Framework,SCORE,Score,WB_RISE,Regulatory Indicators for Sustainable Energy (RISE),0,Units,A,Normal value,PU,Public,16.666666666666668,16.666666666666668,16.666666666666668,16.666666666666668,16.666666666666668,16.666666666666668,16.666666666666668,16.666666666666668,16.666666666666668,100.0,100.0,100.0,100.0,100.0
A,Annual,LKA,Sri Lanka,WB_RISE_RE_ALL,Sustainable Energy - Renewable Energy Score,SCORE,Score,WB_RISE,Regulatory Indicators for Sustainable Energy (RISE),0,Units,A,Normal value,PU,Public,4.206349206349207,4.206349206349207,4.206349206349207,4.206349206349207,4.206349206349207,5.03968253968254,5.03968253968254,5.03968253968254,5.595238095238096,6.150793650793651,6.150793650793651,14.761904761904765,14.761904761904765,41.089947089947096
A,Annual,LKA,Sri Lanka,WB_RISE_RE_ELEC,Electricity Sector Renewables,SCORE,Score,WB_RISE,Regulatory Indicators for Sustainable Energy (RISE),0,Units,A,Normal value,PU,Public,13.888888888888893,13.888888888888893,13.888888888888893,13.888888888888893,13.888888888888893,18.05555555555556,18.05555555555556,18.05555555555556,20.833333333333336,23.611111111111114,23.611111111111114,29.166666666666668,29.166666666666668,62.59259259259259
A,Annual,LKA,Sri Lanka,WB_RISE_RE_GOV,Renewable Energy - Governance,SCORE,Score,WB_RISE,Regulatory Indicators for Sustainable Energy (RISE),0,Units,A,Normal value,PU,Public,7.142857142857143,7.142857142857143,7.142857142857143,7.142857142857143,7.142857142857143,7.142857142857143,7.142857142857143,7.142857142857143,7.142857142857143,7.142857142857143,7.142857142857143,44.642857142857146,44.642857142857146,76.19047619047619
A,Annual,LKA,Sri Lanka,WB_RISE_RE_HE_CO,Heating and Cooling Renewables,SCORE,Score,WB_RISE,Regulatory Indicators for Sustainable Energy (RISE),0,Units,A,Normal value,PU,Public,0.0,0.0,0.0,0.0,0.0,0.0,0.0,0.0,0.0,0.0,0.0,0.0,0.0,33.333333333333336
A,Annual,LKA,Sri Lanka,WB_RISE_RE_LVL_PLYNG_FLD,Leveling the Playing Field for Renewables,SCORE,Score,WB_RISE,Regulatory Indicators for Sustainable Energy (RISE),0,Units,A,Normal value,PU,Public,0.0,0.0,0.0,0.0,0.0,0.0,0.0,0.0,0.0,0.0,0.0,0.0,0.0,0.0
A,Annual,LKA,Sri Lanka,WB_RISE_RE_TRNS,Transport Sector Renewables,SCORE,Score,WB_RISE,Regulatory Indicators for Sustainable Energy (RISE),0,Units,A,Normal value,PU,Public,0.0,0.0,0.0,0.0,0.0,0.0,0.0,0.0,0.0,0.0,0.0,0.0,0.0,33.333333333333336
A,Annual,MAR,Morocco,WB_RISE_EE_ALL,Sustainable Energy - Energy Efficiency Score,SCORE,Score,WB_RISE,Regulatory Indicators for Sustainable Energy (RISE),0,Units,A,Normal value,PU,Public,21.85185185185185,22.00617283950617,22.00617283950617,23.858024691358025,32.65432098765432,37.65432098765432,42.74691358024691,44.59876543209876,44.59876543209876,49.69135802469136,49.69135802469136,54.43827160493827,54.43827160493827,54.43827160493827
A,Annual,MAR,Morocco,WB_RISE_EE_BEC,Building Energy Codes,SCORE,Score,WB_RISE,Regulatory Indicators for Sustainable Energy (RISE),0,Units,A,Normal value,PU,Public,0.0,0.0,0.0,0.0,0.0,28.33333333333333,28.33333333333333,28.33333333333333,28.33333333333333,28.33333333333333,28.33333333333333,28.33333333333333,28.33333333333333,28.33333333333333
A,Annual,MAR,Morocco,WB_RISE_EE_EES,Energy Efficiency Governance,SCORE,Score,WB_RISE,Regulatory Indicators for Sustainable Energy (RISE),0,Units,A,Normal value,PU,Public,40.0,40.0,40.0,40.0,40.0,56.66666666666667,90.0,90.0,90.0,90.0,90.0,98.0,98.0,98.0
A,Annual,MAR,Morocco,WB_RISE_EE_ELS,Energy Labeling Systems,SCORE,Score,WB_RISE,Regulatory Indicators for Sustainable Energy (RISE),0,Units,A,Normal value,PU,Public,0.0,0.0,0.0,0.0,29.166666666666668,29.166666666666668,29.166666666666668,29.166666666666668,29.166666666666668,29.166666666666668,29.166666666666668,29.166666666666668,29.166666666666668,29.166666666666668
A,Annual,MAR,Morocco,WB_RISE_EE_FMEE,Financing Mechanisms for Energy Efficiency,SCORE,Score,WB_RISE,Regulatory Indicators for Sustainable Energy (RISE),0,Units,A,Normal value,PU,Public,50.0,50.0,50.0,50.0,100.0,100.0,100.0,100.0,100.0,100.0,100.0,100.0,100.0,100.0
A,Annual,MAR,Morocco,WB_RISE_EE_IMIC,Industrial and Commercial End Users,SCORE,Score,WB_RISE,Regulatory Indicators for Sustainable Energy (RISE),0,Units,A,Normal value,PU,Public,25.0,25.0,25.0,25.0,25.0,25.0,37.5,37.5,37.5,50.0,50.0,50.0,50.0,50.0
A,Annual,MAR,Morocco,WB_RISE_EE_IMPS,Energy Efficiency in Public Sector,SCORE,Score,WB_RISE,Regulatory Indicators for Sustainable Energy (RISE),0,Units,A,Normal value,PU,Public,0.0,0.0,0.0,0.0,0.0,0.0,0.0,16.666666666666668,16.666666666666668,33.333333333333336,33.333333333333336,33.333333333333336,33.333333333333336,33.333333333333336
A,Annual,MAR,Morocco,WB_RISE_EE_IMUT,Incentives & Mandates: Energy Utility Programs,SCORE,Score,WB_RISE,Regulatory Indicators for Sustainable Energy (RISE),0,Units,A,Normal value,PU,Public,40.0,40.0,40.0,40.0,40.0,40.0,40.0,40.0,40.0,56.66666666666667,56.66666666666667,56.66666666666667,56.66666666666667,56.66666666666667
A,Annual,MAR,Morocco,WB_RISE_EE_MEEP,Minimum Energy Efficiency Performance Standards,SCORE,Score,WB_RISE,Regulatory Indicators for Sustainable Energy (RISE),0,Units,A,Normal value,PU,Public,16.666666666666668,18.05555555555556,18.05555555555556,18.05555555555556,18.05555555555556,18.05555555555556,18.05555555555556,18.05555555555556,18.05555555555556,18.05555555555556,18.05555555555556,52.777777777777786,52.777777777777786,52.777777777777786
A,Annual,MAR,Morocco,WB_RISE_EE_TRN,Transport Sector,SCORE,Score,WB_RISE,Regulatory Indicators for Sustainable Energy (RISE),0,Units,A,Normal value,PU,Public,25.0,25.0,25.0,41.66666666666667,41.66666666666667,41.66666666666667,41.66666666666667,41.66666666666667,41.66666666666667,41.66666666666667,41.66666666666667,41.66666666666667,41.66666666666667,41.66666666666667
A,Annual,MAR,Morocco,WB_RISE_RE_ALL,Sustainable Energy - Renewable Energy Score,SCORE,Score,WB_RISE,Regulatory Indicators for Sustainable Energy (RISE),0,Units,A,Normal value,PU,Public,11.50793650793651,32.1957671957672,32.1957671957672,32.1957671957672,32.1957671957672,32.1957671957672,32.1957671957672,32.1957671957672,32.1957671957672,32.1957671957672,35.52910052910053,35.52910052910053,35.52910052910053,41.17195767195767
A,Annual,MAR,Morocco,WB_RISE_RE_ELEC,Electricity Sector Renewables,SCORE,Score,WB_RISE,Regulatory Indicators for Sustainable Energy (RISE),0,Units,A,Normal value,PU,Public,2.777777777777778,32.40740740740741,32.40740740740741,32.40740740740741,32.40740740740741,32.40740740740741,32.40740740740741,32.40740740740741,32.40740740740741,32.40740740740741,32.40740740740741,32.40740740740741,32.40740740740741,74.9074074074074
A,Annual,MAR,Morocco,WB_RISE_RE_GOV,Renewable Energy - Governance,SCORE,Score,WB_RISE,Regulatory Indicators for Sustainable Energy (RISE),0,Units,A,Normal value,PU,Public,38.095238095238095,45.23809523809524,45.23809523809524,45.23809523809524,45.23809523809524,45.23809523809524,45.23809523809524,45.23809523809524,45.23809523809524,45.23809523809524,61.90476190476191,61.90476190476191,61.90476190476191,80.95238095238095
A,Annual,MAR,Morocco,WB_RISE_RE_HE_CO,Heating and Cooling Renewables,SCORE,Score,WB_RISE,Regulatory Indicators for Sustainable Energy (RISE),0,Units,A,Normal value,PU,Public,16.666666666666668,50.0,50.0,50.0,50.0,50.0,50.0,50.0,50.0,50.0,50.0,50.0,50.0,33.333333333333336
A,Annual,MAR,Morocco,WB_RISE_RE_LVL_PLYNG_FLD,Leveling the Playing Field for Renewables,SCORE,Score,WB_RISE,Regulatory Indicators for Sustainable Energy (RISE),0,Units,A,Normal value,PU,Public,0.0,0.0,0.0,0.0,0.0,0.0,0.0,0.0,0.0,0.0,0.0,0.0,0.0,0.0
A,Annual,MAR,Morocco,WB_RISE_RE_TRNS,Transport Sector Renewables,SCORE,Score,WB_RISE,Regulatory Indicators for Sustainable Energy (RISE),0,Units,A,Normal value,PU,Public,0.0,33.333333333333336,33.333333333333336,33.333333333333336,33.333333333333336,33.333333333333336,33.333333333333336,33.333333333333336,33.333333333333336,33.333333333333336,33.333333333333336,33.333333333333336,33.333333333333336,16.666666666666668
A,Annual,MDA,Moldova,WB_RISE_EE_ALL,Sustainable Energy - Energy Efficiency Score,SCORE,Score,WB_RISE,Regulatory Indicators for Sustainable Energy (RISE),0,Units,A,Normal value,PU,Public,0.0,0.0,0.0,0.0,0.0,1.851851851851852,41.57407407407408,42.68518518518519,43.7962962962963,51.20370370370371,51.20370370370371,53.05555555555556,53.05555555555556,57.22222222222222
A,Annual,MDA,Moldova,WB_RISE_EE_BEC,Building Energy Codes,SCORE,Score,WB_RISE,Regulatory Indicators for Sustainable Energy (RISE),0,Units,A,Normal value,PU,Public,0.0,0.0,0.0,0.0,0.0,0.0,31.666666666666668,31.666666666666668,31.666666666666668,31.666666666666668,31.666666666666668,31.666666666666668,31.666666666666668,31.666666666666668
A,Annual,MDA,Moldova,WB_RISE_EE_EES,Energy Efficiency Governance,SCORE,Score,WB_RISE,Regulatory Indicators for Sustainable Energy (RISE),0,Units,A,Normal value,PU,Public,0.0,0.0,0.0,0.0,0.0,16.666666666666668,36.66666666666667,46.66666666666667,56.66666666666667,56.66666666666667,56.66666666666667,73.33333333333334,73.33333333333334,73.33333333333334
A,Annual,MDA,Moldova,WB_RISE_EE_ELS,Energy Labeling Systems,SCORE,Score,WB_RISE,Regulatory Indicators for Sustainable Energy (RISE),0,Units,A,Normal value,PU,Public,0.0,0.0,0.0,0.0,0.0,0.0,66.66666666666666,66.66666666666666,66.66666666666666,66.66666666666666,66.66666666666666,66.66666666666666,66.66666666666666,66.66666666666666
A,Annual,MDA,Moldova,WB_RISE_EE_FMEE,Financing Mechanisms for Energy Efficiency,SCORE,Score,WB_RISE,Regulatory Indicators for Sustainable Energy (RISE),0,Units,A,Normal value,PU,Public,0.0,0.0,0.0,0.0,0.0,0.0,0.0,0.0,0.0,0.0,0.0,0.0,0.0,0.0
A,Annual,MDA,Moldova,WB_RISE_EE_IMIC,Industrial and Commercial End Users,SCORE,Score,WB_RISE,Regulatory Indicators for Sustainable Energy (RISE),0,Units,A,Normal value,PU,Public,0.0,0.0,0.0,0.0,0.0,0.0,37.5,37.5,37.5,37.5,37.5,37.5,37.5,75.0
A,Annual,MDA,Moldova,WB_RISE_EE_IMPS,Energy Efficiency in Public Sector,SCORE,Score,WB_RISE,Regulatory Indicators for Sustainable Energy (RISE),0,Units,A,Normal value,PU,Public,0.0,0.0,0.0,0.0,0.0,0.0,16.666666666666668,16.666666666666668,16.666666666666668,83.33333333333334,83.33333333333334,83.33333333333334,83.33333333333334,83.33333333333334
A,Annual,MDA,Moldova,WB_RISE_EE_IMUT,Incentives & Mandates: Energy Utility Programs,SCORE,Score,WB_RISE,Regulatory Indicators for Sustainable Energy (RISE),0,Units,A,Normal value,PU,Public,0.0,0.0,0.0,0.0,0.0,0.0,43.333333333333336,43.333333333333336,43.333333333333336,43.333333333333336,43.333333333333336,43.333333333333336,43.333333333333336,43.333333333333336
A,Annual,MDA,Moldova,WB_RISE_EE_MEEP,Minimum Energy Efficiency Performance Standards,SCORE,Score,WB_RISE,Regulatory Indicators for Sustainable Energy (RISE),0,Units,A,Normal value,PU,Public,0.0,0.0,0.0,0.0,0.0,0.0,83.33333333333334,83.33333333333334,83.33333333333334,83.33333333333334,83.33333333333334,83.33333333333334,83.33333333333334,83.33333333333334
A,Annual,MDA,Moldova,WB_RISE_EE_TRN,Transport Sector,SCORE,Score,WB_RISE,Regulatory Indicators for Sustainable Energy (RISE),0,Units,A,Normal value,PU,Public,0.0,0.0,0.0,0.0,0.0,0.0,58.333333333333336,58.333333333333336,58.333333333333336,58.333333333333336,58.333333333333336,58.333333333333336,58.333333333333336,58.333333333333336
A,Annual,MDA,Moldova,WB_RISE_RE_ALL,Sustainable Energy - Renewable Energy Score,SCORE,Score,WB_RISE,Regulatory Indicators for Sustainable Energy (RISE),0,Units,A,Normal value,PU,Public,5.0,8.333333333333334,11.666666666666668,11.666666666666668,24.37037037037037,31.111111111111114,40.11111111111111,42.33333333333333,50.98412698412699,58.841269841269856,67.55555555555557,67.55555555555557,67.55555555555557,24.746031746031747
A,Annual,MDA,Moldova,WB_RISE_RE_ELEC,Electricity Sector Renewables,SCORE,Score,WB_RISE,Regulatory Indicators for Sustainable Energy (RISE),0,Units,A,Normal value,PU,Public,8.333333333333334,8.333333333333334,8.333333333333334,8.333333333333334,18.51851851851852,52.22222222222223,80.55555555555556,91.66666666666669,94.44444444444446,94.44444444444446,94.44444444444446,94.44444444444446,94.44444444444446,31.111111111111114
A,Annual,MDA,Moldova,WB_RISE_RE_GOV,Renewable Energy - Governance,SCORE,Score,WB_RISE,Regulatory Indicators for Sustainable Energy (RISE),0,Units,A,Normal value,PU,Public,16.666666666666668,16.666666666666668,16.666666666666668,16.666666666666668,33.333333333333336,33.333333333333336,33.333333333333336,33.333333333333336,57.142857142857146,96.42857142857144,100.0,100.0,100.0,39.285714285714285
A,Annual,MDA,Moldova,WB_RISE_RE_HE_CO,Heating and Cooling Renewables,SCORE,Score,WB_RISE,Regulatory Indicators for Sustainable Energy (RISE),0,Units,A,Normal value,PU,Public,0.0,16.666666666666668,16.666666666666668,16.666666666666668,16.666666666666668,16.666666666666668,16.666666666666668,16.666666666666668,33.333333333333336,33.333333333333336,33.333333333333336,33.333333333333336,33.333333333333336,33.333333333333336
A,Annual,MDA,Moldova,WB_RISE_RE_LVL_PLYNG_FLD,Leveling the Playing Field for Renewables,SCORE,Score,WB_RISE,Regulatory Indicators for Sustainable Energy (RISE),0,Units,A,Normal value,PU,Public,0.0,0.0,0.0,0.0,20.0,20.0,20.0,20.0,20.0,20.0,60.0,60.0,60.0,20.0
A,Annual,MDA,Moldova,WB_RISE_RE_TRNS,Transport Sector Renewables,SCORE,Score,WB_RISE,Regulatory Indicators for Sustainable Energy (RISE),0,Units,A,Normal value,PU,Public,0.0,0.0,16.666666666666668,16.666666666666668,33.333333333333336,33.333333333333336,50.0,50.0,50.0,50.0,50.0,50.0,50.0,0.0
A,Annual,MDG,Madagascar,WB_RISE_CC_ALL,Sustainable Energy - Clean Cooking Score,SCORE,Score,WB_RISE,Regulatory Indicators for Sustainable Energy (RISE),0,Units,A,Normal value,PU,Public,0.0,0.0,0.0,0.0,1.6666666666666667,42.63888888888889,42.63888888888889,53.05555555555555,53.05555555555555,53.05555555555555,53.05555555555555,53.05555555555555,3.333333333333333,3.333333333333333
A,Annual,MDG,Madagascar,WB_RISE_CC_CCP,Clean Cooking National Planning,SCORE,Score,WB_RISE,Regulatory Indicators for Sustainable Energy (RISE),0,Units,A,Normal value,PU,Public,0.0,0.0,0.0,0.0,6.666666666666667,53.333333333333336,53.333333333333336,73.33333333333333,73.33333333333333,73.33333333333333,73.33333333333333,73.33333333333333,6.666666666666667,6.666666666666667
A,Annual,MDG,Madagascar,WB_RISE_CC_FIAC,Incentives and Attributes for Clean Cooking,SCORE,Score,WB_RISE,Regulatory Indicators for Sustainable Energy (RISE),0,Units,A,Normal value,PU,Public,0.0,0.0,0.0,0.0,0.0,16.666666666666668,16.666666666666668,25.0,25.0,25.0,25.0,25.0,0.0,0.0
A,Annual,MDG,Madagascar,WB_RISE_CC_SCCP,Implementation Scope of Clean Cooking Planning,SCORE,Score,WB_RISE,Regulatory Indicators for Sustainable Energy (RISE),0,Units,A,Normal value,PU,Public,0.0,0.0,0.0,0.0,0.0,62.22222222222223,62.22222222222223,62.22222222222223,62.22222222222223,62.22222222222223,62.22222222222223,62.22222222222223,0.0,0.0
A,Annual,MDG,Madagascar,WB_RISE_CC_STLA,Standards and Labeling,SCORE,Score,WB_RISE,Regulatory Indicators for Sustainable Energy (RISE),0,Units,A,Normal value,PU,Public,0.0,0.0,0.0,0.0,0.0,38.333333333333336,38.333333333333336,51.66666666666666,51.66666666666666,51.66666666666666,51.66666666666666,51.66666666666666,6.666666666666667,6.666666666666667
A,Annual,MDG,Madagascar,WB_RISE_CON_AFEL,Consumer Affordability of Electricity,SCORE,Score,WB_RISE,Regulatory Indicators for Sustainable Energy (RISE),0,Units,A,Normal value,PU,Public,66.33333333333333,66.33333333333333,66.33333333333333,66.33333333333333,66.33333333333333,66.33333333333333,66.33333333333333,66.33333333333333,66.33333333333333,83.0,83.0,99.66666666666669,99.66666666666669,99.66666666666669
A,Annual,MDG,Madagascar,WB_RISE_EA_ALL,Sustainable Energy - Electricity Access Score,SCORE,Score,WB_RISE,Regulatory Indicators for Sustainable Energy (RISE),0,Units,A,Normal value,PU,Public,26.864550264550264,26.864550264550264,26.864550264550264,26.864550264550264,26.864550264550264,29.53121693121693,29.53121693121693,36.409523809523805,37.36190476190476,59.05502645502645,59.05502645502645,62.388359788359786,62.388359788359786,63.72169312169312
A,Annual,MDG,Madagascar,WB_RISE_EE_ALL,Sustainable Energy - Energy Efficiency Score,SCORE,Score,WB_RISE,Regulatory Indicators for Sustainable Energy (RISE),0,Units,A,Normal value,PU,Public,0.0,0.0,0.0,0.0,0.0,0.308641975308642,0.308641975308642,0.308641975308642,0.308641975308642,0.308641975308642,0.308641975308642,2.160493827160494,5.271604938271604,5.271604938271604
A,Annual,MDG,Madagascar,WB_RISE_EE_BEC,Building Energy Codes,SCORE,Score,WB_RISE,Regulatory Indicators for Sustainable Energy (RISE),0,Units,A,Normal value,PU,Public,0.0,0.0,0.0,0.0,0.0,0.0,0.0,0.0,0.0,0.0,0.0,0.0,0.0,0.0
A,Annual,MDG,Madagascar,WB_RISE_EE_EES,Energy Efficiency Governance,SCORE,Score,WB_RISE,Regulatory Indicators for Sustainable Energy (RISE),0,Units,A,Normal value,PU,Public,0.0,0.0,0.0,0.0,0.0,2.777777777777778,2.777777777777778,2.777777777777778,2.777777777777778,2.777777777777778,2.777777777777778,2.777777777777778,30.77777777777778,30.77777777777778
A,Annual,MDG,Madagascar,WB_RISE_EE_ELS,Energy Labeling Systems,SCORE,Score,WB_RISE,Regulatory Indicators for Sustainable Energy (RISE),0,Units,A,Normal value,PU,Public,0.0,0.0,0.0,0.0,0.0,0.0,0.0,0.0,0.0,0.0,0.0,0.0,0.0,0.0
A,Annual,MDG,Madagascar,WB_RISE_EE_FMEE,Financing Mechanisms for Energy Efficiency,SCORE,Score,WB_RISE,Regulatory Indicators for Sustainable Energy (RISE),0,Units,A,Normal value,PU,Public,0.0,0.0,0.0,0.0,0.0,0.0,0.0,0.0,0.0,0.0,0.0,0.0,0.0,0.0
A,Annual,MDG,Madagascar,WB_RISE_EE_IMIC,Industrial and Commercial End Users,SCORE,Score,WB_RISE,Regulatory Indicators for Sustainable Energy (RISE),0,Units,A,Normal value,PU,Public,0.0,0.0,0.0,0.0,0.0,0.0,0.0,0.0,0.0,0.0,0.0,0.0,0.0,0.0
A,Annual,MDG,Madagascar,WB_RISE_EE_IMPS,Energy Efficiency in Public Sector,SCORE,Score,WB_RISE,Regulatory Indicators for Sustainable Energy (RISE),0,Units,A,Normal value,PU,Public,0.0,0.0,0.0,0.0,0.0,0.0,0.0,0.0,0.0,0.0,0.0,0.0,0.0,0.0
A,Annual,MDG,Madagascar,WB_RISE_EE_IMUT,Incentives & Mandates: Energy Utility Programs,SCORE,Score,WB_RISE,Regulatory Indicators for Sustainable Energy (RISE),0,Units,A,Normal value,PU,Public,0.0,0.0,0.0,0.0,0.0,0.0,0.0,0.0,0.0,0.0,0.0,16.666666666666668,16.666666666666668,16.666666666666668
A,Annual,MDG,Madagascar,WB_RISE_EE_MEEP,Minimum Energy Efficiency Performance Standards,SCORE,Score,WB_RISE,Regulatory Indicators for Sustainable Energy (RISE),0,Units,A,Normal value,PU,Public,0.0,0.0,0.0,0.0,0.0,0.0,0.0,0.0,0.0,0.0,0.0,0.0,0.0,0.0
A,Annual,MDG,Madagascar,WB_RISE_EE_TRN,Transport Sector,SCORE,Score,WB_RISE,Regulatory Indicators for Sustainable Energy (RISE),0,Units,A,Normal value,PU,Public,0.0,0.0,0.0,0.0,0.0,0.0,0.0,0.0,0.0,0.0,0.0,0.0,0.0,0.0
A,Annual,MDG,Madagascar,WB_RISE_ELTN_PL,Electrification Governance and Planning,SCORE,Score,WB_RISE,Regulatory Indicators for Sustainable Energy (RISE),0,Units,A,Normal value,PU,Public,14.285714285714285,14.285714285714285,14.285714285714285,14.285714285714285,14.285714285714285,27.61904761904762,27.61904761904762,27.61904761904762,27.61904761904762,32.38095238095238,32.38095238095238,32.38095238095238,32.38095238095238,39.04761904761904
A,Annual,MDG,Madagascar,WB_RISE_FRM_MGRI,Minigrids Framework,SCORE,Score,WB_RISE,Regulatory Indicators for Sustainable Energy (RISE),0,Units,A,Normal value,PU,Public,3.703703703703704,3.703703703703704,3.703703703703704,3.703703703703704,3.703703703703704,3.703703703703704,3.703703703703704,15.873015873015872,20.63492063492064,57.67195767195767,57.67195767195767,57.67195767195767,57.67195767195767,57.67195767195767
A,Annual,MDG,Madagascar,WB_RISE_FRM_OGS,Off-Grid Systems Framework,SCORE,Score,WB_RISE,Regulatory Indicators for Sustainable Energy (RISE),0,Units,A,Normal value,PU,Public,0.0,0.0,0.0,0.0,0.0,0.0,0.0,5.555555555555556,5.555555555555556,55.55555555555557,55.55555555555557,55.55555555555557,55.55555555555557,55.55555555555557
A,Annual,MDG,Madagascar,WB_RISE_FR_GREL,Grid Electrification Framework,SCORE,Score,WB_RISE,Regulatory Indicators for Sustainable Energy (RISE),0,Units,A,Normal value,PU,Public,50.0,50.0,50.0,50.0,50.0,50.0,50.0,66.66666666666667,66.66666666666667,66.66666666666667,66.66666666666667,66.66666666666667,66.66666666666667,66.66666666666667
A,Annual,MDG,Madagascar,WB_RISE_RE_ALL,Sustainable Energy - Renewable Energy Score,SCORE,Score,WB_RISE,Regulatory Indicators for Sustainable Energy (RISE),0,Units,A,Normal value,PU,Public,0.8333333333333334,19.166666666666668,19.166666666666668,19.166666666666668,20.27777777777778,23.611111111111114,23.611111111111114,23.981481481481485,34.45767195767196,38.45767195767196,38.45767195767196,38.45767195767196,38.45767195767196,9.468253968253968
A,Annual,MDG,Madagascar,WB_RISE_RE_ELEC,Electricity Sector Renewables,SCORE,Score,WB_RISE,Regulatory Indicators for Sustainable Energy (RISE),0,Units,A,Normal value,PU,Public,4.166666666666667,12.5,12.5,12.5,18.05555555555556,18.05555555555556,18.05555555555556,19.90740740740741,36.57407407407408,36.57407407407408,36.57407407407408,36.57407407407408,36.57407407407408,33.05555555555556
A,Annual,MDG,Madagascar,WB_RISE_RE_GOV,Renewable Energy - Governance,SCORE,Score,WB_RISE,Regulatory Indicators for Sustainable Energy (RISE),0,Units,A,Normal value,PU,Public,0.0,33.333333333333336,33.333333333333336,33.333333333333336,33.333333333333336,33.333333333333336,33.333333333333336,33.333333333333336,69.04761904761905,69.04761904761905,69.04761904761905,69.04761904761905,69.04761904761905,14.285714285714286
A,Annual,MDG,Madagascar,WB_RISE_RE_HE_CO,Heating and Cooling Renewables,SCORE,Score,WB_RISE,Regulatory Indicators for Sustainable Energy (RISE),0,Units,A,Normal value,PU,Public,0.0,16.666666666666668,16.666666666666668,16.666666666666668,16.666666666666668,33.333333333333336,33.333333333333336,33.333333333333336,33.333333333333336,33.333333333333336,33.333333333333336,33.333333333333336,33.333333333333336,0.0
A,Annual,MDG,Madagascar,WB_RISE_RE_LVL_PLYNG_FLD,Leveling the Playing Field for Renewables,SCORE,Score,WB_RISE,Regulatory Indicators for Sustainable Energy (RISE),0,Units,A,Normal value,PU,Public,0.0,0.0,0.0,0.0,0.0,0.0,0.0,0.0,0.0,20.0,20.0,20.0,20.0,0.0
A,Annual,MDG,Madagascar,WB_RISE_RE_TRNS,Transport Sector Renewables,SCORE,Score,WB_RISE,Regulatory Indicators for Sustainable Energy (RISE),0,Units,A,Normal value,PU,Public,0.0,33.333333333333336,33.333333333333336,33.333333333333336,33.333333333333336,33.333333333333336,33.333333333333336,33.333333333333336,33.333333333333336,33.333333333333336,33.333333333333336,33.333333333333336,33.333333333333336,0.0
A,Annual,MDV,Maldives,WB_RISE_CC_ALL,Sustainable Energy - Clean Cooking Score,SCORE,Score,WB_RISE,Regulatory Indicators for Sustainable Energy (RISE),0,Units,A,Normal value,PU,Public,3.333333333333333,3.333333333333333,3.333333333333333,3.333333333333333,3.333333333333333,22.77777777777778,22.77777777777778,22.77777777777778,25.55555555555556,57.638888888888886,57.638888888888886,59.30555555555555,9.166666666666668,9.166666666666668
A,Annual,MDV,Maldives,WB_RISE_CC_CCP,Clean Cooking National Planning,SCORE,Score,WB_RISE,Regulatory Indicators for Sustainable Energy (RISE),0,Units,A,Normal value,PU,Public,13.333333333333334,13.333333333333334,13.333333333333334,13.333333333333334,13.333333333333334,33.333333333333336,33.333333333333336,33.333333333333336,33.333333333333336,66.66666666666667,66.66666666666667,73.33333333333333,31.111111111111114,31.111111111111114
A,Annual,MDV,Maldives,WB_RISE_CC_FIAC,Incentives and Attributes for Clean Cooking,SCORE,Score,WB_RISE,Regulatory Indicators for Sustainable Energy (RISE),0,Units,A,Normal value,PU,Public,0.0,0.0,0.0,0.0,0.0,0.0,0.0,0.0,0.0,41.66666666666666,41.66666666666666,41.66666666666666,0.0,0.0
A,Annual,MDV,Maldives,WB_RISE_CC_SCCP,Implementation Scope of Clean Cooking Planning,SCORE,Score,WB_RISE,Regulatory Indicators for Sustainable Energy (RISE),0,Units,A,Normal value,PU,Public,0.0,0.0,0.0,0.0,0.0,11.111111111111112,11.111111111111112,11.111111111111112,22.222222222222225,42.22222222222222,42.22222222222222,42.22222222222222,5.555555555555556,5.555555555555556
A,Annual,MDV,Maldives,WB_RISE_CC_STLA,Standards and Labeling,SCORE,Score,WB_RISE,Regulatory Indicators for Sustainable Energy (RISE),0,Units,A,Normal value,PU,Public,0.0,0.0,0.0,0.0,0.0,46.66666666666666,46.66666666666666,46.66666666666666,46.66666666666666,80.0,80.0,80.0,0.0,0.0
A,Annual,MDV,Maldives,WB_RISE_CON_AFEL,Consumer Affordability of Electricity,SCORE,Score,WB_RISE,Regulatory Indicators for Sustainable Energy (RISE),0,Units,A,Normal value,PU,Public,65.72112712438974,65.72112712438974,65.72112712438974,65.72112712438974,65.72112712438974,65.72112712438974,65.72112712438974,65.72112712438974,65.72112712438974,65.72112712438974,65.72112712438974,65.72112712438974,65.72112712438974,65.72112712438974
A,Annual,MDV,Maldives,WB_RISE_EA_ALL,Sustainable Energy - Electricity Access Score,SCORE,Score,WB_RISE,Regulatory Indicators for Sustainable Energy (RISE),0,Units,A,Normal value,PU,Public,38.72094500159753,38.72094500159753,38.72094500159753,38.72094500159753,38.72094500159753,46.054278334930856,46.054278334930856,46.054278334930856,46.054278334930856,58.6997809804335,58.6997809804335,58.6997809804335,64.89025717090969,65.84263812329064
A,Annual,MDV,Maldives,WB_RISE_EE_ALL,Sustainable Energy - Energy Efficiency Score,SCORE,Score,WB_RISE,Regulatory Indicators for Sustainable Energy (RISE),0,Units,A,Normal value,PU,Public,4.444444444444445,4.444444444444445,4.444444444444445,4.444444444444445,4.444444444444445,4.444444444444445,7.777777777777778,7.777777777777778,7.777777777777778,7.777777777777778,9.25925925925926,9.25925925925926,9.25925925925926,14.814814814814817
A,Annual,MDV,Maldives,WB_RISE_EE_BEC,Building Energy Codes,SCORE,Score,WB_RISE,Regulatory Indicators for Sustainable Energy (RISE),0,Units,A,Normal value,PU,Public,13.333333333333334,13.333333333333334,13.333333333333334,13.333333333333334,13.333333333333334,13.333333333333334,13.333333333333334,13.333333333333334,13.333333333333334,13.333333333333334,26.666666666666668,26.666666666666668,26.666666666666668,26.666666666666668
A,Annual,MDV,Maldives,WB_RISE_EE_EES,Energy Efficiency Governance,SCORE,Score,WB_RISE,Regulatory Indicators for Sustainable Energy (RISE),0,Units,A,Normal value,PU,Public,0.0,0.0,0.0,0.0,0.0,0.0,10.0,10.0,10.0,10.0,10.0,10.0,10.0,10.0
A,Annual,MDV,Maldives,WB_RISE_EE_ELS,Energy Labeling Systems,SCORE,Score,WB_RISE,Regulatory Indicators for Sustainable Energy (RISE),0,Units,A,Normal value,PU,Public,0.0,0.0,0.0,0.0,0.0,0.0,0.0,0.0,0.0,0.0,0.0,0.0,0.0,50.0
A,Annual,MDV,Maldives,WB_RISE_EE_FMEE,Financing Mechanisms for Energy Efficiency,SCORE,Score,WB_RISE,Regulatory Indicators for Sustainable Energy (RISE),0,Units,A,Normal value,PU,Public,0.0,0.0,0.0,0.0,0.0,0.0,0.0,0.0,0.0,0.0,0.0,0.0,0.0,0.0
A,Annual,MDV,Maldives,WB_RISE_EE_IMIC,Industrial and Commercial End Users,SCORE,Score,WB_RISE,Regulatory Indicators for Sustainable Energy (RISE),0,Units,A,Normal value,PU,Public,0.0,0.0,0.0,0.0,0.0,0.0,0.0,0.0,0.0,0.0,0.0,0.0,0.0,0.0
A,Annual,MDV,Maldives,WB_RISE_EE_IMPS,Energy Efficiency in Public Sector,SCORE,Score,WB_RISE,Regulatory Indicators for Sustainable Energy (RISE),0,Units,A,Normal value,PU,Public,16.666666666666668,16.666666666666668,16.666666666666668,16.666666666666668,16.666666666666668,16.666666666666668,16.666666666666668,16.666666666666668,16.666666666666668,16.666666666666668,16.666666666666668,16.666666666666668,16.666666666666668,16.666666666666668
A,Annual,MDV,Maldives,WB_RISE_EE_IMUT,Incentives & Mandates: Energy Utility Programs,SCORE,Score,WB_RISE,Regulatory Indicators for Sustainable Energy (RISE),0,Units,A,Normal value,PU,Public,10.0,10.0,10.0,10.0,10.0,10.0,30.0,30.0,30.0,30.0,30.0,30.0,30.0,30.0
A,Annual,MDV,Maldives,WB_RISE_EE_MEEP,Minimum Energy Efficiency Performance Standards,SCORE,Score,WB_RISE,Regulatory Indicators for Sustainable Energy (RISE),0,Units,A,Normal value,PU,Public,0.0,0.0,0.0,0.0,0.0,0.0,0.0,0.0,0.0,0.0,0.0,0.0,0.0,0.0
A,Annual,MDV,Maldives,WB_RISE_EE_TRN,Transport Sector,SCORE,Score,WB_RISE,Regulatory Indicators for Sustainable Energy (RISE),0,Units,A,Normal value,PU,Public,0.0,0.0,0.0,0.0,0.0,0.0,0.0,0.0,0.0,0.0,0.0,0.0,0.0,0.0
A,Annual,MDV,Maldives,WB_RISE_ELTN_PL,Electrification Governance and Planning,SCORE,Score,WB_RISE,Regulatory Indicators for Sustainable Energy (RISE),0,Units,A,Normal value,PU,Public,22.857142857142858,22.857142857142858,22.857142857142858,22.857142857142858,22.857142857142858,42.85714285714286,42.85714285714286,42.85714285714286,42.85714285714286,66.66666666666667,66.66666666666667,66.66666666666667,71.42857142857143,76.19047619047619
A,Annual,MDV,Maldives,WB_RISE_FRM_MGRI,Minigrids Framework,SCORE,Score,WB_RISE,Regulatory Indicators for Sustainable Energy (RISE),0,Units,A,Normal value,PU,Public,21.693121693121697,21.693121693121697,21.693121693121697,21.693121693121697,21.693121693121697,21.693121693121697,21.693121693121697,21.693121693121697,21.693121693121697,44.44444444444445,44.44444444444445,44.44444444444445,53.968253968253975,53.968253968253975
A,Annual,MDV,Maldives,WB_RISE_FRM_OGS,Off-Grid Systems Framework,SCORE,Score,WB_RISE,Regulatory Indicators for Sustainable Energy (RISE),0,Units,A,Normal value,PU,Public,16.666666666666668,16.666666666666668,16.666666666666668,16.666666666666668,16.666666666666668,16.666666666666668,16.666666666666668,16.666666666666668,16.666666666666668,16.666666666666668,16.666666666666668,16.666666666666668,33.333333333333336,33.333333333333336
A,Annual,MDV,Maldives,WB_RISE_FR_GREL,Grid Electrification Framework,SCORE,Score,WB_RISE,Regulatory Indicators for Sustainable Energy (RISE),0,Units,A,Normal value,PU,Public,66.66666666666667,66.66666666666667,66.66666666666667,66.66666666666667,66.66666666666667,83.33333333333333,83.33333333333333,83.33333333333333,83.33333333333333,100.0,100.0,100.0,100.0,100.0
A,Annual,MDV,Maldives,WB_RISE_RE_ALL,Sustainable Energy - Renewable Energy Score,SCORE,Score,WB_RISE,Regulatory Indicators for Sustainable Energy (RISE),0,Units,A,Normal value,PU,Public,0.0,12.050264550264547,12.050264550264547,12.050264550264547,12.050264550264547,15.383597883597885,15.383597883597885,15.383597883597885,15.383597883597885,18.71693121693122,20.93915343915344,25.105820105820108,25.820105820105816,18.185185185185183
A,Annual,MDV,Maldives,WB_RISE_RE_ELEC,Electricity Sector Renewables,SCORE,Score,WB_RISE,Regulatory Indicators for Sustainable Energy (RISE),0,Units,A,Normal value,PU,Public,0.0,7.87037037037037,7.87037037037037,7.87037037037037,7.87037037037037,7.87037037037037,7.87037037037037,7.87037037037037,7.87037037037037,7.87037037037037,18.98148148148148,39.81481481481482,39.81481481481482,33.98148148148148
A,Annual,MDV,Maldives,WB_RISE_RE_GOV,Renewable Energy - Governance,SCORE,Score,WB_RISE,Regulatory Indicators for Sustainable Energy (RISE),0,Units,A,Normal value,PU,Public,0.0,52.38095238095238,52.38095238095238,52.38095238095238,52.38095238095238,52.38095238095238,52.38095238095238,52.38095238095238,52.38095238095238,69.04761904761905,69.04761904761905,69.04761904761905,72.61904761904762,45.833333333333336
A,Annual,MDV,Maldives,WB_RISE_RE_HE_CO,Heating and Cooling Renewables,SCORE,Score,WB_RISE,Regulatory Indicators for Sustainable Energy (RISE),0,Units,A,Normal value,PU,Public,0.0,0.0,0.0,0.0,0.0,0.0,0.0,0.0,0.0,0.0,0.0,0.0,0.0,11.111111111111112
A,Annual,MDV,Maldives,WB_RISE_RE_LVL_PLYNG_FLD,Leveling the Playing Field for Renewables,SCORE,Score,WB_RISE,Regulatory Indicators for Sustainable Energy (RISE),0,Units,A,Normal value,PU,Public,0.0,0.0,0.0,0.0,0.0,0.0,0.0,0.0,0.0,0.0,0.0,0.0,0.0,0.0
A,Annual,MDV,Maldives,WB_RISE_RE_TRNS,Transport Sector Renewables,SCORE,Score,WB_RISE,Regulatory Indicators for Sustainable Energy (RISE),0,Units,A,Normal value,PU,Public,0.0,0.0,0.0,0.0,0.0,16.666666666666668,16.666666666666668,16.666666666666668,16.666666666666668,16.666666666666668,16.666666666666668,16.666666666666668,16.666666666666668,0.0
A,Annual,MEX,Mexico,WB_RISE_EE_ALL,Sustainable Energy - Energy Efficiency Score,SCORE,Score,WB_RISE,Regulatory Indicators for Sustainable Energy (RISE),0,Units,A,Normal value,PU,Public,22.376543209876544,24.59876543209877,32.03703703703704,34.81481481481482,42.037037037037045,48.3641975308642,49.29012345679013,49.29012345679013,51.14197530864198,52.06790123456791,56.481481481481495,61.57407407407408,61.72839506172839,61.72839506172839
A,Annual,MEX,Mexico,WB_RISE_EE_BEC,Building Energy Codes,SCORE,Score,WB_RISE,Regulatory Indicators for Sustainable Energy (RISE),0,Units,A,Normal value,PU,Public,11.666666666666666,31.666666666666668,31.666666666666668,31.666666666666668,31.666666666666668,31.666666666666668,31.666666666666668,31.666666666666668,31.666666666666668,31.666666666666668,46.66666666666666,46.66666666666666,46.66666666666666,46.66666666666666
A,Annual,MEX,Mexico,WB_RISE_EE_EES,Energy Efficiency Governance,SCORE,Score,WB_RISE,Regulatory Indicators for Sustainable Energy (RISE),0,Units,A,Normal value,PU,Public,46.66666666666667,46.66666666666667,63.333333333333336,63.333333333333336,73.33333333333334,76.11111111111111,76.11111111111111,76.11111111111111,76.11111111111111,76.11111111111111,87.22222222222223,87.22222222222223,87.22222222222223,87.22222222222223
A,Annual,MEX,Mexico,WB_RISE_EE_ELS,Energy Labeling Systems,SCORE,Score,WB_RISE,Regulatory Indicators for Sustainable Energy (RISE),0,Units,A,Normal value,PU,Public,0.0,0.0,20.833333333333336,29.166666666666668,29.166666666666668,37.5,45.83333333333333,45.83333333333333,54.16666666666666,54.16666666666666,54.16666666666666,54.16666666666666,54.16666666666666,54.16666666666666
A,Annual,MEX,Mexico,WB_RISE_EE_FMEE,Financing Mechanisms for Energy Efficiency,SCORE,Score,WB_RISE,Regulatory Indicators for Sustainable Energy (RISE),0,Units,A,Normal value,PU,Public,100.0,100.0,100.0,100.0,100.0,100.0,100.0,100.0,100.0,100.0,100.0,100.0,100.0,100.0
A,Annual,MEX,Mexico,WB_RISE_EE_IMIC,Industrial and Commercial End Users,SCORE,Score,WB_RISE,Regulatory Indicators for Sustainable Energy (RISE),0,Units,A,Normal value,PU,Public,0.0,0.0,0.0,0.0,0.0,12.5,12.5,12.5,12.5,12.5,12.5,12.5,12.5,12.5
A,Annual,MEX,Mexico,WB_RISE_EE_IMPS,Energy Efficiency in Public Sector,SCORE,Score,WB_RISE,Regulatory Indicators for Sustainable Energy (RISE),0,Units,A,Normal value,PU,Public,33.333333333333336,33.333333333333336,33.333333333333336,33.333333333333336,33.333333333333336,66.66666666666667,66.66666666666667,66.66666666666667,66.66666666666667,66.66666666666667,66.66666666666667,66.66666666666667,66.66666666666667,66.66666666666667
A,Annual,MEX,Mexico,WB_RISE_EE_IMUT,Incentives & Mandates: Energy Utility Programs,SCORE,Score,WB_RISE,Regulatory Indicators for Sustainable Energy (RISE),0,Units,A,Normal value,PU,Public,0.0,0.0,10.0,10.0,40.0,40.0,40.0,40.0,40.0,40.0,46.66666666666667,46.66666666666667,46.66666666666667,46.66666666666667
A,Annual,MEX,Mexico,WB_RISE_EE_MEEP,Minimum Energy Efficiency Performance Standards,SCORE,Score,WB_RISE,Regulatory Indicators for Sustainable Energy (RISE),0,Units,A,Normal value,PU,Public,9.722222222222223,9.722222222222223,29.166666666666668,29.166666666666668,29.166666666666668,29.166666666666668,29.166666666666668,29.166666666666668,37.5,45.83333333333333,52.77777777777778,98.61111111111111,100.0,100.0
A,Annual,MEX,Mexico,WB_RISE_EE_TRN,Transport Sector,SCORE,Score,WB_RISE,Regulatory Indicators for Sustainable Energy (RISE),0,Units,A,Normal value,PU,Public,0.0,0.0,0.0,16.666666666666668,41.66666666666667,41.66666666666667,41.66666666666667,41.66666666666667,41.66666666666667,41.66666666666667,41.66666666666667,41.66666666666667,41.66666666666667,41.66666666666667
A,Annual,MEX,Mexico,WB_RISE_RE_ALL,Sustainable Energy - Renewable Energy Score,SCORE,Score,WB_RISE,Regulatory Indicators for Sustainable Energy (RISE),0,Units,A,Normal value,PU,Public,7.5,7.5,7.5,7.5,7.5,7.5,7.5,9.166666666666668,17.166666666666668,17.166666666666668,17.166666666666668,17.166666666666668,25.85714285714285,74.96296296296296
A,Annual,MEX,Mexico,WB_RISE_RE_ELEC,Electricity Sector Renewables,SCORE,Score,WB_RISE,Regulatory Indicators for Sustainable Energy (RISE),0,Units,A,Normal value,PU,Public,4.166666666666667,4.166666666666667,4.166666666666667,4.166666666666667,4.166666666666667,4.166666666666667,4.166666666666667,12.5,12.5,12.5,12.5,12.5,25.0,89.25925925925925
A,Annual,MEX,Mexico,WB_RISE_RE_GOV,Renewable Energy - Governance,SCORE,Score,WB_RISE,Regulatory Indicators for Sustainable Energy (RISE),0,Units,A,Normal value,PU,Public,33.333333333333336,33.333333333333336,33.333333333333336,33.333333333333336,33.333333333333336,33.333333333333336,33.333333333333336,33.333333333333336,33.333333333333336,33.333333333333336,33.333333333333336,33.333333333333336,64.28571428571429,100.0
A,Annual,MEX,Mexico,WB_RISE_RE_HE_CO,Heating and Cooling Renewables,SCORE,Score,WB_RISE,Regulatory Indicators for Sustainable Energy (RISE),0,Units,A,Normal value,PU,Public,0.0,0.0,0.0,0.0,0.0,0.0,0.0,0.0,0.0,0.0,0.0,0.0,0.0,55.55555555555557
A,Annual,MEX,Mexico,WB_RISE_RE_LVL_PLYNG_FLD,Leveling the Playing Field for Renewables,SCORE,Score,WB_RISE,Regulatory Indicators for Sustainable Energy (RISE),0,Units,A,Normal value,PU,Public,0.0,0.0,0.0,0.0,0.0,0.0,0.0,0.0,40.0,40.0,40.0,40.0,40.0,80.0
A,Annual,MEX,Mexico,WB_RISE_RE_TRNS,Transport Sector Renewables,SCORE,Score,WB_RISE,Regulatory Indicators for Sustainable Energy (RISE),0,Units,A,Normal value,PU,Public,0.0,0.0,0.0,0.0,0.0,0.0,0.0,0.0,0.0,0.0,0.0,0.0,0.0,50.0
A,Annual,MKD,North Macedonia,WB_RISE_EE_ALL,Sustainable Energy - Energy Efficiency Score,SCORE,Score,WB_RISE,Regulatory Indicators for Sustainable Energy (RISE),0,Units,A,Normal value,PU,Public,10.895061728395062,30.91975308641976,32.77160493827161,32.77160493827161,47.70987654320988,47.70987654320988,47.70987654320988,47.70987654320988,47.70987654320988,49.74691358024691,51.22839506172839,51.22839506172839,51.22839506172839,51.22839506172839
A,Annual,MKD,North Macedonia,WB_RISE_EE_BEC,Building Energy Codes,SCORE,Score,WB_RISE,Regulatory Indicators for Sustainable Energy (RISE),0,Units,A,Normal value,PU,Public,21.666666666666668,21.666666666666668,21.666666666666668,21.666666666666668,35.0,35.0,35.0,35.0,35.0,35.0,48.333333333333336,48.333333333333336,48.333333333333336,48.333333333333336
A,Annual,MKD,North Macedonia,WB_RISE_EE_EES,Energy Efficiency Governance,SCORE,Score,WB_RISE,Regulatory Indicators for Sustainable Energy (RISE),0,Units,A,Normal value,PU,Public,0.0,70.22222222222223,70.22222222222223,70.22222222222223,81.33333333333334,81.33333333333334,81.33333333333334,81.33333333333334,81.33333333333334,81.33333333333334,81.33333333333334,81.33333333333334,81.33333333333334,81.33333333333334
A,Annual,MKD,North Macedonia,WB_RISE_EE_ELS,Energy Labeling Systems,SCORE,Score,WB_RISE,Regulatory Indicators for Sustainable Energy (RISE),0,Units,A,Normal value,PU,Public,41.66666666666666,41.66666666666666,41.66666666666666,41.66666666666666,50.0,50.0,50.0,50.0,50.0,50.0,50.0,50.0,50.0,50.0
A,Annual,MKD,North Macedonia,WB_RISE_EE_FMEE,Financing Mechanisms for Energy Efficiency,SCORE,Score,WB_RISE,Regulatory Indicators for Sustainable Energy (RISE),0,Units,A,Normal value,PU,Public,0.0,50.0,50.0,50.0,50.0,50.0,50.0,50.0,50.0,50.0,50.0,50.0,50.0,50.0
A,Annual,MKD,North Macedonia,WB_RISE_EE_IMIC,Industrial and Commercial End Users,SCORE,Score,WB_RISE,Regulatory Indicators for Sustainable Energy (RISE),0,Units,A,Normal value,PU,Public,0.0,0.0,0.0,0.0,25.0,25.0,25.0,25.0,25.0,25.0,25.0,25.0,25.0,25.0
A,Annual,MKD,North Macedonia,WB_RISE_EE_IMPS,Energy Efficiency in Public Sector,SCORE,Score,WB_RISE,Regulatory Indicators for Sustainable Energy (RISE),0,Units,A,Normal value,PU,Public,0.0,33.333333333333336,50.0,50.0,100.0,100.0,100.0,100.0,100.0,100.0,100.0,100.0,100.0,100.0
A,Annual,MKD,North Macedonia,WB_RISE_EE_IMUT,Incentives & Mandates: Energy Utility Programs,SCORE,Score,WB_RISE,Regulatory Indicators for Sustainable Energy (RISE),0,Units,A,Normal value,PU,Public,0.0,26.666666666666668,26.666666666666668,26.666666666666668,36.66666666666667,36.66666666666667,36.66666666666667,36.66666666666667,36.66666666666667,46.66666666666667,46.66666666666667,46.66666666666667,46.66666666666667,46.66666666666667
A,Annual,MKD,North Macedonia,WB_RISE_EE_MEEP,Minimum Energy Efficiency Performance Standards,SCORE,Score,WB_RISE,Regulatory Indicators for Sustainable Energy (RISE),0,Units,A,Normal value,PU,Public,34.72222222222222,34.72222222222222,34.72222222222222,34.72222222222222,34.72222222222222,34.72222222222222,34.72222222222222,34.72222222222222,34.72222222222222,43.05555555555555,43.05555555555555,43.05555555555555,43.05555555555555,43.05555555555555
A,Annual,MKD,North Macedonia,WB_RISE_EE_TRN,Transport Sector,SCORE,Score,WB_RISE,Regulatory Indicators for Sustainable Energy (RISE),0,Units,A,Normal value,PU,Public,0.0,0.0,0.0,0.0,16.666666666666668,16.666666666666668,16.666666666666668,16.666666666666668,16.666666666666668,16.666666666666668,16.666666666666668,16.666666666666668,16.666666666666668,16.666666666666668
A,Annual,MKD,North Macedonia,WB_RISE_RE_ALL,Sustainable Energy - Renewable Energy Score,SCORE,Score,WB_RISE,Regulatory Indicators for Sustainable Energy (RISE),0,Units,A,Normal value,PU,Public,5.507936507936508,5.507936507936508,5.507936507936508,6.063492063492063,7.492063492063492,7.492063492063492,7.492063492063492,11.03968253968254,11.03968253968254,11.03968253968254,15.8015873015873,17.1904761904762,36.07142857142857,39.383597883597886
A,Annual,MKD,North Macedonia,WB_RISE_RE_ELEC,Electricity Sector Renewables,SCORE,Score,WB_RISE,Regulatory Indicators for Sustainable Energy (RISE),0,Units,A,Normal value,PU,Public,6.111111111111112,6.111111111111112,6.111111111111112,8.88888888888889,8.88888888888889,8.88888888888889,8.88888888888889,23.05555555555556,23.05555555555556,23.05555555555556,23.05555555555556,30.0,50.833333333333336,50.09259259259259
A,Annual,MKD,North Macedonia,WB_RISE_RE_GOV,Renewable Energy - Governance,SCORE,Score,WB_RISE,Regulatory Indicators for Sustainable Energy (RISE),0,Units,A,Normal value,PU,Public,21.428571428571427,21.428571428571427,21.428571428571427,21.428571428571427,28.571428571428573,28.571428571428573,28.571428571428573,32.142857142857146,32.142857142857146,32.142857142857146,39.285714285714285,39.285714285714285,42.85714285714285,69.04761904761905
A,Annual,MKD,North Macedonia,WB_RISE_RE_HE_CO,Heating and Cooling Renewables,SCORE,Score,WB_RISE,Regulatory Indicators for Sustainable Energy (RISE),0,Units,A,Normal value,PU,Public,0.0,0.0,0.0,0.0,0.0,0.0,0.0,0.0,0.0,0.0,0.0,0.0,33.333333333333336,44.44444444444445
A,Annual,MKD,North Macedonia,WB_RISE_RE_LVL_PLYNG_FLD,Leveling the Playing Field for Renewables,SCORE,Score,WB_RISE,Regulatory Indicators for Sustainable Energy (RISE),0,Units,A,Normal value,PU,Public,0.0,0.0,0.0,0.0,0.0,0.0,0.0,0.0,0.0,0.0,0.0,0.0,20.0,0.0
A,Annual,MKD,North Macedonia,WB_RISE_RE_TRNS,Transport Sector Renewables,SCORE,Score,WB_RISE,Regulatory Indicators for Sustainable Energy (RISE),0,Units,A,Normal value,PU,Public,0.0,0.0,0.0,0.0,0.0,0.0,0.0,0.0,0.0,0.0,16.666666666666668,16.666666666666668,33.333333333333336,33.333333333333336
A,Annual,MLI,Mali,WB_RISE_CC_ALL,Sustainable Energy - Clean Cooking Score,SCORE,Score,WB_RISE,Regulatory Indicators for Sustainable Energy (RISE),0,Units,A,Normal value,PU,Public,25.27777777777778,34.44444444444445,34.44444444444445,34.44444444444445,34.44444444444445,0.0,0.0,0.0,27.22222222222222,31.38888888888889,31.38888888888889,31.38888888888889,38.88888888888889,38.88888888888889
A,Annual,MLI,Mali,WB_RISE_CC_CCP,Clean Cooking National Planning,SCORE,Score,WB_RISE,Regulatory Indicators for Sustainable Energy (RISE),0,Units,A,Normal value,PU,Public,48.88888888888889,48.88888888888889,48.88888888888889,48.88888888888889,48.88888888888889,0.0,0.0,0.0,73.33333333333333,73.33333333333333,73.33333333333333,73.33333333333333,66.66666666666667,66.66666666666667
A,Annual,MLI,Mali,WB_RISE_CC_FIAC,Incentives and Attributes for Clean Cooking,SCORE,Score,WB_RISE,Regulatory Indicators for Sustainable Energy (RISE),0,Units,A,Normal value,PU,Public,0.0,0.0,0.0,0.0,0.0,0.0,0.0,0.0,0.0,16.666666666666668,16.666666666666668,16.666666666666668,0.0,0.0
A,Annual,MLI,Mali,WB_RISE_CC_SCCP,Implementation Scope of Clean Cooking Planning,SCORE,Score,WB_RISE,Regulatory Indicators for Sustainable Energy (RISE),0,Units,A,Normal value,PU,Public,18.88888888888889,55.55555555555557,55.55555555555557,55.55555555555557,55.55555555555557,0.0,0.0,0.0,35.55555555555556,35.55555555555556,35.55555555555556,35.55555555555556,55.55555555555557,55.55555555555557
A,Annual,MLI,Mali,WB_RISE_CC_STLA,Standards and Labeling,SCORE,Score,WB_RISE,Regulatory Indicators for Sustainable Energy (RISE),0,Units,A,Normal value,PU,Public,33.333333333333336,33.333333333333336,33.333333333333336,33.333333333333336,33.333333333333336,0.0,0.0,0.0,0.0,0.0,0.0,0.0,33.333333333333336,33.333333333333336
A,Annual,MLI,Mali,WB_RISE_CON_AFEL,Consumer Affordability of Electricity,SCORE,Score,WB_RISE,Regulatory Indicators for Sustainable Energy (RISE),0,Units,A,Normal value,PU,Public,82.39666666666666,82.39666666666666,82.39666666666666,82.39666666666666,82.39666666666666,82.39666666666666,82.39666666666666,82.39666666666666,82.39666666666666,82.39666666666666,82.39666666666666,82.39666666666666,82.39666666666666,82.39666666666666
A,Annual,MLI,Mali,WB_RISE_EA_ALL,Sustainable Energy - Electricity Access Score,SCORE,Score,WB_RISE,Regulatory Indicators for Sustainable Energy (RISE),0,Units,A,Normal value,PU,Public,31.68568253968254,31.68568253968254,31.68568253968254,31.68568253968254,31.68568253968254,40.92377777777777,40.92377777777777,40.92377777777777,40.92377777777777,64.52166137566138,64.52166137566138,65.6327724867725,68.48991534391534,71.13541798941799
A,Annual,MLI,Mali,WB_RISE_EE_ALL,Sustainable Energy - Energy Efficiency Score,SCORE,Score,WB_RISE,Regulatory Indicators for Sustainable Energy (RISE),0,Units,A,Normal value,PU,Public,3.703703703703704,3.703703703703704,3.703703703703704,3.703703703703704,3.703703703703704,13.24074074074074,13.24074074074074,13.24074074074074,13.24074074074074,21.14197530864197,21.14197530864197,21.14197530864197,22.99382716049383,33.02469135802469
A,Annual,MLI,Mali,WB_RISE_EE_BEC,Building Energy Codes,SCORE,Score,WB_RISE,Regulatory Indicators for Sustainable Energy (RISE),0,Units,A,Normal value,PU,Public,0.0,0.0,0.0,0.0,0.0,0.0,0.0,0.0,0.0,0.0,0.0,0.0,0.0,0.0
A,Annual,MLI,Mali,WB_RISE_EE_EES,Energy Efficiency Governance,SCORE,Score,WB_RISE,Regulatory Indicators for Sustainable Energy (RISE),0,Units,A,Normal value,PU,Public,0.0,0.0,0.0,0.0,0.0,40.0,40.0,40.0,40.0,42.77777777777778,42.77777777777778,42.77777777777778,51.11111111111112,51.11111111111112
A,Annual,MLI,Mali,WB_RISE_EE_ELS,Energy Labeling Systems,SCORE,Score,WB_RISE,Regulatory Indicators for Sustainable Energy (RISE),0,Units,A,Normal value,PU,Public,0.0,0.0,0.0,0.0,0.0,0.0,0.0,0.0,0.0,0.0,0.0,0.0,0.0,58.33333333333333
A,Annual,MLI,Mali,WB_RISE_EE_FMEE,Financing Mechanisms for Energy Efficiency,SCORE,Score,WB_RISE,Regulatory Indicators for Sustainable Energy (RISE),0,Units,A,Normal value,PU,Public,0.0,0.0,0.0,0.0,0.0,0.0,0.0,0.0,0.0,33.333333333333336,33.333333333333336,33.333333333333336,33.333333333333336,33.333333333333336
A,Annual,MLI,Mali,WB_RISE_EE_IMIC,Industrial and Commercial End Users,SCORE,Score,WB_RISE,Regulatory Indicators for Sustainable Energy (RISE),0,Units,A,Normal value,PU,Public,0.0,0.0,0.0,0.0,0.0,12.5,12.5,12.5,12.5,12.5,12.5,12.5,12.5,25.0
A,Annual,MLI,Mali,WB_RISE_EE_IMPS,Energy Efficiency in Public Sector,SCORE,Score,WB_RISE,Regulatory Indicators for Sustainable Energy (RISE),0,Units,A,Normal value,PU,Public,16.666666666666668,16.666666666666668,16.666666666666668,16.666666666666668,16.666666666666668,16.666666666666668,16.666666666666668,16.666666666666668,16.666666666666668,16.666666666666668,16.666666666666668,16.666666666666668,16.666666666666668,16.666666666666668
A,Annual,MLI,Mali,WB_RISE_EE_IMUT,Incentives & Mandates: Energy Utility Programs,SCORE,Score,WB_RISE,Regulatory Indicators for Sustainable Energy (RISE),0,Units,A,Normal value,PU,Public,16.666666666666668,16.666666666666668,16.666666666666668,16.666666666666668,16.666666666666668,33.333333333333336,33.333333333333336,33.333333333333336,33.333333333333336,43.333333333333336,43.333333333333336,43.333333333333336,43.333333333333336,43.333333333333336
A,Annual,MLI,Mali,WB_RISE_EE_MEEP,Minimum Energy Efficiency Performance Standards,SCORE,Score,WB_RISE,Regulatory Indicators for Sustainable Energy (RISE),0,Units,A,Normal value,PU,Public,0.0,0.0,0.0,0.0,0.0,0.0,0.0,0.0,0.0,0.0,0.0,0.0,8.333333333333334,27.77777777777778
A,Annual,MLI,Mali,WB_RISE_EE_TRN,Transport Sector,SCORE,Score,WB_RISE,Regulatory Indicators for Sustainable Energy (RISE),0,Units,A,Normal value,PU,Public,0.0,0.0,0.0,0.0,0.0,16.666666666666668,16.666666666666668,16.666666666666668,16.666666666666668,41.66666666666667,41.66666666666667,41.66666666666667,41.66666666666667,41.66666666666667
A,Annual,MLI,Mali,WB_RISE_ELTN_PL,Electrification Governance and Planning,SCORE,Score,WB_RISE,Regulatory Indicators for Sustainable Energy (RISE),0,Units,A,Normal value,PU,Public,27.61904761904762,27.61904761904762,27.61904761904762,27.61904761904762,27.61904761904762,57.142857142857146,57.142857142857146,57.142857142857146,57.142857142857146,80.95238095238095,80.95238095238095,80.95238095238095,85.71428571428571,95.23809523809524
A,Annual,MLI,Mali,WB_RISE_FRM_MGRI,Minigrids Framework,SCORE,Score,WB_RISE,Regulatory Indicators for Sustainable Energy (RISE),0,Units,A,Normal value,PU,Public,20.63492063492064,20.63492063492064,20.63492063492064,20.63492063492064,20.63492063492064,20.63492063492064,20.63492063492064,20.63492063492064,20.63492063492064,48.14814814814815,48.14814814814815,48.14814814814815,57.67195767195767,61.37566137566139
A,Annual,MLI,Mali,WB_RISE_FRM_OGS,Off-Grid Systems Framework,SCORE,Score,WB_RISE,Regulatory Indicators for Sustainable Energy (RISE),0,Units,A,Normal value,PU,Public,11.111111111111112,11.111111111111112,11.111111111111112,11.111111111111112,11.111111111111112,11.111111111111112,11.111111111111112,11.111111111111112,11.111111111111112,61.11111111111112,61.11111111111112,66.66666666666667,66.66666666666667,83.33333333333333
A,Annual,MLI,Mali,WB_RISE_FR_GREL,Grid Electrification Framework,SCORE,Score,WB_RISE,Regulatory Indicators for Sustainable Energy (RISE),0,Units,A,Normal value,PU,Public,16.666666666666668,16.666666666666668,16.666666666666668,16.666666666666668,16.666666666666668,33.333333333333336,33.333333333333336,33.333333333333336,33.333333333333336,50.0,50.0,50.0,50.0,33.333333333333336
A,Annual,MLI,Mali,WB_RISE_RE_ALL,Sustainable Energy - Renewable Energy Score,SCORE,Score,WB_RISE,Regulatory Indicators for Sustainable Energy (RISE),0,Units,A,Normal value,PU,Public,0.7407407407407407,0.7407407407407407,0.7407407407407407,4.074074074074074,4.074074074074074,6.240740740740741,6.240740740740741,6.796296296296296,6.796296296296296,6.796296296296296,7.629629629629629,10.962962962962962,18.462962962962965,24.66137566137566
A,Annual,MLI,Mali,WB_RISE_RE_ELEC,Electricity Sector Renewables,SCORE,Score,WB_RISE,Regulatory Indicators for Sustainable Energy (RISE),0,Units,A,Normal value,PU,Public,3.703703703703704,3.703703703703704,3.703703703703704,20.37037037037037,20.37037037037037,31.203703703703702,31.203703703703702,33.98148148148148,33.98148148148148,33.98148148148148,38.14814814814815,38.14814814814815,38.14814814814815,54.25925925925926
A,Annual,MLI,Mali,WB_RISE_RE_GOV,Renewable Energy - Governance,SCORE,Score,WB_RISE,Regulatory Indicators for Sustainable Energy (RISE),0,Units,A,Normal value,PU,Public,0.0,0.0,0.0,0.0,0.0,0.0,0.0,0.0,0.0,0.0,0.0,0.0,37.5,35.714285714285715
A,Annual,MLI,Mali,WB_RISE_RE_HE_CO,Heating and Cooling Renewables,SCORE,Score,WB_RISE,Regulatory Indicators for Sustainable Energy (RISE),0,Units,A,Normal value,PU,Public,0.0,0.0,0.0,0.0,0.0,0.0,0.0,0.0,0.0,0.0,0.0,16.666666666666668,16.666666666666668,0.0
A,Annual,MLI,Mali,WB_RISE_RE_LVL_PLYNG_FLD,Leveling the Playing Field for Renewables,SCORE,Score,WB_RISE,Regulatory Indicators for Sustainable Energy (RISE),0,Units,A,Normal value,PU,Public,0.0,0.0,0.0,0.0,0.0,0.0,0.0,0.0,0.0,0.0,0.0,0.0,0.0,0.0
A,Annual,MLI,Mali,WB_RISE_RE_TRNS,Transport Sector Renewables,SCORE,Score,WB_RISE,Regulatory Indicators for Sustainable Energy (RISE),0,Units,A,Normal value,PU,Public,0.0,0.0,0.0,0.0,0.0,0.0,0.0,0.0,0.0,0.0,0.0,0.0,0.0,33.333333333333336
A,Annual,MMR,Myanmar,WB_RISE_CC_ALL,Sustainable Energy - Clean Cooking Score,SCORE,Score,WB_RISE,Regulatory Indicators for Sustainable Energy (RISE),0,Units,A,Normal value,PU,Public,1.6666666666666667,1.6666666666666667,1.6666666666666667,1.6666666666666667,1.6666666666666667,36.11111111111112,36.11111111111112,36.11111111111112,36.11111111111112,38.88888888888889,38.88888888888889,38.88888888888889,23.05555555555556,23.05555555555556
A,Annual,MMR,Myanmar,WB_RISE_CC_CCP,Clean Cooking National Planning,SCORE,Score,WB_RISE,Regulatory Indicators for Sustainable Energy (RISE),0,Units,A,Normal value,PU,Public,0.0,0.0,0.0,0.0,0.0,55.55555555555557,55.55555555555557,55.55555555555557,55.55555555555557,66.66666666666667,66.66666666666667,66.66666666666667,31.111111111111114,31.111111111111114
A,Annual,MMR,Myanmar,WB_RISE_CC_FIAC,Incentives and Attributes for Clean Cooking,SCORE,Score,WB_RISE,Regulatory Indicators for Sustainable Energy (RISE),0,Units,A,Normal value,PU,Public,0.0,0.0,0.0,0.0,0.0,0.0,0.0,0.0,0.0,0.0,0.0,0.0,16.666666666666668,16.666666666666668
A,Annual,MMR,Myanmar,WB_RISE_CC_SCCP,Implementation Scope of Clean Cooking Planning,SCORE,Score,WB_RISE,Regulatory Indicators for Sustainable Energy (RISE),0,Units,A,Normal value,PU,Public,6.666666666666667,6.666666666666667,6.666666666666667,6.666666666666667,6.666666666666667,55.55555555555557,55.55555555555557,55.55555555555557,55.55555555555557,55.55555555555557,55.55555555555557,55.55555555555557,44.44444444444445,44.44444444444445
A,Annual,MMR,Myanmar,WB_RISE_CC_STLA,Standards and Labeling,SCORE,Score,WB_RISE,Regulatory Indicators for Sustainable Energy (RISE),0,Units,A,Normal value,PU,Public,0.0,0.0,0.0,0.0,0.0,33.333333333333336,33.333333333333336,33.333333333333336,33.333333333333336,33.333333333333336,33.333333333333336,33.333333333333336,0.0,0.0
A,Annual,MMR,Myanmar,WB_RISE_CON_AFEL,Consumer Affordability of Electricity,SCORE,Score,WB_RISE,Regulatory Indicators for Sustainable Energy (RISE),0,Units,A,Normal value,PU,Public,66.66466666666666,66.66466666666666,66.66466666666666,66.66466666666666,83.33133333333333,83.33133333333333,83.33133333333333,83.33133333333333,83.33133333333333,83.33133333333333,83.33133333333333,83.33133333333333,83.33133333333333,83.33133333333333
A,Annual,MMR,Myanmar,WB_RISE_EA_ALL,Sustainable Energy - Electricity Access Score,SCORE,Score,WB_RISE,Regulatory Indicators for Sustainable Energy (RISE),0,Units,A,Normal value,PU,Public,13.332933333333331,13.332933333333331,13.332933333333331,15.555155555555556,39.65039365079365,55.650393650793646,55.650393650793646,56.39113439153439,65.80912380952381,70.57102857142857,71.52340952380953,71.52340952380953,71.52340952380953,72.26415026455027
A,Annual,MMR,Myanmar,WB_RISE_EE_ALL,Sustainable Energy - Energy Efficiency Score,SCORE,Score,WB_RISE,Regulatory Indicators for Sustainable Energy (RISE),0,Units,A,Normal value,PU,Public,1.6666666666666667,1.6666666666666667,1.6666666666666667,1.6666666666666667,3.925925925925926,16.055555555555557,18.75925925925926,21.84567901234568,21.84567901234568,24.067901234567906,24.067901234567906,24.067901234567906,24.067901234567906,24.067901234567906
A,Annual,MMR,Myanmar,WB_RISE_EE_BEC,Building Energy Codes,SCORE,Score,WB_RISE,Regulatory Indicators for Sustainable Energy (RISE),0,Units,A,Normal value,PU,Public,15.0,15.0,15.0,15.0,15.0,15.0,33.333333333333336,33.333333333333336,33.333333333333336,33.333333333333336,33.333333333333336,33.333333333333336,33.333333333333336,33.333333333333336
A,Annual,MMR,Myanmar,WB_RISE_EE_EES,Energy Efficiency Governance,SCORE,Score,WB_RISE,Regulatory Indicators for Sustainable Energy (RISE),0,Units,A,Normal value,PU,Public,0.0,0.0,0.0,0.0,10.333333333333334,57.0,63.0,63.0,63.0,73.0,73.0,73.0,73.0,73.0
A,Annual,MMR,Myanmar,WB_RISE_EE_ELS,Energy Labeling Systems,SCORE,Score,WB_RISE,Regulatory Indicators for Sustainable Energy (RISE),0,Units,A,Normal value,PU,Public,0.0,0.0,0.0,0.0,0.0,0.0,0.0,12.5,12.5,12.5,12.5,12.5,12.5,12.5
A,Annual,MMR,Myanmar,WB_RISE_EE_FMEE,Financing Mechanisms for Energy Efficiency,SCORE,Score,WB_RISE,Regulatory Indicators for Sustainable Energy (RISE),0,Units,A,Normal value,PU,Public,0.0,0.0,0.0,0.0,0.0,0.0,0.0,0.0,0.0,0.0,0.0,0.0,0.0,0.0
A,Annual,MMR,Myanmar,WB_RISE_EE_IMIC,Industrial and Commercial End Users,SCORE,Score,WB_RISE,Regulatory Indicators for Sustainable Energy (RISE),0,Units,A,Normal value,PU,Public,0.0,0.0,0.0,0.0,0.0,12.5,12.5,12.5,12.5,12.5,12.5,12.5,12.5,12.5
A,Annual,MMR,Myanmar,WB_RISE_EE_IMPS,Energy Efficiency in Public Sector,SCORE,Score,WB_RISE,Regulatory Indicators for Sustainable Energy (RISE),0,Units,A,Normal value,PU,Public,0.0,0.0,0.0,0.0,0.0,50.0,50.0,50.0,50.0,50.0,50.0,50.0,50.0,50.0
A,Annual,MMR,Myanmar,WB_RISE_EE_IMUT,Incentives & Mandates: Energy Utility Programs,SCORE,Score,WB_RISE,Regulatory Indicators for Sustainable Energy (RISE),0,Units,A,Normal value,PU,Public,0.0,0.0,0.0,0.0,10.0,10.0,10.0,10.0,10.0,20.0,20.0,20.0,20.0,20.0
A,Annual,MMR,Myanmar,WB_RISE_EE_MEEP,Minimum Energy Efficiency Performance Standards,SCORE,Score,WB_RISE,Regulatory Indicators for Sustainable Energy (RISE),0,Units,A,Normal value,PU,Public,0.0,0.0,0.0,0.0,0.0,0.0,0.0,15.27777777777778,15.27777777777778,15.27777777777778,15.27777777777778,15.27777777777778,15.27777777777778,15.27777777777778
A,Annual,MMR,Myanmar,WB_RISE_EE_TRN,Transport Sector,SCORE,Score,WB_RISE,Regulatory Indicators for Sustainable Energy (RISE),0,Units,A,Normal value,PU,Public,0.0,0.0,0.0,0.0,0.0,0.0,0.0,0.0,0.0,0.0,0.0,0.0,0.0,0.0
A,Annual,MMR,Myanmar,WB_RISE_ELTN_PL,Electrification Governance and Planning,SCORE,Score,WB_RISE,Regulatory Indicators for Sustainable Energy (RISE),0,Units,A,Normal value,PU,Public,0.0,0.0,0.0,0.0,27.61904761904762,74.28571428571429,74.28571428571429,74.28571428571429,74.28571428571429,93.33333333333331,93.33333333333331,93.33333333333331,93.33333333333331,93.33333333333331
A,Annual,MMR,Myanmar,WB_RISE_FRM_MGRI,Minigrids Framework,SCORE,Score,WB_RISE,Regulatory Indicators for Sustainable Energy (RISE),0,Units,A,Normal value,PU,Public,0.0,0.0,0.0,0.0,9.523809523809524,9.523809523809524,9.523809523809524,13.227513227513228,49.20634920634921,53.968253968253975,58.730158730158735,58.730158730158735,58.730158730158735,62.43386243386243
A,Annual,MMR,Myanmar,WB_RISE_FRM_OGS,Off-Grid Systems Framework,SCORE,Score,WB_RISE,Regulatory Indicators for Sustainable Energy (RISE),0,Units,A,Normal value,PU,Public,0.0,0.0,0.0,11.111111111111112,44.44444444444445,77.77777777777779,77.77777777777779,77.77777777777779,88.8888888888889,88.8888888888889,88.8888888888889,88.8888888888889,88.8888888888889,88.8888888888889
A,Annual,MMR,Myanmar,WB_RISE_FR_GREL,Grid Electrification Framework,SCORE,Score,WB_RISE,Regulatory Indicators for Sustainable Energy (RISE),0,Units,A,Normal value,PU,Public,0.0,0.0,0.0,0.0,33.333333333333336,33.333333333333336,33.333333333333336,33.333333333333336,33.333333333333336,33.333333333333336,33.333333333333336,33.333333333333336,33.333333333333336,33.333333333333336
A,Annual,MMR,Myanmar,WB_RISE_RE_ALL,Sustainable Energy - Renewable Energy Score,SCORE,Score,WB_RISE,Regulatory Indicators for Sustainable Energy (RISE),0,Units,A,Normal value,PU,Public,0.0,0.0,0.0,0.0,0.0,0.0,1.6666666666666667,2.777777777777778,4.761904761904762,4.761904761904762,5.798941798941799,23.560846560846564,41.53703703703704,14.962962962962962
A,Annual,MMR,Myanmar,WB_RISE_RE_ELEC,Electricity Sector Renewables,SCORE,Score,WB_RISE,Regulatory Indicators for Sustainable Energy (RISE),0,Units,A,Normal value,PU,Public,0.0,0.0,0.0,0.0,0.0,0.0,8.333333333333334,13.888888888888893,16.666666666666668,16.666666666666668,21.85185185185185,30.185185185185187,34.351851851851855,38.7037037037037
A,Annual,MMR,Myanmar,WB_RISE_RE_GOV,Renewable Energy - Governance,SCORE,Score,WB_RISE,Regulatory Indicators for Sustainable Energy (RISE),0,Units,A,Normal value,PU,Public,0.0,0.0,0.0,0.0,0.0,0.0,0.0,0.0,7.142857142857143,7.142857142857143,7.142857142857143,14.285714285714286,100.0,25.0
A,Annual,MMR,Myanmar,WB_RISE_RE_HE_CO,Heating and Cooling Renewables,SCORE,Score,WB_RISE,Regulatory Indicators for Sustainable Energy (RISE),0,Units,A,Normal value,PU,Public,0.0,0.0,0.0,0.0,0.0,0.0,0.0,0.0,0.0,0.0,0.0,33.333333333333336,33.333333333333336,11.111111111111112
A,Annual,MMR,Myanmar,WB_RISE_RE_LVL_PLYNG_FLD,Leveling the Playing Field for Renewables,SCORE,Score,WB_RISE,Regulatory Indicators for Sustainable Energy (RISE),0,Units,A,Normal value,PU,Public,0.0,0.0,0.0,0.0,0.0,0.0,0.0,0.0,0.0,0.0,0.0,40.0,40.0,0.0
A,Annual,MMR,Myanmar,WB_RISE_RE_TRNS,Transport Sector Renewables,SCORE,Score,WB_RISE,Regulatory Indicators for Sustainable Energy (RISE),0,Units,A,Normal value,PU,Public,0.0,0.0,0.0,0.0,0.0,0.0,0.0,0.0,0.0,0.0,0.0,0.0,0.0,0.0
A,Annual,MNE,Montenegro,WB_RISE_EE_ALL,Sustainable Energy - Energy Efficiency Score,SCORE,Score,WB_RISE,Regulatory Indicators for Sustainable Energy (RISE),0,Units,A,Normal value,PU,Public,11.876543209876544,11.876543209876544,11.876543209876544,17.06172839506173,17.06172839506173,22.246913580246915,38.91358024691358,38.91358024691358,55.20987654320988,55.20987654320988,55.20987654320988,55.20987654320988,55.20987654320988,55.20987654320988
A,Annual,MNE,Montenegro,WB_RISE_EE_BEC,Building Energy Codes,SCORE,Score,WB_RISE,Regulatory Indicators for Sustainable Energy (RISE),0,Units,A,Normal value,PU,Public,13.333333333333334,13.333333333333334,13.333333333333334,26.666666666666668,26.666666666666668,40.0,40.0,40.0,53.333333333333336,53.333333333333336,53.333333333333336,53.333333333333336,53.333333333333336,53.333333333333336
A,Annual,MNE,Montenegro,WB_RISE_EE_EES,Energy Efficiency Governance,SCORE,Score,WB_RISE,Regulatory Indicators for Sustainable Energy (RISE),0,Units,A,Normal value,PU,Public,51.88888888888889,51.88888888888889,51.88888888888889,68.55555555555556,68.55555555555556,68.55555555555556,85.22222222222223,85.22222222222223,85.22222222222223,85.22222222222223,85.22222222222223,85.22222222222223,85.22222222222223,85.22222222222223
A,Annual,MNE,Montenegro,WB_RISE_EE_ELS,Energy Labeling Systems,SCORE,Score,WB_RISE,Regulatory Indicators for Sustainable Energy (RISE),0,Units,A,Normal value,PU,Public,0.0,0.0,0.0,16.666666666666668,16.666666666666668,50.0,95.83333333333334,95.83333333333334,95.83333333333334,95.83333333333334,95.83333333333334,95.83333333333334,95.83333333333334,95.83333333333334
A,Annual,MNE,Montenegro,WB_RISE_EE_FMEE,Financing Mechanisms for Energy Efficiency,SCORE,Score,WB_RISE,Regulatory Indicators for Sustainable Energy (RISE),0,Units,A,Normal value,PU,Public,0.0,0.0,0.0,0.0,0.0,0.0,0.0,0.0,50.0,50.0,50.0,50.0,50.0,50.0
A,Annual,MNE,Montenegro,WB_RISE_EE_IMIC,Industrial and Commercial End Users,SCORE,Score,WB_RISE,Regulatory Indicators for Sustainable Energy (RISE),0,Units,A,Normal value,PU,Public,25.0,25.0,25.0,25.0,25.0,25.0,37.5,37.5,37.5,37.5,37.5,37.5,37.5,37.5
A,Annual,MNE,Montenegro,WB_RISE_EE_IMPS,Energy Efficiency in Public Sector,SCORE,Score,WB_RISE,Regulatory Indicators for Sustainable Energy (RISE),0,Units,A,Normal value,PU,Public,16.666666666666668,16.666666666666668,16.666666666666668,16.666666666666668,16.666666666666668,16.666666666666668,33.333333333333336,33.333333333333336,33.333333333333336,33.333333333333336,33.333333333333336,33.333333333333336,33.333333333333336,33.333333333333336
A,Annual,MNE,Montenegro,WB_RISE_EE_IMUT,Incentives & Mandates: Energy Utility Programs,SCORE,Score,WB_RISE,Regulatory Indicators for Sustainable Energy (RISE),0,Units,A,Normal value,PU,Public,0.0,0.0,0.0,0.0,0.0,0.0,16.666666666666668,16.666666666666668,66.66666666666667,66.66666666666667,66.66666666666667,66.66666666666667,66.66666666666667,66.66666666666667
A,Annual,MNE,Montenegro,WB_RISE_EE_MEEP,Minimum Energy Efficiency Performance Standards,SCORE,Score,WB_RISE,Regulatory Indicators for Sustainable Energy (RISE),0,Units,A,Normal value,PU,Public,0.0,0.0,0.0,0.0,0.0,0.0,0.0,0.0,33.333333333333336,33.333333333333336,33.333333333333336,33.333333333333336,33.333333333333336,33.333333333333336
A,Annual,MNE,Montenegro,WB_RISE_EE_TRN,Transport Sector,SCORE,Score,WB_RISE,Regulatory Indicators for Sustainable Energy (RISE),0,Units,A,Normal value,PU,Public,0.0,0.0,0.0,0.0,0.0,0.0,41.66666666666667,41.66666666666667,41.66666666666667,41.66666666666667,41.66666666666667,41.66666666666667,41.66666666666667,41.66666666666667
A,Annual,MNE,Montenegro,WB_RISE_RE_ALL,Sustainable Energy - Renewable Energy Score,SCORE,Score,WB_RISE,Regulatory Indicators for Sustainable Energy (RISE),0,Units,A,Normal value,PU,Public,4.925925925925926,4.925925925925926,4.925925925925926,5.75925925925926,5.75925925925926,5.75925925925926,5.75925925925926,5.75925925925926,5.75925925925926,5.75925925925926,5.75925925925926,7.240740740740742,13.074074074074076,42.78835978835979
A,Annual,MNE,Montenegro,WB_RISE_RE_ELEC,Electricity Sector Renewables,SCORE,Score,WB_RISE,Regulatory Indicators for Sustainable Energy (RISE),0,Units,A,Normal value,PU,Public,7.962962962962963,7.962962962962963,7.962962962962963,12.129629629629632,12.129629629629632,12.129629629629632,12.129629629629632,12.129629629629632,12.129629629629632,12.129629629629632,12.129629629629632,13.98148148148148,26.48148148148148,37.5925925925926
A,Annual,MNE,Montenegro,WB_RISE_RE_GOV,Renewable Energy - Governance,SCORE,Score,WB_RISE,Regulatory Indicators for Sustainable Energy (RISE),0,Units,A,Normal value,PU,Public,0.0,0.0,0.0,0.0,0.0,0.0,0.0,0.0,0.0,0.0,0.0,0.0,16.666666666666668,45.23809523809524
A,Annual,MNE,Montenegro,WB_RISE_RE_HE_CO,Heating and Cooling Renewables,SCORE,Score,WB_RISE,Regulatory Indicators for Sustainable Energy (RISE),0,Units,A,Normal value,PU,Public,16.666666666666668,16.666666666666668,16.666666666666668,16.666666666666668,16.666666666666668,16.666666666666668,16.666666666666668,16.666666666666668,16.666666666666668,16.666666666666668,16.666666666666668,22.222222222222225,22.222222222222225,77.77777777777779
A,Annual,MNE,Montenegro,WB_RISE_RE_LVL_PLYNG_FLD,Leveling the Playing Field for Renewables,SCORE,Score,WB_RISE,Regulatory Indicators for Sustainable Energy (RISE),0,Units,A,Normal value,PU,Public,0.0,0.0,0.0,0.0,0.0,0.0,0.0,0.0,0.0,0.0,0.0,0.0,0.0,20.0
A,Annual,MNE,Montenegro,WB_RISE_RE_TRNS,Transport Sector Renewables,SCORE,Score,WB_RISE,Regulatory Indicators for Sustainable Energy (RISE),0,Units,A,Normal value,PU,Public,0.0,0.0,0.0,0.0,0.0,0.0,0.0,0.0,0.0,0.0,0.0,0.0,0.0,33.333333333333336
A,Annual,MNG,Mongolia,WB_RISE_CC_ALL,Sustainable Energy - Clean Cooking Score,SCORE,Score,WB_RISE,Regulatory Indicators for Sustainable Energy (RISE),0,Units,A,Normal value,PU,Public,0.0,0.0,0.0,0.0,11.944444444444446,2.777777777777778,2.777777777777778,35.41666666666667,39.583333333333336,46.11111111111112,62.22222222222223,65.0,35.55555555555556,35.55555555555556
A,Annual,MNG,Mongolia,WB_RISE_CC_CCP,Clean Cooking National Planning,SCORE,Score,WB_RISE,Regulatory Indicators for Sustainable Energy (RISE),0,Units,A,Normal value,PU,Public,0.0,0.0,0.0,0.0,0.0,11.111111111111112,11.111111111111112,11.111111111111112,11.111111111111112,28.88888888888889,93.33333333333331,93.33333333333331,46.66666666666666,46.66666666666666
A,Annual,MNG,Mongolia,WB_RISE_CC_FIAC,Incentives and Attributes for Clean Cooking,SCORE,Score,WB_RISE,Regulatory Indicators for Sustainable Energy (RISE),0,Units,A,Normal value,PU,Public,0.0,0.0,0.0,0.0,16.666666666666668,0.0,0.0,58.333333333333336,58.333333333333336,66.66666666666667,66.66666666666667,66.66666666666667,33.333333333333336,33.333333333333336
A,Annual,MNG,Mongolia,WB_RISE_CC_SCCP,Implementation Scope of Clean Cooking Planning,SCORE,Score,WB_RISE,Regulatory Indicators for Sustainable Energy (RISE),0,Units,A,Normal value,PU,Public,0.0,0.0,0.0,0.0,12.222222222222223,0.0,0.0,72.22222222222223,88.8888888888889,88.8888888888889,88.8888888888889,94.44444444444444,37.77777777777778,37.77777777777778
A,Annual,MNG,Mongolia,WB_RISE_CC_STLA,Standards and Labeling,SCORE,Score,WB_RISE,Regulatory Indicators for Sustainable Energy (RISE),0,Units,A,Normal value,PU,Public,0.0,0.0,0.0,0.0,18.88888888888889,0.0,0.0,0.0,0.0,0.0,0.0,5.555555555555556,24.444444444444446,24.444444444444446
A,Annual,MNG,Mongolia,WB_RISE_CON_AFEL,Consumer Affordability of Electricity,SCORE,Score,WB_RISE,Regulatory Indicators for Sustainable Energy (RISE),0,Units,A,Normal value,PU,Public,66.66643333333333,66.66643333333333,66.66643333333333,66.66643333333333,66.66643333333333,66.66643333333333,66.66643333333333,66.66643333333333,66.66643333333333,66.66643333333333,83.3331,83.3331,99.99976666666667,99.99976666666667
A,Annual,MNG,Mongolia,WB_RISE_EA_ALL,Sustainable Energy - Electricity Access Score,SCORE,Score,WB_RISE,Regulatory Indicators for Sustainable Energy (RISE),0,Units,A,Normal value,PU,Public,20.052863386243388,20.052863386243388,20.052863386243388,20.052863386243388,23.38619671957672,23.38619671957672,23.38619671957672,23.38619671957672,23.38619671957672,23.38619671957672,33.227466560846565,34.920588253968255,40.158683492063496,43.54492687830688
A,Annual,MNG,Mongolia,WB_RISE_EE_ALL,Sustainable Energy - Energy Efficiency Score,SCORE,Score,WB_RISE,Regulatory Indicators for Sustainable Energy (RISE),0,Units,A,Normal value,PU,Public,0.7407407407407408,0.7407407407407408,0.7407407407407408,0.7407407407407408,2.592592592592593,7.222222222222224,7.222222222222224,7.222222222222224,13.51851851851852,15.555555555555555,27.685185185185187,29.53703703703704,32.12962962962963,32.87037037037037
A,Annual,MNG,Mongolia,WB_RISE_EE_BEC,Building Energy Codes,SCORE,Score,WB_RISE,Regulatory Indicators for Sustainable Energy (RISE),0,Units,A,Normal value,PU,Public,6.666666666666667,6.666666666666667,6.666666666666667,6.666666666666667,6.666666666666667,6.666666666666667,6.666666666666667,6.666666666666667,6.666666666666667,6.666666666666667,13.333333333333334,20.0,26.666666666666668,33.333333333333336
A,Annual,MNG,Mongolia,WB_RISE_EE_EES,Energy Efficiency Governance,SCORE,Score,WB_RISE,Regulatory Indicators for Sustainable Energy (RISE),0,Units,A,Normal value,PU,Public,0.0,0.0,0.0,0.0,0.0,16.666666666666668,16.666666666666668,16.666666666666668,16.666666666666668,25.0,73.33333333333334,83.33333333333334,83.33333333333334,83.33333333333334
A,Annual,MNG,Mongolia,WB_RISE_EE_ELS,Energy Labeling Systems,SCORE,Score,WB_RISE,Regulatory Indicators for Sustainable Energy (RISE),0,Units,A,Normal value,PU,Public,0.0,0.0,0.0,0.0,0.0,0.0,0.0,0.0,0.0,0.0,0.0,0.0,0.0,0.0
A,Annual,MNG,Mongolia,WB_RISE_EE_FMEE,Financing Mechanisms for Energy Efficiency,SCORE,Score,WB_RISE,Regulatory Indicators for Sustainable Energy (RISE),0,Units,A,Normal value,PU,Public,0.0,0.0,0.0,0.0,0.0,0.0,0.0,0.0,50.0,50.0,50.0,50.0,50.0,50.0
A,Annual,MNG,Mongolia,WB_RISE_EE_IMIC,Industrial and Commercial End Users,SCORE,Score,WB_RISE,Regulatory Indicators for Sustainable Energy (RISE),0,Units,A,Normal value,PU,Public,0.0,0.0,0.0,0.0,0.0,25.0,25.0,25.0,25.0,25.0,62.5,62.5,62.5,62.5
A,Annual,MNG,Mongolia,WB_RISE_EE_IMPS,Energy Efficiency in Public Sector,SCORE,Score,WB_RISE,Regulatory Indicators for Sustainable Energy (RISE),0,Units,A,Normal value,PU,Public,0.0,0.0,0.0,0.0,16.666666666666668,16.666666666666668,16.666666666666668,16.666666666666668,16.666666666666668,16.666666666666668,16.666666666666668,16.666666666666668,16.666666666666668,16.666666666666668
A,Annual,MNG,Mongolia,WB_RISE_EE_IMUT,Incentives & Mandates: Energy Utility Programs,SCORE,Score,WB_RISE,Regulatory Indicators for Sustainable Energy (RISE),0,Units,A,Normal value,PU,Public,0.0,0.0,0.0,0.0,0.0,0.0,0.0,0.0,6.666666666666667,16.666666666666668,33.333333333333336,33.333333333333336,50.0,50.0
A,Annual,MNG,Mongolia,WB_RISE_EE_MEEP,Minimum Energy Efficiency Performance Standards,SCORE,Score,WB_RISE,Regulatory Indicators for Sustainable Energy (RISE),0,Units,A,Normal value,PU,Public,0.0,0.0,0.0,0.0,0.0,0.0,0.0,0.0,0.0,0.0,0.0,0.0,0.0,0.0
A,Annual,MNG,Mongolia,WB_RISE_EE_TRN,Transport Sector,SCORE,Score,WB_RISE,Regulatory Indicators for Sustainable Energy (RISE),0,Units,A,Normal value,PU,Public,0.0,0.0,0.0,0.0,0.0,0.0,0.0,0.0,0.0,0.0,0.0,0.0,0.0,0.0
A,Annual,MNG,Mongolia,WB_RISE_ELTN_PL,Electrification Governance and Planning,SCORE,Score,WB_RISE,Regulatory Indicators for Sustainable Energy (RISE),0,Units,A,Normal value,PU,Public,4.761904761904762,4.761904761904762,4.761904761904762,4.761904761904762,4.761904761904762,4.761904761904762,4.761904761904762,4.761904761904762,4.761904761904762,4.761904761904762,4.761904761904762,4.761904761904762,4.761904761904762,9.523809523809524
A,Annual,MNG,Mongolia,WB_RISE_FRM_MGRI,Minigrids Framework,SCORE,Score,WB_RISE,Regulatory Indicators for Sustainable Energy (RISE),0,Units,A,Normal value,PU,Public,12.16931216931217,12.16931216931217,12.16931216931217,12.16931216931217,12.16931216931217,12.16931216931217,12.16931216931217,12.16931216931217,12.16931216931217,12.16931216931217,16.931216931216934,25.396825396825403,34.92063492063492,47.08994708994709
A,Annual,MNG,Mongolia,WB_RISE_FRM_OGS,Off-Grid Systems Framework,SCORE,Score,WB_RISE,Regulatory Indicators for Sustainable Energy (RISE),0,Units,A,Normal value,PU,Public,0.0,0.0,0.0,0.0,0.0,0.0,0.0,0.0,0.0,0.0,11.111111111111112,11.111111111111112,11.111111111111112,11.111111111111112
A,Annual,MNG,Mongolia,WB_RISE_FR_GREL,Grid Electrification Framework,SCORE,Score,WB_RISE,Regulatory Indicators for Sustainable Energy (RISE),0,Units,A,Normal value,PU,Public,16.666666666666668,16.666666666666668,16.666666666666668,16.666666666666668,33.333333333333336,33.333333333333336,33.333333333333336,33.333333333333336,33.333333333333336,33.333333333333336,50.0,50.0,50.0,50.0
A,Annual,MNG,Mongolia,WB_RISE_RE_ALL,Sustainable Energy - Renewable Energy Score,SCORE,Score,WB_RISE,Regulatory Indicators for Sustainable Energy (RISE),0,Units,A,Normal value,PU,Public,0.0,0.0,0.0,0.0,0.0,0.0,0.0,0.0,30.425925925925924,37.44973544973545,37.44973544973545,37.44973544973545,37.44973544973545,9.77777777777778
A,Annual,MNG,Mongolia,WB_RISE_RE_ELEC,Electricity Sector Renewables,SCORE,Score,WB_RISE,Regulatory Indicators for Sustainable Energy (RISE),0,Units,A,Normal value,PU,Public,0.0,0.0,0.0,0.0,0.0,0.0,0.0,0.0,28.79629629629629,49.629629629629626,49.629629629629626,49.629629629629626,49.629629629629626,40.55555555555556
A,Annual,MNG,Mongolia,WB_RISE_RE_GOV,Renewable Energy - Governance,SCORE,Score,WB_RISE,Regulatory Indicators for Sustainable Energy (RISE),0,Units,A,Normal value,PU,Public,0.0,0.0,0.0,0.0,0.0,0.0,0.0,0.0,0.0,14.285714285714286,14.285714285714286,14.285714285714286,14.285714285714286,8.333333333333334
A,Annual,MNG,Mongolia,WB_RISE_RE_HE_CO,Heating and Cooling Renewables,SCORE,Score,WB_RISE,Regulatory Indicators for Sustainable Energy (RISE),0,Units,A,Normal value,PU,Public,0.0,0.0,0.0,0.0,0.0,0.0,0.0,0.0,50.0,50.0,50.0,50.0,50.0,0.0
A,Annual,MNG,Mongolia,WB_RISE_RE_LVL_PLYNG_FLD,Leveling the Playing Field for Renewables,SCORE,Score,WB_RISE,Regulatory Indicators for Sustainable Energy (RISE),0,Units,A,Normal value,PU,Public,0.0,0.0,0.0,0.0,0.0,0.0,0.0,0.0,40.0,40.0,40.0,40.0,40.0,0.0
A,Annual,MNG,Mongolia,WB_RISE_RE_TRNS,Transport Sector Renewables,SCORE,Score,WB_RISE,Regulatory Indicators for Sustainable Energy (RISE),0,Units,A,Normal value,PU,Public,0.0,0.0,0.0,0.0,0.0,0.0,0.0,0.0,33.333333333333336,33.333333333333336,33.333333333333336,33.333333333333336,33.333333333333336,0.0
A,Annual,MOZ,Mozambique,WB_RISE_CC_ALL,Sustainable Energy - Clean Cooking Score,SCORE,Score,WB_RISE,Regulatory Indicators for Sustainable Energy (RISE),0,Units,A,Normal value,PU,Public,0.0,0.0,26.11111111111111,28.88888888888889,28.88888888888889,5.0,5.0,5.0,5.0,5.0,5.0,9.166666666666668,33.05555555555556,39.16666666666667
A,Annual,MOZ,Mozambique,WB_RISE_CC_CCP,Clean Cooking National Planning,SCORE,Score,WB_RISE,Regulatory Indicators for Sustainable Energy (RISE),0,Units,A,Normal value,PU,Public,0.0,0.0,26.666666666666668,37.77777777777778,37.77777777777778,20.0,20.0,20.0,20.0,20.0,20.0,31.111111111111114,37.77777777777778,51.11111111111112
A,Annual,MOZ,Mozambique,WB_RISE_CC_FIAC,Incentives and Attributes for Clean Cooking,SCORE,Score,WB_RISE,Regulatory Indicators for Sustainable Energy (RISE),0,Units,A,Normal value,PU,Public,0.0,0.0,16.666666666666668,16.666666666666668,16.666666666666668,0.0,0.0,0.0,0.0,0.0,0.0,0.0,33.333333333333336,33.333333333333336
A,Annual,MOZ,Mozambique,WB_RISE_CC_SCCP,Implementation Scope of Clean Cooking Planning,SCORE,Score,WB_RISE,Regulatory Indicators for Sustainable Energy (RISE),0,Units,A,Normal value,PU,Public,0.0,0.0,61.11111111111111,61.11111111111111,61.11111111111111,0.0,0.0,0.0,0.0,0.0,0.0,5.555555555555556,61.11111111111111,61.11111111111111
A,Annual,MOZ,Mozambique,WB_RISE_CC_STLA,Standards and Labeling,SCORE,Score,WB_RISE,Regulatory Indicators for Sustainable Energy (RISE),0,Units,A,Normal value,PU,Public,0.0,0.0,0.0,0.0,0.0,0.0,0.0,0.0,0.0,0.0,0.0,0.0,0.0,11.111111111111112
A,Annual,MOZ,Mozambique,WB_RISE_CON_AFEL,Consumer Affordability of Electricity,SCORE,Score,WB_RISE,Regulatory Indicators for Sustainable Energy (RISE),0,Units,A,Normal value,PU,Public,64.94,64.94,64.94,64.94,64.94,64.94,64.94,64.94,98.27333333333333,98.27333333333333,98.27333333333333,98.27333333333333,98.27333333333333,98.27333333333333
A,Annual,MOZ,Mozambique,WB_RISE_EA_ALL,Sustainable Energy - Electricity Access Score,SCORE,Score,WB_RISE,Regulatory Indicators for Sustainable Energy (RISE),0,Units,A,Normal value,PU,Public,12.988,12.988,12.988,12.988,12.988,12.988,12.988,12.988,37.083238095238094,43.74990476190476,43.74990476190476,54.01445502645503,65.12556613756614,67.03032804232804
A,Annual,MOZ,Mozambique,WB_RISE_EE_ALL,Sustainable Energy - Energy Efficiency Score,SCORE,Score,WB_RISE,Regulatory Indicators for Sustainable Energy (RISE),0,Units,A,Normal value,PU,Public,0.0,0.0,0.0,0.0,0.0,1.1111111111111112,1.1111111111111112,1.1111111111111112,1.1111111111111112,1.1111111111111112,1.1111111111111112,8.703703703703704,8.703703703703704,8.703703703703704
A,Annual,MOZ,Mozambique,WB_RISE_EE_BEC,Building Energy Codes,SCORE,Score,WB_RISE,Regulatory Indicators for Sustainable Energy (RISE),0,Units,A,Normal value,PU,Public,0.0,0.0,0.0,0.0,0.0,0.0,0.0,0.0,0.0,0.0,0.0,0.0,0.0,0.0
A,Annual,MOZ,Mozambique,WB_RISE_EE_EES,Energy Efficiency Governance,SCORE,Score,WB_RISE,Regulatory Indicators for Sustainable Energy (RISE),0,Units,A,Normal value,PU,Public,0.0,0.0,0.0,0.0,0.0,0.0,0.0,0.0,0.0,0.0,0.0,18.333333333333336,18.333333333333336,18.333333333333336
A,Annual,MOZ,Mozambique,WB_RISE_EE_ELS,Energy Labeling Systems,SCORE,Score,WB_RISE,Regulatory Indicators for Sustainable Energy (RISE),0,Units,A,Normal value,PU,Public,0.0,0.0,0.0,0.0,0.0,0.0,0.0,0.0,0.0,0.0,0.0,0.0,0.0,0.0
A,Annual,MOZ,Mozambique,WB_RISE_EE_FMEE,Financing Mechanisms for Energy Efficiency,SCORE,Score,WB_RISE,Regulatory Indicators for Sustainable Energy (RISE),0,Units,A,Normal value,PU,Public,0.0,0.0,0.0,0.0,0.0,0.0,0.0,0.0,0.0,0.0,0.0,0.0,0.0,0.0
A,Annual,MOZ,Mozambique,WB_RISE_EE_IMIC,Industrial and Commercial End Users,SCORE,Score,WB_RISE,Regulatory Indicators for Sustainable Energy (RISE),0,Units,A,Normal value,PU,Public,0.0,0.0,0.0,0.0,0.0,0.0,0.0,0.0,0.0,0.0,0.0,0.0,0.0,0.0
A,Annual,MOZ,Mozambique,WB_RISE_EE_IMPS,Energy Efficiency in Public Sector,SCORE,Score,WB_RISE,Regulatory Indicators for Sustainable Energy (RISE),0,Units,A,Normal value,PU,Public,0.0,0.0,0.0,0.0,0.0,0.0,0.0,0.0,0.0,0.0,0.0,0.0,0.0,0.0
A,Annual,MOZ,Mozambique,WB_RISE_EE_IMUT,Incentives & Mandates: Energy Utility Programs,SCORE,Score,WB_RISE,Regulatory Indicators for Sustainable Energy (RISE),0,Units,A,Normal value,PU,Public,0.0,0.0,0.0,0.0,0.0,10.0,10.0,10.0,10.0,10.0,10.0,10.0,10.0,10.0
A,Annual,MOZ,Mozambique,WB_RISE_EE_MEEP,Minimum Energy Efficiency Performance Standards,SCORE,Score,WB_RISE,Regulatory Indicators for Sustainable Energy (RISE),0,Units,A,Normal value,PU,Public,0.0,0.0,0.0,0.0,0.0,0.0,0.0,0.0,0.0,0.0,0.0,33.333333333333336,33.333333333333336,33.333333333333336
A,Annual,MOZ,Mozambique,WB_RISE_EE_TRN,Transport Sector,SCORE,Score,WB_RISE,Regulatory Indicators for Sustainable Energy (RISE),0,Units,A,Normal value,PU,Public,0.0,0.0,0.0,0.0,0.0,0.0,0.0,0.0,0.0,0.0,0.0,16.666666666666668,16.666666666666668,16.666666666666668
A,Annual,MOZ,Mozambique,WB_RISE_ELTN_PL,Electrification Governance and Planning,SCORE,Score,WB_RISE,Regulatory Indicators for Sustainable Energy (RISE),0,Units,A,Normal value,PU,Public,0.0,0.0,0.0,0.0,0.0,0.0,0.0,0.0,46.66666666666666,46.66666666666666,46.66666666666666,46.66666666666666,46.66666666666666,56.19047619047618
A,Annual,MOZ,Mozambique,WB_RISE_FRM_MGRI,Minigrids Framework,SCORE,Score,WB_RISE,Regulatory Indicators for Sustainable Energy (RISE),0,Units,A,Normal value,PU,Public,0.0,0.0,0.0,0.0,0.0,0.0,0.0,0.0,23.80952380952381,23.80952380952381,23.80952380952381,64.02116402116401,64.02116402116401,64.02116402116401
A,Annual,MOZ,Mozambique,WB_RISE_FRM_OGS,Off-Grid Systems Framework,SCORE,Score,WB_RISE,Regulatory Indicators for Sustainable Energy (RISE),0,Units,A,Normal value,PU,Public,0.0,0.0,0.0,0.0,0.0,0.0,0.0,0.0,0.0,33.333333333333336,33.333333333333336,44.44444444444445,100.0,100.0
A,Annual,MOZ,Mozambique,WB_RISE_FR_GREL,Grid Electrification Framework,SCORE,Score,WB_RISE,Regulatory Indicators for Sustainable Energy (RISE),0,Units,A,Normal value,PU,Public,0.0,0.0,0.0,0.0,0.0,0.0,0.0,0.0,16.666666666666668,16.666666666666668,16.666666666666668,16.666666666666668,16.666666666666668,16.666666666666668
A,Annual,MOZ,Mozambique,WB_RISE_RE_ALL,Sustainable Energy - Renewable Energy Score,SCORE,Score,WB_RISE,Regulatory Indicators for Sustainable Energy (RISE),0,Units,A,Normal value,PU,Public,23.69047619047619,24.35714285714285,33.404761904761905,35.7063492063492,44.37301587301587,45.03968253968255,45.03968253968255,51.46825396825396,51.46825396825396,58.13492063492063,58.13492063492063,58.13492063492063,58.13492063492063,33.50000000000001
A,Annual,MOZ,Mozambique,WB_RISE_RE_ELEC,Electricity Sector Renewables,SCORE,Score,WB_RISE,Regulatory Indicators for Sustainable Energy (RISE),0,Units,A,Normal value,PU,Public,25.0,28.33333333333333,36.66666666666667,46.38888888888889,49.72222222222223,53.05555555555557,53.05555555555557,78.05555555555556,78.05555555555556,78.05555555555556,78.05555555555556,78.05555555555556,78.05555555555556,50.833333333333336
A,Annual,MOZ,Mozambique,WB_RISE_RE_GOV,Renewable Energy - Governance,SCORE,Score,WB_RISE,Regulatory Indicators for Sustainable Energy (RISE),0,Units,A,Normal value,PU,Public,76.78571428571428,76.78571428571428,80.35714285714286,82.14285714285714,82.14285714285714,82.14285714285714,82.14285714285714,89.28571428571428,89.28571428571428,89.28571428571428,89.28571428571428,89.28571428571428,89.28571428571428,83.33333333333334
A,Annual,MOZ,Mozambique,WB_RISE_RE_HE_CO,Heating and Cooling Renewables,SCORE,Score,WB_RISE,Regulatory Indicators for Sustainable Energy (RISE),0,Units,A,Normal value,PU,Public,16.666666666666668,16.666666666666668,33.333333333333336,33.333333333333336,33.333333333333336,33.333333333333336,33.333333333333336,33.333333333333336,33.333333333333336,50.0,50.0,50.0,50.0,33.333333333333336
A,Annual,MOZ,Mozambique,WB_RISE_RE_LVL_PLYNG_FLD,Leveling the Playing Field for Renewables,SCORE,Score,WB_RISE,Regulatory Indicators for Sustainable Energy (RISE),0,Units,A,Normal value,PU,Public,0.0,0.0,0.0,0.0,40.0,40.0,40.0,40.0,40.0,40.0,40.0,40.0,40.0,0.0
A,Annual,MOZ,Mozambique,WB_RISE_RE_TRNS,Transport Sector Renewables,SCORE,Score,WB_RISE,Regulatory Indicators for Sustainable Energy (RISE),0,Units,A,Normal value,PU,Public,0.0,0.0,16.666666666666668,16.666666666666668,16.666666666666668,16.666666666666668,16.666666666666668,16.666666666666668,16.666666666666668,33.333333333333336,33.333333333333336,33.333333333333336,33.333333333333336,0.0
A,Annual,MRT,Mauritania,WB_RISE_CC_ALL,Sustainable Energy - Clean Cooking Score,SCORE,Score,WB_RISE,Regulatory Indicators for Sustainable Energy (RISE),0,Units,A,Normal value,PU,Public,11.25,23.472222222222225,23.472222222222225,23.472222222222225,27.638888888888893,1.6666666666666667,1.6666666666666667,1.6666666666666667,3.333333333333333,3.333333333333333,3.333333333333333,3.333333333333333,32.083333333333336,32.083333333333336
A,Annual,MRT,Mauritania,WB_RISE_CC_CCP,Clean Cooking National Planning,SCORE,Score,WB_RISE,Regulatory Indicators for Sustainable Energy (RISE),0,Units,A,Normal value,PU,Public,6.666666666666667,6.666666666666667,6.666666666666667,6.666666666666667,6.666666666666667,6.666666666666667,6.666666666666667,6.666666666666667,6.666666666666667,6.666666666666667,6.666666666666667,6.666666666666667,24.444444444444446,24.444444444444446
A,Annual,MRT,Mauritania,WB_RISE_CC_FIAC,Incentives and Attributes for Clean Cooking,SCORE,Score,WB_RISE,Regulatory Indicators for Sustainable Energy (RISE),0,Units,A,Normal value,PU,Public,25.0,25.0,25.0,25.0,41.66666666666666,0.0,0.0,0.0,0.0,0.0,0.0,0.0,41.66666666666666,41.66666666666666
A,Annual,MRT,Mauritania,WB_RISE_CC_SCCP,Implementation Scope of Clean Cooking Planning,SCORE,Score,WB_RISE,Regulatory Indicators for Sustainable Energy (RISE),0,Units,A,Normal value,PU,Public,13.333333333333334,62.22222222222223,62.22222222222223,62.22222222222223,62.22222222222223,0.0,0.0,0.0,0.0,0.0,0.0,0.0,62.22222222222223,62.22222222222223
A,Annual,MRT,Mauritania,WB_RISE_CC_STLA,Standards and Labeling,SCORE,Score,WB_RISE,Regulatory Indicators for Sustainable Energy (RISE),0,Units,A,Normal value,PU,Public,0.0,0.0,0.0,0.0,0.0,0.0,0.0,0.0,6.666666666666667,6.666666666666667,6.666666666666667,6.666666666666667,0.0,0.0
A,Annual,MRT,Mauritania,WB_RISE_CON_AFEL,Consumer Affordability of Electricity,SCORE,Score,WB_RISE,Regulatory Indicators for Sustainable Energy (RISE),0,Units,A,Normal value,PU,Public,32.333333333333336,49.0,49.0,49.0,49.0,49.0,49.0,49.0,49.0,49.0,49.0,49.0,49.0,65.66666666666667
A,Annual,MRT,Mauritania,WB_RISE_EA_ALL,Sustainable Energy - Electricity Access Score,SCORE,Score,WB_RISE,Regulatory Indicators for Sustainable Energy (RISE),0,Units,A,Normal value,PU,Public,19.85291005291005,23.186243386243387,24.51957671957672,26.424338624338624,26.424338624338624,26.424338624338624,26.424338624338624,33.09100529100529,33.09100529100529,34.99576719576719,34.99576719576719,37.852910052910055,37.852910052910055,40.51957671957672
A,Annual,MRT,Mauritania,WB_RISE_EE_ALL,Sustainable Energy - Energy Efficiency Score,SCORE,Score,WB_RISE,Regulatory Indicators for Sustainable Energy (RISE),0,Units,A,Normal value,PU,Public,7.037037037037037,7.5925925925925934,7.5925925925925934,7.5925925925925934,7.5925925925925934,7.5925925925925934,8.333333333333334,8.333333333333334,8.333333333333334,8.333333333333334,8.333333333333334,8.641975308641975,11.882716049382717,14.660493827160495
A,Annual,MRT,Mauritania,WB_RISE_EE_BEC,Building Energy Codes,SCORE,Score,WB_RISE,Regulatory Indicators for Sustainable Energy (RISE),0,Units,A,Normal value,PU,Public,0.0,0.0,0.0,0.0,0.0,0.0,0.0,0.0,0.0,0.0,0.0,0.0,0.0,0.0
A,Annual,MRT,Mauritania,WB_RISE_EE_EES,Energy Efficiency Governance,SCORE,Score,WB_RISE,Regulatory Indicators for Sustainable Energy (RISE),0,Units,A,Normal value,PU,Public,10.0,10.0,10.0,10.0,10.0,10.0,10.0,10.0,10.0,10.0,10.0,10.0,10.0,18.333333333333336
A,Annual,MRT,Mauritania,WB_RISE_EE_ELS,Energy Labeling Systems,SCORE,Score,WB_RISE,Regulatory Indicators for Sustainable Energy (RISE),0,Units,A,Normal value,PU,Public,0.0,0.0,0.0,0.0,0.0,0.0,0.0,0.0,0.0,0.0,0.0,0.0,0.0,0.0
A,Annual,MRT,Mauritania,WB_RISE_EE_FMEE,Financing Mechanisms for Energy Efficiency,SCORE,Score,WB_RISE,Regulatory Indicators for Sustainable Energy (RISE),0,Units,A,Normal value,PU,Public,0.0,0.0,0.0,0.0,0.0,0.0,0.0,0.0,0.0,0.0,0.0,0.0,0.0,0.0
A,Annual,MRT,Mauritania,WB_RISE_EE_IMIC,Industrial and Commercial End Users,SCORE,Score,WB_RISE,Regulatory Indicators for Sustainable Energy (RISE),0,Units,A,Normal value,PU,Public,0.0,0.0,0.0,0.0,0.0,0.0,0.0,0.0,0.0,0.0,0.0,0.0,12.5,12.5
A,Annual,MRT,Mauritania,WB_RISE_EE_IMPS,Energy Efficiency in Public Sector,SCORE,Score,WB_RISE,Regulatory Indicators for Sustainable Energy (RISE),0,Units,A,Normal value,PU,Public,0.0,0.0,0.0,0.0,0.0,0.0,0.0,0.0,0.0,0.0,0.0,0.0,16.666666666666668,16.666666666666668
A,Annual,MRT,Mauritania,WB_RISE_EE_IMUT,Incentives & Mandates: Energy Utility Programs,SCORE,Score,WB_RISE,Regulatory Indicators for Sustainable Energy (RISE),0,Units,A,Normal value,PU,Public,28.333333333333336,33.333333333333336,33.333333333333336,33.333333333333336,33.333333333333336,33.333333333333336,40.0,40.0,40.0,40.0,40.0,40.0,40.0,56.66666666666667
A,Annual,MRT,Mauritania,WB_RISE_EE_MEEP,Minimum Energy Efficiency Performance Standards,SCORE,Score,WB_RISE,Regulatory Indicators for Sustainable Energy (RISE),0,Units,A,Normal value,PU,Public,25.0,25.0,25.0,25.0,25.0,25.0,25.0,25.0,25.0,25.0,25.0,27.77777777777778,27.77777777777778,27.77777777777778
A,Annual,MRT,Mauritania,WB_RISE_EE_TRN,Transport Sector,SCORE,Score,WB_RISE,Regulatory Indicators for Sustainable Energy (RISE),0,Units,A,Normal value,PU,Public,0.0,0.0,0.0,0.0,0.0,0.0,0.0,0.0,0.0,0.0,0.0,0.0,0.0,0.0
A,Annual,MRT,Mauritania,WB_RISE_ELTN_PL,Electrification Governance and Planning,SCORE,Score,WB_RISE,Regulatory Indicators for Sustainable Energy (RISE),0,Units,A,Normal value,PU,Public,0.0,0.0,6.666666666666667,16.19047619047619,16.19047619047619,16.19047619047619,16.19047619047619,16.19047619047619,16.19047619047619,16.19047619047619,16.19047619047619,30.47619047619048,30.47619047619048,43.80952380952382
A,Annual,MRT,Mauritania,WB_RISE_FRM_MGRI,Minigrids Framework,SCORE,Score,WB_RISE,Regulatory Indicators for Sustainable Energy (RISE),0,Units,A,Normal value,PU,Public,16.931216931216934,16.931216931216934,16.931216931216934,16.931216931216934,16.931216931216934,16.931216931216934,16.931216931216934,16.931216931216934,16.931216931216934,26.455026455026456,26.455026455026456,26.455026455026456,26.455026455026456,26.455026455026456
A,Annual,MRT,Mauritania,WB_RISE_FRM_OGS,Off-Grid Systems Framework,SCORE,Score,WB_RISE,Regulatory Indicators for Sustainable Energy (RISE),0,Units,A,Normal value,PU,Public,0.0,0.0,0.0,0.0,0.0,0.0,0.0,33.333333333333336,33.333333333333336,33.333333333333336,33.333333333333336,33.333333333333336,33.333333333333336,33.333333333333336
A,Annual,MRT,Mauritania,WB_RISE_FR_GREL,Grid Electrification Framework,SCORE,Score,WB_RISE,Regulatory Indicators for Sustainable Energy (RISE),0,Units,A,Normal value,PU,Public,50.0,50.0,50.0,50.0,50.0,50.0,50.0,50.0,50.0,50.0,50.0,50.0,50.0,33.333333333333336
A,Annual,MRT,Mauritania,WB_RISE_RE_ALL,Sustainable Energy - Renewable Energy Score,SCORE,Score,WB_RISE,Regulatory Indicators for Sustainable Energy (RISE),0,Units,A,Normal value,PU,Public,2.037037037037037,2.037037037037037,2.037037037037037,2.037037037037037,16.037037037037038,33.77513227513227,34.886243386243386,34.886243386243386,34.886243386243386,43.05291005291006,43.05291005291006,44.71957671957672,46.50529100529101,14.357142857142858
A,Annual,MRT,Mauritania,WB_RISE_RE_ELEC,Electricity Sector Renewables,SCORE,Score,WB_RISE,Regulatory Indicators for Sustainable Energy (RISE),0,Units,A,Normal value,PU,Public,10.185185185185183,10.185185185185183,10.185185185185183,10.185185185185183,10.185185185185183,26.85185185185185,32.40740740740741,32.40740740740741,32.40740740740741,36.57407407407408,36.57407407407408,44.90740740740741,44.90740740740741,24.166666666666668
A,Annual,MRT,Mauritania,WB_RISE_RE_GOV,Renewable Energy - Governance,SCORE,Score,WB_RISE,Regulatory Indicators for Sustainable Energy (RISE),0,Units,A,Normal value,PU,Public,0.0,0.0,0.0,0.0,33.333333333333336,38.69047619047619,38.69047619047619,38.69047619047619,38.69047619047619,55.35714285714285,55.35714285714285,55.35714285714285,64.28571428571429,47.61904761904762
A,Annual,MRT,Mauritania,WB_RISE_RE_HE_CO,Heating and Cooling Renewables,SCORE,Score,WB_RISE,Regulatory Indicators for Sustainable Energy (RISE),0,Units,A,Normal value,PU,Public,0.0,0.0,0.0,0.0,16.666666666666668,50.0,50.0,50.0,50.0,50.0,50.0,50.0,50.0,0.0
A,Annual,MRT,Mauritania,WB_RISE_RE_LVL_PLYNG_FLD,Leveling the Playing Field for Renewables,SCORE,Score,WB_RISE,Regulatory Indicators for Sustainable Energy (RISE),0,Units,A,Normal value,PU,Public,0.0,0.0,0.0,0.0,20.0,20.0,20.0,20.0,20.0,40.0,40.0,40.0,40.0,0.0
A,Annual,MRT,Mauritania,WB_RISE_RE_TRNS,Transport Sector Renewables,SCORE,Score,WB_RISE,Regulatory Indicators for Sustainable Energy (RISE),0,Units,A,Normal value,PU,Public,0.0,0.0,0.0,0.0,0.0,33.333333333333336,33.333333333333336,33.333333333333336,33.333333333333336,33.333333333333336,33.333333333333336,33.333333333333336,33.333333333333336,0.0
A,Annual,MWI,Malawi,WB_RISE_CC_ALL,Sustainable Energy - Clean Cooking Score,SCORE,Score,WB_RISE,Regulatory Indicators for Sustainable Energy (RISE),0,Units,A,Normal value,PU,Public,2.777777777777778,2.777777777777778,2.777777777777778,2.777777777777778,2.777777777777778,17.083333333333336,20.13888888888889,31.66666666666667,33.05555555555556,58.888888888888886,63.75,79.02777777777779,75.0,75.0
A,Annual,MWI,Malawi,WB_RISE_CC_CCP,Clean Cooking National Planning,SCORE,Score,WB_RISE,Regulatory Indicators for Sustainable Energy (RISE),0,Units,A,Normal value,PU,Public,11.111111111111112,11.111111111111112,11.111111111111112,11.111111111111112,11.111111111111112,0.0,0.0,11.111111111111112,11.111111111111112,42.22222222222222,42.22222222222222,86.66666666666667,100.0,100.0
A,Annual,MWI,Malawi,WB_RISE_CC_FIAC,Incentives and Attributes for Clean Cooking,SCORE,Score,WB_RISE,Regulatory Indicators for Sustainable Energy (RISE),0,Units,A,Normal value,PU,Public,0.0,0.0,0.0,0.0,0.0,25.0,25.0,25.0,25.0,25.0,25.0,41.66666666666666,66.66666666666667,66.66666666666667
A,Annual,MWI,Malawi,WB_RISE_CC_SCCP,Implementation Scope of Clean Cooking Planning,SCORE,Score,WB_RISE,Regulatory Indicators for Sustainable Energy (RISE),0,Units,A,Normal value,PU,Public,0.0,0.0,0.0,0.0,0.0,0.0,6.666666666666667,33.333333333333336,33.333333333333336,94.44444444444444,94.44444444444444,94.44444444444444,100.0,100.0
A,Annual,MWI,Malawi,WB_RISE_CC_STLA,Standards and Labeling,SCORE,Score,WB_RISE,Regulatory Indicators for Sustainable Energy (RISE),0,Units,A,Normal value,PU,Public,0.0,0.0,0.0,0.0,0.0,43.333333333333336,48.88888888888889,57.22222222222223,62.77777777777778,73.8888888888889,93.33333333333331,93.33333333333331,33.333333333333336,33.333333333333336
A,Annual,MWI,Malawi,WB_RISE_CON_AFEL,Consumer Affordability of Electricity,SCORE,Score,WB_RISE,Regulatory Indicators for Sustainable Energy (RISE),0,Units,A,Normal value,PU,Public,42.42,42.42,42.42,42.42,42.42,42.42,42.42,42.42,42.42,59.086666666666666,59.086666666666666,59.086666666666666,59.086666666666666,59.086666666666666
A,Annual,MWI,Malawi,WB_RISE_EA_ALL,Sustainable Energy - Electricity Access Score,SCORE,Score,WB_RISE,Regulatory Indicators for Sustainable Energy (RISE),0,Units,A,Normal value,PU,Public,8.483999999999998,8.483999999999998,8.483999999999998,8.483999999999998,8.483999999999998,8.483999999999998,8.483999999999998,9.59511111111111,9.59511111111111,73.61627513227513,76.94960846560846,76.94960846560846,80.75913227513227,80.75913227513227
A,Annual,MWI,Malawi,WB_RISE_EE_ALL,Sustainable Energy - Energy Efficiency Score,SCORE,Score,WB_RISE,Regulatory Indicators for Sustainable Energy (RISE),0,Units,A,Normal value,PU,Public,0.0,0.0,0.0,0.0,0.0,0.0,0.0,1.1111111111111112,13.27777777777778,15.129629629629632,15.129629629629632,16.685185185185187,16.90740740740741,24.07407407407408
A,Annual,MWI,Malawi,WB_RISE_EE_BEC,Building Energy Codes,SCORE,Score,WB_RISE,Regulatory Indicators for Sustainable Energy (RISE),0,Units,A,Normal value,PU,Public,0.0,0.0,0.0,0.0,0.0,0.0,0.0,0.0,0.0,0.0,0.0,0.0,0.0,0.0
A,Annual,MWI,Malawi,WB_RISE_EE_EES,Energy Efficiency Governance,SCORE,Score,WB_RISE,Regulatory Indicators for Sustainable Energy (RISE),0,Units,A,Normal value,PU,Public,0.0,0.0,0.0,0.0,0.0,0.0,0.0,0.0,55.333333333333336,55.333333333333336,55.333333333333336,69.33333333333334,71.33333333333334,73.33333333333334
A,Annual,MWI,Malawi,WB_RISE_EE_ELS,Energy Labeling Systems,SCORE,Score,WB_RISE,Regulatory Indicators for Sustainable Energy (RISE),0,Units,A,Normal value,PU,Public,0.0,0.0,0.0,0.0,0.0,0.0,0.0,0.0,0.0,0.0,0.0,0.0,0.0,0.0
A,Annual,MWI,Malawi,WB_RISE_EE_FMEE,Financing Mechanisms for Energy Efficiency,SCORE,Score,WB_RISE,Regulatory Indicators for Sustainable Energy (RISE),0,Units,A,Normal value,PU,Public,0.0,0.0,0.0,0.0,0.0,0.0,0.0,0.0,0.0,0.0,0.0,0.0,0.0,0.0
A,Annual,MWI,Malawi,WB_RISE_EE_IMIC,Industrial and Commercial End Users,SCORE,Score,WB_RISE,Regulatory Indicators for Sustainable Energy (RISE),0,Units,A,Normal value,PU,Public,0.0,0.0,0.0,0.0,0.0,0.0,0.0,0.0,37.5,37.5,37.5,37.5,37.5,62.5
A,Annual,MWI,Malawi,WB_RISE_EE_IMPS,Energy Efficiency in Public Sector,SCORE,Score,WB_RISE,Regulatory Indicators for Sustainable Energy (RISE),0,Units,A,Normal value,PU,Public,0.0,0.0,0.0,0.0,0.0,0.0,0.0,0.0,16.666666666666668,16.666666666666668,16.666666666666668,16.666666666666668,16.666666666666668,33.333333333333336
A,Annual,MWI,Malawi,WB_RISE_EE_IMUT,Incentives & Mandates: Energy Utility Programs,SCORE,Score,WB_RISE,Regulatory Indicators for Sustainable Energy (RISE),0,Units,A,Normal value,PU,Public,0.0,0.0,0.0,0.0,0.0,0.0,0.0,10.0,10.0,26.666666666666668,26.666666666666668,26.666666666666668,26.666666666666668,43.333333333333336
A,Annual,MWI,Malawi,WB_RISE_EE_MEEP,Minimum Energy Efficiency Performance Standards,SCORE,Score,WB_RISE,Regulatory Indicators for Sustainable Energy (RISE),0,Units,A,Normal value,PU,Public,0.0,0.0,0.0,0.0,0.0,0.0,0.0,0.0,0.0,0.0,0.0,0.0,0.0,4.166666666666667
A,Annual,MWI,Malawi,WB_RISE_EE_TRN,Transport Sector,SCORE,Score,WB_RISE,Regulatory Indicators for Sustainable Energy (RISE),0,Units,A,Normal value,PU,Public,0.0,0.0,0.0,0.0,0.0,0.0,0.0,0.0,0.0,0.0,0.0,0.0,0.0,0.0
A,Annual,MWI,Malawi,WB_RISE_ELTN_PL,Electrification Governance and Planning,SCORE,Score,WB_RISE,Regulatory Indicators for Sustainable Energy (RISE),0,Units,A,Normal value,PU,Public,0.0,0.0,0.0,0.0,0.0,0.0,0.0,0.0,0.0,76.19047619047619,76.19047619047619,76.19047619047619,95.23809523809524,95.23809523809524
A,Annual,MWI,Malawi,WB_RISE_FRM_MGRI,Minigrids Framework,SCORE,Score,WB_RISE,Regulatory Indicators for Sustainable Energy (RISE),0,Units,A,Normal value,PU,Public,0.0,0.0,0.0,0.0,0.0,0.0,0.0,0.0,0.0,77.24867724867725,77.24867724867725,77.24867724867725,77.24867724867725,77.24867724867725
A,Annual,MWI,Malawi,WB_RISE_FRM_OGS,Off-Grid Systems Framework,SCORE,Score,WB_RISE,Regulatory Indicators for Sustainable Energy (RISE),0,Units,A,Normal value,PU,Public,0.0,0.0,0.0,0.0,0.0,0.0,0.0,5.555555555555556,5.555555555555556,72.22222222222223,72.22222222222223,72.22222222222223,72.22222222222223,72.22222222222223
A,Annual,MWI,Malawi,WB_RISE_FR_GREL,Grid Electrification Framework,SCORE,Score,WB_RISE,Regulatory Indicators for Sustainable Energy (RISE),0,Units,A,Normal value,PU,Public,0.0,0.0,0.0,0.0,0.0,0.0,0.0,0.0,0.0,83.33333333333333,100.0,100.0,100.0,100.0
A,Annual,MWI,Malawi,WB_RISE_RE_ALL,Sustainable Energy - Renewable Energy Score,SCORE,Score,WB_RISE,Regulatory Indicators for Sustainable Energy (RISE),0,Units,A,Normal value,PU,Public,1.5,1.5,1.5,1.5,1.5,2.055555555555556,2.055555555555556,2.055555555555556,2.055555555555556,6.023809523809524,6.023809523809524,6.023809523809524,6.023809523809524,38.03703703703704
A,Annual,MWI,Malawi,WB_RISE_RE_ELEC,Electricity Sector Renewables,SCORE,Score,WB_RISE,Regulatory Indicators for Sustainable Energy (RISE),0,Units,A,Normal value,PU,Public,7.5,7.5,7.5,7.5,7.5,10.27777777777778,10.27777777777778,10.27777777777778,10.27777777777778,15.833333333333334,15.833333333333334,15.833333333333334,15.833333333333334,65.18518518518519
A,Annual,MWI,Malawi,WB_RISE_RE_GOV,Renewable Energy - Governance,SCORE,Score,WB_RISE,Regulatory Indicators for Sustainable Energy (RISE),0,Units,A,Normal value,PU,Public,0.0,0.0,0.0,0.0,0.0,0.0,0.0,0.0,0.0,14.285714285714286,14.285714285714286,14.285714285714286,14.285714285714286,91.66666666666666
A,Annual,MWI,Malawi,WB_RISE_RE_HE_CO,Heating and Cooling Renewables,SCORE,Score,WB_RISE,Regulatory Indicators for Sustainable Energy (RISE),0,Units,A,Normal value,PU,Public,0.0,0.0,0.0,0.0,0.0,0.0,0.0,0.0,0.0,0.0,0.0,0.0,0.0,0.0
A,Annual,MWI,Malawi,WB_RISE_RE_LVL_PLYNG_FLD,Leveling the Playing Field for Renewables,SCORE,Score,WB_RISE,Regulatory Indicators for Sustainable Energy (RISE),0,Units,A,Normal value,PU,Public,0.0,0.0,0.0,0.0,0.0,0.0,0.0,0.0,0.0,0.0,0.0,0.0,0.0,0.0
A,Annual,MWI,Malawi,WB_RISE_RE_TRNS,Transport Sector Renewables,SCORE,Score,WB_RISE,Regulatory Indicators for Sustainable Energy (RISE),0,Units,A,Normal value,PU,Public,0.0,0.0,0.0,0.0,0.0,0.0,0.0,0.0,0.0,0.0,0.0,0.0,0.0,33.333333333333336
A,Annual,MYS,Malaysia,WB_RISE_EE_ALL,Sustainable Energy - Energy Efficiency Score,SCORE,Score,WB_RISE,Regulatory Indicators for Sustainable Energy (RISE),0,Units,A,Normal value,PU,Public,11.91358024691358,13.302469135802468,14.69135802469136,26.728395061728392,28.91975308641976,59.75308641975308,61.60493827160493,62.34567901234568,62.34567901234568,63.08641975308641,63.08641975308641,63.08641975308641,63.08641975308641,65.86419753086419
A,Annual,MYS,Malaysia,WB_RISE_EE_BEC,Building Energy Codes,SCORE,Score,WB_RISE,Regulatory Indicators for Sustainable Energy (RISE),0,Units,A,Normal value,PU,Public,0.0,0.0,0.0,0.0,0.0,6.666666666666667,6.666666666666667,13.333333333333334,13.333333333333334,20.0,20.0,20.0,20.0,20.0
A,Annual,MYS,Malaysia,WB_RISE_EE_EES,Energy Efficiency Governance,SCORE,Score,WB_RISE,Regulatory Indicators for Sustainable Energy (RISE),0,Units,A,Normal value,PU,Public,13.888888888888893,13.888888888888893,13.888888888888893,13.888888888888893,13.888888888888893,97.22222222222224,97.22222222222224,97.22222222222224,97.22222222222224,97.22222222222224,97.22222222222224,97.22222222222224,97.22222222222224,97.22222222222224
A,Annual,MYS,Malaysia,WB_RISE_EE_ELS,Energy Labeling Systems,SCORE,Score,WB_RISE,Regulatory Indicators for Sustainable Energy (RISE),0,Units,A,Normal value,PU,Public,0.0,0.0,0.0,50.0,50.0,83.33333333333333,83.33333333333333,83.33333333333333,83.33333333333333,83.33333333333333,83.33333333333333,83.33333333333333,83.33333333333333,83.33333333333333
A,Annual,MYS,Malaysia,WB_RISE_EE_FMEE,Financing Mechanisms for Energy Efficiency,SCORE,Score,WB_RISE,Regulatory Indicators for Sustainable Energy (RISE),0,Units,A,Normal value,PU,Public,33.333333333333336,33.333333333333336,33.333333333333336,50.0,50.0,50.0,50.0,50.0,50.0,50.0,50.0,50.0,50.0,50.0
A,Annual,MYS,Malaysia,WB_RISE_EE_IMIC,Industrial and Commercial End Users,SCORE,Score,WB_RISE,Regulatory Indicators for Sustainable Energy (RISE),0,Units,A,Normal value,PU,Public,25.0,37.5,50.0,50.0,50.0,75.0,75.0,75.0,75.0,75.0,75.0,75.0,75.0,75.0
A,Annual,MYS,Malaysia,WB_RISE_EE_IMPS,Energy Efficiency in Public Sector,SCORE,Score,WB_RISE,Regulatory Indicators for Sustainable Energy (RISE),0,Units,A,Normal value,PU,Public,0.0,0.0,0.0,0.0,0.0,100.0,100.0,100.0,100.0,100.0,100.0,100.0,100.0,100.0
A,Annual,MYS,Malaysia,WB_RISE_EE_IMUT,Incentives & Mandates: Energy Utility Programs,SCORE,Score,WB_RISE,Regulatory Indicators for Sustainable Energy (RISE),0,Units,A,Normal value,PU,Public,26.666666666666668,26.666666666666668,26.666666666666668,26.666666666666668,36.66666666666667,53.33333333333334,53.33333333333334,53.33333333333334,53.33333333333334,53.33333333333334,53.33333333333334,53.33333333333334,53.33333333333334,53.33333333333334
A,Annual,MYS,Malaysia,WB_RISE_EE_MEEP,Minimum Energy Efficiency Performance Standards,SCORE,Score,WB_RISE,Regulatory Indicators for Sustainable Energy (RISE),0,Units,A,Normal value,PU,Public,8.333333333333334,8.333333333333334,8.333333333333334,50.0,59.72222222222223,72.22222222222223,72.22222222222223,72.22222222222223,72.22222222222223,72.22222222222223,72.22222222222223,72.22222222222223,72.22222222222223,72.22222222222223
A,Annual,MYS,Malaysia,WB_RISE_EE_TRN,Transport Sector,SCORE,Score,WB_RISE,Regulatory Indicators for Sustainable Energy (RISE),0,Units,A,Normal value,PU,Public,0.0,0.0,0.0,0.0,0.0,0.0,16.666666666666668,16.666666666666668,16.666666666666668,16.666666666666668,16.666666666666668,16.666666666666668,16.666666666666668,41.66666666666667
A,Annual,MYS,Malaysia,WB_RISE_RE_ALL,Sustainable Energy - Renewable Energy Score,SCORE,Score,WB_RISE,Regulatory Indicators for Sustainable Energy (RISE),0,Units,A,Normal value,PU,Public,0.6666666666666667,0.6666666666666667,7.452380952380952,7.452380952380952,8.119047619047619,8.119047619047619,13.515873015873016,20.73809523809524,27.404761904761905,38.07142857142857,38.07142857142857,38.07142857142857,40.88888888888889,27.955026455026456
A,Annual,MYS,Malaysia,WB_RISE_RE_ELEC,Electricity Sector Renewables,SCORE,Score,WB_RISE,Regulatory Indicators for Sustainable Energy (RISE),0,Units,A,Normal value,PU,Public,3.333333333333333,3.333333333333333,15.833333333333334,15.833333333333334,19.166666666666668,19.166666666666668,24.722222222222225,27.5,27.5,27.5,27.5,27.5,34.44444444444445,45.92592592592592
A,Annual,MYS,Malaysia,WB_RISE_RE_GOV,Renewable Energy - Governance,SCORE,Score,WB_RISE,Regulatory Indicators for Sustainable Energy (RISE),0,Units,A,Normal value,PU,Public,0.0,0.0,21.428571428571427,21.428571428571427,21.428571428571427,21.428571428571427,42.85714285714285,42.85714285714285,59.52380952380952,92.85714285714286,92.85714285714286,92.85714285714286,100.0,66.07142857142857
A,Annual,MYS,Malaysia,WB_RISE_RE_HE_CO,Heating and Cooling Renewables,SCORE,Score,WB_RISE,Regulatory Indicators for Sustainable Energy (RISE),0,Units,A,Normal value,PU,Public,0.0,0.0,0.0,0.0,0.0,0.0,0.0,0.0,16.666666666666668,16.666666666666668,16.666666666666668,16.666666666666668,16.666666666666668,11.111111111111112
A,Annual,MYS,Malaysia,WB_RISE_RE_LVL_PLYNG_FLD,Leveling the Playing Field for Renewables,SCORE,Score,WB_RISE,Regulatory Indicators for Sustainable Energy (RISE),0,Units,A,Normal value,PU,Public,0.0,0.0,0.0,0.0,0.0,0.0,0.0,0.0,0.0,20.0,20.0,20.0,20.0,0.0
A,Annual,MYS,Malaysia,WB_RISE_RE_TRNS,Transport Sector Renewables,SCORE,Score,WB_RISE,Regulatory Indicators for Sustainable Energy (RISE),0,Units,A,Normal value,PU,Public,0.0,0.0,0.0,0.0,0.0,0.0,0.0,33.333333333333336,33.333333333333336,33.333333333333336,33.333333333333336,33.333333333333336,33.333333333333336,16.666666666666668
A,Annual,NER,Niger,WB_RISE_CC_ALL,Sustainable Energy - Clean Cooking Score,SCORE,Score,WB_RISE,Regulatory Indicators for Sustainable Energy (RISE),0,Units,A,Normal value,PU,Public,11.666666666666666,11.666666666666666,11.666666666666666,11.666666666666666,11.666666666666666,28.88888888888889,28.88888888888889,28.88888888888889,28.88888888888889,28.88888888888889,33.05555555555556,33.05555555555556,38.74999999999999,38.74999999999999
A,Annual,NER,Niger,WB_RISE_CC_CCP,Clean Cooking National Planning,SCORE,Score,WB_RISE,Regulatory Indicators for Sustainable Energy (RISE),0,Units,A,Normal value,PU,Public,46.66666666666666,46.66666666666666,46.66666666666666,46.66666666666666,46.66666666666666,37.77777777777778,37.77777777777778,37.77777777777778,37.77777777777778,37.77777777777778,37.77777777777778,37.77777777777778,73.33333333333333,73.33333333333333
A,Annual,NER,Niger,WB_RISE_CC_FIAC,Incentives and Attributes for Clean Cooking,SCORE,Score,WB_RISE,Regulatory Indicators for Sustainable Energy (RISE),0,Units,A,Normal value,PU,Public,0.0,0.0,0.0,0.0,0.0,16.666666666666668,16.666666666666668,16.666666666666668,16.666666666666668,16.666666666666668,33.333333333333336,33.333333333333336,0.0,0.0
A,Annual,NER,Niger,WB_RISE_CC_SCCP,Implementation Scope of Clean Cooking Planning,SCORE,Score,WB_RISE,Regulatory Indicators for Sustainable Energy (RISE),0,Units,A,Normal value,PU,Public,0.0,0.0,0.0,0.0,0.0,61.11111111111111,61.11111111111111,61.11111111111111,61.11111111111111,61.11111111111111,61.11111111111111,61.11111111111111,67.77777777777777,67.77777777777777
A,Annual,NER,Niger,WB_RISE_CC_STLA,Standards and Labeling,SCORE,Score,WB_RISE,Regulatory Indicators for Sustainable Energy (RISE),0,Units,A,Normal value,PU,Public,0.0,0.0,0.0,0.0,0.0,0.0,0.0,0.0,0.0,0.0,0.0,0.0,13.888888888888893,13.888888888888893
A,Annual,NER,Niger,WB_RISE_CON_AFEL,Consumer Affordability of Electricity,SCORE,Score,WB_RISE,Regulatory Indicators for Sustainable Energy (RISE),0,Units,A,Normal value,PU,Public,48.42,48.42,48.42,48.42,48.42,48.42,48.42,65.08666666666666,65.08666666666666,65.08666666666666,65.08666666666666,65.08666666666666,65.08666666666666,65.08666666666666
A,Annual,NER,Niger,WB_RISE_EA_ALL,Sustainable Energy - Electricity Access Score,SCORE,Score,WB_RISE,Regulatory Indicators for Sustainable Energy (RISE),0,Units,A,Normal value,PU,Public,9.684,9.684,9.684,9.684,9.684,10.63638095238095,19.10198941798941,29.895640211640217,44.530560846560846,44.530560846560846,47.1760634920635,54.79511111111111,54.79511111111111,60.19193650793651
A,Annual,NER,Niger,WB_RISE_EE_ALL,Sustainable Energy - Energy Efficiency Score,SCORE,Score,WB_RISE,Regulatory Indicators for Sustainable Energy (RISE),0,Units,A,Normal value,PU,Public,0.0,0.0,0.0,0.0,0.0,7.493827160493827,14.80864197530864,14.80864197530864,14.80864197530864,15.919753086419751,25.24074074074074,25.24074074074074,32.18518518518518,34.96296296296296
A,Annual,NER,Niger,WB_RISE_EE_BEC,Building Energy Codes,SCORE,Score,WB_RISE,Regulatory Indicators for Sustainable Energy (RISE),0,Units,A,Normal value,PU,Public,0.0,0.0,0.0,0.0,0.0,0.0,0.0,0.0,0.0,0.0,20.0,20.0,20.0,20.0
A,Annual,NER,Niger,WB_RISE_EE_EES,Energy Efficiency Governance,SCORE,Score,WB_RISE,Regulatory Indicators for Sustainable Energy (RISE),0,Units,A,Normal value,PU,Public,0.0,0.0,0.0,0.0,0.0,67.44444444444444,75.77777777777779,75.77777777777779,75.77777777777779,75.77777777777779,98.0,98.0,98.0,98.0
A,Annual,NER,Niger,WB_RISE_EE_ELS,Energy Labeling Systems,SCORE,Score,WB_RISE,Regulatory Indicators for Sustainable Energy (RISE),0,Units,A,Normal value,PU,Public,0.0,0.0,0.0,0.0,0.0,0.0,0.0,0.0,0.0,0.0,25.0,25.0,50.0,50.0
A,Annual,NER,Niger,WB_RISE_EE_FMEE,Financing Mechanisms for Energy Efficiency,SCORE,Score,WB_RISE,Regulatory Indicators for Sustainable Energy (RISE),0,Units,A,Normal value,PU,Public,0.0,0.0,0.0,0.0,0.0,0.0,0.0,0.0,0.0,0.0,0.0,0.0,0.0,0.0
A,Annual,NER,Niger,WB_RISE_EE_IMIC,Industrial and Commercial End Users,SCORE,Score,WB_RISE,Regulatory Indicators for Sustainable Energy (RISE),0,Units,A,Normal value,PU,Public,0.0,0.0,0.0,0.0,0.0,0.0,37.5,37.5,37.5,37.5,37.5,37.5,50.0,50.0
A,Annual,NER,Niger,WB_RISE_EE_IMPS,Energy Efficiency in Public Sector,SCORE,Score,WB_RISE,Regulatory Indicators for Sustainable Energy (RISE),0,Units,A,Normal value,PU,Public,0.0,0.0,0.0,0.0,0.0,0.0,0.0,0.0,0.0,0.0,16.666666666666668,16.666666666666668,16.666666666666668,16.666666666666668
A,Annual,NER,Niger,WB_RISE_EE_IMUT,Incentives & Mandates: Energy Utility Programs,SCORE,Score,WB_RISE,Regulatory Indicators for Sustainable Energy (RISE),0,Units,A,Normal value,PU,Public,0.0,0.0,0.0,0.0,0.0,0.0,20.0,20.0,20.0,30.0,30.0,30.0,30.0,30.0
A,Annual,NER,Niger,WB_RISE_EE_MEEP,Minimum Energy Efficiency Performance Standards,SCORE,Score,WB_RISE,Regulatory Indicators for Sustainable Energy (RISE),0,Units,A,Normal value,PU,Public,0.0,0.0,0.0,0.0,0.0,0.0,0.0,0.0,0.0,0.0,0.0,0.0,25.0,50.0
A,Annual,NER,Niger,WB_RISE_EE_TRN,Transport Sector,SCORE,Score,WB_RISE,Regulatory Indicators for Sustainable Energy (RISE),0,Units,A,Normal value,PU,Public,0.0,0.0,0.0,0.0,0.0,0.0,0.0,0.0,0.0,0.0,0.0,0.0,0.0,0.0
A,Annual,NER,Niger,WB_RISE_ELTN_PL,Electrification Governance and Planning,SCORE,Score,WB_RISE,Regulatory Indicators for Sustainable Energy (RISE),0,Units,A,Normal value,PU,Public,0.0,0.0,0.0,0.0,0.0,4.761904761904762,23.80952380952381,23.80952380952381,77.14285714285715,77.14285714285715,77.14285714285715,81.90476190476191,81.90476190476191,81.90476190476191
A,Annual,NER,Niger,WB_RISE_FRM_MGRI,Minigrids Framework,SCORE,Score,WB_RISE,Regulatory Indicators for Sustainable Energy (RISE),0,Units,A,Normal value,PU,Public,0.0,0.0,0.0,0.0,0.0,0.0,23.28042328042328,32.804232804232804,47.08994708994709,47.08994708994709,60.31746031746032,60.31746031746032,60.31746031746032,65.07936507936508
A,Annual,NER,Niger,WB_RISE_FRM_OGS,Off-Grid Systems Framework,SCORE,Score,WB_RISE,Regulatory Indicators for Sustainable Energy (RISE),0,Units,A,Normal value,PU,Public,0.0,0.0,0.0,0.0,0.0,0.0,0.0,11.111111111111112,16.666666666666668,16.666666666666668,16.666666666666668,50.0,50.0,55.55555555555557
A,Annual,NER,Niger,WB_RISE_FR_GREL,Grid Electrification Framework,SCORE,Score,WB_RISE,Regulatory Indicators for Sustainable Energy (RISE),0,Units,A,Normal value,PU,Public,0.0,0.0,0.0,0.0,0.0,0.0,0.0,16.666666666666668,16.666666666666668,16.666666666666668,16.666666666666668,16.666666666666668,16.666666666666668,33.333333333333336
A,Annual,NER,Niger,WB_RISE_RE_ALL,Sustainable Energy - Renewable Energy Score,SCORE,Score,WB_RISE,Regulatory Indicators for Sustainable Energy (RISE),0,Units,A,Normal value,PU,Public,7.769841269841271,8.603174603174605,8.603174603174605,13.15873015873016,13.15873015873016,16.492063492063494,18.873015873015877,18.873015873015877,21.253968253968257,21.253968253968257,30.611111111111107,34.301587301587304,34.301587301587304,16.425925925925924
A,Annual,NER,Niger,WB_RISE_RE_ELEC,Electricity Sector Renewables,SCORE,Score,WB_RISE,Regulatory Indicators for Sustainable Energy (RISE),0,Units,A,Normal value,PU,Public,10.27777777777778,14.444444444444445,14.444444444444445,20.55555555555556,20.55555555555556,20.55555555555556,28.88888888888889,28.88888888888889,37.22222222222222,37.22222222222222,45.55555555555555,45.55555555555555,45.55555555555555,44.629629629629626
A,Annual,NER,Niger,WB_RISE_RE_GOV,Renewable Energy - Governance,SCORE,Score,WB_RISE,Regulatory Indicators for Sustainable Energy (RISE),0,Units,A,Normal value,PU,Public,28.571428571428573,28.571428571428573,28.571428571428573,45.23809523809524,45.23809523809524,45.23809523809524,48.80952380952381,48.80952380952381,52.38095238095238,52.38095238095238,70.83333333333334,72.61904761904762,72.61904761904762,37.5
A,Annual,NER,Niger,WB_RISE_RE_HE_CO,Heating and Cooling Renewables,SCORE,Score,WB_RISE,Regulatory Indicators for Sustainable Energy (RISE),0,Units,A,Normal value,PU,Public,0.0,0.0,0.0,0.0,0.0,0.0,0.0,0.0,0.0,0.0,0.0,0.0,0.0,0.0
A,Annual,NER,Niger,WB_RISE_RE_LVL_PLYNG_FLD,Leveling the Playing Field for Renewables,SCORE,Score,WB_RISE,Regulatory Indicators for Sustainable Energy (RISE),0,Units,A,Normal value,PU,Public,0.0,0.0,0.0,0.0,0.0,0.0,0.0,0.0,0.0,0.0,20.0,20.0,20.0,0.0
A,Annual,NER,Niger,WB_RISE_RE_TRNS,Transport Sector Renewables,SCORE,Score,WB_RISE,Regulatory Indicators for Sustainable Energy (RISE),0,Units,A,Normal value,PU,Public,0.0,0.0,0.0,0.0,0.0,16.666666666666668,16.666666666666668,16.666666666666668,16.666666666666668,16.666666666666668,16.666666666666668,33.333333333333336,33.333333333333336,0.0
A,Annual,NGA,Nigeria,WB_RISE_CC_ALL,Sustainable Energy - Clean Cooking Score,SCORE,Score,WB_RISE,Regulatory Indicators for Sustainable Energy (RISE),0,Units,A,Normal value,PU,Public,26.66666666666667,26.66666666666667,26.66666666666667,26.66666666666667,26.66666666666667,12.500000000000002,12.500000000000002,21.388888888888893,21.388888888888893,21.388888888888893,21.388888888888893,23.05555555555556,46.94444444444444,53.47222222222222
A,Annual,NGA,Nigeria,WB_RISE_CC_CCP,Clean Cooking National Planning,SCORE,Score,WB_RISE,Regulatory Indicators for Sustainable Energy (RISE),0,Units,A,Normal value,PU,Public,17.77777777777778,17.77777777777778,17.77777777777778,17.77777777777778,17.77777777777778,11.111111111111112,11.111111111111112,24.444444444444446,24.444444444444446,24.444444444444446,24.444444444444446,31.111111111111114,57.77777777777778,57.77777777777778
A,Annual,NGA,Nigeria,WB_RISE_CC_FIAC,Incentives and Attributes for Clean Cooking,SCORE,Score,WB_RISE,Regulatory Indicators for Sustainable Energy (RISE),0,Units,A,Normal value,PU,Public,33.333333333333336,33.333333333333336,33.333333333333336,33.333333333333336,33.333333333333336,0.0,0.0,16.666666666666668,16.666666666666668,16.666666666666668,16.666666666666668,16.666666666666668,33.333333333333336,33.333333333333336
A,Annual,NGA,Nigeria,WB_RISE_CC_SCCP,Implementation Scope of Clean Cooking Planning,SCORE,Score,WB_RISE,Regulatory Indicators for Sustainable Energy (RISE),0,Units,A,Normal value,PU,Public,31.111111111111114,31.111111111111114,31.111111111111114,31.111111111111114,31.111111111111114,38.88888888888889,38.88888888888889,44.44444444444445,44.44444444444445,44.44444444444445,44.44444444444445,44.44444444444445,42.22222222222222,60.0
A,Annual,NGA,Nigeria,WB_RISE_CC_STLA,Standards and Labeling,SCORE,Score,WB_RISE,Regulatory Indicators for Sustainable Energy (RISE),0,Units,A,Normal value,PU,Public,24.444444444444446,24.444444444444446,24.444444444444446,24.444444444444446,24.444444444444446,0.0,0.0,0.0,0.0,0.0,0.0,0.0,54.44444444444444,62.77777777777777
A,Annual,NGA,Nigeria,WB_RISE_CON_AFEL,Consumer Affordability of Electricity,SCORE,Score,WB_RISE,Regulatory Indicators for Sustainable Energy (RISE),0,Units,A,Normal value,PU,Public,66.64999999999999,66.64999999999999,66.64999999999999,66.64999999999999,66.64999999999999,66.64999999999999,66.64999999999999,66.64999999999999,66.64999999999999,66.64999999999999,66.64999999999999,83.31666666666666,83.31666666666666,83.31666666666666
A,Annual,NGA,Nigeria,WB_RISE_EA_ALL,Sustainable Energy - Electricity Access Score,SCORE,Score,WB_RISE,Regulatory Indicators for Sustainable Energy (RISE),0,Units,A,Normal value,PU,Public,13.329999999999998,13.329999999999998,13.329999999999998,13.329999999999998,13.329999999999998,13.329999999999998,15.975502645502644,17.086613756613755,19.89084656084656,22.176560846560847,28.20830687830688,48.15539682539683,73.96492063492063,90.47285714285714
A,Annual,NGA,Nigeria,WB_RISE_EE_ALL,Sustainable Energy - Energy Efficiency Score,SCORE,Score,WB_RISE,Regulatory Indicators for Sustainable Energy (RISE),0,Units,A,Normal value,PU,Public,0.0,0.0,0.0,0.0,0.0,1.5432098765432098,2.6234567901234573,2.6234567901234573,2.6234567901234573,7.870370370370371,11.425925925925926,14.092592592592592,21.90740740740741,36.97530864197531
A,Annual,NGA,Nigeria,WB_RISE_EE_BEC,Building Energy Codes,SCORE,Score,WB_RISE,Regulatory Indicators for Sustainable Energy (RISE),0,Units,A,Normal value,PU,Public,0.0,0.0,0.0,0.0,0.0,0.0,0.0,0.0,0.0,0.0,13.333333333333334,13.333333333333334,13.333333333333334,13.333333333333334
A,Annual,NGA,Nigeria,WB_RISE_EE_EES,Energy Efficiency Governance,SCORE,Score,WB_RISE,Regulatory Indicators for Sustainable Energy (RISE),0,Units,A,Normal value,PU,Public,0.0,0.0,0.0,0.0,0.0,0.0,8.333333333333334,8.333333333333334,8.333333333333334,8.333333333333334,27.0,51.0,63.0,90.0
A,Annual,NGA,Nigeria,WB_RISE_EE_ELS,Energy Labeling Systems,SCORE,Score,WB_RISE,Regulatory Indicators for Sustainable Energy (RISE),0,Units,A,Normal value,PU,Public,0.0,0.0,0.0,0.0,0.0,0.0,0.0,0.0,0.0,0.0,0.0,0.0,0.0,37.5
A,Annual,NGA,Nigeria,WB_RISE_EE_FMEE,Financing Mechanisms for Energy Efficiency,SCORE,Score,WB_RISE,Regulatory Indicators for Sustainable Energy (RISE),0,Units,A,Normal value,PU,Public,0.0,0.0,0.0,0.0,0.0,0.0,0.0,0.0,0.0,16.666666666666668,16.666666666666668,16.666666666666668,33.333333333333336,50.0
A,Annual,NGA,Nigeria,WB_RISE_EE_IMIC,Industrial and Commercial End Users,SCORE,Score,WB_RISE,Regulatory Indicators for Sustainable Energy (RISE),0,Units,A,Normal value,PU,Public,0.0,0.0,0.0,0.0,0.0,12.5,12.5,12.5,12.5,12.5,12.5,12.5,37.5,37.5
A,Annual,NGA,Nigeria,WB_RISE_EE_IMPS,Energy Efficiency in Public Sector,SCORE,Score,WB_RISE,Regulatory Indicators for Sustainable Energy (RISE),0,Units,A,Normal value,PU,Public,0.0,0.0,0.0,0.0,0.0,0.0,0.0,0.0,0.0,0.0,0.0,0.0,16.666666666666668,50.0
A,Annual,NGA,Nigeria,WB_RISE_EE_IMUT,Incentives & Mandates: Energy Utility Programs,SCORE,Score,WB_RISE,Regulatory Indicators for Sustainable Energy (RISE),0,Units,A,Normal value,PU,Public,0.0,0.0,0.0,0.0,0.0,0.0,0.0,0.0,0.0,0.0,0.0,0.0,0.0,10.0
A,Annual,NGA,Nigeria,WB_RISE_EE_MEEP,Minimum Energy Efficiency Performance Standards,SCORE,Score,WB_RISE,Regulatory Indicators for Sustainable Energy (RISE),0,Units,A,Normal value,PU,Public,0.0,0.0,0.0,0.0,0.0,1.388888888888889,2.777777777777778,2.777777777777778,2.777777777777778,33.333333333333336,33.333333333333336,33.333333333333336,33.333333333333336,44.44444444444444
A,Annual,NGA,Nigeria,WB_RISE_EE_TRN,Transport Sector,SCORE,Score,WB_RISE,Regulatory Indicators for Sustainable Energy (RISE),0,Units,A,Normal value,PU,Public,0.0,0.0,0.0,0.0,0.0,0.0,0.0,0.0,0.0,0.0,0.0,0.0,0.0,0.0
A,Annual,NGA,Nigeria,WB_RISE_ELTN_PL,Electrification Governance and Planning,SCORE,Score,WB_RISE,Regulatory Indicators for Sustainable Energy (RISE),0,Units,A,Normal value,PU,Public,0.0,0.0,0.0,0.0,0.0,0.0,9.523809523809524,9.523809523809524,9.523809523809524,20.952380952380956,25.71428571428571,35.23809523809524,90.47619047619048,90.47619047619048
A,Annual,NGA,Nigeria,WB_RISE_FRM_MGRI,Minigrids Framework,SCORE,Score,WB_RISE,Regulatory Indicators for Sustainable Energy (RISE),0,Units,A,Normal value,PU,Public,0.0,0.0,0.0,0.0,0.0,0.0,3.703703703703704,3.703703703703704,12.16931216931217,12.16931216931217,26.455026455026456,44.44444444444445,68.25396825396825,95.23809523809524
A,Annual,NGA,Nigeria,WB_RISE_FRM_OGS,Off-Grid Systems Framework,SCORE,Score,WB_RISE,Regulatory Indicators for Sustainable Energy (RISE),0,Units,A,Normal value,PU,Public,0.0,0.0,0.0,0.0,0.0,0.0,0.0,5.555555555555556,11.111111111111112,11.111111111111112,22.222222222222225,61.11111111111111,61.11111111111111,100.0
A,Annual,NGA,Nigeria,WB_RISE_FR_GREL,Grid Electrification Framework,SCORE,Score,WB_RISE,Regulatory Indicators for Sustainable Energy (RISE),0,Units,A,Normal value,PU,Public,0.0,0.0,0.0,0.0,0.0,0.0,0.0,0.0,0.0,0.0,0.0,16.666666666666668,66.66666666666667,83.33333333333333
A,Annual,NGA,Nigeria,WB_RISE_RE_ALL,Sustainable Energy - Renewable Energy Score,SCORE,Score,WB_RISE,Regulatory Indicators for Sustainable Energy (RISE),0,Units,A,Normal value,PU,Public,0.5555555555555556,0.5555555555555556,0.5555555555555556,0.5555555555555556,0.5555555555555556,2.777777777777778,2.777777777777778,4.722222222222223,4.722222222222223,6.111111111111111,8.206349206349206,9.03968253968254,16.18253968253968,32.41534391534391
A,Annual,NGA,Nigeria,WB_RISE_RE_ELEC,Electricity Sector Renewables,SCORE,Score,WB_RISE,Regulatory Indicators for Sustainable Energy (RISE),0,Units,A,Normal value,PU,Public,2.777777777777778,2.777777777777778,2.777777777777778,2.777777777777778,2.777777777777778,13.888888888888893,13.888888888888893,23.611111111111114,23.611111111111114,30.555555555555557,33.888888888888886,38.05555555555555,38.05555555555555,73.98148148148148
A,Annual,NGA,Nigeria,WB_RISE_RE_GOV,Renewable Energy - Governance,SCORE,Score,WB_RISE,Regulatory Indicators for Sustainable Energy (RISE),0,Units,A,Normal value,PU,Public,0.0,0.0,0.0,0.0,0.0,0.0,0.0,0.0,0.0,0.0,7.142857142857143,7.142857142857143,42.85714285714285,71.42857142857143
A,Annual,NGA,Nigeria,WB_RISE_RE_HE_CO,Heating and Cooling Renewables,SCORE,Score,WB_RISE,Regulatory Indicators for Sustainable Energy (RISE),0,Units,A,Normal value,PU,Public,0.0,0.0,0.0,0.0,0.0,0.0,0.0,0.0,0.0,0.0,0.0,0.0,0.0,0.0
A,Annual,NGA,Nigeria,WB_RISE_RE_LVL_PLYNG_FLD,Leveling the Playing Field for Renewables,SCORE,Score,WB_RISE,Regulatory Indicators for Sustainable Energy (RISE),0,Units,A,Normal value,PU,Public,0.0,0.0,0.0,0.0,0.0,0.0,0.0,0.0,0.0,0.0,0.0,0.0,0.0,0.0
A,Annual,NGA,Nigeria,WB_RISE_RE_TRNS,Transport Sector Renewables,SCORE,Score,WB_RISE,Regulatory Indicators for Sustainable Energy (RISE),0,Units,A,Normal value,PU,Public,0.0,0.0,0.0,0.0,0.0,0.0,0.0,0.0,0.0,0.0,0.0,0.0,0.0,16.666666666666668
A,Annual,NIC,Nicaragua,WB_RISE_CC_ALL,Sustainable Energy - Clean Cooking Score,SCORE,Score,WB_RISE,Regulatory Indicators for Sustainable Energy (RISE),0,Units,A,Normal value,PU,Public,0.0,7.777777777777779,7.777777777777779,7.777777777777779,7.777777777777779,13.61111111111111,13.61111111111111,13.61111111111111,19.166666666666668,23.888888888888893,35.55555555555556,35.55555555555556,18.05555555555556,18.05555555555556
A,Annual,NIC,Nicaragua,WB_RISE_CC_CCP,Clean Cooking National Planning,SCORE,Score,WB_RISE,Regulatory Indicators for Sustainable Energy (RISE),0,Units,A,Normal value,PU,Public,0.0,20.0,20.0,20.0,20.0,0.0,0.0,0.0,0.0,0.0,46.66666666666666,46.66666666666666,44.44444444444445,44.44444444444445
A,Annual,NIC,Nicaragua,WB_RISE_CC_FIAC,Incentives and Attributes for Clean Cooking,SCORE,Score,WB_RISE,Regulatory Indicators for Sustainable Energy (RISE),0,Units,A,Normal value,PU,Public,0.0,0.0,0.0,0.0,0.0,16.666666666666668,16.666666666666668,16.666666666666668,33.333333333333336,33.333333333333336,33.333333333333336,33.333333333333336,0.0,0.0
A,Annual,NIC,Nicaragua,WB_RISE_CC_SCCP,Implementation Scope of Clean Cooking Planning,SCORE,Score,WB_RISE,Regulatory Indicators for Sustainable Energy (RISE),0,Units,A,Normal value,PU,Public,0.0,11.111111111111112,11.111111111111112,11.111111111111112,11.111111111111112,18.88888888888889,18.88888888888889,18.88888888888889,18.88888888888889,37.77777777777778,37.77777777777778,37.77777777777778,11.111111111111112,11.111111111111112
A,Annual,NIC,Nicaragua,WB_RISE_CC_STLA,Standards and Labeling,SCORE,Score,WB_RISE,Regulatory Indicators for Sustainable Energy (RISE),0,Units,A,Normal value,PU,Public,0.0,0.0,0.0,0.0,0.0,18.88888888888889,18.88888888888889,18.88888888888889,24.444444444444446,24.444444444444446,24.444444444444446,24.444444444444446,16.666666666666668,16.666666666666668
A,Annual,NIC,Nicaragua,WB_RISE_CON_AFEL,Consumer Affordability of Electricity,SCORE,Score,WB_RISE,Regulatory Indicators for Sustainable Energy (RISE),0,Units,A,Normal value,PU,Public,65.66666666666667,65.66666666666667,65.66666666666667,65.66666666666667,65.66666666666667,65.66666666666667,65.66666666666667,65.66666666666667,82.33333333333333,82.33333333333333,82.33333333333333,82.33333333333333,82.33333333333333,82.33333333333333
A,Annual,NIC,Nicaragua,WB_RISE_EA_ALL,Sustainable Energy - Electricity Access Score,SCORE,Score,WB_RISE,Regulatory Indicators for Sustainable Energy (RISE),0,Units,A,Normal value,PU,Public,16.46666666666667,16.46666666666667,23.60952380952381,23.60952380952381,23.60952380952381,24.72063492063492,25.461375661375666,25.461375661375666,46.90052910052909,47.85291005291005,47.85291005291005,54.99576719576719,54.99576719576719,54.99576719576719
A,Annual,NIC,Nicaragua,WB_RISE_EE_ALL,Sustainable Energy - Energy Efficiency Score,SCORE,Score,WB_RISE,Regulatory Indicators for Sustainable Energy (RISE),0,Units,A,Normal value,PU,Public,19.166666666666668,19.47530864197531,19.47530864197531,19.47530864197531,19.47530864197531,20.58641975308642,20.58641975308642,30.83333333333333,30.83333333333333,31.944444444444443,31.944444444444443,31.944444444444443,34.72222222222222,34.72222222222222
A,Annual,NIC,Nicaragua,WB_RISE_EE_BEC,Building Energy Codes,SCORE,Score,WB_RISE,Regulatory Indicators for Sustainable Energy (RISE),0,Units,A,Normal value,PU,Public,0.0,0.0,0.0,0.0,0.0,10.0,10.0,10.0,10.0,10.0,10.0,10.0,10.0,10.0
A,Annual,NIC,Nicaragua,WB_RISE_EE_EES,Energy Efficiency Governance,SCORE,Score,WB_RISE,Regulatory Indicators for Sustainable Energy (RISE),0,Units,A,Normal value,PU,Public,8.333333333333334,8.333333333333334,8.333333333333334,8.333333333333334,8.333333333333334,8.333333333333334,8.333333333333334,33.88888888888889,33.88888888888889,33.88888888888889,33.88888888888889,33.88888888888889,33.88888888888889,33.88888888888889
A,Annual,NIC,Nicaragua,WB_RISE_EE_ELS,Energy Labeling Systems,SCORE,Score,WB_RISE,Regulatory Indicators for Sustainable Energy (RISE),0,Units,A,Normal value,PU,Public,45.833333333333336,45.833333333333336,45.833333333333336,45.833333333333336,45.833333333333336,45.833333333333336,45.833333333333336,45.833333333333336,45.833333333333336,45.833333333333336,45.833333333333336,45.833333333333336,45.833333333333336,45.833333333333336
A,Annual,NIC,Nicaragua,WB_RISE_EE_FMEE,Financing Mechanisms for Energy Efficiency,SCORE,Score,WB_RISE,Regulatory Indicators for Sustainable Energy (RISE),0,Units,A,Normal value,PU,Public,33.333333333333336,33.333333333333336,33.333333333333336,33.333333333333336,33.333333333333336,33.333333333333336,33.333333333333336,66.66666666666667,66.66666666666667,66.66666666666667,66.66666666666667,66.66666666666667,66.66666666666667,66.66666666666667
A,Annual,NIC,Nicaragua,WB_RISE_EE_IMIC,Industrial and Commercial End Users,SCORE,Score,WB_RISE,Regulatory Indicators for Sustainable Energy (RISE),0,Units,A,Normal value,PU,Public,0.0,0.0,0.0,0.0,0.0,0.0,0.0,0.0,0.0,0.0,0.0,0.0,0.0,0.0
A,Annual,NIC,Nicaragua,WB_RISE_EE_IMPS,Energy Efficiency in Public Sector,SCORE,Score,WB_RISE,Regulatory Indicators for Sustainable Energy (RISE),0,Units,A,Normal value,PU,Public,16.666666666666668,16.666666666666668,16.666666666666668,16.666666666666668,16.666666666666668,16.666666666666668,16.666666666666668,50.0,50.0,50.0,50.0,50.0,50.0,50.0
A,Annual,NIC,Nicaragua,WB_RISE_EE_IMUT,Incentives & Mandates: Energy Utility Programs,SCORE,Score,WB_RISE,Regulatory Indicators for Sustainable Energy (RISE),0,Units,A,Normal value,PU,Public,26.666666666666668,26.666666666666668,26.666666666666668,26.666666666666668,26.666666666666668,26.666666666666668,26.666666666666668,26.666666666666668,26.666666666666668,36.66666666666667,36.66666666666667,36.66666666666667,36.66666666666667,36.66666666666667
A,Annual,NIC,Nicaragua,WB_RISE_EE_MEEP,Minimum Energy Efficiency Performance Standards,SCORE,Score,WB_RISE,Regulatory Indicators for Sustainable Energy (RISE),0,Units,A,Normal value,PU,Public,41.66666666666667,44.44444444444445,44.44444444444445,44.44444444444445,44.44444444444445,44.44444444444445,44.44444444444445,44.44444444444445,44.44444444444445,44.44444444444445,44.44444444444445,44.44444444444445,44.44444444444445,44.44444444444445
A,Annual,NIC,Nicaragua,WB_RISE_EE_TRN,Transport Sector,SCORE,Score,WB_RISE,Regulatory Indicators for Sustainable Energy (RISE),0,Units,A,Normal value,PU,Public,0.0,0.0,0.0,0.0,0.0,0.0,0.0,0.0,0.0,0.0,0.0,0.0,25.0,25.0
A,Annual,NIC,Nicaragua,WB_RISE_ELTN_PL,Electrification Governance and Planning,SCORE,Score,WB_RISE,Regulatory Indicators for Sustainable Energy (RISE),0,Units,A,Normal value,PU,Public,0.0,0.0,19.047619047619047,19.047619047619047,19.047619047619047,19.047619047619047,19.047619047619047,19.047619047619047,44.76190476190476,44.76190476190476,44.76190476190476,44.76190476190476,44.76190476190476,44.76190476190476
A,Annual,NIC,Nicaragua,WB_RISE_FRM_MGRI,Minigrids Framework,SCORE,Score,WB_RISE,Regulatory Indicators for Sustainable Energy (RISE),0,Units,A,Normal value,PU,Public,0.0,0.0,0.0,0.0,0.0,0.0,3.703703703703704,3.703703703703704,7.407407407407407,12.16931216931217,12.16931216931217,31.21693121693121,31.21693121693121,31.21693121693121
A,Annual,NIC,Nicaragua,WB_RISE_FRM_OGS,Off-Grid Systems Framework,SCORE,Score,WB_RISE,Regulatory Indicators for Sustainable Energy (RISE),0,Units,A,Normal value,PU,Public,0.0,0.0,0.0,0.0,0.0,5.555555555555556,5.555555555555556,5.555555555555556,50.0,50.0,50.0,50.0,50.0,50.0
A,Annual,NIC,Nicaragua,WB_RISE_FR_GREL,Grid Electrification Framework,SCORE,Score,WB_RISE,Regulatory Indicators for Sustainable Energy (RISE),0,Units,A,Normal value,PU,Public,16.666666666666668,16.666666666666668,33.333333333333336,33.333333333333336,33.333333333333336,33.333333333333336,33.333333333333336,33.333333333333336,50.0,50.0,50.0,66.66666666666667,66.66666666666667,66.66666666666667
A,Annual,NIC,Nicaragua,WB_RISE_RE_ALL,Sustainable Energy - Renewable Energy Score,SCORE,Score,WB_RISE,Regulatory Indicators for Sustainable Energy (RISE),0,Units,A,Normal value,PU,Public,39.30952380952381,42.642857142857146,44.07142857142857,45.5,45.5,45.5,50.22222222222223,50.777777777777786,57.44444444444444,57.44444444444444,57.44444444444444,57.44444444444444,57.44444444444444,35.87566137566138
A,Annual,NIC,Nicaragua,WB_RISE_RE_ELEC,Electricity Sector Renewables,SCORE,Score,WB_RISE,Regulatory Indicators for Sustainable Energy (RISE),0,Units,A,Normal value,PU,Public,37.5,37.5,37.5,37.5,37.5,37.5,44.44444444444445,47.22222222222222,47.22222222222222,47.22222222222222,47.22222222222222,47.22222222222222,47.22222222222222,73.42592592592592
A,Annual,NIC,Nicaragua,WB_RISE_RE_GOV,Renewable Energy - Governance,SCORE,Score,WB_RISE,Regulatory Indicators for Sustainable Energy (RISE),0,Units,A,Normal value,PU,Public,85.71428571428572,85.71428571428572,92.85714285714286,100.0,100.0,100.0,100.0,100.0,100.0,100.0,100.0,100.0,100.0,72.61904761904762
A,Annual,NIC,Nicaragua,WB_RISE_RE_HE_CO,Heating and Cooling Renewables,SCORE,Score,WB_RISE,Regulatory Indicators for Sustainable Energy (RISE),0,Units,A,Normal value,PU,Public,0.0,0.0,0.0,0.0,0.0,0.0,0.0,0.0,33.333333333333336,33.333333333333336,33.333333333333336,33.333333333333336,33.333333333333336,0.0
A,Annual,NIC,Nicaragua,WB_RISE_RE_LVL_PLYNG_FLD,Leveling the Playing Field for Renewables,SCORE,Score,WB_RISE,Regulatory Indicators for Sustainable Energy (RISE),0,Units,A,Normal value,PU,Public,40.0,40.0,40.0,40.0,40.0,40.0,40.0,40.0,40.0,40.0,40.0,40.0,40.0,0.0
A,Annual,NIC,Nicaragua,WB_RISE_RE_TRNS,Transport Sector Renewables,SCORE,Score,WB_RISE,Regulatory Indicators for Sustainable Energy (RISE),0,Units,A,Normal value,PU,Public,33.333333333333336,50.0,50.0,50.0,50.0,50.0,66.66666666666667,66.66666666666667,66.66666666666667,66.66666666666667,66.66666666666667,66.66666666666667,66.66666666666667,33.333333333333336
A,Annual,NLD,Netherlands,WB_RISE_EE_ALL,Sustainable Energy - Energy Efficiency Score,SCORE,Score,WB_RISE,Regulatory Indicators for Sustainable Energy (RISE),0,Units,A,Normal value,PU,Public,35.74074074074074,38.67283950617284,55.98765432098766,67.93209876543209,70.24691358024693,74.69135802469137,75.00000000000001,75.00000000000001,76.11111111111111,77.96296296296296,78.88888888888889,78.88888888888889,78.88888888888889,78.88888888888889
A,Annual,NLD,Netherlands,WB_RISE_EE_BEC,Building Energy Codes,SCORE,Score,WB_RISE,Regulatory Indicators for Sustainable Energy (RISE),0,Units,A,Normal value,PU,Public,20.0,20.0,41.66666666666666,48.333333333333336,48.333333333333336,71.66666666666667,71.66666666666667,71.66666666666667,71.66666666666667,71.66666666666667,71.66666666666667,71.66666666666667,71.66666666666667,71.66666666666667
A,Annual,NLD,Netherlands,WB_RISE_EE_EES,Energy Efficiency Governance,SCORE,Score,WB_RISE,Regulatory Indicators for Sustainable Energy (RISE),0,Units,A,Normal value,PU,Public,32.22222222222223,35.0,35.0,87.22222222222223,87.22222222222223,87.22222222222223,90.0,90.0,100.0,100.0,100.0,100.0,100.0,100.0
A,Annual,NLD,Netherlands,WB_RISE_EE_ELS,Energy Labeling Systems,SCORE,Score,WB_RISE,Regulatory Indicators for Sustainable Energy (RISE),0,Units,A,Normal value,PU,Public,29.166666666666668,45.83333333333333,45.83333333333333,58.333333333333336,62.5,66.66666666666667,66.66666666666667,66.66666666666667,66.66666666666667,66.66666666666667,75.0,75.0,75.0,75.0
A,Annual,NLD,Netherlands,WB_RISE_EE_FMEE,Financing Mechanisms for Energy Efficiency,SCORE,Score,WB_RISE,Regulatory Indicators for Sustainable Energy (RISE),0,Units,A,Normal value,PU,Public,0.0,0.0,16.666666666666668,33.333333333333336,50.0,50.0,50.0,50.0,50.0,50.0,50.0,50.0,50.0,50.0
A,Annual,NLD,Netherlands,WB_RISE_EE_IMIC,Industrial and Commercial End Users,SCORE,Score,WB_RISE,Regulatory Indicators for Sustainable Energy (RISE),0,Units,A,Normal value,PU,Public,75.0,75.0,87.5,87.5,87.5,100.0,100.0,100.0,100.0,100.0,100.0,100.0,100.0,100.0
A,Annual,NLD,Netherlands,WB_RISE_EE_IMPS,Energy Efficiency in Public Sector,SCORE,Score,WB_RISE,Regulatory Indicators for Sustainable Energy (RISE),0,Units,A,Normal value,PU,Public,33.333333333333336,33.333333333333336,66.66666666666667,83.33333333333334,83.33333333333334,83.33333333333334,83.33333333333334,83.33333333333334,83.33333333333334,100.0,100.0,100.0,100.0,100.0
A,Annual,NLD,Netherlands,WB_RISE_EE_IMUT,Incentives & Mandates: Energy Utility Programs,SCORE,Score,WB_RISE,Regulatory Indicators for Sustainable Energy (RISE),0,Units,A,Normal value,PU,Public,0.0,0.0,30.0,30.0,30.0,30.0,30.0,30.0,30.0,30.0,30.0,30.0,30.0,30.0
A,Annual,NLD,Netherlands,WB_RISE_EE_MEEP,Minimum Energy Efficiency Performance Standards,SCORE,Score,WB_RISE,Regulatory Indicators for Sustainable Energy (RISE),0,Units,A,Normal value,PU,Public,73.61111111111111,80.55555555555556,80.55555555555556,83.33333333333334,83.33333333333334,83.33333333333334,83.33333333333334,83.33333333333334,83.33333333333334,83.33333333333334,83.33333333333334,83.33333333333334,83.33333333333334,83.33333333333334
A,Annual,NLD,Netherlands,WB_RISE_EE_TRN,Transport Sector,SCORE,Score,WB_RISE,Regulatory Indicators for Sustainable Energy (RISE),0,Units,A,Normal value,PU,Public,58.333333333333336,58.333333333333336,100.0,100.0,100.0,100.0,100.0,100.0,100.0,100.0,100.0,100.0,100.0,100.0
A,Annual,NLD,Netherlands,WB_RISE_RE_ALL,Sustainable Energy - Renewable Energy Score,SCORE,Score,WB_RISE,Regulatory Indicators for Sustainable Energy (RISE),0,Units,A,Normal value,PU,Public,1.3333333333333337,1.3333333333333337,1.3333333333333337,1.3333333333333337,4.666666666666667,4.666666666666667,8.0,8.0,8.0,14.190476190476192,15.857142857142858,17.523809523809526,22.060846560846564,82.61111111111111
A,Annual,NLD,Netherlands,WB_RISE_RE_ELEC,Electricity Sector Renewables,SCORE,Score,WB_RISE,Regulatory Indicators for Sustainable Energy (RISE),0,Units,A,Normal value,PU,Public,6.666666666666667,6.666666666666667,6.666666666666667,6.666666666666667,6.666666666666667,6.666666666666667,6.666666666666667,6.666666666666667,6.666666666666667,6.666666666666667,15.0,23.33333333333333,29.35185185185185,80.83333333333333
A,Annual,NLD,Netherlands,WB_RISE_RE_GOV,Renewable Energy - Governance,SCORE,Score,WB_RISE,Regulatory Indicators for Sustainable Energy (RISE),0,Units,A,Normal value,PU,Public,0.0,0.0,0.0,0.0,16.666666666666668,16.666666666666668,16.666666666666668,16.666666666666668,16.666666666666668,30.95238095238096,30.95238095238096,30.95238095238096,30.95238095238096,100.0
A,Annual,NLD,Netherlands,WB_RISE_RE_HE_CO,Heating and Cooling Renewables,SCORE,Score,WB_RISE,Regulatory Indicators for Sustainable Energy (RISE),0,Units,A,Normal value,PU,Public,0.0,0.0,0.0,0.0,0.0,0.0,16.666666666666668,16.666666666666668,16.666666666666668,16.666666666666668,16.666666666666668,16.666666666666668,16.666666666666668,88.8888888888889
A,Annual,NLD,Netherlands,WB_RISE_RE_LVL_PLYNG_FLD,Leveling the Playing Field for Renewables,SCORE,Score,WB_RISE,Regulatory Indicators for Sustainable Energy (RISE),0,Units,A,Normal value,PU,Public,0.0,0.0,0.0,0.0,0.0,0.0,0.0,0.0,0.0,0.0,0.0,0.0,0.0,60.0
A,Annual,NLD,Netherlands,WB_RISE_RE_TRNS,Transport Sector Renewables,SCORE,Score,WB_RISE,Regulatory Indicators for Sustainable Energy (RISE),0,Units,A,Normal value,PU,Public,0.0,0.0,0.0,0.0,0.0,0.0,0.0,0.0,0.0,16.666666666666668,16.666666666666668,16.666666666666668,33.333333333333336,83.33333333333333
A,Annual,NOR,Norway,WB_RISE_EE_ALL,Sustainable Energy - Energy Efficiency Score,SCORE,Score,WB_RISE,Regulatory Indicators for Sustainable Energy (RISE),0,Units,A,Normal value,PU,Public,58.11111111111112,59.96296296296296,65.98148148148148,67.83333333333333,67.83333333333333,70.5246913580247,73.76543209876543,75.61728395061729,75.61728395061729,75.61728395061729,77.09876543209877,77.09876543209877,77.09876543209877,77.09876543209877
A,Annual,NOR,Norway,WB_RISE_EE_BEC,Building Energy Codes,SCORE,Score,WB_RISE,Regulatory Indicators for Sustainable Energy (RISE),0,Units,A,Normal value,PU,Public,50.0,50.0,50.0,50.0,50.0,58.333333333333336,58.333333333333336,58.333333333333336,58.333333333333336,58.333333333333336,71.66666666666667,71.66666666666667,71.66666666666667,71.66666666666667
A,Annual,NOR,Norway,WB_RISE_EE_EES,Energy Efficiency Governance,SCORE,Score,WB_RISE,Regulatory Indicators for Sustainable Energy (RISE),0,Units,A,Normal value,PU,Public,78.55555555555556,78.55555555555556,95.22222222222224,95.22222222222224,95.22222222222224,97.22222222222224,100.0,100.0,100.0,100.0,100.0,100.0,100.0,100.0
A,Annual,NOR,Norway,WB_RISE_EE_ELS,Energy Labeling Systems,SCORE,Score,WB_RISE,Regulatory Indicators for Sustainable Energy (RISE),0,Units,A,Normal value,PU,Public,16.666666666666668,33.333333333333336,54.16666666666667,54.16666666666667,54.16666666666667,54.16666666666667,54.16666666666667,54.16666666666667,54.16666666666667,54.16666666666667,54.16666666666667,54.16666666666667,54.16666666666667,54.16666666666667
A,Annual,NOR,Norway,WB_RISE_EE_FMEE,Financing Mechanisms for Energy Efficiency,SCORE,Score,WB_RISE,Regulatory Indicators for Sustainable Energy (RISE),0,Units,A,Normal value,PU,Public,100.0,100.0,100.0,100.0,100.0,100.0,100.0,100.0,100.0,100.0,100.0,100.0,100.0,100.0
A,Annual,NOR,Norway,WB_RISE_EE_IMIC,Industrial and Commercial End Users,SCORE,Score,WB_RISE,Regulatory Indicators for Sustainable Energy (RISE),0,Units,A,Normal value,PU,Public,62.5,62.5,62.5,62.5,62.5,62.5,75.0,75.0,75.0,75.0,75.0,75.0,75.0,75.0
A,Annual,NOR,Norway,WB_RISE_EE_IMPS,Energy Efficiency in Public Sector,SCORE,Score,WB_RISE,Regulatory Indicators for Sustainable Energy (RISE),0,Units,A,Normal value,PU,Public,66.66666666666667,66.66666666666667,66.66666666666667,83.33333333333334,83.33333333333334,83.33333333333334,83.33333333333334,83.33333333333334,83.33333333333334,83.33333333333334,83.33333333333334,83.33333333333334,83.33333333333334,83.33333333333334
A,Annual,NOR,Norway,WB_RISE_EE_IMUT,Incentives & Mandates: Energy Utility Programs,SCORE,Score,WB_RISE,Regulatory Indicators for Sustainable Energy (RISE),0,Units,A,Normal value,PU,Public,66.66666666666667,66.66666666666667,83.33333333333334,83.33333333333334,83.33333333333334,83.33333333333334,83.33333333333334,83.33333333333334,83.33333333333334,83.33333333333334,83.33333333333334,83.33333333333334,83.33333333333334,83.33333333333334
A,Annual,NOR,Norway,WB_RISE_EE_MEEP,Minimum Energy Efficiency Performance Standards,SCORE,Score,WB_RISE,Regulatory Indicators for Sustainable Energy (RISE),0,Units,A,Normal value,PU,Public,40.27777777777778,40.27777777777778,40.27777777777778,40.27777777777778,40.27777777777778,54.16666666666667,68.05555555555556,68.05555555555556,68.05555555555556,68.05555555555556,68.05555555555556,68.05555555555556,68.05555555555556,68.05555555555556
A,Annual,NOR,Norway,WB_RISE_EE_TRN,Transport Sector,SCORE,Score,WB_RISE,Regulatory Indicators for Sustainable Energy (RISE),0,Units,A,Normal value,PU,Public,41.66666666666667,41.66666666666667,41.66666666666667,41.66666666666667,41.66666666666667,41.66666666666667,41.66666666666667,58.333333333333336,58.333333333333336,58.333333333333336,58.333333333333336,58.333333333333336,58.333333333333336,58.333333333333336
A,Annual,NOR,Norway,WB_RISE_RE_ALL,Sustainable Energy - Renewable Energy Score,SCORE,Score,WB_RISE,Regulatory Indicators for Sustainable Energy (RISE),0,Units,A,Normal value,PU,Public,24.481481481481485,39.48148148148148,47.48148148148148,49.98148148148148,49.98148148148148,53.31481481481482,53.31481481481482,53.31481481481482,61.31481481481482,61.31481481481482,61.31481481481482,61.31481481481482,61.31481481481482,69.4814814814815
A,Annual,NOR,Norway,WB_RISE_RE_ELEC,Electricity Sector Renewables,SCORE,Score,WB_RISE,Regulatory Indicators for Sustainable Energy (RISE),0,Units,A,Normal value,PU,Public,39.07407407407408,64.07407407407408,70.74074074074075,83.24074074074075,83.24074074074075,83.24074074074075,83.24074074074075,83.24074074074075,83.24074074074075,83.24074074074075,83.24074074074075,83.24074074074075,83.24074074074075,96.2962962962963
A,Annual,NOR,Norway,WB_RISE_RE_GOV,Renewable Energy - Governance,SCORE,Score,WB_RISE,Regulatory Indicators for Sustainable Energy (RISE),0,Units,A,Normal value,PU,Public,83.33333333333334,83.33333333333334,83.33333333333334,83.33333333333334,83.33333333333334,83.33333333333334,83.33333333333334,83.33333333333334,83.33333333333334,83.33333333333334,83.33333333333334,83.33333333333334,83.33333333333334,100.0
A,Annual,NOR,Norway,WB_RISE_RE_HE_CO,Heating and Cooling Renewables,SCORE,Score,WB_RISE,Regulatory Indicators for Sustainable Energy (RISE),0,Units,A,Normal value,PU,Public,0.0,16.666666666666668,16.666666666666668,16.666666666666668,16.666666666666668,33.333333333333336,33.333333333333336,33.333333333333336,33.333333333333336,33.333333333333336,33.333333333333336,33.333333333333336,33.333333333333336,44.44444444444445
A,Annual,NOR,Norway,WB_RISE_RE_LVL_PLYNG_FLD,Leveling the Playing Field for Renewables,SCORE,Score,WB_RISE,Regulatory Indicators for Sustainable Energy (RISE),0,Units,A,Normal value,PU,Public,0.0,0.0,0.0,0.0,0.0,0.0,0.0,0.0,40.0,40.0,40.0,40.0,40.0,40.0
A,Annual,NOR,Norway,WB_RISE_RE_TRNS,Transport Sector Renewables,SCORE,Score,WB_RISE,Regulatory Indicators for Sustainable Energy (RISE),0,Units,A,Normal value,PU,Public,0.0,33.333333333333336,66.66666666666667,66.66666666666667,66.66666666666667,66.66666666666667,66.66666666666667,66.66666666666667,66.66666666666667,66.66666666666667,66.66666666666667,66.66666666666667,66.66666666666667,66.66666666666667
A,Annual,NPL,Nepal,WB_RISE_CC_ALL,Sustainable Energy - Clean Cooking Score,SCORE,Score,WB_RISE,Regulatory Indicators for Sustainable Energy (RISE),0,Units,A,Normal value,PU,Public,2.777777777777778,4.861111111111112,14.583333333333334,16.25,16.25,29.30555555555556,29.30555555555556,29.30555555555556,29.30555555555556,32.083333333333336,32.083333333333336,32.083333333333336,61.66666666666667,67.5
A,Annual,NPL,Nepal,WB_RISE_CC_CCP,Clean Cooking National Planning,SCORE,Score,WB_RISE,Regulatory Indicators for Sustainable Energy (RISE),0,Units,A,Normal value,PU,Public,0.0,0.0,0.0,6.666666666666667,6.666666666666667,13.333333333333334,13.333333333333334,13.333333333333334,13.333333333333334,24.444444444444446,24.444444444444446,24.444444444444446,86.66666666666667,93.33333333333331
A,Annual,NPL,Nepal,WB_RISE_CC_FIAC,Incentives and Attributes for Clean Cooking,SCORE,Score,WB_RISE,Regulatory Indicators for Sustainable Energy (RISE),0,Units,A,Normal value,PU,Public,0.0,8.333333333333334,8.333333333333334,8.333333333333334,8.333333333333334,41.66666666666666,41.66666666666666,41.66666666666666,41.66666666666666,41.66666666666666,41.66666666666666,41.66666666666666,33.333333333333336,50.0
A,Annual,NPL,Nepal,WB_RISE_CC_SCCP,Implementation Scope of Clean Cooking Planning,SCORE,Score,WB_RISE,Regulatory Indicators for Sustainable Energy (RISE),0,Units,A,Normal value,PU,Public,11.111111111111112,11.111111111111112,50.0,50.0,50.0,62.22222222222223,62.22222222222223,62.22222222222223,62.22222222222223,62.22222222222223,62.22222222222223,62.22222222222223,73.33333333333333,73.33333333333333
A,Annual,NPL,Nepal,WB_RISE_CC_STLA,Standards and Labeling,SCORE,Score,WB_RISE,Regulatory Indicators for Sustainable Energy (RISE),0,Units,A,Normal value,PU,Public,0.0,0.0,0.0,0.0,0.0,0.0,0.0,0.0,0.0,0.0,0.0,0.0,53.333333333333336,53.333333333333336
A,Annual,NPL,Nepal,WB_RISE_CON_AFEL,Consumer Affordability of Electricity,SCORE,Score,WB_RISE,Regulatory Indicators for Sustainable Energy (RISE),0,Units,A,Normal value,PU,Public,66.65966666666667,66.65966666666667,66.65966666666667,66.65966666666667,66.65966666666667,66.65966666666667,66.65966666666667,83.32633333333332,83.32633333333332,83.32633333333332,83.32633333333332,83.32633333333332,83.32633333333332,83.32633333333332
A,Annual,NPL,Nepal,WB_RISE_EA_ALL,Sustainable Energy - Electricity Access Score,SCORE,Score,WB_RISE,Regulatory Indicators for Sustainable Energy (RISE),0,Units,A,Normal value,PU,Public,19.786959788359788,19.786959788359788,19.786959788359788,20.73934074074074,20.73934074074074,24.07267407407408,31.53299153439153,36.771086772486775,50.84516084656084,50.84516084656084,56.98272698412698,58.88748888888889,59.839869841269845,66.13616613756612
A,Annual,NPL,Nepal,WB_RISE_EE_ALL,Sustainable Energy - Energy Efficiency Score,SCORE,Score,WB_RISE,Regulatory Indicators for Sustainable Energy (RISE),0,Units,A,Normal value,PU,Public,4.660493827160494,4.660493827160494,4.660493827160494,4.660493827160494,4.660493827160494,6.049382716049383,6.049382716049383,6.049382716049383,7.314814814814816,20.524691358024693,21.26543209876543,23.11728395061728,24.04320987654321,33.14814814814815
A,Annual,NPL,Nepal,WB_RISE_EE_BEC,Building Energy Codes,SCORE,Score,WB_RISE,Regulatory Indicators for Sustainable Energy (RISE),0,Units,A,Normal value,PU,Public,0.0,0.0,0.0,0.0,0.0,0.0,0.0,0.0,0.0,0.0,0.0,0.0,0.0,0.0
A,Annual,NPL,Nepal,WB_RISE_EE_EES,Energy Efficiency Governance,SCORE,Score,WB_RISE,Regulatory Indicators for Sustainable Energy (RISE),0,Units,A,Normal value,PU,Public,0.0,0.0,0.0,0.0,0.0,0.0,0.0,0.0,0.0,77.22222222222223,77.22222222222223,77.22222222222223,77.22222222222223,77.22222222222223
A,Annual,NPL,Nepal,WB_RISE_EE_ELS,Energy Labeling Systems,SCORE,Score,WB_RISE,Regulatory Indicators for Sustainable Energy (RISE),0,Units,A,Normal value,PU,Public,0.0,0.0,0.0,0.0,0.0,0.0,0.0,0.0,0.0,0.0,0.0,0.0,0.0,41.66666666666666
A,Annual,NPL,Nepal,WB_RISE_EE_FMEE,Financing Mechanisms for Energy Efficiency,SCORE,Score,WB_RISE,Regulatory Indicators for Sustainable Energy (RISE),0,Units,A,Normal value,PU,Public,0.0,0.0,0.0,0.0,0.0,0.0,0.0,0.0,0.0,0.0,0.0,0.0,0.0,0.0
A,Annual,NPL,Nepal,WB_RISE_EE_IMIC,Industrial and Commercial End Users,SCORE,Score,WB_RISE,Regulatory Indicators for Sustainable Energy (RISE),0,Units,A,Normal value,PU,Public,12.5,12.5,12.5,12.5,12.5,25.0,25.0,25.0,25.0,50.0,50.0,50.0,50.0,62.5
A,Annual,NPL,Nepal,WB_RISE_EE_IMPS,Energy Efficiency in Public Sector,SCORE,Score,WB_RISE,Regulatory Indicators for Sustainable Energy (RISE),0,Units,A,Normal value,PU,Public,0.0,0.0,0.0,0.0,0.0,0.0,0.0,0.0,0.0,0.0,0.0,0.0,0.0,0.0
A,Annual,NPL,Nepal,WB_RISE_EE_IMUT,Incentives & Mandates: Energy Utility Programs,SCORE,Score,WB_RISE,Regulatory Indicators for Sustainable Energy (RISE),0,Units,A,Normal value,PU,Public,10.0,10.0,10.0,10.0,10.0,10.0,10.0,10.0,20.0,20.0,26.666666666666668,26.666666666666668,26.666666666666668,26.666666666666668
A,Annual,NPL,Nepal,WB_RISE_EE_MEEP,Minimum Energy Efficiency Performance Standards,SCORE,Score,WB_RISE,Regulatory Indicators for Sustainable Energy (RISE),0,Units,A,Normal value,PU,Public,19.444444444444446,19.444444444444446,19.444444444444446,19.444444444444446,19.444444444444446,19.444444444444446,19.444444444444446,19.444444444444446,20.833333333333336,37.5,37.5,37.5,45.83333333333333,48.61111111111111
A,Annual,NPL,Nepal,WB_RISE_EE_TRN,Transport Sector,SCORE,Score,WB_RISE,Regulatory Indicators for Sustainable Energy (RISE),0,Units,A,Normal value,PU,Public,0.0,0.0,0.0,0.0,0.0,0.0,0.0,0.0,0.0,0.0,0.0,16.666666666666668,16.666666666666668,41.66666666666667
A,Annual,NPL,Nepal,WB_RISE_ELTN_PL,Electrification Governance and Planning,SCORE,Score,WB_RISE,Regulatory Indicators for Sustainable Energy (RISE),0,Units,A,Normal value,PU,Public,28.57142857142857,28.57142857142857,28.57142857142857,28.57142857142857,28.57142857142857,28.57142857142857,28.57142857142857,28.57142857142857,28.57142857142857,28.57142857142857,28.57142857142857,28.57142857142857,33.333333333333336,33.333333333333336
A,Annual,NPL,Nepal,WB_RISE_FRM_MGRI,Minigrids Framework,SCORE,Score,WB_RISE,Regulatory Indicators for Sustainable Energy (RISE),0,Units,A,Normal value,PU,Public,3.703703703703704,3.703703703703704,3.703703703703704,8.465608465608467,8.465608465608467,8.465608465608467,17.989417989417987,27.51322751322752,31.21693121693121,31.21693121693121,39.68253968253969,49.20634920634921,49.20634920634921,64.02116402116401
A,Annual,NPL,Nepal,WB_RISE_FRM_OGS,Off-Grid Systems Framework,SCORE,Score,WB_RISE,Regulatory Indicators for Sustainable Energy (RISE),0,Units,A,Normal value,PU,Public,0.0,0.0,0.0,0.0,0.0,16.666666666666668,27.777777777777786,27.777777777777786,61.11111111111112,61.11111111111112,66.66666666666667,66.66666666666667,66.66666666666667,83.33333333333333
A,Annual,NPL,Nepal,WB_RISE_FR_GREL,Grid Electrification Framework,SCORE,Score,WB_RISE,Regulatory Indicators for Sustainable Energy (RISE),0,Units,A,Normal value,PU,Public,0.0,0.0,0.0,0.0,0.0,0.0,16.666666666666668,16.666666666666668,50.0,50.0,66.66666666666667,66.66666666666667,66.66666666666667,66.66666666666667
A,Annual,NPL,Nepal,WB_RISE_RE_ALL,Sustainable Energy - Renewable Energy Score,SCORE,Score,WB_RISE,Regulatory Indicators for Sustainable Energy (RISE),0,Units,A,Normal value,PU,Public,0.8333333333333334,0.8333333333333334,0.8333333333333334,0.8333333333333334,2.166666666666667,13.277777777777777,16.61111111111111,18.833333333333336,18.833333333333336,19.666666666666668,19.666666666666668,19.666666666666668,19.666666666666668,20.32539682539683
A,Annual,NPL,Nepal,WB_RISE_RE_ELEC,Electricity Sector Renewables,SCORE,Score,WB_RISE,Regulatory Indicators for Sustainable Energy (RISE),0,Units,A,Normal value,PU,Public,4.166666666666667,4.166666666666667,4.166666666666667,4.166666666666667,10.833333333333334,16.38888888888889,16.38888888888889,27.5,27.5,31.666666666666668,31.666666666666668,31.666666666666668,31.666666666666668,39.72222222222222
A,Annual,NPL,Nepal,WB_RISE_RE_GOV,Renewable Energy - Governance,SCORE,Score,WB_RISE,Regulatory Indicators for Sustainable Energy (RISE),0,Units,A,Normal value,PU,Public,0.0,0.0,0.0,0.0,0.0,50.0,50.0,50.0,50.0,50.0,50.0,50.0,50.0,45.23809523809524
A,Annual,NPL,Nepal,WB_RISE_RE_HE_CO,Heating and Cooling Renewables,SCORE,Score,WB_RISE,Regulatory Indicators for Sustainable Energy (RISE),0,Units,A,Normal value,PU,Public,0.0,0.0,0.0,0.0,0.0,0.0,0.0,0.0,0.0,0.0,0.0,0.0,0.0,0.0
A,Annual,NPL,Nepal,WB_RISE_RE_LVL_PLYNG_FLD,Leveling the Playing Field for Renewables,SCORE,Score,WB_RISE,Regulatory Indicators for Sustainable Energy (RISE),0,Units,A,Normal value,PU,Public,0.0,0.0,0.0,0.0,0.0,0.0,0.0,0.0,0.0,0.0,0.0,0.0,0.0,0.0
A,Annual,NPL,Nepal,WB_RISE_RE_TRNS,Transport Sector Renewables,SCORE,Score,WB_RISE,Regulatory Indicators for Sustainable Energy (RISE),0,Units,A,Normal value,PU,Public,0.0,0.0,0.0,0.0,0.0,0.0,16.666666666666668,16.666666666666668,16.666666666666668,16.666666666666668,16.666666666666668,16.666666666666668,16.666666666666668,16.666666666666668
A,Annual,NZL,New Zealand,WB_RISE_EE_ALL,Sustainable Energy - Energy Efficiency Score,SCORE,Score,WB_RISE,Regulatory Indicators for Sustainable Energy (RISE),0,Units,A,Normal value,PU,Public,51.851851851851855,52.2962962962963,54.14814814814815,54.14814814814815,54.14814814814815,57.85185185185185,60.35185185185185,61.01851851851851,61.01851851851851,62.87037037037037,63.61111111111112,63.61111111111112,63.61111111111112,63.61111111111112
A,Annual,NZL,New Zealand,WB_RISE_EE_BEC,Building Energy Codes,SCORE,Score,WB_RISE,Regulatory Indicators for Sustainable Energy (RISE),0,Units,A,Normal value,PU,Public,38.333333333333336,38.333333333333336,38.333333333333336,38.333333333333336,38.333333333333336,38.333333333333336,38.333333333333336,38.333333333333336,38.333333333333336,38.333333333333336,45.0,45.0,45.0,45.0
A,Annual,NZL,New Zealand,WB_RISE_EE_EES,Energy Efficiency Governance,SCORE,Score,WB_RISE,Regulatory Indicators for Sustainable Energy (RISE),0,Units,A,Normal value,PU,Public,67.22222222222223,71.22222222222223,71.22222222222223,71.22222222222223,71.22222222222223,71.22222222222223,81.22222222222223,87.22222222222223,87.22222222222223,87.22222222222223,87.22222222222223,87.22222222222223,87.22222222222223,87.22222222222223
A,Annual,NZL,New Zealand,WB_RISE_EE_ELS,Energy Labeling Systems,SCORE,Score,WB_RISE,Regulatory Indicators for Sustainable Energy (RISE),0,Units,A,Normal value,PU,Public,100.0,100.0,100.0,100.0,100.0,100.0,100.0,100.0,100.0,100.0,100.0,100.0,100.0,100.0
A,Annual,NZL,New Zealand,WB_RISE_EE_FMEE,Financing Mechanisms for Energy Efficiency,SCORE,Score,WB_RISE,Regulatory Indicators for Sustainable Energy (RISE),0,Units,A,Normal value,PU,Public,50.0,50.0,50.0,50.0,50.0,83.33333333333334,83.33333333333334,83.33333333333334,83.33333333333334,100.0,100.0,100.0,100.0,100.0
A,Annual,NZL,New Zealand,WB_RISE_EE_IMIC,Industrial and Commercial End Users,SCORE,Score,WB_RISE,Regulatory Indicators for Sustainable Energy (RISE),0,Units,A,Normal value,PU,Public,12.5,12.5,12.5,12.5,12.5,12.5,25.0,25.0,25.0,25.0,25.0,25.0,25.0,25.0
A,Annual,NZL,New Zealand,WB_RISE_EE_IMPS,Energy Efficiency in Public Sector,SCORE,Score,WB_RISE,Regulatory Indicators for Sustainable Energy (RISE),0,Units,A,Normal value,PU,Public,33.333333333333336,33.333333333333336,33.333333333333336,33.333333333333336,33.333333333333336,33.333333333333336,33.333333333333336,33.333333333333336,33.333333333333336,33.333333333333336,33.333333333333336,33.333333333333336,33.333333333333336,33.333333333333336
A,Annual,NZL,New Zealand,WB_RISE_EE_IMUT,Incentives & Mandates: Energy Utility Programs,SCORE,Score,WB_RISE,Regulatory Indicators for Sustainable Energy (RISE),0,Units,A,Normal value,PU,Public,16.666666666666668,16.666666666666668,16.666666666666668,16.666666666666668,16.666666666666668,16.666666666666668,16.666666666666668,16.666666666666668,16.666666666666668,16.666666666666668,16.666666666666668,16.666666666666668,16.666666666666668,16.666666666666668
A,Annual,NZL,New Zealand,WB_RISE_EE_MEEP,Minimum Energy Efficiency Performance Standards,SCORE,Score,WB_RISE,Regulatory Indicators for Sustainable Energy (RISE),0,Units,A,Normal value,PU,Public,81.94444444444444,81.94444444444444,81.94444444444444,81.94444444444444,81.94444444444444,81.94444444444444,81.94444444444444,81.94444444444444,81.94444444444444,81.94444444444444,81.94444444444444,81.94444444444444,81.94444444444444,81.94444444444444
A,Annual,NZL,New Zealand,WB_RISE_EE_TRN,Transport Sector,SCORE,Score,WB_RISE,Regulatory Indicators for Sustainable Energy (RISE),0,Units,A,Normal value,PU,Public,66.66666666666667,66.66666666666667,83.33333333333334,83.33333333333334,83.33333333333334,83.33333333333334,83.33333333333334,83.33333333333334,83.33333333333334,83.33333333333334,83.33333333333334,83.33333333333334,83.33333333333334,83.33333333333334
A,Annual,NZL,New Zealand,WB_RISE_RE_ALL,Sustainable Energy - Renewable Energy Score,SCORE,Score,WB_RISE,Regulatory Indicators for Sustainable Energy (RISE),0,Units,A,Normal value,PU,Public,27.91005291005291,29.576719576719576,29.576719576719576,42.63227513227513,54.81481481481482,58.51851851851852,69.07407407407408,69.07407407407408,69.74074074074073,73.07407407407408,73.07407407407408,73.07407407407408,73.07407407407408,59.24074074074074
A,Annual,NZL,New Zealand,WB_RISE_RE_ELEC,Electricity Sector Renewables,SCORE,Score,WB_RISE,Regulatory Indicators for Sustainable Energy (RISE),0,Units,A,Normal value,PU,Public,14.90740740740741,23.240740740740744,23.240740740740744,55.18518518518518,60.74074074074073,62.59259259259259,65.37037037037037,65.37037037037037,68.70370370370371,68.70370370370371,68.70370370370371,68.70370370370371,68.70370370370371,41.75925925925926
A,Annual,NZL,New Zealand,WB_RISE_RE_GOV,Renewable Energy - Governance,SCORE,Score,WB_RISE,Regulatory Indicators for Sustainable Energy (RISE),0,Units,A,Normal value,PU,Public,44.642857142857146,44.642857142857146,44.642857142857146,77.97619047619048,100.0,100.0,100.0,100.0,100.0,100.0,100.0,100.0,100.0,100.0
A,Annual,NZL,New Zealand,WB_RISE_RE_HE_CO,Heating and Cooling Renewables,SCORE,Score,WB_RISE,Regulatory Indicators for Sustainable Energy (RISE),0,Units,A,Normal value,PU,Public,0.0,0.0,0.0,0.0,0.0,0.0,33.333333333333336,33.333333333333336,33.333333333333336,50.0,50.0,50.0,50.0,11.111111111111112
A,Annual,NZL,New Zealand,WB_RISE_RE_LVL_PLYNG_FLD,Leveling the Playing Field for Renewables,SCORE,Score,WB_RISE,Regulatory Indicators for Sustainable Energy (RISE),0,Units,A,Normal value,PU,Public,80.0,80.0,80.0,80.0,80.0,80.0,80.0,80.0,80.0,80.0,80.0,80.0,80.0,60.0
A,Annual,NZL,New Zealand,WB_RISE_RE_TRNS,Transport Sector Renewables,SCORE,Score,WB_RISE,Regulatory Indicators for Sustainable Energy (RISE),0,Units,A,Normal value,PU,Public,0.0,0.0,0.0,0.0,33.333333333333336,50.0,66.66666666666667,66.66666666666667,66.66666666666667,66.66666666666667,66.66666666666667,66.66666666666667,66.66666666666667,83.33333333333333
A,Annual,OMN,Oman,WB_RISE_EE_ALL,Sustainable Energy - Energy Efficiency Score,SCORE,Score,WB_RISE,Regulatory Indicators for Sustainable Energy (RISE),0,Units,A,Normal value,PU,Public,3.5185185185185186,3.5185185185185186,3.5185185185185186,3.5185185185185186,3.5185185185185186,5.3395061728395055,9.41358024691358,13.672839506172842,18.14814814814815,18.919753086419757,19.074074074074076,20.925925925925924,20.925925925925924,22.314814814814813
A,Annual,OMN,Oman,WB_RISE_EE_BEC,Building Energy Codes,SCORE,Score,WB_RISE,Regulatory Indicators for Sustainable Energy (RISE),0,Units,A,Normal value,PU,Public,0.0,0.0,0.0,0.0,0.0,6.666666666666667,6.666666666666667,6.666666666666667,6.666666666666667,6.666666666666667,6.666666666666667,6.666666666666667,6.666666666666667,6.666666666666667
A,Annual,OMN,Oman,WB_RISE_EE_EES,Energy Efficiency Governance,SCORE,Score,WB_RISE,Regulatory Indicators for Sustainable Energy (RISE),0,Units,A,Normal value,PU,Public,0.0,0.0,0.0,0.0,0.0,8.333333333333334,28.333333333333336,45.0,45.0,45.0,45.0,45.0,45.0,45.0
A,Annual,OMN,Oman,WB_RISE_EE_ELS,Energy Labeling Systems,SCORE,Score,WB_RISE,Regulatory Indicators for Sustainable Energy (RISE),0,Units,A,Normal value,PU,Public,0.0,0.0,0.0,0.0,0.0,0.0,0.0,0.0,12.5,16.666666666666668,16.666666666666668,16.666666666666668,16.666666666666668,16.666666666666668
A,Annual,OMN,Oman,WB_RISE_EE_FMEE,Financing Mechanisms for Energy Efficiency,SCORE,Score,WB_RISE,Regulatory Indicators for Sustainable Energy (RISE),0,Units,A,Normal value,PU,Public,16.666666666666668,16.666666666666668,16.666666666666668,16.666666666666668,16.666666666666668,16.666666666666668,16.666666666666668,16.666666666666668,16.666666666666668,16.666666666666668,16.666666666666668,16.666666666666668,16.666666666666668,16.666666666666668
A,Annual,OMN,Oman,WB_RISE_EE_IMIC,Industrial and Commercial End Users,SCORE,Score,WB_RISE,Regulatory Indicators for Sustainable Energy (RISE),0,Units,A,Normal value,PU,Public,0.0,0.0,0.0,0.0,0.0,0.0,0.0,0.0,0.0,0.0,0.0,0.0,0.0,12.5
A,Annual,OMN,Oman,WB_RISE_EE_IMPS,Energy Efficiency in Public Sector,SCORE,Score,WB_RISE,Regulatory Indicators for Sustainable Energy (RISE),0,Units,A,Normal value,PU,Public,0.0,0.0,0.0,0.0,0.0,0.0,16.666666666666668,16.666666666666668,33.333333333333336,33.333333333333336,33.333333333333336,50.0,50.0,50.0
A,Annual,OMN,Oman,WB_RISE_EE_IMUT,Incentives & Mandates: Energy Utility Programs,SCORE,Score,WB_RISE,Regulatory Indicators for Sustainable Energy (RISE),0,Units,A,Normal value,PU,Public,15.0,15.0,15.0,15.0,15.0,15.0,15.0,36.66666666666667,36.66666666666667,36.66666666666667,36.66666666666667,36.66666666666667,36.66666666666667,36.66666666666667
A,Annual,OMN,Oman,WB_RISE_EE_MEEP,Minimum Energy Efficiency Performance Standards,SCORE,Score,WB_RISE,Regulatory Indicators for Sustainable Energy (RISE),0,Units,A,Normal value,PU,Public,0.0,0.0,0.0,0.0,0.0,1.388888888888889,1.388888888888889,1.388888888888889,12.5,15.27777777777778,16.666666666666668,16.666666666666668,16.666666666666668,16.666666666666668
A,Annual,OMN,Oman,WB_RISE_EE_TRN,Transport Sector,SCORE,Score,WB_RISE,Regulatory Indicators for Sustainable Energy (RISE),0,Units,A,Normal value,PU,Public,0.0,0.0,0.0,0.0,0.0,0.0,0.0,0.0,0.0,0.0,0.0,0.0,0.0,0.0
A,Annual,OMN,Oman,WB_RISE_RE_ALL,Sustainable Energy - Renewable Energy Score,SCORE,Score,WB_RISE,Regulatory Indicators for Sustainable Energy (RISE),0,Units,A,Normal value,PU,Public,2.53968253968254,2.53968253968254,2.53968253968254,2.53968253968254,4.761904761904762,15.11904761904762,20.23015873015873,24.007936507936503,30.1984126984127,34.36507936507937,39.72222222222222,54.72222222222223,54.72222222222223,35.351851851851855
A,Annual,OMN,Oman,WB_RISE_RE_ELEC,Electricity Sector Renewables,SCORE,Score,WB_RISE,Regulatory Indicators for Sustainable Energy (RISE),0,Units,A,Normal value,PU,Public,5.555555555555556,5.555555555555556,5.555555555555556,5.555555555555556,16.666666666666668,50.0,55.55555555555557,74.44444444444444,74.44444444444444,78.61111111111111,78.61111111111111,86.94444444444446,86.94444444444446,60.09259259259259
A,Annual,OMN,Oman,WB_RISE_RE_GOV,Renewable Energy - Governance,SCORE,Score,WB_RISE,Regulatory Indicators for Sustainable Energy (RISE),0,Units,A,Normal value,PU,Public,7.142857142857143,7.142857142857143,7.142857142857143,7.142857142857143,7.142857142857143,25.59523809523809,25.59523809523809,25.59523809523809,56.54761904761905,73.21428571428572,100.0,100.0,100.0,83.33333333333334
A,Annual,OMN,Oman,WB_RISE_RE_HE_CO,Heating and Cooling Renewables,SCORE,Score,WB_RISE,Regulatory Indicators for Sustainable Energy (RISE),0,Units,A,Normal value,PU,Public,0.0,0.0,0.0,0.0,0.0,0.0,0.0,0.0,0.0,0.0,0.0,33.333333333333336,33.333333333333336,0.0
A,Annual,OMN,Oman,WB_RISE_RE_LVL_PLYNG_FLD,Leveling the Playing Field for Renewables,SCORE,Score,WB_RISE,Regulatory Indicators for Sustainable Energy (RISE),0,Units,A,Normal value,PU,Public,0.0,0.0,0.0,0.0,0.0,0.0,20.0,20.0,20.0,20.0,20.0,20.0,20.0,0.0
A,Annual,OMN,Oman,WB_RISE_RE_TRNS,Transport Sector Renewables,SCORE,Score,WB_RISE,Regulatory Indicators for Sustainable Energy (RISE),0,Units,A,Normal value,PU,Public,0.0,0.0,0.0,0.0,0.0,0.0,0.0,0.0,0.0,0.0,0.0,33.333333333333336,33.333333333333336,33.333333333333336
A,Annual,PAK,Pakistan,WB_RISE_CC_ALL,Sustainable Energy - Clean Cooking Score,SCORE,Score,WB_RISE,Regulatory Indicators for Sustainable Energy (RISE),0,Units,A,Normal value,PU,Public,1.6666666666666667,1.6666666666666667,1.6666666666666667,1.6666666666666667,1.6666666666666667,25.13888888888889,38.888888888888886,38.888888888888886,46.11111111111111,46.11111111111111,52.77777777777777,57.5,11.11111111111111,12.77777777777778
A,Annual,PAK,Pakistan,WB_RISE_CC_CCP,Clean Cooking National Planning,SCORE,Score,WB_RISE,Regulatory Indicators for Sustainable Energy (RISE),0,Units,A,Normal value,PU,Public,6.666666666666667,6.666666666666667,6.666666666666667,6.666666666666667,6.666666666666667,28.88888888888889,35.55555555555556,35.55555555555556,46.66666666666666,46.66666666666666,73.33333333333333,86.66666666666667,37.77777777777778,44.44444444444445
A,Annual,PAK,Pakistan,WB_RISE_CC_FIAC,Incentives and Attributes for Clean Cooking,SCORE,Score,WB_RISE,Regulatory Indicators for Sustainable Energy (RISE),0,Units,A,Normal value,PU,Public,0.0,0.0,0.0,0.0,0.0,8.333333333333334,16.666666666666668,16.666666666666668,16.666666666666668,16.666666666666668,16.666666666666668,16.666666666666668,0.0,0.0
A,Annual,PAK,Pakistan,WB_RISE_CC_SCCP,Implementation Scope of Clean Cooking Planning,SCORE,Score,WB_RISE,Regulatory Indicators for Sustainable Energy (RISE),0,Units,A,Normal value,PU,Public,0.0,0.0,0.0,0.0,0.0,50.0,50.0,50.0,67.77777777777777,67.77777777777777,67.77777777777777,73.33333333333333,6.666666666666667,6.666666666666667
A,Annual,PAK,Pakistan,WB_RISE_CC_STLA,Standards and Labeling,SCORE,Score,WB_RISE,Regulatory Indicators for Sustainable Energy (RISE),0,Units,A,Normal value,PU,Public,0.0,0.0,0.0,0.0,0.0,13.333333333333334,53.333333333333336,53.333333333333336,53.333333333333336,53.333333333333336,53.333333333333336,53.333333333333336,0.0,0.0
A,Annual,PAK,Pakistan,WB_RISE_CON_AFEL,Consumer Affordability of Electricity,SCORE,Score,WB_RISE,Regulatory Indicators for Sustainable Energy (RISE),0,Units,A,Normal value,PU,Public,65.94,65.94,65.94,65.94,99.27333333333333,99.27333333333333,99.27333333333333,99.27333333333333,99.27333333333333,99.27333333333333,99.27333333333333,99.27333333333333,99.27333333333333,99.27333333333333
A,Annual,PAK,Pakistan,WB_RISE_EA_ALL,Sustainable Energy - Electricity Access Score,SCORE,Score,WB_RISE,Regulatory Indicators for Sustainable Energy (RISE),0,Units,A,Normal value,PU,Public,18.373185185185186,18.373185185185186,18.373185185185186,18.373185185185186,26.15096296296296,34.29911111111111,34.29911111111111,34.29911111111111,34.29911111111111,40.59540740740741,40.59540740740741,40.59540740740741,40.59540740740741,69.26207407407408
A,Annual,PAK,Pakistan,WB_RISE_EE_ALL,Sustainable Energy - Energy Efficiency Score,SCORE,Score,WB_RISE,Regulatory Indicators for Sustainable Energy (RISE),0,Units,A,Normal value,PU,Public,10.000000000000002,10.000000000000002,10.000000000000002,10.000000000000002,10.000000000000002,19.25925925925926,19.25925925925926,19.25925925925926,19.25925925925926,19.25925925925926,19.25925925925926,19.25925925925926,29.44444444444445,47.5925925925926
A,Annual,PAK,Pakistan,WB_RISE_EE_BEC,Building Energy Codes,SCORE,Score,WB_RISE,Regulatory Indicators for Sustainable Energy (RISE),0,Units,A,Normal value,PU,Public,6.666666666666667,6.666666666666667,6.666666666666667,6.666666666666667,6.666666666666667,6.666666666666667,6.666666666666667,6.666666666666667,6.666666666666667,6.666666666666667,6.666666666666667,6.666666666666667,6.666666666666667,6.666666666666667
A,Annual,PAK,Pakistan,WB_RISE_EE_EES,Energy Efficiency Governance,SCORE,Score,WB_RISE,Regulatory Indicators for Sustainable Energy (RISE),0,Units,A,Normal value,PU,Public,10.0,10.0,10.0,10.0,10.0,60.0,60.0,60.0,60.0,60.0,60.0,60.0,60.0,90.0
A,Annual,PAK,Pakistan,WB_RISE_EE_ELS,Energy Labeling Systems,SCORE,Score,WB_RISE,Regulatory Indicators for Sustainable Energy (RISE),0,Units,A,Normal value,PU,Public,0.0,0.0,0.0,0.0,0.0,0.0,0.0,0.0,0.0,0.0,0.0,0.0,33.333333333333336,33.333333333333336
A,Annual,PAK,Pakistan,WB_RISE_EE_FMEE,Financing Mechanisms for Energy Efficiency,SCORE,Score,WB_RISE,Regulatory Indicators for Sustainable Energy (RISE),0,Units,A,Normal value,PU,Public,0.0,0.0,0.0,0.0,0.0,0.0,0.0,0.0,0.0,0.0,0.0,0.0,0.0,0.0
A,Annual,PAK,Pakistan,WB_RISE_EE_IMIC,Industrial and Commercial End Users,SCORE,Score,WB_RISE,Regulatory Indicators for Sustainable Energy (RISE),0,Units,A,Normal value,PU,Public,0.0,0.0,0.0,0.0,0.0,0.0,0.0,0.0,0.0,0.0,0.0,0.0,0.0,100.0
A,Annual,PAK,Pakistan,WB_RISE_EE_IMPS,Energy Efficiency in Public Sector,SCORE,Score,WB_RISE,Regulatory Indicators for Sustainable Energy (RISE),0,Units,A,Normal value,PU,Public,33.333333333333336,33.333333333333336,33.333333333333336,33.333333333333336,33.333333333333336,33.333333333333336,33.333333333333336,33.333333333333336,33.333333333333336,33.333333333333336,33.333333333333336,33.333333333333336,33.333333333333336,50.0
A,Annual,PAK,Pakistan,WB_RISE_EE_IMUT,Incentives & Mandates: Energy Utility Programs,SCORE,Score,WB_RISE,Regulatory Indicators for Sustainable Energy (RISE),0,Units,A,Normal value,PU,Public,40.0,40.0,40.0,40.0,40.0,73.33333333333334,73.33333333333334,73.33333333333334,73.33333333333334,73.33333333333334,73.33333333333334,73.33333333333334,73.33333333333334,73.33333333333334
A,Annual,PAK,Pakistan,WB_RISE_EE_MEEP,Minimum Energy Efficiency Performance Standards,SCORE,Score,WB_RISE,Regulatory Indicators for Sustainable Energy (RISE),0,Units,A,Normal value,PU,Public,0.0,0.0,0.0,0.0,0.0,0.0,0.0,0.0,0.0,0.0,0.0,0.0,58.333333333333336,58.333333333333336
A,Annual,PAK,Pakistan,WB_RISE_EE_TRN,Transport Sector,SCORE,Score,WB_RISE,Regulatory Indicators for Sustainable Energy (RISE),0,Units,A,Normal value,PU,Public,0.0,0.0,0.0,0.0,0.0,0.0,0.0,0.0,0.0,0.0,0.0,0.0,0.0,16.666666666666668
A,Annual,PAK,Pakistan,WB_RISE_ELTN_PL,Electrification Governance and Planning,SCORE,Score,WB_RISE,Regulatory Indicators for Sustainable Energy (RISE),0,Units,A,Normal value,PU,Public,0.0,0.0,0.0,0.0,0.0,0.0,0.0,0.0,0.0,0.0,0.0,0.0,0.0,88.57142857142857
A,Annual,PAK,Pakistan,WB_RISE_FRM_MGRI,Minigrids Framework,SCORE,Score,WB_RISE,Regulatory Indicators for Sustainable Energy (RISE),0,Units,A,Normal value,PU,Public,3.703703703703704,3.703703703703704,3.703703703703704,3.703703703703704,3.703703703703704,11.111111111111112,11.111111111111112,11.111111111111112,11.111111111111112,14.814814814814817,14.814814814814817,14.814814814814817,14.814814814814817,19.576719576719576
A,Annual,PAK,Pakistan,WB_RISE_FRM_OGS,Off-Grid Systems Framework,SCORE,Score,WB_RISE,Regulatory Indicators for Sustainable Energy (RISE),0,Units,A,Normal value,PU,Public,5.555555555555556,5.555555555555556,5.555555555555556,5.555555555555556,11.111111111111112,44.44444444444445,44.44444444444445,44.44444444444445,44.44444444444445,72.22222222222223,72.22222222222223,72.22222222222223,72.22222222222223,72.22222222222223
A,Annual,PAK,Pakistan,WB_RISE_FR_GREL,Grid Electrification Framework,SCORE,Score,WB_RISE,Regulatory Indicators for Sustainable Energy (RISE),0,Units,A,Normal value,PU,Public,16.666666666666668,16.666666666666668,16.666666666666668,16.666666666666668,16.666666666666668,16.666666666666668,16.666666666666668,16.666666666666668,16.666666666666668,16.666666666666668,16.666666666666668,16.666666666666668,16.666666666666668,66.66666666666667
A,Annual,PAK,Pakistan,WB_RISE_RE_ALL,Sustainable Energy - Renewable Energy Score,SCORE,Score,WB_RISE,Regulatory Indicators for Sustainable Energy (RISE),0,Units,A,Normal value,PU,Public,9.38888888888889,12.96031746031746,12.96031746031746,12.96031746031746,12.96031746031746,15.743386243386244,16.2989417989418,16.2989417989418,16.2989417989418,20.465608465608465,20.465608465608465,20.465608465608465,25.108465608465607,23.03174603174603
A,Annual,PAK,Pakistan,WB_RISE_RE_ELEC,Electricity Sector Renewables,SCORE,Score,WB_RISE,Regulatory Indicators for Sustainable Energy (RISE),0,Units,A,Normal value,PU,Public,13.611111111111112,13.611111111111112,13.611111111111112,13.611111111111112,13.611111111111112,25.740740740740744,28.51851851851852,28.51851851851852,28.51851851851852,49.35185185185185,49.35185185185185,49.35185185185185,49.35185185185185,50.27777777777778
A,Annual,PAK,Pakistan,WB_RISE_RE_GOV,Renewable Energy - Governance,SCORE,Score,WB_RISE,Regulatory Indicators for Sustainable Energy (RISE),0,Units,A,Normal value,PU,Public,33.333333333333336,51.19047619047619,51.19047619047619,51.19047619047619,51.19047619047619,52.97619047619048,52.97619047619048,52.97619047619048,52.97619047619048,52.97619047619048,52.97619047619048,52.97619047619048,76.19047619047619,64.88095238095238
A,Annual,PAK,Pakistan,WB_RISE_RE_HE_CO,Heating and Cooling Renewables,SCORE,Score,WB_RISE,Regulatory Indicators for Sustainable Energy (RISE),0,Units,A,Normal value,PU,Public,0.0,0.0,0.0,0.0,0.0,0.0,0.0,0.0,0.0,0.0,0.0,0.0,0.0,0.0
A,Annual,PAK,Pakistan,WB_RISE_RE_LVL_PLYNG_FLD,Leveling the Playing Field for Renewables,SCORE,Score,WB_RISE,Regulatory Indicators for Sustainable Energy (RISE),0,Units,A,Normal value,PU,Public,0.0,0.0,0.0,0.0,0.0,0.0,0.0,0.0,0.0,0.0,0.0,0.0,0.0,0.0
A,Annual,PAK,Pakistan,WB_RISE_RE_TRNS,Transport Sector Renewables,SCORE,Score,WB_RISE,Regulatory Indicators for Sustainable Energy (RISE),0,Units,A,Normal value,PU,Public,0.0,0.0,0.0,0.0,0.0,0.0,0.0,0.0,0.0,0.0,0.0,0.0,0.0,0.0
A,Annual,PAN,Panama,WB_RISE_EE_ALL,Sustainable Energy - Energy Efficiency Score,SCORE,Score,WB_RISE,Regulatory Indicators for Sustainable Energy (RISE),0,Units,A,Normal value,PU,Public,12.716049382716047,13.82716049382716,29.135802469135804,32.68518518518519,36.388888888888886,36.388888888888886,39.72222222222222,43.88888888888889,51.018518518518526,56.51234567901235,56.51234567901235,57.25308641975309,57.25308641975309,57.25308641975309
A,Annual,PAN,Panama,WB_RISE_EE_BEC,Building Energy Codes,SCORE,Score,WB_RISE,Regulatory Indicators for Sustainable Energy (RISE),0,Units,A,Normal value,PU,Public,0.0,0.0,0.0,0.0,0.0,0.0,0.0,0.0,0.0,36.66666666666666,36.66666666666666,43.333333333333336,43.333333333333336,43.333333333333336
A,Annual,PAN,Panama,WB_RISE_EE_EES,Energy Efficiency Governance,SCORE,Score,WB_RISE,Regulatory Indicators for Sustainable Energy (RISE),0,Units,A,Normal value,PU,Public,0.0,10.0,64.44444444444446,67.22222222222223,67.22222222222223,67.22222222222223,97.22222222222224,97.22222222222224,97.22222222222224,100.0,100.0,100.0,100.0,100.0
A,Annual,PAN,Panama,WB_RISE_EE_ELS,Energy Labeling Systems,SCORE,Score,WB_RISE,Regulatory Indicators for Sustainable Energy (RISE),0,Units,A,Normal value,PU,Public,0.0,0.0,0.0,0.0,0.0,0.0,0.0,12.5,50.0,50.0,50.0,50.0,50.0,50.0
A,Annual,PAN,Panama,WB_RISE_EE_FMEE,Financing Mechanisms for Energy Efficiency,SCORE,Score,WB_RISE,Regulatory Indicators for Sustainable Energy (RISE),0,Units,A,Normal value,PU,Public,50.0,50.0,66.66666666666667,66.66666666666667,100.0,100.0,100.0,100.0,100.0,100.0,100.0,100.0,100.0,100.0
A,Annual,PAN,Panama,WB_RISE_EE_IMIC,Industrial and Commercial End Users,SCORE,Score,WB_RISE,Regulatory Indicators for Sustainable Energy (RISE),0,Units,A,Normal value,PU,Public,0.0,0.0,0.0,0.0,0.0,0.0,0.0,0.0,0.0,0.0,0.0,0.0,0.0,0.0
A,Annual,PAN,Panama,WB_RISE_EE_IMPS,Energy Efficiency in Public Sector,SCORE,Score,WB_RISE,Regulatory Indicators for Sustainable Energy (RISE),0,Units,A,Normal value,PU,Public,0.0,0.0,50.0,50.0,50.0,50.0,50.0,66.66666666666667,66.66666666666667,66.66666666666667,66.66666666666667,66.66666666666667,66.66666666666667,66.66666666666667
A,Annual,PAN,Panama,WB_RISE_EE_IMUT,Incentives & Mandates: Energy Utility Programs,SCORE,Score,WB_RISE,Regulatory Indicators for Sustainable Energy (RISE),0,Units,A,Normal value,PU,Public,36.66666666666667,36.66666666666667,53.333333333333336,53.333333333333336,53.333333333333336,53.333333333333336,53.333333333333336,53.333333333333336,63.333333333333336,73.33333333333334,73.33333333333334,73.33333333333334,73.33333333333334,73.33333333333334
A,Annual,PAN,Panama,WB_RISE_EE_MEEP,Minimum Energy Efficiency Performance Standards,SCORE,Score,WB_RISE,Regulatory Indicators for Sustainable Energy (RISE),0,Units,A,Normal value,PU,Public,2.777777777777778,2.777777777777778,2.777777777777778,31.94444444444445,31.94444444444445,31.94444444444445,31.94444444444445,40.277777777777786,56.94444444444445,56.94444444444445,56.94444444444445,56.94444444444445,56.94444444444445,56.94444444444445
A,Annual,PAN,Panama,WB_RISE_EE_TRN,Transport Sector,SCORE,Score,WB_RISE,Regulatory Indicators for Sustainable Energy (RISE),0,Units,A,Normal value,PU,Public,25.0,25.0,25.0,25.0,25.0,25.0,25.0,25.0,25.0,25.0,25.0,25.0,25.0,25.0
A,Annual,PAN,Panama,WB_RISE_RE_ALL,Sustainable Energy - Renewable Energy Score,SCORE,Score,WB_RISE,Regulatory Indicators for Sustainable Energy (RISE),0,Units,A,Normal value,PU,Public,8.047619047619047,11.38095238095238,11.38095238095238,11.38095238095238,11.936507936507937,11.936507936507937,23.97354497354497,23.97354497354497,25.402116402116405,31.84391534391535,32.867724867724874,39.2962962962963,39.2962962962963,29.314814814814817
A,Annual,PAN,Panama,WB_RISE_RE_ELEC,Electricity Sector Renewables,SCORE,Score,WB_RISE,Regulatory Indicators for Sustainable Energy (RISE),0,Units,A,Normal value,PU,Public,11.666666666666666,11.666666666666666,11.666666666666666,11.666666666666666,14.444444444444445,14.444444444444445,24.62962962962963,24.62962962962963,24.62962962962963,34.81481481481482,38.14814814814815,63.14814814814815,63.14814814814815,54.90740740740741
A,Annual,PAN,Panama,WB_RISE_RE_GOV,Renewable Energy - Governance,SCORE,Score,WB_RISE,Regulatory Indicators for Sustainable Energy (RISE),0,Units,A,Normal value,PU,Public,28.571428571428573,45.23809523809524,45.23809523809524,45.23809523809524,45.23809523809524,45.23809523809524,78.57142857142857,78.57142857142857,85.71428571428572,91.07142857142856,92.85714285714286,100.0,100.0,75.0
A,Annual,PAN,Panama,WB_RISE_RE_HE_CO,Heating and Cooling Renewables,SCORE,Score,WB_RISE,Regulatory Indicators for Sustainable Energy (RISE),0,Units,A,Normal value,PU,Public,0.0,0.0,0.0,0.0,0.0,0.0,0.0,0.0,0.0,0.0,0.0,0.0,0.0,0.0
A,Annual,PAN,Panama,WB_RISE_RE_LVL_PLYNG_FLD,Leveling the Playing Field for Renewables,SCORE,Score,WB_RISE,Regulatory Indicators for Sustainable Energy (RISE),0,Units,A,Normal value,PU,Public,0.0,0.0,0.0,0.0,0.0,0.0,0.0,0.0,0.0,0.0,0.0,0.0,0.0,0.0
A,Annual,PAN,Panama,WB_RISE_RE_TRNS,Transport Sector Renewables,SCORE,Score,WB_RISE,Regulatory Indicators for Sustainable Energy (RISE),0,Units,A,Normal value,PU,Public,0.0,0.0,0.0,0.0,0.0,0.0,16.666666666666668,16.666666666666668,16.666666666666668,33.333333333333336,33.333333333333336,33.333333333333336,33.333333333333336,16.666666666666668
A,Annual,PER,Peru,WB_RISE_EE_ALL,Sustainable Energy - Energy Efficiency Score,SCORE,Score,WB_RISE,Regulatory Indicators for Sustainable Energy (RISE),0,Units,A,Normal value,PU,Public,10.648148148148149,10.648148148148149,10.648148148148149,10.648148148148149,10.648148148148149,14.660493827160495,14.814814814814817,23.76543209876543,23.76543209876543,23.76543209876543,23.76543209876543,23.76543209876543,23.76543209876543,23.76543209876543
A,Annual,PER,Peru,WB_RISE_EE_BEC,Building Energy Codes,SCORE,Score,WB_RISE,Regulatory Indicators for Sustainable Energy (RISE),0,Units,A,Normal value,PU,Public,0.0,0.0,0.0,0.0,0.0,0.0,0.0,0.0,0.0,0.0,0.0,0.0,0.0,0.0
A,Annual,PER,Peru,WB_RISE_EE_EES,Energy Efficiency Governance,SCORE,Score,WB_RISE,Regulatory Indicators for Sustainable Energy (RISE),0,Units,A,Normal value,PU,Public,18.333333333333336,18.333333333333336,18.333333333333336,18.333333333333336,18.333333333333336,21.111111111111114,21.111111111111114,21.111111111111114,21.111111111111114,21.111111111111114,21.111111111111114,21.111111111111114,21.111111111111114,21.111111111111114
A,Annual,PER,Peru,WB_RISE_EE_ELS,Energy Labeling Systems,SCORE,Score,WB_RISE,Regulatory Indicators for Sustainable Energy (RISE),0,Units,A,Normal value,PU,Public,0.0,0.0,0.0,0.0,0.0,0.0,0.0,79.16666666666666,79.16666666666666,79.16666666666666,79.16666666666666,79.16666666666666,79.16666666666666,79.16666666666666
A,Annual,PER,Peru,WB_RISE_EE_FMEE,Financing Mechanisms for Energy Efficiency,SCORE,Score,WB_RISE,Regulatory Indicators for Sustainable Energy (RISE),0,Units,A,Normal value,PU,Public,0.0,0.0,0.0,0.0,0.0,0.0,0.0,0.0,0.0,0.0,0.0,0.0,0.0,0.0
A,Annual,PER,Peru,WB_RISE_EE_IMIC,Industrial and Commercial End Users,SCORE,Score,WB_RISE,Regulatory Indicators for Sustainable Energy (RISE),0,Units,A,Normal value,PU,Public,0.0,0.0,0.0,0.0,0.0,0.0,0.0,0.0,0.0,0.0,0.0,0.0,0.0,0.0
A,Annual,PER,Peru,WB_RISE_EE_IMPS,Energy Efficiency in Public Sector,SCORE,Score,WB_RISE,Regulatory Indicators for Sustainable Energy (RISE),0,Units,A,Normal value,PU,Public,33.333333333333336,33.333333333333336,33.333333333333336,33.333333333333336,33.333333333333336,66.66666666666667,66.66666666666667,66.66666666666667,66.66666666666667,66.66666666666667,66.66666666666667,66.66666666666667,66.66666666666667,66.66666666666667
A,Annual,PER,Peru,WB_RISE_EE_IMUT,Incentives & Mandates: Energy Utility Programs,SCORE,Score,WB_RISE,Regulatory Indicators for Sustainable Energy (RISE),0,Units,A,Normal value,PU,Public,40.0,40.0,40.0,40.0,40.0,40.0,40.0,40.0,40.0,40.0,40.0,40.0,40.0,40.0
A,Annual,PER,Peru,WB_RISE_EE_MEEP,Minimum Energy Efficiency Performance Standards,SCORE,Score,WB_RISE,Regulatory Indicators for Sustainable Energy (RISE),0,Units,A,Normal value,PU,Public,4.166666666666667,4.166666666666667,4.166666666666667,4.166666666666667,4.166666666666667,4.166666666666667,5.555555555555556,6.9444444444444455,6.9444444444444455,6.9444444444444455,6.9444444444444455,6.9444444444444455,6.9444444444444455,6.9444444444444455
A,Annual,PER,Peru,WB_RISE_EE_TRN,Transport Sector,SCORE,Score,WB_RISE,Regulatory Indicators for Sustainable Energy (RISE),0,Units,A,Normal value,PU,Public,0.0,0.0,0.0,0.0,0.0,0.0,0.0,0.0,0.0,0.0,0.0,0.0,0.0,0.0
A,Annual,PER,Peru,WB_RISE_RE_ALL,Sustainable Energy - Renewable Energy Score,SCORE,Score,WB_RISE,Regulatory Indicators for Sustainable Energy (RISE),0,Units,A,Normal value,PU,Public,8.61111111111111,8.61111111111111,21.23015873015873,21.23015873015873,22.8968253968254,26.8968253968254,31.896825396825392,31.896825396825392,32.73015873015873,32.73015873015873,32.73015873015873,32.73015873015873,32.73015873015873,26.08994708994709
A,Annual,PER,Peru,WB_RISE_RE_ELEC,Electricity Sector Renewables,SCORE,Score,WB_RISE,Regulatory Indicators for Sustainable Energy (RISE),0,Units,A,Normal value,PU,Public,9.722222222222223,9.722222222222223,9.722222222222223,9.722222222222223,18.05555555555556,18.05555555555556,43.05555555555555,43.05555555555555,47.22222222222222,47.22222222222222,47.22222222222222,47.22222222222222,47.22222222222222,54.25925925925926
A,Annual,PER,Peru,WB_RISE_RE_GOV,Renewable Energy - Governance,SCORE,Score,WB_RISE,Regulatory Indicators for Sustainable Energy (RISE),0,Units,A,Normal value,PU,Public,33.333333333333336,33.333333333333336,79.76190476190476,79.76190476190476,79.76190476190476,79.76190476190476,79.76190476190476,79.76190476190476,79.76190476190476,79.76190476190476,79.76190476190476,79.76190476190476,79.76190476190476,76.19047619047619
A,Annual,PER,Peru,WB_RISE_RE_HE_CO,Heating and Cooling Renewables,SCORE,Score,WB_RISE,Regulatory Indicators for Sustainable Energy (RISE),0,Units,A,Normal value,PU,Public,0.0,0.0,0.0,0.0,0.0,0.0,0.0,0.0,0.0,0.0,0.0,0.0,0.0,0.0
A,Annual,PER,Peru,WB_RISE_RE_LVL_PLYNG_FLD,Leveling the Playing Field for Renewables,SCORE,Score,WB_RISE,Regulatory Indicators for Sustainable Energy (RISE),0,Units,A,Normal value,PU,Public,0.0,0.0,0.0,0.0,0.0,20.0,20.0,20.0,20.0,20.0,20.0,20.0,20.0,0.0
A,Annual,PER,Peru,WB_RISE_RE_TRNS,Transport Sector Renewables,SCORE,Score,WB_RISE,Regulatory Indicators for Sustainable Energy (RISE),0,Units,A,Normal value,PU,Public,0.0,0.0,16.666666666666668,16.666666666666668,16.666666666666668,16.666666666666668,16.666666666666668,16.666666666666668,16.666666666666668,16.666666666666668,16.666666666666668,16.666666666666668,16.666666666666668,0.0
A,Annual,PHL,Philippines,WB_RISE_CC_ALL,Sustainable Energy - Clean Cooking Score,SCORE,Score,WB_RISE,Regulatory Indicators for Sustainable Energy (RISE),0,Units,A,Normal value,PU,Public,5.0,5.0,5.0,5.0,5.0,24.72222222222222,24.72222222222222,35.27777777777777,35.27777777777777,35.27777777777777,38.74999999999999,38.74999999999999,5.0,31.527777777777786
A,Annual,PHL,Philippines,WB_RISE_CC_CCP,Clean Cooking National Planning,SCORE,Score,WB_RISE,Regulatory Indicators for Sustainable Energy (RISE),0,Units,A,Normal value,PU,Public,20.0,20.0,20.0,20.0,20.0,73.33333333333333,73.33333333333333,73.33333333333333,73.33333333333333,73.33333333333333,73.33333333333333,73.33333333333333,20.0,31.111111111111114
A,Annual,PHL,Philippines,WB_RISE_CC_FIAC,Incentives and Attributes for Clean Cooking,SCORE,Score,WB_RISE,Regulatory Indicators for Sustainable Energy (RISE),0,Units,A,Normal value,PU,Public,0.0,0.0,0.0,0.0,0.0,0.0,0.0,0.0,0.0,0.0,0.0,0.0,0.0,25.0
A,Annual,PHL,Philippines,WB_RISE_CC_SCCP,Implementation Scope of Clean Cooking Planning,SCORE,Score,WB_RISE,Regulatory Indicators for Sustainable Energy (RISE),0,Units,A,Normal value,PU,Public,0.0,0.0,0.0,0.0,0.0,25.55555555555556,25.55555555555556,67.77777777777777,67.77777777777777,67.77777777777777,67.77777777777777,67.77777777777777,0.0,44.44444444444445
A,Annual,PHL,Philippines,WB_RISE_CC_STLA,Standards and Labeling,SCORE,Score,WB_RISE,Regulatory Indicators for Sustainable Energy (RISE),0,Units,A,Normal value,PU,Public,0.0,0.0,0.0,0.0,0.0,0.0,0.0,0.0,0.0,0.0,13.888888888888893,13.888888888888893,0.0,25.55555555555556
A,Annual,PHL,Philippines,WB_RISE_CON_AFEL,Consumer Affordability of Electricity,SCORE,Score,WB_RISE,Regulatory Indicators for Sustainable Energy (RISE),0,Units,A,Normal value,PU,Public,83.33203333333334,83.33203333333334,83.33203333333334,83.33203333333334,83.33203333333334,83.33203333333334,83.33203333333334,83.33203333333334,83.33203333333334,99.9987,99.9987,99.9987,99.9987,99.9987
A,Annual,PHL,Philippines,WB_RISE_EA_ALL,Sustainable Energy - Electricity Access Score,SCORE,Score,WB_RISE,Regulatory Indicators for Sustainable Energy (RISE),0,Units,A,Normal value,PU,Public,18.359528359788364,18.359528359788364,18.359528359788364,18.359528359788364,18.359528359788364,18.359528359788364,19.1002691005291,19.841009841269845,19.841009841269845,29.84100984126984,30.793390793650797,32.274872275132275,80.42302042328042,79.47063947089947
A,Annual,PHL,Philippines,WB_RISE_EE_ALL,Sustainable Energy - Energy Efficiency Score,SCORE,Score,WB_RISE,Regulatory Indicators for Sustainable Energy (RISE),0,Units,A,Normal value,PU,Public,19.290123456790123,19.290123456790123,19.290123456790123,19.290123456790123,19.290123456790123,19.290123456790123,19.753086419753085,19.753086419753085,19.753086419753085,21.60493827160494,22.71604938271605,23.64197530864197,26.08641975308642,70.40123456790123
A,Annual,PHL,Philippines,WB_RISE_EE_BEC,Building Energy Codes,SCORE,Score,WB_RISE,Regulatory Indicators for Sustainable Energy (RISE),0,Units,A,Normal value,PU,Public,0.0,0.0,0.0,0.0,0.0,0.0,0.0,0.0,0.0,0.0,0.0,0.0,0.0,80.0
A,Annual,PHL,Philippines,WB_RISE_EE_EES,Energy Efficiency Governance,SCORE,Score,WB_RISE,Regulatory Indicators for Sustainable Energy (RISE),0,Units,A,Normal value,PU,Public,16.666666666666668,16.666666666666668,16.666666666666668,16.666666666666668,16.666666666666668,16.666666666666668,16.666666666666668,16.666666666666668,16.666666666666668,33.333333333333336,33.333333333333336,33.333333333333336,55.333333333333336,100.0
A,Annual,PHL,Philippines,WB_RISE_EE_ELS,Energy Labeling Systems,SCORE,Score,WB_RISE,Regulatory Indicators for Sustainable Energy (RISE),0,Units,A,Normal value,PU,Public,4.166666666666667,4.166666666666667,4.166666666666667,4.166666666666667,4.166666666666667,4.166666666666667,8.333333333333334,8.333333333333334,8.333333333333334,8.333333333333334,8.333333333333334,8.333333333333334,8.333333333333334,75.0
A,Annual,PHL,Philippines,WB_RISE_EE_FMEE,Financing Mechanisms for Energy Efficiency,SCORE,Score,WB_RISE,Regulatory Indicators for Sustainable Energy (RISE),0,Units,A,Normal value,PU,Public,0.0,0.0,0.0,0.0,0.0,0.0,0.0,0.0,0.0,0.0,0.0,0.0,0.0,50.0
A,Annual,PHL,Philippines,WB_RISE_EE_IMIC,Industrial and Commercial End Users,SCORE,Score,WB_RISE,Regulatory Indicators for Sustainable Energy (RISE),0,Units,A,Normal value,PU,Public,0.0,0.0,0.0,0.0,0.0,0.0,0.0,0.0,0.0,0.0,0.0,0.0,0.0,50.0
A,Annual,PHL,Philippines,WB_RISE_EE_IMPS,Energy Efficiency in Public Sector,SCORE,Score,WB_RISE,Regulatory Indicators for Sustainable Energy (RISE),0,Units,A,Normal value,PU,Public,50.0,50.0,50.0,50.0,50.0,50.0,50.0,50.0,50.0,50.0,50.0,50.0,50.0,83.33333333333334
A,Annual,PHL,Philippines,WB_RISE_EE_IMUT,Incentives & Mandates: Energy Utility Programs,SCORE,Score,WB_RISE,Regulatory Indicators for Sustainable Energy (RISE),0,Units,A,Normal value,PU,Public,0.0,0.0,0.0,0.0,0.0,0.0,0.0,0.0,0.0,0.0,10.0,10.0,10.0,30.0
A,Annual,PHL,Philippines,WB_RISE_EE_MEEP,Minimum Energy Efficiency Performance Standards,SCORE,Score,WB_RISE,Regulatory Indicators for Sustainable Energy (RISE),0,Units,A,Normal value,PU,Public,2.777777777777778,2.777777777777778,2.777777777777778,2.777777777777778,2.777777777777778,2.777777777777778,2.777777777777778,2.777777777777778,2.777777777777778,2.777777777777778,2.777777777777778,11.111111111111112,11.111111111111112,65.27777777777779
A,Annual,PHL,Philippines,WB_RISE_EE_TRN,Transport Sector,SCORE,Score,WB_RISE,Regulatory Indicators for Sustainable Energy (RISE),0,Units,A,Normal value,PU,Public,100.0,100.0,100.0,100.0,100.0,100.0,100.0,100.0,100.0,100.0,100.0,100.0,100.0,100.0
A,Annual,PHL,Philippines,WB_RISE_ELTN_PL,Electrification Governance and Planning,SCORE,Score,WB_RISE,Regulatory Indicators for Sustainable Energy (RISE),0,Units,A,Normal value,PU,Public,0.0,0.0,0.0,0.0,0.0,0.0,0.0,0.0,0.0,0.0,0.0,0.0,61.90476190476191,57.142857142857146
A,Annual,PHL,Philippines,WB_RISE_FRM_MGRI,Minigrids Framework,SCORE,Score,WB_RISE,Regulatory Indicators for Sustainable Energy (RISE),0,Units,A,Normal value,PU,Public,8.465608465608467,8.465608465608467,8.465608465608467,8.465608465608467,8.465608465608467,8.465608465608467,12.16931216931217,15.873015873015872,15.873015873015872,15.873015873015872,20.63492063492064,28.04232804232804,73.54497354497354,73.54497354497354
A,Annual,PHL,Philippines,WB_RISE_FRM_OGS,Off-Grid Systems Framework,SCORE,Score,WB_RISE,Regulatory Indicators for Sustainable Energy (RISE),0,Units,A,Normal value,PU,Public,0.0,0.0,0.0,0.0,0.0,0.0,0.0,0.0,0.0,33.333333333333336,33.333333333333336,33.333333333333336,100.0,100.0
A,Annual,PHL,Philippines,WB_RISE_FR_GREL,Grid Electrification Framework,SCORE,Score,WB_RISE,Regulatory Indicators for Sustainable Energy (RISE),0,Units,A,Normal value,PU,Public,0.0,0.0,0.0,0.0,0.0,0.0,0.0,0.0,0.0,0.0,0.0,0.0,66.66666666666667,66.66666666666667
A,Annual,PHL,Philippines,WB_RISE_RE_ALL,Sustainable Energy - Renewable Energy Score,SCORE,Score,WB_RISE,Regulatory Indicators for Sustainable Energy (RISE),0,Units,A,Normal value,PU,Public,10.648148148148149,13.981481481481485,13.981481481481485,13.981481481481485,13.981481481481485,13.981481481481485,13.981481481481485,13.981481481481485,14.814814814814817,14.814814814814817,15.555555555555555,18.41269841269841,61.25925925925926,39.34126984126984
A,Annual,PHL,Philippines,WB_RISE_RE_ELEC,Electricity Sector Renewables,SCORE,Score,WB_RISE,Regulatory Indicators for Sustainable Energy (RISE),0,Units,A,Normal value,PU,Public,14.351851851851851,14.351851851851851,14.351851851851851,14.351851851851851,14.351851851851851,14.351851851851851,14.351851851851851,14.351851851851851,18.51851851851852,18.51851851851852,22.222222222222225,22.222222222222225,71.85185185185185,80.83333333333333
A,Annual,PHL,Philippines,WB_RISE_RE_GOV,Renewable Energy - Governance,SCORE,Score,WB_RISE,Regulatory Indicators for Sustainable Energy (RISE),0,Units,A,Normal value,PU,Public,0.0,0.0,0.0,0.0,0.0,0.0,0.0,0.0,0.0,0.0,0.0,14.285714285714286,100.0,71.42857142857143
A,Annual,PHL,Philippines,WB_RISE_RE_HE_CO,Heating and Cooling Renewables,SCORE,Score,WB_RISE,Regulatory Indicators for Sustainable Energy (RISE),0,Units,A,Normal value,PU,Public,16.666666666666668,16.666666666666668,16.666666666666668,16.666666666666668,16.666666666666668,16.666666666666668,16.666666666666668,16.666666666666668,16.666666666666668,16.666666666666668,16.666666666666668,16.666666666666668,33.333333333333336,11.111111111111112
A,Annual,PHL,Philippines,WB_RISE_RE_LVL_PLYNG_FLD,Leveling the Playing Field for Renewables,SCORE,Score,WB_RISE,Regulatory Indicators for Sustainable Energy (RISE),0,Units,A,Normal value,PU,Public,0.0,0.0,0.0,0.0,0.0,0.0,0.0,0.0,0.0,0.0,0.0,0.0,40.0,0.0
A,Annual,PHL,Philippines,WB_RISE_RE_TRNS,Transport Sector Renewables,SCORE,Score,WB_RISE,Regulatory Indicators for Sustainable Energy (RISE),0,Units,A,Normal value,PU,Public,22.222222222222225,38.88888888888889,38.88888888888889,38.88888888888889,38.88888888888889,38.88888888888889,38.88888888888889,38.88888888888889,38.88888888888889,38.88888888888889,38.88888888888889,38.88888888888889,61.11111111111112,33.333333333333336
A,Annual,PNG,Papua New Guinea,WB_RISE_CC_ALL,Sustainable Energy - Clean Cooking Score,SCORE,Score,WB_RISE,Regulatory Indicators for Sustainable Energy (RISE),0,Units,A,Normal value,PU,Public,0.0,0.0,0.0,0.0,0.0,7.777777777777779,11.944444444444446,11.944444444444446,14.722222222222223,18.05555555555556,18.05555555555556,18.05555555555556,0.0,0.0
A,Annual,PNG,Papua New Guinea,WB_RISE_CC_CCP,Clean Cooking National Planning,SCORE,Score,WB_RISE,Regulatory Indicators for Sustainable Energy (RISE),0,Units,A,Normal value,PU,Public,0.0,0.0,0.0,0.0,0.0,20.0,20.0,20.0,31.111111111111114,44.44444444444445,44.44444444444445,44.44444444444445,0.0,0.0
A,Annual,PNG,Papua New Guinea,WB_RISE_CC_FIAC,Incentives and Attributes for Clean Cooking,SCORE,Score,WB_RISE,Regulatory Indicators for Sustainable Energy (RISE),0,Units,A,Normal value,PU,Public,0.0,0.0,0.0,0.0,0.0,0.0,0.0,0.0,0.0,0.0,0.0,0.0,0.0,0.0
A,Annual,PNG,Papua New Guinea,WB_RISE_CC_SCCP,Implementation Scope of Clean Cooking Planning,SCORE,Score,WB_RISE,Regulatory Indicators for Sustainable Energy (RISE),0,Units,A,Normal value,PU,Public,0.0,0.0,0.0,0.0,0.0,11.111111111111112,11.111111111111112,11.111111111111112,11.111111111111112,11.111111111111112,11.111111111111112,11.111111111111112,0.0,0.0
A,Annual,PNG,Papua New Guinea,WB_RISE_CC_STLA,Standards and Labeling,SCORE,Score,WB_RISE,Regulatory Indicators for Sustainable Energy (RISE),0,Units,A,Normal value,PU,Public,0.0,0.0,0.0,0.0,0.0,0.0,16.666666666666668,16.666666666666668,16.666666666666668,16.666666666666668,16.666666666666668,16.666666666666668,0.0,0.0
A,Annual,PNG,Papua New Guinea,WB_RISE_CON_AFEL,Consumer Affordability of Electricity,SCORE,Score,WB_RISE,Regulatory Indicators for Sustainable Energy (RISE),0,Units,A,Normal value,PU,Public,59.90666666666667,59.90666666666667,59.90666666666667,59.90666666666667,59.90666666666667,59.90666666666667,59.90666666666667,59.90666666666667,59.90666666666667,59.90666666666667,59.90666666666667,59.90666666666667,59.90666666666667,59.90666666666667
A,Annual,PNG,Papua New Guinea,WB_RISE_EA_ALL,Sustainable Energy - Electricity Access Score,SCORE,Score,WB_RISE,Regulatory Indicators for Sustainable Energy (RISE),0,Units,A,Normal value,PU,Public,16.531597883597886,16.531597883597886,16.531597883597886,19.864931216931215,27.642708994708997,30.97604232804233,30.97604232804233,49.71678306878307,50.45752380952381,50.45752380952381,50.45752380952381,50.45752380952381,50.45752380952381,52.362285714285726
A,Annual,PNG,Papua New Guinea,WB_RISE_EE_ALL,Sustainable Energy - Energy Efficiency Score,SCORE,Score,WB_RISE,Regulatory Indicators for Sustainable Energy (RISE),0,Units,A,Normal value,PU,Public,3.333333333333333,3.333333333333333,3.333333333333333,4.444444444444445,4.444444444444445,24.38271604938272,24.38271604938272,25.49382716049383,25.49382716049383,25.49382716049383,25.49382716049383,25.49382716049383,25.49382716049383,25.49382716049383
A,Annual,PNG,Papua New Guinea,WB_RISE_EE_BEC,Building Energy Codes,SCORE,Score,WB_RISE,Regulatory Indicators for Sustainable Energy (RISE),0,Units,A,Normal value,PU,Public,20.0,20.0,20.0,20.0,20.0,33.333333333333336,33.333333333333336,33.333333333333336,33.333333333333336,33.333333333333336,33.333333333333336,33.333333333333336,33.333333333333336,33.333333333333336
A,Annual,PNG,Papua New Guinea,WB_RISE_EE_EES,Energy Efficiency Governance,SCORE,Score,WB_RISE,Regulatory Indicators for Sustainable Energy (RISE),0,Units,A,Normal value,PU,Public,0.0,0.0,0.0,0.0,0.0,47.777777777777786,47.777777777777786,57.777777777777786,57.777777777777786,57.777777777777786,57.777777777777786,57.777777777777786,57.777777777777786,57.777777777777786
A,Annual,PNG,Papua New Guinea,WB_RISE_EE_ELS,Energy Labeling Systems,SCORE,Score,WB_RISE,Regulatory Indicators for Sustainable Energy (RISE),0,Units,A,Normal value,PU,Public,0.0,0.0,0.0,0.0,0.0,0.0,0.0,0.0,0.0,0.0,0.0,0.0,0.0,0.0
A,Annual,PNG,Papua New Guinea,WB_RISE_EE_FMEE,Financing Mechanisms for Energy Efficiency,SCORE,Score,WB_RISE,Regulatory Indicators for Sustainable Energy (RISE),0,Units,A,Normal value,PU,Public,0.0,0.0,0.0,0.0,0.0,33.333333333333336,33.333333333333336,33.333333333333336,33.333333333333336,33.333333333333336,33.333333333333336,33.333333333333336,33.333333333333336,33.333333333333336
A,Annual,PNG,Papua New Guinea,WB_RISE_EE_IMIC,Industrial and Commercial End Users,SCORE,Score,WB_RISE,Regulatory Indicators for Sustainable Energy (RISE),0,Units,A,Normal value,PU,Public,0.0,0.0,0.0,0.0,0.0,25.0,25.0,25.0,25.0,25.0,25.0,25.0,25.0,25.0
A,Annual,PNG,Papua New Guinea,WB_RISE_EE_IMPS,Energy Efficiency in Public Sector,SCORE,Score,WB_RISE,Regulatory Indicators for Sustainable Energy (RISE),0,Units,A,Normal value,PU,Public,0.0,0.0,0.0,0.0,0.0,33.333333333333336,33.333333333333336,33.333333333333336,33.333333333333336,33.333333333333336,33.333333333333336,33.333333333333336,33.333333333333336,33.333333333333336
A,Annual,PNG,Papua New Guinea,WB_RISE_EE_IMUT,Incentives & Mandates: Energy Utility Programs,SCORE,Score,WB_RISE,Regulatory Indicators for Sustainable Energy (RISE),0,Units,A,Normal value,PU,Public,10.0,10.0,10.0,20.0,20.0,46.66666666666667,46.66666666666667,46.66666666666667,46.66666666666667,46.66666666666667,46.66666666666667,46.66666666666667,46.66666666666667,46.66666666666667
A,Annual,PNG,Papua New Guinea,WB_RISE_EE_MEEP,Minimum Energy Efficiency Performance Standards,SCORE,Score,WB_RISE,Regulatory Indicators for Sustainable Energy (RISE),0,Units,A,Normal value,PU,Public,0.0,0.0,0.0,0.0,0.0,0.0,0.0,0.0,0.0,0.0,0.0,0.0,0.0,0.0
A,Annual,PNG,Papua New Guinea,WB_RISE_EE_TRN,Transport Sector,SCORE,Score,WB_RISE,Regulatory Indicators for Sustainable Energy (RISE),0,Units,A,Normal value,PU,Public,0.0,0.0,0.0,0.0,0.0,0.0,0.0,0.0,0.0,0.0,0.0,0.0,0.0,0.0
A,Annual,PNG,Papua New Guinea,WB_RISE_ELTN_PL,Electrification Governance and Planning,SCORE,Score,WB_RISE,Regulatory Indicators for Sustainable Energy (RISE),0,Units,A,Normal value,PU,Public,14.285714285714285,14.285714285714285,14.285714285714285,14.285714285714285,14.285714285714285,14.285714285714285,14.285714285714285,54.285714285714285,54.285714285714285,54.285714285714285,54.285714285714285,54.285714285714285,54.285714285714285,54.285714285714285
A,Annual,PNG,Papua New Guinea,WB_RISE_FRM_MGRI,Minigrids Framework,SCORE,Score,WB_RISE,Regulatory Indicators for Sustainable Energy (RISE),0,Units,A,Normal value,PU,Public,8.465608465608467,8.465608465608467,8.465608465608467,8.465608465608467,8.465608465608467,8.465608465608467,8.465608465608467,12.16931216931217,15.873015873015872,15.873015873015872,15.873015873015872,15.873015873015872,15.873015873015872,25.396825396825403
A,Annual,PNG,Papua New Guinea,WB_RISE_FRM_OGS,Off-Grid Systems Framework,SCORE,Score,WB_RISE,Regulatory Indicators for Sustainable Energy (RISE),0,Units,A,Normal value,PU,Public,0.0,0.0,0.0,0.0,38.88888888888889,55.55555555555557,55.55555555555557,55.55555555555557,55.55555555555557,55.55555555555557,55.55555555555557,55.55555555555557,55.55555555555557,55.55555555555557
A,Annual,PNG,Papua New Guinea,WB_RISE_FR_GREL,Grid Electrification Framework,SCORE,Score,WB_RISE,Regulatory Indicators for Sustainable Energy (RISE),0,Units,A,Normal value,PU,Public,0.0,0.0,0.0,16.666666666666668,16.666666666666668,16.666666666666668,16.666666666666668,66.66666666666667,66.66666666666667,66.66666666666667,66.66666666666667,66.66666666666667,66.66666666666667,66.66666666666667
A,Annual,PNG,Papua New Guinea,WB_RISE_RE_ALL,Sustainable Energy - Renewable Energy Score,SCORE,Score,WB_RISE,Regulatory Indicators for Sustainable Energy (RISE),0,Units,A,Normal value,PU,Public,1.388888888888889,1.388888888888889,1.388888888888889,2.777777777777778,2.777777777777778,7.53968253968254,10.396825396825395,10.396825396825395,10.396825396825395,10.396825396825395,17.730158730158728,17.730158730158728,17.730158730158728,24.58730158730159
A,Annual,PNG,Papua New Guinea,WB_RISE_RE_ELEC,Electricity Sector Renewables,SCORE,Score,WB_RISE,Regulatory Indicators for Sustainable Energy (RISE),0,Units,A,Normal value,PU,Public,6.9444444444444455,6.9444444444444455,6.9444444444444455,13.888888888888893,13.888888888888893,13.888888888888893,13.888888888888893,13.888888888888893,13.888888888888893,13.888888888888893,17.222222222222225,17.222222222222225,17.222222222222225,34.44444444444444
A,Annual,PNG,Papua New Guinea,WB_RISE_RE_GOV,Renewable Energy - Governance,SCORE,Score,WB_RISE,Regulatory Indicators for Sustainable Energy (RISE),0,Units,A,Normal value,PU,Public,0.0,0.0,0.0,0.0,0.0,23.80952380952381,38.095238095238095,38.095238095238095,38.095238095238095,38.095238095238095,38.095238095238095,38.095238095238095,38.095238095238095,44.04761904761905
A,Annual,PNG,Papua New Guinea,WB_RISE_RE_HE_CO,Heating and Cooling Renewables,SCORE,Score,WB_RISE,Regulatory Indicators for Sustainable Energy (RISE),0,Units,A,Normal value,PU,Public,0.0,0.0,0.0,0.0,0.0,0.0,0.0,0.0,0.0,0.0,0.0,0.0,0.0,11.111111111111112
A,Annual,PNG,Papua New Guinea,WB_RISE_RE_LVL_PLYNG_FLD,Leveling the Playing Field for Renewables,SCORE,Score,WB_RISE,Regulatory Indicators for Sustainable Energy (RISE),0,Units,A,Normal value,PU,Public,0.0,0.0,0.0,0.0,0.0,0.0,0.0,0.0,0.0,0.0,0.0,0.0,0.0,0.0
A,Annual,PNG,Papua New Guinea,WB_RISE_RE_TRNS,Transport Sector Renewables,SCORE,Score,WB_RISE,Regulatory Indicators for Sustainable Energy (RISE),0,Units,A,Normal value,PU,Public,0.0,0.0,0.0,0.0,0.0,0.0,0.0,0.0,0.0,0.0,33.333333333333336,33.333333333333336,33.333333333333336,33.333333333333336
A,Annual,POL,Poland,WB_RISE_EE_ALL,Sustainable Energy - Energy Efficiency Score,SCORE,Score,WB_RISE,Regulatory Indicators for Sustainable Energy (RISE),0,Units,A,Normal value,PU,Public,11.049382716049385,21.23456790123457,25.771604938271608,27.160493827160494,29.38271604938272,34.93827160493827,34.93827160493827,37.71604938271605,37.71604938271605,46.23456790123456,46.23456790123456,46.23456790123456,46.23456790123456,46.23456790123456
A,Annual,POL,Poland,WB_RISE_EE_BEC,Building Energy Codes,SCORE,Score,WB_RISE,Regulatory Indicators for Sustainable Energy (RISE),0,Units,A,Normal value,PU,Public,6.666666666666667,6.666666666666667,35.0,35.0,35.0,35.0,35.0,35.0,35.0,48.333333333333336,48.333333333333336,48.333333333333336,48.333333333333336,48.333333333333336
A,Annual,POL,Poland,WB_RISE_EE_EES,Energy Efficiency Governance,SCORE,Score,WB_RISE,Regulatory Indicators for Sustainable Energy (RISE),0,Units,A,Normal value,PU,Public,0.0,0.0,0.0,0.0,20.0,20.0,20.0,20.0,20.0,83.33333333333334,83.33333333333334,83.33333333333334,83.33333333333334,83.33333333333334
A,Annual,POL,Poland,WB_RISE_EE_ELS,Energy Labeling Systems,SCORE,Score,WB_RISE,Regulatory Indicators for Sustainable Energy (RISE),0,Units,A,Normal value,PU,Public,12.5,12.5,25.0,37.5,37.5,54.16666666666667,54.16666666666667,54.16666666666667,54.16666666666667,54.16666666666667,54.16666666666667,54.16666666666667,54.16666666666667,54.16666666666667
A,Annual,POL,Poland,WB_RISE_EE_FMEE,Financing Mechanisms for Energy Efficiency,SCORE,Score,WB_RISE,Regulatory Indicators for Sustainable Energy (RISE),0,Units,A,Normal value,PU,Public,0.0,50.0,50.0,50.0,50.0,50.0,50.0,50.0,50.0,50.0,50.0,50.0,50.0,50.0
A,Annual,POL,Poland,WB_RISE_EE_IMIC,Industrial and Commercial End Users,SCORE,Score,WB_RISE,Regulatory Indicators for Sustainable Energy (RISE),0,Units,A,Normal value,PU,Public,12.5,37.5,37.5,37.5,37.5,37.5,37.5,37.5,37.5,37.5,37.5,37.5,37.5,37.5
A,Annual,POL,Poland,WB_RISE_EE_IMPS,Energy Efficiency in Public Sector,SCORE,Score,WB_RISE,Regulatory Indicators for Sustainable Energy (RISE),0,Units,A,Normal value,PU,Public,0.0,16.666666666666668,16.666666666666668,16.666666666666668,16.666666666666668,50.0,50.0,50.0,50.0,50.0,50.0,50.0,50.0,50.0
A,Annual,POL,Poland,WB_RISE_EE_IMUT,Incentives & Mandates: Energy Utility Programs,SCORE,Score,WB_RISE,Regulatory Indicators for Sustainable Energy (RISE),0,Units,A,Normal value,PU,Public,6.666666666666667,6.666666666666667,6.666666666666667,6.666666666666667,6.666666666666667,6.666666666666667,6.666666666666667,6.666666666666667,6.666666666666667,6.666666666666667,6.666666666666667,6.666666666666667,6.666666666666667,6.666666666666667
A,Annual,POL,Poland,WB_RISE_EE_MEEP,Minimum Energy Efficiency Performance Standards,SCORE,Score,WB_RISE,Regulatory Indicators for Sustainable Energy (RISE),0,Units,A,Normal value,PU,Public,61.11111111111112,61.11111111111112,61.11111111111112,61.11111111111112,61.11111111111112,61.11111111111112,61.11111111111112,61.11111111111112,61.11111111111112,61.11111111111112,61.11111111111112,61.11111111111112,61.11111111111112,61.11111111111112
A,Annual,POL,Poland,WB_RISE_EE_TRN,Transport Sector,SCORE,Score,WB_RISE,Regulatory Indicators for Sustainable Energy (RISE),0,Units,A,Normal value,PU,Public,0.0,0.0,0.0,0.0,0.0,0.0,0.0,25.0,25.0,25.0,25.0,25.0,25.0,25.0
A,Annual,POL,Poland,WB_RISE_RE_ALL,Sustainable Energy - Renewable Energy Score,SCORE,Score,WB_RISE,Regulatory Indicators for Sustainable Energy (RISE),0,Units,A,Normal value,PU,Public,29.666666666666668,35.38095238095239,35.38095238095239,35.38095238095239,37.04761904761905,37.04761904761905,41.88095238095239,41.88095238095239,44.38095238095239,51.6031746031746,55.6031746031746,55.6031746031746,55.6031746031746,62.88624338624339
A,Annual,POL,Poland,WB_RISE_RE_ELEC,Electricity Sector Renewables,SCORE,Score,WB_RISE,Regulatory Indicators for Sustainable Energy (RISE),0,Units,A,Normal value,PU,Public,8.333333333333334,8.333333333333334,8.333333333333334,8.333333333333334,16.666666666666668,16.666666666666668,40.833333333333336,40.833333333333336,40.833333333333336,43.61111111111111,43.61111111111111,43.61111111111111,43.61111111111111,56.57407407407408
A,Annual,POL,Poland,WB_RISE_RE_GOV,Renewable Energy - Governance,SCORE,Score,WB_RISE,Regulatory Indicators for Sustainable Energy (RISE),0,Units,A,Normal value,PU,Public,33.333333333333336,61.90476190476191,61.90476190476191,61.90476190476191,61.90476190476191,61.90476190476191,61.90476190476191,61.90476190476191,74.4047619047619,74.4047619047619,74.4047619047619,74.4047619047619,74.4047619047619,84.52380952380952
A,Annual,POL,Poland,WB_RISE_RE_HE_CO,Heating and Cooling Renewables,SCORE,Score,WB_RISE,Regulatory Indicators for Sustainable Energy (RISE),0,Units,A,Normal value,PU,Public,33.333333333333336,33.333333333333336,33.333333333333336,33.333333333333336,33.333333333333336,33.333333333333336,33.333333333333336,33.333333333333336,33.333333333333336,50.0,50.0,50.0,50.0,66.66666666666667
A,Annual,POL,Poland,WB_RISE_RE_LVL_PLYNG_FLD,Leveling the Playing Field for Renewables,SCORE,Score,WB_RISE,Regulatory Indicators for Sustainable Energy (RISE),0,Units,A,Normal value,PU,Public,40.0,40.0,40.0,40.0,40.0,40.0,40.0,40.0,40.0,40.0,60.0,60.0,60.0,40.0
A,Annual,POL,Poland,WB_RISE_RE_TRNS,Transport Sector Renewables,SCORE,Score,WB_RISE,Regulatory Indicators for Sustainable Energy (RISE),0,Units,A,Normal value,PU,Public,33.333333333333336,33.333333333333336,33.333333333333336,33.333333333333336,33.333333333333336,33.333333333333336,33.333333333333336,33.333333333333336,33.333333333333336,50.0,50.0,50.0,50.0,66.66666666666667
A,Annual,PRT,Portugal,WB_RISE_EE_ALL,Sustainable Energy - Energy Efficiency Score,SCORE,Score,WB_RISE,Regulatory Indicators for Sustainable Energy (RISE),0,Units,A,Normal value,PU,Public,49.41358024691358,56.82098765432099,62.74691358024692,70.3395061728395,72.19135802469135,74.04320987654322,74.04320987654322,74.04320987654322,76.26543209876543,77.74691358024693,79.59876543209877,79.59876543209877,79.59876543209877,79.59876543209877
A,Annual,PRT,Portugal,WB_RISE_EE_BEC,Building Energy Codes,SCORE,Score,WB_RISE,Regulatory Indicators for Sustainable Energy (RISE),0,Units,A,Normal value,PU,Public,28.33333333333333,28.33333333333333,28.33333333333333,80.0,80.0,80.0,80.0,80.0,80.0,93.33333333333331,93.33333333333331,93.33333333333331,93.33333333333331,93.33333333333331
A,Annual,PRT,Portugal,WB_RISE_EE_EES,Energy Efficiency Governance,SCORE,Score,WB_RISE,Regulatory Indicators for Sustainable Energy (RISE),0,Units,A,Normal value,PU,Public,40.55555555555556,40.55555555555556,63.333333333333336,80.0,80.0,80.0,80.0,80.0,100.0,100.0,100.0,100.0,100.0,100.0
A,Annual,PRT,Portugal,WB_RISE_EE_ELS,Energy Labeling Systems,SCORE,Score,WB_RISE,Regulatory Indicators for Sustainable Energy (RISE),0,Units,A,Normal value,PU,Public,83.33333333333334,91.66666666666666,100.0,100.0,100.0,100.0,100.0,100.0,100.0,100.0,100.0,100.0,100.0,100.0
A,Annual,PRT,Portugal,WB_RISE_EE_FMEE,Financing Mechanisms for Energy Efficiency,SCORE,Score,WB_RISE,Regulatory Indicators for Sustainable Energy (RISE),0,Units,A,Normal value,PU,Public,50.0,50.0,50.0,50.0,50.0,50.0,50.0,50.0,50.0,50.0,50.0,50.0,50.0,50.0
A,Annual,PRT,Portugal,WB_RISE_EE_IMIC,Industrial and Commercial End Users,SCORE,Score,WB_RISE,Regulatory Indicators for Sustainable Energy (RISE),0,Units,A,Normal value,PU,Public,100.0,100.0,100.0,100.0,100.0,100.0,100.0,100.0,100.0,100.0,100.0,100.0,100.0,100.0
A,Annual,PRT,Portugal,WB_RISE_EE_IMPS,Energy Efficiency in Public Sector,SCORE,Score,WB_RISE,Regulatory Indicators for Sustainable Energy (RISE),0,Units,A,Normal value,PU,Public,0.0,50.0,50.0,50.0,50.0,66.66666666666667,66.66666666666667,66.66666666666667,66.66666666666667,66.66666666666667,83.33333333333334,83.33333333333334,83.33333333333334,83.33333333333334
A,Annual,PRT,Portugal,WB_RISE_EE_IMUT,Incentives & Mandates: Energy Utility Programs,SCORE,Score,WB_RISE,Regulatory Indicators for Sustainable Energy (RISE),0,Units,A,Normal value,PU,Public,30.0,30.0,30.0,30.0,30.0,30.0,30.0,30.0,30.0,30.0,30.0,30.0,30.0,30.0
A,Annual,PRT,Portugal,WB_RISE_EE_MEEP,Minimum Energy Efficiency Performance Standards,SCORE,Score,WB_RISE,Regulatory Indicators for Sustainable Energy (RISE),0,Units,A,Normal value,PU,Public,62.5,70.83333333333334,93.05555555555556,93.05555555555556,93.05555555555556,93.05555555555556,93.05555555555556,93.05555555555556,93.05555555555556,93.05555555555556,93.05555555555556,93.05555555555556,93.05555555555556,93.05555555555556
A,Annual,PRT,Portugal,WB_RISE_EE_TRN,Transport Sector,SCORE,Score,WB_RISE,Regulatory Indicators for Sustainable Energy (RISE),0,Units,A,Normal value,PU,Public,50.0,50.0,50.0,50.0,66.66666666666667,66.66666666666667,66.66666666666667,66.66666666666667,66.66666666666667,66.66666666666667,66.66666666666667,66.66666666666667,66.66666666666667,66.66666666666667
A,Annual,PRT,Portugal,WB_RISE_RE_ALL,Sustainable Energy - Renewable Energy Score,SCORE,Score,WB_RISE,Regulatory Indicators for Sustainable Energy (RISE),0,Units,A,Normal value,PU,Public,47.72222222222222,51.05555555555556,51.05555555555556,51.05555555555556,52.16666666666667,52.16666666666667,52.16666666666667,52.72222222222221,52.72222222222221,57.72222222222223,61.05555555555557,61.05555555555557,61.05555555555557,79.33333333333334
A,Annual,PRT,Portugal,WB_RISE_RE_ELEC,Electricity Sector Renewables,SCORE,Score,WB_RISE,Regulatory Indicators for Sustainable Energy (RISE),0,Units,A,Normal value,PU,Public,31.944444444444446,31.944444444444446,31.944444444444446,31.944444444444446,37.5,37.5,37.5,40.27777777777778,40.27777777777778,65.27777777777779,65.27777777777779,65.27777777777779,65.27777777777779,72.77777777777779
A,Annual,PRT,Portugal,WB_RISE_RE_GOV,Renewable Energy - Governance,SCORE,Score,WB_RISE,Regulatory Indicators for Sustainable Energy (RISE),0,Units,A,Normal value,PU,Public,83.33333333333334,83.33333333333334,83.33333333333334,83.33333333333334,83.33333333333334,83.33333333333334,83.33333333333334,83.33333333333334,83.33333333333334,83.33333333333334,83.33333333333334,83.33333333333334,83.33333333333334,91.66666666666666
A,Annual,PRT,Portugal,WB_RISE_RE_HE_CO,Heating and Cooling Renewables,SCORE,Score,WB_RISE,Regulatory Indicators for Sustainable Energy (RISE),0,Units,A,Normal value,PU,Public,50.0,50.0,50.0,50.0,50.0,50.0,50.0,50.0,50.0,50.0,50.0,50.0,50.0,88.8888888888889
A,Annual,PRT,Portugal,WB_RISE_RE_LVL_PLYNG_FLD,Leveling the Playing Field for Renewables,SCORE,Score,WB_RISE,Regulatory Indicators for Sustainable Energy (RISE),0,Units,A,Normal value,PU,Public,40.0,40.0,40.0,40.0,40.0,40.0,40.0,40.0,40.0,40.0,40.0,40.0,40.0,60.0
A,Annual,PRT,Portugal,WB_RISE_RE_TRNS,Transport Sector Renewables,SCORE,Score,WB_RISE,Regulatory Indicators for Sustainable Energy (RISE),0,Units,A,Normal value,PU,Public,33.333333333333336,50.0,50.0,50.0,50.0,50.0,50.0,50.0,50.0,50.0,66.66666666666667,66.66666666666667,66.66666666666667,83.33333333333333
A,Annual,PRY,Paraguay,WB_RISE_EE_ALL,Sustainable Energy - Energy Efficiency Score,SCORE,Score,WB_RISE,Regulatory Indicators for Sustainable Energy (RISE),0,Units,A,Normal value,PU,Public,5.185185185185186,10.555555555555555,10.555555555555555,11.48148148148148,12.407407407407408,20.740740740740744,22.592592592592595,23.98148148148148,23.98148148148148,25.09259259259259,25.09259259259259,25.09259259259259,25.09259259259259,25.09259259259259
A,Annual,PRY,Paraguay,WB_RISE_EE_BEC,Building Energy Codes,SCORE,Score,WB_RISE,Regulatory Indicators for Sustainable Energy (RISE),0,Units,A,Normal value,PU,Public,0.0,0.0,0.0,0.0,0.0,0.0,0.0,0.0,0.0,0.0,0.0,0.0,0.0,0.0
A,Annual,PRY,Paraguay,WB_RISE_EE_EES,Energy Efficiency Governance,SCORE,Score,WB_RISE,Regulatory Indicators for Sustainable Energy (RISE),0,Units,A,Normal value,PU,Public,0.0,48.333333333333336,48.333333333333336,48.333333333333336,48.333333333333336,65.0,65.0,67.77777777777779,67.77777777777779,77.77777777777779,77.77777777777779,77.77777777777779,77.77777777777779,77.77777777777779
A,Annual,PRY,Paraguay,WB_RISE_EE_ELS,Energy Labeling Systems,SCORE,Score,WB_RISE,Regulatory Indicators for Sustainable Energy (RISE),0,Units,A,Normal value,PU,Public,0.0,0.0,0.0,8.333333333333334,8.333333333333334,25.0,25.0,29.166666666666668,29.166666666666668,29.166666666666668,29.166666666666668,29.166666666666668,29.166666666666668,29.166666666666668
A,Annual,PRY,Paraguay,WB_RISE_EE_FMEE,Financing Mechanisms for Energy Efficiency,SCORE,Score,WB_RISE,Regulatory Indicators for Sustainable Energy (RISE),0,Units,A,Normal value,PU,Public,0.0,0.0,0.0,0.0,0.0,0.0,0.0,0.0,0.0,0.0,0.0,0.0,0.0,0.0
A,Annual,PRY,Paraguay,WB_RISE_EE_IMIC,Industrial and Commercial End Users,SCORE,Score,WB_RISE,Regulatory Indicators for Sustainable Energy (RISE),0,Units,A,Normal value,PU,Public,0.0,0.0,0.0,0.0,0.0,0.0,0.0,0.0,0.0,0.0,0.0,0.0,0.0,0.0
A,Annual,PRY,Paraguay,WB_RISE_EE_IMPS,Energy Efficiency in Public Sector,SCORE,Score,WB_RISE,Regulatory Indicators for Sustainable Energy (RISE),0,Units,A,Normal value,PU,Public,16.666666666666668,16.666666666666668,16.666666666666668,16.666666666666668,16.666666666666668,16.666666666666668,16.666666666666668,16.666666666666668,16.666666666666668,16.666666666666668,16.666666666666668,16.666666666666668,16.666666666666668,16.666666666666668
A,Annual,PRY,Paraguay,WB_RISE_EE_IMUT,Incentives & Mandates: Energy Utility Programs,SCORE,Score,WB_RISE,Regulatory Indicators for Sustainable Energy (RISE),0,Units,A,Normal value,PU,Public,30.0,30.0,30.0,30.0,30.0,30.0,30.0,30.0,30.0,30.0,30.0,30.0,30.0,30.0
A,Annual,PRY,Paraguay,WB_RISE_EE_MEEP,Minimum Energy Efficiency Performance Standards,SCORE,Score,WB_RISE,Regulatory Indicators for Sustainable Energy (RISE),0,Units,A,Normal value,PU,Public,0.0,0.0,0.0,0.0,8.333333333333334,25.0,25.0,30.55555555555556,30.55555555555556,30.55555555555556,30.55555555555556,30.55555555555556,30.55555555555556,30.55555555555556
A,Annual,PRY,Paraguay,WB_RISE_EE_TRN,Transport Sector,SCORE,Score,WB_RISE,Regulatory Indicators for Sustainable Energy (RISE),0,Units,A,Normal value,PU,Public,0.0,0.0,0.0,0.0,0.0,25.0,41.66666666666667,41.66666666666667,41.66666666666667,41.66666666666667,41.66666666666667,41.66666666666667,41.66666666666667,41.66666666666667
A,Annual,PRY,Paraguay,WB_RISE_RE_ALL,Sustainable Energy - Renewable Energy Score,SCORE,Score,WB_RISE,Regulatory Indicators for Sustainable Energy (RISE),0,Units,A,Normal value,PU,Public,6.388888888888889,9.603174603174605,9.603174603174605,9.603174603174605,15.793650793650793,15.793650793650793,15.793650793650793,16.460317460317462,16.460317460317462,16.460317460317462,16.460317460317462,16.460317460317462,16.460317460317462,30.83068783068783
A,Annual,PRY,Paraguay,WB_RISE_RE_ELEC,Electricity Sector Renewables,SCORE,Score,WB_RISE,Regulatory Indicators for Sustainable Energy (RISE),0,Units,A,Normal value,PU,Public,2.777777777777778,2.777777777777778,2.777777777777778,2.777777777777778,2.777777777777778,2.777777777777778,2.777777777777778,6.111111111111112,6.111111111111112,6.111111111111112,6.111111111111112,6.111111111111112,6.111111111111112,27.96296296296296
A,Annual,PRY,Paraguay,WB_RISE_RE_GOV,Renewable Energy - Governance,SCORE,Score,WB_RISE,Regulatory Indicators for Sustainable Energy (RISE),0,Units,A,Normal value,PU,Public,12.5,28.571428571428573,28.571428571428573,28.571428571428573,59.52380952380952,59.52380952380952,59.52380952380952,59.52380952380952,59.52380952380952,59.52380952380952,59.52380952380952,59.52380952380952,59.52380952380952,59.52380952380952
A,Annual,PRY,Paraguay,WB_RISE_RE_HE_CO,Heating and Cooling Renewables,SCORE,Score,WB_RISE,Regulatory Indicators for Sustainable Energy (RISE),0,Units,A,Normal value,PU,Public,0.0,0.0,0.0,0.0,0.0,0.0,0.0,0.0,0.0,0.0,0.0,0.0,0.0,0.0
A,Annual,PRY,Paraguay,WB_RISE_RE_LVL_PLYNG_FLD,Leveling the Playing Field for Renewables,SCORE,Score,WB_RISE,Regulatory Indicators for Sustainable Energy (RISE),0,Units,A,Normal value,PU,Public,0.0,0.0,0.0,0.0,0.0,0.0,0.0,0.0,0.0,0.0,0.0,0.0,0.0,0.0
A,Annual,PRY,Paraguay,WB_RISE_RE_TRNS,Transport Sector Renewables,SCORE,Score,WB_RISE,Regulatory Indicators for Sustainable Energy (RISE),0,Units,A,Normal value,PU,Public,16.666666666666668,16.666666666666668,16.666666666666668,16.666666666666668,16.666666666666668,16.666666666666668,16.666666666666668,16.666666666666668,16.666666666666668,16.666666666666668,16.666666666666668,16.666666666666668,16.666666666666668,66.66666666666667
A,Annual,PSE,West Bank and Gaza,WB_RISE_EE_ALL,Sustainable Energy - Energy Efficiency Score,SCORE,Score,WB_RISE,Regulatory Indicators for Sustainable Energy (RISE),0,Units,A,Normal value,PU,Public,14.876543209876544,14.876543209876544,18.60493827160494,18.60493827160494,19.99382716049383,22.000000000000004,26.07407407407408,26.07407407407408,26.07407407407408,29.77777777777778,35.98148148148149,35.98148148148149,35.98148148148149,35.98148148148149
A,Annual,PSE,West Bank and Gaza,WB_RISE_EE_BEC,Building Energy Codes,SCORE,Score,WB_RISE,Regulatory Indicators for Sustainable Energy (RISE),0,Units,A,Normal value,PU,Public,13.333333333333334,13.333333333333334,13.333333333333334,13.333333333333334,13.333333333333334,13.333333333333334,13.333333333333334,13.333333333333334,13.333333333333334,13.333333333333334,13.333333333333334,13.333333333333334,13.333333333333334,13.333333333333334
A,Annual,PSE,West Bank and Gaza,WB_RISE_EE_EES,Energy Efficiency Governance,SCORE,Score,WB_RISE,Regulatory Indicators for Sustainable Energy (RISE),0,Units,A,Normal value,PU,Public,22.222222222222225,22.222222222222225,55.777777777777786,55.777777777777786,55.777777777777786,61.333333333333336,98.0,98.0,98.0,98.0,98.0,98.0,98.0,98.0
A,Annual,PSE,West Bank and Gaza,WB_RISE_EE_ELS,Energy Labeling Systems,SCORE,Score,WB_RISE,Regulatory Indicators for Sustainable Energy (RISE),0,Units,A,Normal value,PU,Public,8.333333333333334,8.333333333333334,8.333333333333334,8.333333333333334,8.333333333333334,8.333333333333334,8.333333333333334,8.333333333333334,8.333333333333334,16.666666666666668,25.0,25.0,25.0,25.0
A,Annual,PSE,West Bank and Gaza,WB_RISE_EE_FMEE,Financing Mechanisms for Energy Efficiency,SCORE,Score,WB_RISE,Regulatory Indicators for Sustainable Energy (RISE),0,Units,A,Normal value,PU,Public,50.0,50.0,50.0,50.0,50.0,50.0,50.0,50.0,50.0,50.0,50.0,50.0,50.0,50.0
A,Annual,PSE,West Bank and Gaza,WB_RISE_EE_IMIC,Industrial and Commercial End Users,SCORE,Score,WB_RISE,Regulatory Indicators for Sustainable Energy (RISE),0,Units,A,Normal value,PU,Public,0.0,0.0,0.0,0.0,12.5,25.0,25.0,25.0,25.0,25.0,37.5,37.5,37.5,37.5
A,Annual,PSE,West Bank and Gaza,WB_RISE_EE_IMPS,Energy Efficiency in Public Sector,SCORE,Score,WB_RISE,Regulatory Indicators for Sustainable Energy (RISE),0,Units,A,Normal value,PU,Public,0.0,0.0,0.0,0.0,0.0,0.0,0.0,0.0,0.0,0.0,16.666666666666668,16.666666666666668,16.666666666666668,16.666666666666668
A,Annual,PSE,West Bank and Gaza,WB_RISE_EE_IMUT,Incentives & Mandates: Energy Utility Programs,SCORE,Score,WB_RISE,Regulatory Indicators for Sustainable Energy (RISE),0,Units,A,Normal value,PU,Public,23.333333333333336,23.333333333333336,23.333333333333336,23.333333333333336,23.333333333333336,23.333333333333336,23.333333333333336,23.333333333333336,23.333333333333336,23.333333333333336,33.333333333333336,33.333333333333336,33.333333333333336,33.333333333333336
A,Annual,PSE,West Bank and Gaza,WB_RISE_EE_MEEP,Minimum Energy Efficiency Performance Standards,SCORE,Score,WB_RISE,Regulatory Indicators for Sustainable Energy (RISE),0,Units,A,Normal value,PU,Public,0.0,0.0,0.0,0.0,0.0,0.0,0.0,0.0,0.0,0.0,8.333333333333334,8.333333333333334,8.333333333333334,8.333333333333334
A,Annual,PSE,West Bank and Gaza,WB_RISE_EE_TRN,Transport Sector,SCORE,Score,WB_RISE,Regulatory Indicators for Sustainable Energy (RISE),0,Units,A,Normal value,PU,Public,16.666666666666668,16.666666666666668,16.666666666666668,16.666666666666668,16.666666666666668,16.666666666666668,16.666666666666668,16.666666666666668,16.666666666666668,41.66666666666667,41.66666666666667,41.66666666666667,41.66666666666667,41.66666666666667
A,Annual,PSE,West Bank and Gaza,WB_RISE_RE_ALL,Sustainable Energy - Renewable Energy Score,SCORE,Score,WB_RISE,Regulatory Indicators for Sustainable Energy (RISE),0,Units,A,Normal value,PU,Public,0.0,0.0,8.240740740740742,8.240740740740742,8.240740740740742,9.62962962962963,9.62962962962963,16.296296296296298,16.296296296296298,16.666666666666668,17.037037037037038,17.037037037037038,17.037037037037038,13.074074074074073
A,Annual,PSE,West Bank and Gaza,WB_RISE_RE_ELEC,Electricity Sector Renewables,SCORE,Score,WB_RISE,Regulatory Indicators for Sustainable Energy (RISE),0,Units,A,Normal value,PU,Public,0.0,0.0,24.53703703703704,24.53703703703704,24.53703703703704,31.48148148148148,31.48148148148148,48.14814814814815,48.14814814814815,50.00000000000001,51.851851851851855,51.851851851851855,51.851851851851855,37.59259259259259
A,Annual,PSE,West Bank and Gaza,WB_RISE_RE_GOV,Renewable Energy - Governance,SCORE,Score,WB_RISE,Regulatory Indicators for Sustainable Energy (RISE),0,Units,A,Normal value,PU,Public,0.0,0.0,16.666666666666668,16.666666666666668,16.666666666666668,16.666666666666668,16.666666666666668,33.333333333333336,33.333333333333336,33.333333333333336,33.333333333333336,33.333333333333336,33.333333333333336,16.666666666666668
A,Annual,PSE,West Bank and Gaza,WB_RISE_RE_HE_CO,Heating and Cooling Renewables,SCORE,Score,WB_RISE,Regulatory Indicators for Sustainable Energy (RISE),0,Units,A,Normal value,PU,Public,0.0,0.0,0.0,0.0,0.0,0.0,0.0,0.0,0.0,0.0,0.0,0.0,0.0,11.111111111111112
A,Annual,PSE,West Bank and Gaza,WB_RISE_RE_LVL_PLYNG_FLD,Leveling the Playing Field for Renewables,SCORE,Score,WB_RISE,Regulatory Indicators for Sustainable Energy (RISE),0,Units,A,Normal value,PU,Public,0.0,0.0,0.0,0.0,0.0,0.0,0.0,0.0,0.0,0.0,0.0,0.0,0.0,0.0
A,Annual,PSE,West Bank and Gaza,WB_RISE_RE_TRNS,Transport Sector Renewables,SCORE,Score,WB_RISE,Regulatory Indicators for Sustainable Energy (RISE),0,Units,A,Normal value,PU,Public,0.0,0.0,0.0,0.0,0.0,0.0,0.0,0.0,0.0,0.0,0.0,0.0,0.0,0.0
A,Annual,QAT,Qatar,WB_RISE_EE_ALL,Sustainable Energy - Energy Efficiency Score,SCORE,Score,WB_RISE,Regulatory Indicators for Sustainable Energy (RISE),0,Units,A,Normal value,PU,Public,4.012345679012346,5.493827160493828,22.55555555555556,23.790123456790123,30.734567901234566,35.7037037037037,44.9320987654321,48.17283950617284,49.28395061728395,50.67283950617284,54.59876543209876,59.22839506172839,59.22839506172839,59.22839506172839
A,Annual,QAT,Qatar,WB_RISE_EE_BEC,Building Energy Codes,SCORE,Score,WB_RISE,Regulatory Indicators for Sustainable Energy (RISE),0,Units,A,Normal value,PU,Public,0.0,13.333333333333334,13.333333333333334,13.333333333333334,63.333333333333336,63.333333333333336,70.0,70.0,70.0,70.0,70.0,70.0,70.0,70.0
A,Annual,QAT,Qatar,WB_RISE_EE_EES,Energy Efficiency Governance,SCORE,Score,WB_RISE,Regulatory Indicators for Sustainable Energy (RISE),0,Units,A,Normal value,PU,Public,0.0,0.0,58.55555555555556,58.55555555555556,58.55555555555556,58.55555555555556,58.55555555555556,58.55555555555556,58.55555555555556,58.55555555555556,60.55555555555556,60.55555555555556,60.55555555555556,60.55555555555556
A,Annual,QAT,Qatar,WB_RISE_EE_ELS,Energy Labeling Systems,SCORE,Score,WB_RISE,Regulatory Indicators for Sustainable Energy (RISE),0,Units,A,Normal value,PU,Public,0.0,0.0,0.0,0.0,0.0,0.0,41.66666666666667,62.5,62.5,62.5,62.5,62.5,62.5,62.5
A,Annual,QAT,Qatar,WB_RISE_EE_FMEE,Financing Mechanisms for Energy Efficiency,SCORE,Score,WB_RISE,Regulatory Indicators for Sustainable Energy (RISE),0,Units,A,Normal value,PU,Public,0.0,0.0,0.0,0.0,0.0,0.0,0.0,0.0,0.0,0.0,33.333333333333336,50.0,50.0,50.0
A,Annual,QAT,Qatar,WB_RISE_EE_IMIC,Industrial and Commercial End Users,SCORE,Score,WB_RISE,Regulatory Indicators for Sustainable Energy (RISE),0,Units,A,Normal value,PU,Public,0.0,0.0,75.0,75.0,87.5,87.5,87.5,87.5,87.5,100.0,100.0,100.0,100.0,100.0
A,Annual,QAT,Qatar,WB_RISE_EE_IMPS,Energy Efficiency in Public Sector,SCORE,Score,WB_RISE,Regulatory Indicators for Sustainable Energy (RISE),0,Units,A,Normal value,PU,Public,0.0,0.0,0.0,0.0,0.0,33.333333333333336,66.66666666666667,66.66666666666667,66.66666666666667,66.66666666666667,66.66666666666667,66.66666666666667,66.66666666666667,66.66666666666667
A,Annual,QAT,Qatar,WB_RISE_EE_IMUT,Incentives & Mandates: Energy Utility Programs,SCORE,Score,WB_RISE,Regulatory Indicators for Sustainable Energy (RISE),0,Units,A,Normal value,PU,Public,0.0,0.0,20.0,20.0,20.0,30.0,30.0,30.0,40.0,40.0,40.0,40.0,40.0,40.0
A,Annual,QAT,Qatar,WB_RISE_EE_MEEP,Minimum Energy Efficiency Performance Standards,SCORE,Score,WB_RISE,Regulatory Indicators for Sustainable Energy (RISE),0,Units,A,Normal value,PU,Public,36.11111111111112,36.11111111111112,36.11111111111112,47.22222222222223,47.22222222222223,48.61111111111112,50.0,58.33333333333333,58.33333333333333,58.33333333333333,58.33333333333333,58.33333333333333,58.33333333333333,58.33333333333333
A,Annual,QAT,Qatar,WB_RISE_EE_TRN,Transport Sector,SCORE,Score,WB_RISE,Regulatory Indicators for Sustainable Energy (RISE),0,Units,A,Normal value,PU,Public,0.0,0.0,0.0,0.0,0.0,0.0,0.0,0.0,0.0,0.0,0.0,25.0,25.0,25.0
A,Annual,QAT,Qatar,WB_RISE_RE_ALL,Sustainable Energy - Renewable Energy Score,SCORE,Score,WB_RISE,Regulatory Indicators for Sustainable Energy (RISE),0,Units,A,Normal value,PU,Public,5.071428571428571,9.071428571428571,9.626984126984128,11.293650793650794,11.293650793650794,15.96031746031746,26.07936507936508,30.079365079365083,34.24603174603175,34.24603174603175,37.57936507936508,37.57936507936508,37.57936507936508,24.32010582010582
A,Annual,QAT,Qatar,WB_RISE_RE_ELEC,Electricity Sector Renewables,SCORE,Score,WB_RISE,Regulatory Indicators for Sustainable Energy (RISE),0,Units,A,Normal value,PU,Public,0.0,0.0,2.777777777777778,11.111111111111112,11.111111111111112,17.77777777777778,34.44444444444444,37.77777777777778,41.94444444444444,41.94444444444444,41.94444444444444,41.94444444444444,41.94444444444444,40.64814814814815
A,Annual,QAT,Qatar,WB_RISE_RE_GOV,Renewable Energy - Governance,SCORE,Score,WB_RISE,Regulatory Indicators for Sustainable Energy (RISE),0,Units,A,Normal value,PU,Public,5.357142857142857,5.357142857142857,5.357142857142857,5.357142857142857,5.357142857142857,22.02380952380953,55.95238095238095,55.95238095238095,72.61904761904762,72.61904761904762,72.61904761904762,72.61904761904762,72.61904761904762,64.28571428571428
A,Annual,QAT,Qatar,WB_RISE_RE_HE_CO,Heating and Cooling Renewables,SCORE,Score,WB_RISE,Regulatory Indicators for Sustainable Energy (RISE),0,Units,A,Normal value,PU,Public,0.0,0.0,0.0,0.0,0.0,0.0,0.0,0.0,0.0,0.0,0.0,0.0,0.0,0.0
A,Annual,QAT,Qatar,WB_RISE_RE_LVL_PLYNG_FLD,Leveling the Playing Field for Renewables,SCORE,Score,WB_RISE,Regulatory Indicators for Sustainable Energy (RISE),0,Units,A,Normal value,PU,Public,20.0,40.0,40.0,40.0,40.0,40.0,40.0,40.0,40.0,40.0,40.0,40.0,40.0,0.0
A,Annual,QAT,Qatar,WB_RISE_RE_TRNS,Transport Sector Renewables,SCORE,Score,WB_RISE,Regulatory Indicators for Sustainable Energy (RISE),0,Units,A,Normal value,PU,Public,0.0,0.0,0.0,0.0,0.0,0.0,0.0,16.666666666666668,16.666666666666668,16.666666666666668,33.333333333333336,33.333333333333336,33.333333333333336,16.666666666666668
A,Annual,ROU,Romania,WB_RISE_EE_ALL,Sustainable Energy - Energy Efficiency Score,SCORE,Score,WB_RISE,Regulatory Indicators for Sustainable Energy (RISE),0,Units,A,Normal value,PU,Public,31.38888888888889,39.25925925925927,39.25925925925927,48.61111111111112,65.83333333333333,74.51851851851852,76.37037037037038,76.37037037037038,76.37037037037038,76.37037037037038,77.77777777777779,77.77777777777779,77.77777777777779,77.77777777777779
A,Annual,ROU,Romania,WB_RISE_EE_BEC,Building Energy Codes,SCORE,Score,WB_RISE,Regulatory Indicators for Sustainable Energy (RISE),0,Units,A,Normal value,PU,Public,48.333333333333336,48.333333333333336,48.333333333333336,86.66666666666667,86.66666666666667,86.66666666666667,86.66666666666667,86.66666666666667,86.66666666666667,86.66666666666667,93.33333333333331,93.33333333333331,93.33333333333331,93.33333333333331
A,Annual,ROU,Romania,WB_RISE_EE_EES,Energy Efficiency Governance,SCORE,Score,WB_RISE,Regulatory Indicators for Sustainable Energy (RISE),0,Units,A,Normal value,PU,Public,16.666666666666668,16.666666666666668,16.666666666666668,16.666666666666668,70.0,94.0,94.0,94.0,94.0,94.0,100.0,100.0,100.0,100.0
A,Annual,ROU,Romania,WB_RISE_EE_ELS,Energy Labeling Systems,SCORE,Score,WB_RISE,Regulatory Indicators for Sustainable Energy (RISE),0,Units,A,Normal value,PU,Public,12.5,50.0,50.0,50.0,50.0,50.0,50.0,50.0,50.0,50.0,50.0,50.0,50.0,50.0
A,Annual,ROU,Romania,WB_RISE_EE_FMEE,Financing Mechanisms for Energy Efficiency,SCORE,Score,WB_RISE,Regulatory Indicators for Sustainable Energy (RISE),0,Units,A,Normal value,PU,Public,33.333333333333336,33.333333333333336,33.333333333333336,33.333333333333336,33.333333333333336,33.333333333333336,33.333333333333336,33.333333333333336,33.333333333333336,33.333333333333336,33.333333333333336,33.333333333333336,33.333333333333336,33.333333333333336
A,Annual,ROU,Romania,WB_RISE_EE_IMIC,Industrial and Commercial End Users,SCORE,Score,WB_RISE,Regulatory Indicators for Sustainable Energy (RISE),0,Units,A,Normal value,PU,Public,0.0,0.0,0.0,37.5,62.5,100.0,100.0,100.0,100.0,100.0,100.0,100.0,100.0,100.0
A,Annual,ROU,Romania,WB_RISE_EE_IMPS,Energy Efficiency in Public Sector,SCORE,Score,WB_RISE,Regulatory Indicators for Sustainable Energy (RISE),0,Units,A,Normal value,PU,Public,0.0,16.666666666666668,16.666666666666668,16.666666666666668,50.0,66.66666666666667,83.33333333333334,83.33333333333334,83.33333333333334,83.33333333333334,83.33333333333334,83.33333333333334,83.33333333333334,83.33333333333334
A,Annual,ROU,Romania,WB_RISE_EE_IMUT,Incentives & Mandates: Energy Utility Programs,SCORE,Score,WB_RISE,Regulatory Indicators for Sustainable Energy (RISE),0,Units,A,Normal value,PU,Public,30.0,30.0,30.0,30.0,73.33333333333334,73.33333333333334,73.33333333333334,73.33333333333334,73.33333333333334,73.33333333333334,73.33333333333334,73.33333333333334,73.33333333333334,73.33333333333334
A,Annual,ROU,Romania,WB_RISE_EE_MEEP,Minimum Energy Efficiency Performance Standards,SCORE,Score,WB_RISE,Regulatory Indicators for Sustainable Energy (RISE),0,Units,A,Normal value,PU,Public,58.33333333333334,75.0,75.0,83.33333333333334,83.33333333333334,83.33333333333334,83.33333333333334,83.33333333333334,83.33333333333334,83.33333333333334,83.33333333333334,83.33333333333334,83.33333333333334,83.33333333333334
A,Annual,ROU,Romania,WB_RISE_EE_TRN,Transport Sector,SCORE,Score,WB_RISE,Regulatory Indicators for Sustainable Energy (RISE),0,Units,A,Normal value,PU,Public,83.33333333333334,83.33333333333334,83.33333333333334,83.33333333333334,83.33333333333334,83.33333333333334,83.33333333333334,83.33333333333334,83.33333333333334,83.33333333333334,83.33333333333334,83.33333333333334,83.33333333333334,83.33333333333334
A,Annual,ROU,Romania,WB_RISE_RE_ALL,Sustainable Energy - Renewable Energy Score,SCORE,Score,WB_RISE,Regulatory Indicators for Sustainable Energy (RISE),0,Units,A,Normal value,PU,Public,53.24338624338625,55.02910052910054,55.58465608465608,55.58465608465608,56.41798941798942,60.70370370370371,60.70370370370371,60.70370370370371,60.70370370370371,60.70370370370371,62.37037037037037,62.37037037037037,62.37037037037037,65.77777777777779
A,Annual,ROU,Romania,WB_RISE_RE_ELEC,Electricity Sector Renewables,SCORE,Score,WB_RISE,Regulatory Indicators for Sustainable Energy (RISE),0,Units,A,Normal value,PU,Public,56.57407407407408,56.57407407407408,59.35185185185185,59.35185185185185,63.51851851851851,63.51851851851851,63.51851851851851,63.51851851851851,63.51851851851851,63.51851851851851,71.85185185185185,71.85185185185185,71.85185185185185,72.77777777777779
A,Annual,ROU,Romania,WB_RISE_RE_GOV,Renewable Energy - Governance,SCORE,Score,WB_RISE,Regulatory Indicators for Sustainable Energy (RISE),0,Units,A,Normal value,PU,Public,52.97619047619048,61.90476190476191,61.90476190476191,61.90476190476191,61.90476190476191,83.33333333333334,83.33333333333334,83.33333333333334,83.33333333333334,83.33333333333334,83.33333333333334,83.33333333333334,83.33333333333334,91.66666666666666
A,Annual,ROU,Romania,WB_RISE_RE_HE_CO,Heating and Cooling Renewables,SCORE,Score,WB_RISE,Regulatory Indicators for Sustainable Energy (RISE),0,Units,A,Normal value,PU,Public,66.66666666666667,66.66666666666667,66.66666666666667,66.66666666666667,66.66666666666667,66.66666666666667,66.66666666666667,66.66666666666667,66.66666666666667,66.66666666666667,66.66666666666667,66.66666666666667,66.66666666666667,77.77777777777779
A,Annual,ROU,Romania,WB_RISE_RE_LVL_PLYNG_FLD,Leveling the Playing Field for Renewables,SCORE,Score,WB_RISE,Regulatory Indicators for Sustainable Energy (RISE),0,Units,A,Normal value,PU,Public,40.0,40.0,40.0,40.0,40.0,40.0,40.0,40.0,40.0,40.0,40.0,40.0,40.0,20.0
A,Annual,ROU,Romania,WB_RISE_RE_TRNS,Transport Sector Renewables,SCORE,Score,WB_RISE,Regulatory Indicators for Sustainable Energy (RISE),0,Units,A,Normal value,PU,Public,50.0,50.0,50.0,50.0,50.0,50.0,50.0,50.0,50.0,50.0,50.0,50.0,50.0,66.66666666666667
A,Annual,RUS,Russian Federation,WB_RISE_EE_ALL,Sustainable Energy - Energy Efficiency Score,SCORE,Score,WB_RISE,Regulatory Indicators for Sustainable Energy (RISE),0,Units,A,Normal value,PU,Public,26.75925925925926,31.462962962962965,37.38888888888889,37.61111111111112,43.79629629629629,43.79629629629629,43.79629629629629,46.2037037037037,46.2037037037037,46.2037037037037,46.2037037037037,46.94444444444444,46.94444444444444,46.94444444444444
A,Annual,RUS,Russian Federation,WB_RISE_EE_BEC,Building Energy Codes,SCORE,Score,WB_RISE,Regulatory Indicators for Sustainable Energy (RISE),0,Units,A,Normal value,PU,Public,16.666666666666668,36.66666666666666,36.66666666666666,36.66666666666666,43.333333333333336,43.333333333333336,43.333333333333336,65.0,65.0,65.0,65.0,71.66666666666667,71.66666666666667,71.66666666666667
A,Annual,RUS,Russian Federation,WB_RISE_EE_EES,Energy Efficiency Governance,SCORE,Score,WB_RISE,Regulatory Indicators for Sustainable Energy (RISE),0,Units,A,Normal value,PU,Public,53.333333333333336,57.333333333333336,57.333333333333336,59.333333333333336,83.33333333333334,83.33333333333334,83.33333333333334,83.33333333333334,83.33333333333334,83.33333333333334,83.33333333333334,83.33333333333334,83.33333333333334,83.33333333333334
A,Annual,RUS,Russian Federation,WB_RISE_EE_ELS,Energy Labeling Systems,SCORE,Score,WB_RISE,Regulatory Indicators for Sustainable Energy (RISE),0,Units,A,Normal value,PU,Public,16.666666666666668,25.0,25.0,25.0,25.0,25.0,25.0,25.0,25.0,25.0,25.0,25.0,25.0,25.0
A,Annual,RUS,Russian Federation,WB_RISE_EE_FMEE,Financing Mechanisms for Energy Efficiency,SCORE,Score,WB_RISE,Regulatory Indicators for Sustainable Energy (RISE),0,Units,A,Normal value,PU,Public,0.0,0.0,0.0,0.0,0.0,0.0,0.0,0.0,0.0,0.0,0.0,0.0,0.0,0.0
A,Annual,RUS,Russian Federation,WB_RISE_EE_IMIC,Industrial and Commercial End Users,SCORE,Score,WB_RISE,Regulatory Indicators for Sustainable Energy (RISE),0,Units,A,Normal value,PU,Public,62.5,62.5,62.5,62.5,87.5,87.5,87.5,87.5,87.5,87.5,87.5,87.5,87.5,87.5
A,Annual,RUS,Russian Federation,WB_RISE_EE_IMPS,Energy Efficiency in Public Sector,SCORE,Score,WB_RISE,Regulatory Indicators for Sustainable Energy (RISE),0,Units,A,Normal value,PU,Public,33.333333333333336,33.333333333333336,66.66666666666667,66.66666666666667,66.66666666666667,66.66666666666667,66.66666666666667,66.66666666666667,66.66666666666667,66.66666666666667,66.66666666666667,66.66666666666667,66.66666666666667,66.66666666666667
A,Annual,RUS,Russian Federation,WB_RISE_EE_IMUT,Incentives & Mandates: Energy Utility Programs,SCORE,Score,WB_RISE,Regulatory Indicators for Sustainable Energy (RISE),0,Units,A,Normal value,PU,Public,33.333333333333336,43.333333333333336,63.333333333333336,63.333333333333336,63.333333333333336,63.333333333333336,63.333333333333336,63.333333333333336,63.333333333333336,63.333333333333336,63.333333333333336,63.333333333333336,63.333333333333336,63.333333333333336
A,Annual,RUS,Russian Federation,WB_RISE_EE_MEEP,Minimum Energy Efficiency Performance Standards,SCORE,Score,WB_RISE,Regulatory Indicators for Sustainable Energy (RISE),0,Units,A,Normal value,PU,Public,25.0,25.0,25.0,25.0,25.0,25.0,25.0,25.0,25.0,25.0,25.0,25.0,25.0,25.0
A,Annual,RUS,Russian Federation,WB_RISE_EE_TRN,Transport Sector,SCORE,Score,WB_RISE,Regulatory Indicators for Sustainable Energy (RISE),0,Units,A,Normal value,PU,Public,0.0,0.0,0.0,0.0,0.0,0.0,0.0,0.0,0.0,0.0,0.0,0.0,0.0,0.0
A,Annual,RUS,Russian Federation,WB_RISE_RE_ALL,Sustainable Energy - Renewable Energy Score,SCORE,Score,WB_RISE,Regulatory Indicators for Sustainable Energy (RISE),0,Units,A,Normal value,PU,Public,22.22222222222222,22.22222222222222,22.22222222222222,22.88888888888889,25.22222222222222,25.22222222222222,25.22222222222222,33.55555555555556,33.55555555555556,33.55555555555556,33.55555555555556,41.55555555555556,41.55555555555556,29.5925925925926
A,Annual,RUS,Russian Federation,WB_RISE_RE_ELEC,Electricity Sector Renewables,SCORE,Score,WB_RISE,Regulatory Indicators for Sustainable Energy (RISE),0,Units,A,Normal value,PU,Public,11.111111111111112,11.111111111111112,11.111111111111112,14.444444444444445,26.111111111111114,26.111111111111114,26.111111111111114,51.11111111111112,51.11111111111112,51.11111111111112,51.11111111111112,51.11111111111112,51.11111111111112,53.518518518518526
A,Annual,RUS,Russian Federation,WB_RISE_RE_GOV,Renewable Energy - Governance,SCORE,Score,WB_RISE,Regulatory Indicators for Sustainable Energy (RISE),0,Units,A,Normal value,PU,Public,100.0,100.0,100.0,100.0,100.0,100.0,100.0,100.0,100.0,100.0,100.0,100.0,100.0,83.33333333333334
A,Annual,RUS,Russian Federation,WB_RISE_RE_HE_CO,Heating and Cooling Renewables,SCORE,Score,WB_RISE,Regulatory Indicators for Sustainable Energy (RISE),0,Units,A,Normal value,PU,Public,0.0,0.0,0.0,0.0,0.0,0.0,0.0,0.0,0.0,0.0,0.0,0.0,0.0,11.111111111111112
A,Annual,RUS,Russian Federation,WB_RISE_RE_LVL_PLYNG_FLD,Leveling the Playing Field for Renewables,SCORE,Score,WB_RISE,Regulatory Indicators for Sustainable Energy (RISE),0,Units,A,Normal value,PU,Public,0.0,0.0,0.0,0.0,0.0,0.0,0.0,0.0,0.0,0.0,0.0,40.0,40.0,0.0
A,Annual,RUS,Russian Federation,WB_RISE_RE_TRNS,Transport Sector Renewables,SCORE,Score,WB_RISE,Regulatory Indicators for Sustainable Energy (RISE),0,Units,A,Normal value,PU,Public,0.0,0.0,0.0,0.0,0.0,0.0,0.0,16.666666666666668,16.666666666666668,16.666666666666668,16.666666666666668,16.666666666666668,16.666666666666668,0.0
A,Annual,RWA,Rwanda,WB_RISE_CC_ALL,Sustainable Energy - Clean Cooking Score,SCORE,Score,WB_RISE,Regulatory Indicators for Sustainable Energy (RISE),0,Units,A,Normal value,PU,Public,1.388888888888889,1.388888888888889,1.388888888888889,5.833333333333334,13.611111111111112,26.66666666666667,26.66666666666667,28.333333333333336,39.16666666666666,39.16666666666666,39.16666666666666,42.22222222222222,70.27777777777777,70.27777777777777
A,Annual,RWA,Rwanda,WB_RISE_CC_CCP,Clean Cooking National Planning,SCORE,Score,WB_RISE,Regulatory Indicators for Sustainable Energy (RISE),0,Units,A,Normal value,PU,Public,0.0,0.0,0.0,17.77777777777778,48.88888888888889,17.77777777777778,17.77777777777778,24.444444444444446,37.77777777777778,37.77777777777778,37.77777777777778,44.44444444444445,80.0,80.0
A,Annual,RWA,Rwanda,WB_RISE_CC_FIAC,Incentives and Attributes for Clean Cooking,SCORE,Score,WB_RISE,Regulatory Indicators for Sustainable Energy (RISE),0,Units,A,Normal value,PU,Public,0.0,0.0,0.0,0.0,0.0,33.333333333333336,33.333333333333336,33.333333333333336,33.333333333333336,33.333333333333336,33.333333333333336,33.333333333333336,100.0,100.0
A,Annual,RWA,Rwanda,WB_RISE_CC_SCCP,Implementation Scope of Clean Cooking Planning,SCORE,Score,WB_RISE,Regulatory Indicators for Sustainable Energy (RISE),0,Units,A,Normal value,PU,Public,5.555555555555556,5.555555555555556,5.555555555555556,5.555555555555556,5.555555555555556,31.111111111111114,31.111111111111114,31.111111111111114,31.111111111111114,31.111111111111114,31.111111111111114,36.66666666666666,54.44444444444444,54.44444444444444
A,Annual,RWA,Rwanda,WB_RISE_CC_STLA,Standards and Labeling,SCORE,Score,WB_RISE,Regulatory Indicators for Sustainable Energy (RISE),0,Units,A,Normal value,PU,Public,0.0,0.0,0.0,0.0,0.0,24.444444444444446,24.444444444444446,24.444444444444446,54.44444444444444,54.44444444444444,54.44444444444444,54.44444444444444,46.66666666666666,46.66666666666666
A,Annual,RWA,Rwanda,WB_RISE_CON_AFEL,Consumer Affordability of Electricity,SCORE,Score,WB_RISE,Regulatory Indicators for Sustainable Energy (RISE),0,Units,A,Normal value,PU,Public,29.096666666666668,29.096666666666668,29.096666666666668,29.096666666666668,29.096666666666668,29.096666666666668,29.096666666666668,29.096666666666668,29.096666666666668,29.096666666666668,29.096666666666668,29.096666666666668,29.096666666666668,62.43000000000001
A,Annual,RWA,Rwanda,WB_RISE_EA_ALL,Sustainable Energy - Electricity Access Score,SCORE,Score,WB_RISE,Regulatory Indicators for Sustainable Energy (RISE),0,Units,A,Normal value,PU,Public,6.771714285714286,6.771714285714286,6.771714285714286,6.771714285714286,7.724095238095238,10.898698412698414,30.42250793650794,31.374888888888893,31.374888888888893,33.06801058201058,36.03097354497355,42.06271957671958,76.44367195767197,90.20028571428573
A,Annual,RWA,Rwanda,WB_RISE_EE_ALL,Sustainable Energy - Energy Efficiency Score,SCORE,Score,WB_RISE,Regulatory Indicators for Sustainable Energy (RISE),0,Units,A,Normal value,PU,Public,5.833333333333333,5.833333333333333,6.141975308641976,13.271604938271608,13.641975308641978,18.2283950617284,19.462962962962965,19.462962962962965,21.623456790123456,40.63580246913581,42.858024691358025,49.80246913580247,53.50617283950617,53.50617283950617
A,Annual,RWA,Rwanda,WB_RISE_EE_BEC,Building Energy Codes,SCORE,Score,WB_RISE,Regulatory Indicators for Sustainable Energy (RISE),0,Units,A,Normal value,PU,Public,0.0,0.0,0.0,0.0,0.0,0.0,0.0,0.0,0.0,68.33333333333333,68.33333333333333,68.33333333333333,68.33333333333333,68.33333333333333
A,Annual,RWA,Rwanda,WB_RISE_EE_EES,Energy Efficiency Governance,SCORE,Score,WB_RISE,Regulatory Indicators for Sustainable Energy (RISE),0,Units,A,Normal value,PU,Public,0.0,0.0,0.0,37.777777777777786,37.777777777777786,63.777777777777786,63.777777777777786,63.777777777777786,83.22222222222223,86.0,86.0,86.0,86.0,86.0
A,Annual,RWA,Rwanda,WB_RISE_EE_ELS,Energy Labeling Systems,SCORE,Score,WB_RISE,Regulatory Indicators for Sustainable Energy (RISE),0,Units,A,Normal value,PU,Public,29.166666666666668,29.166666666666668,29.166666666666668,29.166666666666668,29.166666666666668,29.166666666666668,29.166666666666668,29.166666666666668,29.166666666666668,62.5,62.5,62.5,62.5,62.5
A,Annual,RWA,Rwanda,WB_RISE_EE_FMEE,Financing Mechanisms for Energy Efficiency,SCORE,Score,WB_RISE,Regulatory Indicators for Sustainable Energy (RISE),0,Units,A,Normal value,PU,Public,0.0,0.0,0.0,0.0,0.0,0.0,0.0,0.0,0.0,0.0,16.666666666666668,16.666666666666668,16.666666666666668,16.666666666666668
A,Annual,RWA,Rwanda,WB_RISE_EE_IMIC,Industrial and Commercial End Users,SCORE,Score,WB_RISE,Regulatory Indicators for Sustainable Energy (RISE),0,Units,A,Normal value,PU,Public,0.0,0.0,0.0,0.0,0.0,12.5,12.5,12.5,12.5,12.5,12.5,25.0,25.0,25.0
A,Annual,RWA,Rwanda,WB_RISE_EE_IMPS,Energy Efficiency in Public Sector,SCORE,Score,WB_RISE,Regulatory Indicators for Sustainable Energy (RISE),0,Units,A,Normal value,PU,Public,0.0,0.0,0.0,16.666666666666668,16.666666666666668,16.666666666666668,16.666666666666668,16.666666666666668,16.666666666666668,33.333333333333336,33.333333333333336,33.333333333333336,50.0,50.0
A,Annual,RWA,Rwanda,WB_RISE_EE_IMUT,Incentives & Mandates: Energy Utility Programs,SCORE,Score,WB_RISE,Regulatory Indicators for Sustainable Energy (RISE),0,Units,A,Normal value,PU,Public,23.333333333333336,23.333333333333336,23.333333333333336,23.333333333333336,26.666666666666668,26.666666666666668,26.666666666666668,26.666666666666668,26.666666666666668,26.666666666666668,30.0,30.0,46.66666666666667,46.66666666666667
A,Annual,RWA,Rwanda,WB_RISE_EE_MEEP,Minimum Energy Efficiency Performance Standards,SCORE,Score,WB_RISE,Regulatory Indicators for Sustainable Energy (RISE),0,Units,A,Normal value,PU,Public,0.0,0.0,2.777777777777778,12.5,12.5,15.27777777777778,26.388888888888893,26.388888888888893,26.388888888888893,76.3888888888889,76.3888888888889,76.3888888888889,76.3888888888889,76.3888888888889
A,Annual,RWA,Rwanda,WB_RISE_EE_TRN,Transport Sector,SCORE,Score,WB_RISE,Regulatory Indicators for Sustainable Energy (RISE),0,Units,A,Normal value,PU,Public,0.0,0.0,0.0,0.0,0.0,0.0,0.0,0.0,0.0,0.0,0.0,50.0,50.0,50.0
A,Annual,RWA,Rwanda,WB_RISE_ELTN_PL,Electrification Governance and Planning,SCORE,Score,WB_RISE,Regulatory Indicators for Sustainable Energy (RISE),0,Units,A,Normal value,PU,Public,0.0,0.0,0.0,0.0,0.0,0.0,0.0,0.0,0.0,0.0,0.0,19.047619047619047,88.57142857142857,93.33333333333331
A,Annual,RWA,Rwanda,WB_RISE_FRM_MGRI,Minigrids Framework,SCORE,Score,WB_RISE,Regulatory Indicators for Sustainable Energy (RISE),0,Units,A,Normal value,PU,Public,4.761904761904762,4.761904761904762,4.761904761904762,4.761904761904762,9.523809523809524,25.396825396825403,50.793650793650805,55.55555555555557,55.55555555555557,64.02116402116401,67.72486772486774,67.72486772486774,86.77248677248677,95.23809523809524
A,Annual,RWA,Rwanda,WB_RISE_FRM_OGS,Off-Grid Systems Framework,SCORE,Score,WB_RISE,Regulatory Indicators for Sustainable Energy (RISE),0,Units,A,Normal value,PU,Public,0.0,0.0,0.0,0.0,0.0,0.0,5.555555555555556,5.555555555555556,5.555555555555556,5.555555555555556,16.666666666666668,27.77777777777777,94.44444444444444,100.0
A,Annual,RWA,Rwanda,WB_RISE_FR_GREL,Grid Electrification Framework,SCORE,Score,WB_RISE,Regulatory Indicators for Sustainable Energy (RISE),0,Units,A,Normal value,PU,Public,0.0,0.0,0.0,0.0,0.0,0.0,66.66666666666667,66.66666666666667,66.66666666666667,66.66666666666667,66.66666666666667,66.66666666666667,83.33333333333333,100.0
A,Annual,RWA,Rwanda,WB_RISE_RE_ALL,Sustainable Energy - Renewable Energy Score,SCORE,Score,WB_RISE,Regulatory Indicators for Sustainable Energy (RISE),0,Units,A,Normal value,PU,Public,0.0,0.0,0.3703703703703703,0.3703703703703703,1.4814814814814816,5.132275132275133,5.132275132275133,10.132275132275131,11.05820105820106,16.70634920634921,19.03968253968254,26.8968253968254,31.730158730158728,47.06349206349206
A,Annual,RWA,Rwanda,WB_RISE_RE_ELEC,Electricity Sector Renewables,SCORE,Score,WB_RISE,Regulatory Indicators for Sustainable Energy (RISE),0,Units,A,Normal value,PU,Public,0.0,0.0,1.851851851851852,1.851851851851852,1.851851851851852,12.962962962962964,12.962962962962964,21.296296296296298,25.925925925925927,31.944444444444446,43.61111111111112,43.61111111111112,51.11111111111112,69.44444444444444
A,Annual,RWA,Rwanda,WB_RISE_RE_GOV,Renewable Energy - Governance,SCORE,Score,WB_RISE,Regulatory Indicators for Sustainable Energy (RISE),0,Units,A,Normal value,PU,Public,0.0,0.0,0.0,0.0,0.0,7.142857142857143,7.142857142857143,23.80952380952381,23.80952380952381,23.80952380952381,23.80952380952381,63.0952380952381,63.0952380952381,54.761904761904766
A,Annual,RWA,Rwanda,WB_RISE_RE_HE_CO,Heating and Cooling Renewables,SCORE,Score,WB_RISE,Regulatory Indicators for Sustainable Energy (RISE),0,Units,A,Normal value,PU,Public,0.0,0.0,0.0,0.0,5.555555555555556,5.555555555555556,5.555555555555556,5.555555555555556,5.555555555555556,27.777777777777786,27.777777777777786,27.777777777777786,27.777777777777786,77.77777777777779
A,Annual,RWA,Rwanda,WB_RISE_RE_LVL_PLYNG_FLD,Leveling the Playing Field for Renewables,SCORE,Score,WB_RISE,Regulatory Indicators for Sustainable Energy (RISE),0,Units,A,Normal value,PU,Public,0.0,0.0,0.0,0.0,0.0,0.0,0.0,0.0,0.0,0.0,0.0,0.0,0.0,0.0
A,Annual,RWA,Rwanda,WB_RISE_RE_TRNS,Transport Sector Renewables,SCORE,Score,WB_RISE,Regulatory Indicators for Sustainable Energy (RISE),0,Units,A,Normal value,PU,Public,0.0,0.0,0.0,0.0,0.0,0.0,0.0,0.0,0.0,0.0,0.0,0.0,16.666666666666668,33.333333333333336
A,Annual,SAU,Saudi Arabia,WB_RISE_EE_ALL,Sustainable Energy - Energy Efficiency Score,SCORE,Score,WB_RISE,Regulatory Indicators for Sustainable Energy (RISE),0,Units,A,Normal value,PU,Public,9.72222222222222,9.72222222222222,15.648148148148149,20.246913580246915,21.790123456790123,26.23456790123457,29.32098765432099,35.03086419753087,40.75308641975309,46.308641975308646,57.06790123456791,69.75308641975309,69.75308641975309,69.75308641975309
A,Annual,SAU,Saudi Arabia,WB_RISE_EE_BEC,Building Energy Codes,SCORE,Score,WB_RISE,Regulatory Indicators for Sustainable Energy (RISE),0,Units,A,Normal value,PU,Public,15.0,15.0,15.0,30.0,30.0,36.66666666666666,36.66666666666666,36.66666666666666,36.66666666666666,36.66666666666666,36.66666666666666,36.66666666666666,36.66666666666666,36.66666666666666
A,Annual,SAU,Saudi Arabia,WB_RISE_EE_EES,Energy Efficiency Governance,SCORE,Score,WB_RISE,Regulatory Indicators for Sustainable Energy (RISE),0,Units,A,Normal value,PU,Public,0.0,0.0,20.0,20.0,20.0,20.0,20.0,20.0,24.0,24.0,50.0,100.0,100.0,100.0
A,Annual,SAU,Saudi Arabia,WB_RISE_EE_ELS,Energy Labeling Systems,SCORE,Score,WB_RISE,Regulatory Indicators for Sustainable Energy (RISE),0,Units,A,Normal value,PU,Public,12.5,12.5,12.5,37.5,50.0,58.33333333333333,75.0,75.0,75.0,75.0,79.16666666666667,100.0,100.0,100.0
A,Annual,SAU,Saudi Arabia,WB_RISE_EE_FMEE,Financing Mechanisms for Energy Efficiency,SCORE,Score,WB_RISE,Regulatory Indicators for Sustainable Energy (RISE),0,Units,A,Normal value,PU,Public,33.333333333333336,33.333333333333336,66.66666666666667,66.66666666666667,66.66666666666667,66.66666666666667,66.66666666666667,66.66666666666667,66.66666666666667,66.66666666666667,66.66666666666667,66.66666666666667,66.66666666666667,66.66666666666667
A,Annual,SAU,Saudi Arabia,WB_RISE_EE_IMIC,Industrial and Commercial End Users,SCORE,Score,WB_RISE,Regulatory Indicators for Sustainable Energy (RISE),0,Units,A,Normal value,PU,Public,0.0,0.0,0.0,0.0,0.0,25.0,25.0,25.0,37.5,37.5,75.0,87.5,87.5,87.5
A,Annual,SAU,Saudi Arabia,WB_RISE_EE_IMPS,Energy Efficiency in Public Sector,SCORE,Score,WB_RISE,Regulatory Indicators for Sustainable Energy (RISE),0,Units,A,Normal value,PU,Public,16.666666666666668,16.666666666666668,16.666666666666668,16.666666666666668,16.666666666666668,16.666666666666668,16.666666666666668,50.0,50.0,50.0,66.66666666666667,83.33333333333334,83.33333333333334,83.33333333333334
A,Annual,SAU,Saudi Arabia,WB_RISE_EE_IMUT,Incentives & Mandates: Energy Utility Programs,SCORE,Score,WB_RISE,Regulatory Indicators for Sustainable Energy (RISE),0,Units,A,Normal value,PU,Public,10.0,10.0,10.0,10.0,10.0,10.0,10.0,10.0,20.0,20.0,20.0,30.0,30.0,30.0
A,Annual,SAU,Saudi Arabia,WB_RISE_EE_MEEP,Minimum Energy Efficiency Performance Standards,SCORE,Score,WB_RISE,Regulatory Indicators for Sustainable Energy (RISE),0,Units,A,Normal value,PU,Public,0.0,0.0,0.0,1.388888888888889,2.777777777777778,2.777777777777778,13.888888888888893,15.27777777777778,15.27777777777778,65.27777777777779,77.77777777777779,81.94444444444446,81.94444444444446,81.94444444444446
A,Annual,SAU,Saudi Arabia,WB_RISE_EE_TRN,Transport Sector,SCORE,Score,WB_RISE,Regulatory Indicators for Sustainable Energy (RISE),0,Units,A,Normal value,PU,Public,0.0,0.0,0.0,0.0,0.0,0.0,0.0,16.666666666666668,41.66666666666667,41.66666666666667,41.66666666666667,41.66666666666667,41.66666666666667,41.66666666666667
A,Annual,SAU,Saudi Arabia,WB_RISE_RE_ALL,Sustainable Energy - Renewable Energy Score,SCORE,Score,WB_RISE,Regulatory Indicators for Sustainable Energy (RISE),0,Units,A,Normal value,PU,Public,0.0,0.0,0.0,0.0,0.0,3.333333333333333,3.333333333333333,9.166666666666668,9.166666666666668,9.166666666666668,21.865079365079364,38.0925925925926,38.0925925925926,23.166666666666668
A,Annual,SAU,Saudi Arabia,WB_RISE_RE_ELEC,Electricity Sector Renewables,SCORE,Score,WB_RISE,Regulatory Indicators for Sustainable Energy (RISE),0,Units,A,Normal value,PU,Public,0.0,0.0,0.0,0.0,0.0,0.0,0.0,12.5,12.5,12.5,40.27777777777778,53.7962962962963,53.7962962962963,40.833333333333336
A,Annual,SAU,Saudi Arabia,WB_RISE_RE_GOV,Renewable Energy - Governance,SCORE,Score,WB_RISE,Regulatory Indicators for Sustainable Energy (RISE),0,Units,A,Normal value,PU,Public,0.0,0.0,0.0,0.0,0.0,0.0,0.0,16.666666666666668,16.666666666666668,16.666666666666668,52.38095238095238,83.33333333333334,83.33333333333334,75.0
A,Annual,SAU,Saudi Arabia,WB_RISE_RE_HE_CO,Heating and Cooling Renewables,SCORE,Score,WB_RISE,Regulatory Indicators for Sustainable Energy (RISE),0,Units,A,Normal value,PU,Public,0.0,0.0,0.0,0.0,0.0,16.666666666666668,16.666666666666668,16.666666666666668,16.666666666666668,16.666666666666668,16.666666666666668,16.666666666666668,16.666666666666668,0.0
A,Annual,SAU,Saudi Arabia,WB_RISE_RE_LVL_PLYNG_FLD,Leveling the Playing Field for Renewables,SCORE,Score,WB_RISE,Regulatory Indicators for Sustainable Energy (RISE),0,Units,A,Normal value,PU,Public,0.0,0.0,0.0,0.0,0.0,0.0,0.0,0.0,0.0,0.0,0.0,20.0,20.0,0.0
A,Annual,SAU,Saudi Arabia,WB_RISE_RE_TRNS,Transport Sector Renewables,SCORE,Score,WB_RISE,Regulatory Indicators for Sustainable Energy (RISE),0,Units,A,Normal value,PU,Public,0.0,0.0,0.0,0.0,0.0,0.0,0.0,0.0,0.0,0.0,0.0,16.666666666666668,16.666666666666668,0.0
A,Annual,SDN,Sudan,WB_RISE_CC_ALL,Sustainable Energy - Clean Cooking Score,SCORE,Score,WB_RISE,Regulatory Indicators for Sustainable Energy (RISE),0,Units,A,Normal value,PU,Public,1.6666666666666667,3.75,3.75,3.75,3.75,6.111111111111112,6.111111111111112,6.111111111111112,10.27777777777778,10.27777777777778,10.27777777777778,11.944444444444446,22.36111111111111,24.02777777777778
A,Annual,SDN,Sudan,WB_RISE_CC_CCP,Clean Cooking National Planning,SCORE,Score,WB_RISE,Regulatory Indicators for Sustainable Energy (RISE),0,Units,A,Normal value,PU,Public,6.666666666666667,6.666666666666667,6.666666666666667,6.666666666666667,6.666666666666667,11.111111111111112,11.111111111111112,11.111111111111112,11.111111111111112,11.111111111111112,11.111111111111112,17.77777777777778,24.444444444444446,31.111111111111114
A,Annual,SDN,Sudan,WB_RISE_CC_FIAC,Incentives and Attributes for Clean Cooking,SCORE,Score,WB_RISE,Regulatory Indicators for Sustainable Energy (RISE),0,Units,A,Normal value,PU,Public,0.0,8.333333333333334,8.333333333333334,8.333333333333334,8.333333333333334,0.0,0.0,0.0,16.666666666666668,16.666666666666668,16.666666666666668,16.666666666666668,8.333333333333334,8.333333333333334
A,Annual,SDN,Sudan,WB_RISE_CC_SCCP,Implementation Scope of Clean Cooking Planning,SCORE,Score,WB_RISE,Regulatory Indicators for Sustainable Energy (RISE),0,Units,A,Normal value,PU,Public,0.0,0.0,0.0,0.0,0.0,13.333333333333334,13.333333333333334,13.333333333333334,13.333333333333334,13.333333333333334,13.333333333333334,13.333333333333334,32.22222222222222,32.22222222222222
A,Annual,SDN,Sudan,WB_RISE_CC_STLA,Standards and Labeling,SCORE,Score,WB_RISE,Regulatory Indicators for Sustainable Energy (RISE),0,Units,A,Normal value,PU,Public,0.0,0.0,0.0,0.0,0.0,0.0,0.0,0.0,0.0,0.0,0.0,0.0,24.444444444444446,24.444444444444446
A,Annual,SDN,Sudan,WB_RISE_CON_AFEL,Consumer Affordability of Electricity,SCORE,Score,WB_RISE,Regulatory Indicators for Sustainable Energy (RISE),0,Units,A,Normal value,PU,Public,66.63666666666667,66.63666666666667,66.63666666666667,66.63666666666667,66.63666666666667,66.63666666666667,66.63666666666667,66.63666666666667,66.63666666666667,83.30333333333333,83.30333333333333,83.30333333333333,83.30333333333333,83.30333333333333
A,Annual,SDN,Sudan,WB_RISE_EA_ALL,Sustainable Energy - Electricity Access Score,SCORE,Score,WB_RISE,Regulatory Indicators for Sustainable Energy (RISE),0,Units,A,Normal value,PU,Public,15.761195767195767,15.761195767195767,15.761195767195767,15.761195767195767,15.761195767195767,15.761195767195767,15.761195767195767,15.761195767195767,15.761195767195767,65.3802433862434,65.3802433862434,68.71357671957672,68.71357671957672,68.71357671957672
A,Annual,SDN,Sudan,WB_RISE_EE_ALL,Sustainable Energy - Energy Efficiency Score,SCORE,Score,WB_RISE,Regulatory Indicators for Sustainable Energy (RISE),0,Units,A,Normal value,PU,Public,1.1111111111111112,1.1111111111111112,1.1111111111111112,1.1111111111111112,1.1111111111111112,1.1111111111111112,1.1111111111111112,1.1111111111111112,1.1111111111111112,1.1111111111111112,1.1111111111111112,24.62345679012346,24.62345679012346,24.62345679012346
A,Annual,SDN,Sudan,WB_RISE_EE_BEC,Building Energy Codes,SCORE,Score,WB_RISE,Regulatory Indicators for Sustainable Energy (RISE),0,Units,A,Normal value,PU,Public,0.0,0.0,0.0,0.0,0.0,0.0,0.0,0.0,0.0,0.0,0.0,0.0,0.0,0.0
A,Annual,SDN,Sudan,WB_RISE_EE_EES,Energy Efficiency Governance,SCORE,Score,WB_RISE,Regulatory Indicators for Sustainable Energy (RISE),0,Units,A,Normal value,PU,Public,0.0,0.0,0.0,0.0,0.0,0.0,0.0,0.0,0.0,0.0,0.0,43.55555555555556,43.55555555555556,43.55555555555556
A,Annual,SDN,Sudan,WB_RISE_EE_ELS,Energy Labeling Systems,SCORE,Score,WB_RISE,Regulatory Indicators for Sustainable Energy (RISE),0,Units,A,Normal value,PU,Public,0.0,0.0,0.0,0.0,0.0,0.0,0.0,0.0,0.0,0.0,0.0,66.66666666666667,66.66666666666667,66.66666666666667
A,Annual,SDN,Sudan,WB_RISE_EE_FMEE,Financing Mechanisms for Energy Efficiency,SCORE,Score,WB_RISE,Regulatory Indicators for Sustainable Energy (RISE),0,Units,A,Normal value,PU,Public,0.0,0.0,0.0,0.0,0.0,0.0,0.0,0.0,0.0,0.0,0.0,0.0,0.0,0.0
A,Annual,SDN,Sudan,WB_RISE_EE_IMIC,Industrial and Commercial End Users,SCORE,Score,WB_RISE,Regulatory Indicators for Sustainable Energy (RISE),0,Units,A,Normal value,PU,Public,0.0,0.0,0.0,0.0,0.0,0.0,0.0,0.0,0.0,0.0,0.0,12.5,12.5,12.5
A,Annual,SDN,Sudan,WB_RISE_EE_IMPS,Energy Efficiency in Public Sector,SCORE,Score,WB_RISE,Regulatory Indicators for Sustainable Energy (RISE),0,Units,A,Normal value,PU,Public,0.0,0.0,0.0,0.0,0.0,0.0,0.0,0.0,0.0,0.0,0.0,33.333333333333336,33.333333333333336,33.333333333333336
A,Annual,SDN,Sudan,WB_RISE_EE_IMUT,Incentives & Mandates: Energy Utility Programs,SCORE,Score,WB_RISE,Regulatory Indicators for Sustainable Energy (RISE),0,Units,A,Normal value,PU,Public,10.0,10.0,10.0,10.0,10.0,10.0,10.0,10.0,10.0,10.0,10.0,10.0,10.0,10.0
A,Annual,SDN,Sudan,WB_RISE_EE_MEEP,Minimum Energy Efficiency Performance Standards,SCORE,Score,WB_RISE,Regulatory Indicators for Sustainable Energy (RISE),0,Units,A,Normal value,PU,Public,0.0,0.0,0.0,0.0,0.0,0.0,0.0,0.0,0.0,0.0,0.0,55.55555555555556,55.55555555555556,55.55555555555556
A,Annual,SDN,Sudan,WB_RISE_EE_TRN,Transport Sector,SCORE,Score,WB_RISE,Regulatory Indicators for Sustainable Energy (RISE),0,Units,A,Normal value,PU,Public,0.0,0.0,0.0,0.0,0.0,0.0,0.0,0.0,0.0,0.0,0.0,0.0,0.0,0.0
A,Annual,SDN,Sudan,WB_RISE_ELTN_PL,Electrification Governance and Planning,SCORE,Score,WB_RISE,Regulatory Indicators for Sustainable Energy (RISE),0,Units,A,Normal value,PU,Public,0.0,0.0,0.0,0.0,0.0,0.0,0.0,0.0,0.0,60.0,60.0,60.0,60.0,60.0
A,Annual,SDN,Sudan,WB_RISE_FRM_MGRI,Minigrids Framework,SCORE,Score,WB_RISE,Regulatory Indicators for Sustainable Energy (RISE),0,Units,A,Normal value,PU,Public,12.16931216931217,12.16931216931217,12.16931216931217,12.16931216931217,12.16931216931217,12.16931216931217,12.16931216931217,12.16931216931217,12.16931216931217,61.37566137566139,61.37566137566139,61.37566137566139,61.37566137566139,61.37566137566139
A,Annual,SDN,Sudan,WB_RISE_FRM_OGS,Off-Grid Systems Framework,SCORE,Score,WB_RISE,Regulatory Indicators for Sustainable Energy (RISE),0,Units,A,Normal value,PU,Public,0.0,0.0,0.0,0.0,0.0,0.0,0.0,0.0,0.0,38.88888888888889,38.88888888888889,55.55555555555557,55.55555555555557,55.55555555555557
A,Annual,SDN,Sudan,WB_RISE_FR_GREL,Grid Electrification Framework,SCORE,Score,WB_RISE,Regulatory Indicators for Sustainable Energy (RISE),0,Units,A,Normal value,PU,Public,0.0,0.0,0.0,0.0,0.0,0.0,0.0,0.0,0.0,83.33333333333333,83.33333333333333,83.33333333333333,83.33333333333333,83.33333333333333
A,Annual,SDN,Sudan,WB_RISE_RE_ALL,Sustainable Energy - Renewable Energy Score,SCORE,Score,WB_RISE,Regulatory Indicators for Sustainable Energy (RISE),0,Units,A,Normal value,PU,Public,0.8333333333333334,0.8333333333333334,0.8333333333333334,0.8333333333333334,0.8333333333333334,0.8333333333333334,0.8333333333333334,0.8333333333333334,0.8333333333333334,8.134920634920636,9.801587301587302,11.46825396825397,11.46825396825397,10.912698412698411
A,Annual,SDN,Sudan,WB_RISE_RE_ELEC,Electricity Sector Renewables,SCORE,Score,WB_RISE,Regulatory Indicators for Sustainable Energy (RISE),0,Units,A,Normal value,PU,Public,4.166666666666667,4.166666666666667,4.166666666666667,4.166666666666667,4.166666666666667,4.166666666666667,4.166666666666667,4.166666666666667,4.166666666666667,9.722222222222223,18.05555555555556,26.38888888888889,26.38888888888889,31.944444444444446
A,Annual,SDN,Sudan,WB_RISE_RE_GOV,Renewable Energy - Governance,SCORE,Score,WB_RISE,Regulatory Indicators for Sustainable Energy (RISE),0,Units,A,Normal value,PU,Public,0.0,0.0,0.0,0.0,0.0,0.0,0.0,0.0,0.0,30.95238095238096,30.95238095238096,30.95238095238096,30.95238095238096,22.61904761904762
A,Annual,SDN,Sudan,WB_RISE_RE_HE_CO,Heating and Cooling Renewables,SCORE,Score,WB_RISE,Regulatory Indicators for Sustainable Energy (RISE),0,Units,A,Normal value,PU,Public,0.0,0.0,0.0,0.0,0.0,0.0,0.0,0.0,0.0,0.0,0.0,0.0,0.0,0.0
A,Annual,SDN,Sudan,WB_RISE_RE_LVL_PLYNG_FLD,Leveling the Playing Field for Renewables,SCORE,Score,WB_RISE,Regulatory Indicators for Sustainable Energy (RISE),0,Units,A,Normal value,PU,Public,0.0,0.0,0.0,0.0,0.0,0.0,0.0,0.0,0.0,0.0,0.0,0.0,0.0,0.0
A,Annual,SDN,Sudan,WB_RISE_RE_TRNS,Transport Sector Renewables,SCORE,Score,WB_RISE,Regulatory Indicators for Sustainable Energy (RISE),0,Units,A,Normal value,PU,Public,0.0,0.0,0.0,0.0,0.0,0.0,0.0,0.0,0.0,0.0,0.0,0.0,0.0,0.0
A,Annual,SEN,Senegal,WB_RISE_CC_ALL,Sustainable Energy - Clean Cooking Score,SCORE,Score,WB_RISE,Regulatory Indicators for Sustainable Energy (RISE),0,Units,A,Normal value,PU,Public,6.666666666666667,6.666666666666667,6.666666666666667,6.666666666666667,6.666666666666667,1.6666666666666667,1.6666666666666667,1.6666666666666667,9.444444444444445,9.444444444444445,9.444444444444445,11.11111111111111,10.833333333333334,46.38888888888889
A,Annual,SEN,Senegal,WB_RISE_CC_CCP,Clean Cooking National Planning,SCORE,Score,WB_RISE,Regulatory Indicators for Sustainable Energy (RISE),0,Units,A,Normal value,PU,Public,26.666666666666668,26.666666666666668,26.666666666666668,26.666666666666668,26.666666666666668,6.666666666666667,6.666666666666667,6.666666666666667,31.111111111111114,31.111111111111114,31.111111111111114,37.77777777777778,26.666666666666668,68.8888888888889
A,Annual,SEN,Senegal,WB_RISE_CC_FIAC,Incentives and Attributes for Clean Cooking,SCORE,Score,WB_RISE,Regulatory Indicators for Sustainable Energy (RISE),0,Units,A,Normal value,PU,Public,0.0,0.0,0.0,0.0,0.0,0.0,0.0,0.0,0.0,0.0,0.0,0.0,0.0,0.0
A,Annual,SEN,Senegal,WB_RISE_CC_SCCP,Implementation Scope of Clean Cooking Planning,SCORE,Score,WB_RISE,Regulatory Indicators for Sustainable Energy (RISE),0,Units,A,Normal value,PU,Public,0.0,0.0,0.0,0.0,0.0,0.0,0.0,0.0,6.666666666666667,6.666666666666667,6.666666666666667,6.666666666666667,11.111111111111112,44.44444444444445
A,Annual,SEN,Senegal,WB_RISE_CC_STLA,Standards and Labeling,SCORE,Score,WB_RISE,Regulatory Indicators for Sustainable Energy (RISE),0,Units,A,Normal value,PU,Public,0.0,0.0,0.0,0.0,0.0,0.0,0.0,0.0,0.0,0.0,0.0,0.0,5.555555555555556,72.22222222222223
A,Annual,SEN,Senegal,WB_RISE_CON_AFEL,Consumer Affordability of Electricity,SCORE,Score,WB_RISE,Regulatory Indicators for Sustainable Energy (RISE),0,Units,A,Normal value,PU,Public,66.66666666666667,66.66666666666667,66.66666666666667,66.66666666666667,66.66666666666667,66.66666666666667,66.66666666666667,66.66666666666667,66.66666666666667,66.66666666666667,66.66666666666667,66.66666666666667,66.66666666666667,66.66666666666667
A,Annual,SEN,Senegal,WB_RISE_EA_ALL,Sustainable Energy - Electricity Access Score,SCORE,Score,WB_RISE,Regulatory Indicators for Sustainable Energy (RISE),0,Units,A,Normal value,PU,Public,38.30687830687831,39.25925925925926,39.25925925925926,39.25925925925926,39.25925925925926,39.25925925925926,39.25925925925926,39.25925925925926,40.0,54.095238095238095,59.968253968253975,73.74603174603175,77.07936507936509,69.88359788359789
A,Annual,SEN,Senegal,WB_RISE_EE_ALL,Sustainable Energy - Energy Efficiency Score,SCORE,Score,WB_RISE,Regulatory Indicators for Sustainable Energy (RISE),0,Units,A,Normal value,PU,Public,0.154320987654321,2.6234567901234573,2.6234567901234573,2.6234567901234573,7.253086419753087,9.47530864197531,9.47530864197531,18.3641975308642,18.3641975308642,18.3641975308642,32.827160493827165,35.141975308641975,36.99382716049383,61.46913580246914
A,Annual,SEN,Senegal,WB_RISE_EE_BEC,Building Energy Codes,SCORE,Score,WB_RISE,Regulatory Indicators for Sustainable Energy (RISE),0,Units,A,Normal value,PU,Public,0.0,0.0,0.0,0.0,0.0,0.0,0.0,0.0,0.0,0.0,51.66666666666666,51.66666666666666,51.66666666666666,80.0
A,Annual,SEN,Senegal,WB_RISE_EE_EES,Energy Efficiency Governance,SCORE,Score,WB_RISE,Regulatory Indicators for Sustainable Energy (RISE),0,Units,A,Normal value,PU,Public,0.0,22.222222222222225,22.222222222222225,22.222222222222225,22.222222222222225,42.22222222222223,42.22222222222223,42.22222222222223,42.22222222222223,42.22222222222223,58.22222222222223,58.22222222222223,58.22222222222223,93.22222222222224
A,Annual,SEN,Senegal,WB_RISE_EE_ELS,Energy Labeling Systems,SCORE,Score,WB_RISE,Regulatory Indicators for Sustainable Energy (RISE),0,Units,A,Normal value,PU,Public,0.0,0.0,0.0,0.0,0.0,0.0,0.0,0.0,0.0,0.0,45.833333333333336,45.833333333333336,45.833333333333336,45.833333333333336
A,Annual,SEN,Senegal,WB_RISE_EE_FMEE,Financing Mechanisms for Energy Efficiency,SCORE,Score,WB_RISE,Regulatory Indicators for Sustainable Energy (RISE),0,Units,A,Normal value,PU,Public,0.0,0.0,0.0,0.0,0.0,0.0,0.0,0.0,0.0,0.0,16.666666666666668,16.666666666666668,16.666666666666668,16.666666666666668
A,Annual,SEN,Senegal,WB_RISE_EE_IMIC,Industrial and Commercial End Users,SCORE,Score,WB_RISE,Regulatory Indicators for Sustainable Energy (RISE),0,Units,A,Normal value,PU,Public,0.0,0.0,0.0,0.0,25.0,25.0,25.0,25.0,25.0,25.0,25.0,25.0,25.0,62.5
A,Annual,SEN,Senegal,WB_RISE_EE_IMPS,Energy Efficiency in Public Sector,SCORE,Score,WB_RISE,Regulatory Indicators for Sustainable Energy (RISE),0,Units,A,Normal value,PU,Public,0.0,0.0,0.0,0.0,16.666666666666668,16.666666666666668,16.666666666666668,16.666666666666668,16.666666666666668,16.666666666666668,16.666666666666668,16.666666666666668,16.666666666666668,83.33333333333334
A,Annual,SEN,Senegal,WB_RISE_EE_IMUT,Incentives & Mandates: Energy Utility Programs,SCORE,Score,WB_RISE,Regulatory Indicators for Sustainable Energy (RISE),0,Units,A,Normal value,PU,Public,0.0,0.0,0.0,0.0,0.0,0.0,0.0,30.0,30.0,30.0,30.0,46.66666666666667,46.66666666666667,63.333333333333336
A,Annual,SEN,Senegal,WB_RISE_EE_MEEP,Minimum Energy Efficiency Performance Standards,SCORE,Score,WB_RISE,Regulatory Indicators for Sustainable Energy (RISE),0,Units,A,Normal value,PU,Public,1.388888888888889,1.388888888888889,1.388888888888889,1.388888888888889,1.388888888888889,1.388888888888889,1.388888888888889,51.38888888888889,51.38888888888889,51.38888888888889,51.38888888888889,55.55555555555556,55.55555555555556,66.66666666666666
A,Annual,SEN,Senegal,WB_RISE_EE_TRN,Transport Sector,SCORE,Score,WB_RISE,Regulatory Indicators for Sustainable Energy (RISE),0,Units,A,Normal value,PU,Public,0.0,0.0,0.0,0.0,0.0,0.0,0.0,0.0,0.0,0.0,0.0,0.0,16.666666666666668,41.66666666666667
A,Annual,SEN,Senegal,WB_RISE_ELTN_PL,Electrification Governance and Planning,SCORE,Score,WB_RISE,Regulatory Indicators for Sustainable Energy (RISE),0,Units,A,Normal value,PU,Public,19.047619047619047,23.80952380952381,23.80952380952381,23.80952380952381,23.80952380952381,23.80952380952381,23.80952380952381,23.80952380952381,23.80952380952381,60.95238095238096,60.95238095238096,88.57142857142857,88.57142857142857,88.57142857142857
A,Annual,SEN,Senegal,WB_RISE_FRM_MGRI,Minigrids Framework,SCORE,Score,WB_RISE,Regulatory Indicators for Sustainable Energy (RISE),0,Units,A,Normal value,PU,Public,39.15343915343915,39.15343915343915,39.15343915343915,39.15343915343915,39.15343915343915,39.15343915343915,39.15343915343915,39.15343915343915,42.85714285714286,42.85714285714286,66.66666666666667,85.71428571428571,85.71428571428571,83.06878306878308
A,Annual,SEN,Senegal,WB_RISE_FRM_OGS,Off-Grid Systems Framework,SCORE,Score,WB_RISE,Regulatory Indicators for Sustainable Energy (RISE),0,Units,A,Normal value,PU,Public,16.666666666666668,16.666666666666668,16.666666666666668,16.666666666666668,16.666666666666668,16.666666666666668,16.666666666666668,16.666666666666668,16.666666666666668,50.0,55.55555555555557,77.77777777777777,94.44444444444444,61.11111111111111
A,Annual,SEN,Senegal,WB_RISE_FR_GREL,Grid Electrification Framework,SCORE,Score,WB_RISE,Regulatory Indicators for Sustainable Energy (RISE),0,Units,A,Normal value,PU,Public,50.0,50.0,50.0,50.0,50.0,50.0,50.0,50.0,50.0,50.0,50.0,50.0,50.0,50.0
A,Annual,SEN,Senegal,WB_RISE_RE_ALL,Sustainable Energy - Renewable Energy Score,SCORE,Score,WB_RISE,Regulatory Indicators for Sustainable Energy (RISE),0,Units,A,Normal value,PU,Public,2.537037037037037,2.537037037037037,2.537037037037037,5.870370370370371,5.870370370370371,5.870370370370371,5.870370370370371,5.870370370370371,5.870370370370371,5.870370370370371,12.537037037037036,13.37037037037037,23.37037037037037,27.62962962962963
A,Annual,SEN,Senegal,WB_RISE_RE_ELEC,Electricity Sector Renewables,SCORE,Score,WB_RISE,Regulatory Indicators for Sustainable Energy (RISE),0,Units,A,Normal value,PU,Public,12.685185185185183,12.685185185185183,12.685185185185183,12.685185185185183,12.685185185185183,12.685185185185183,12.685185185185183,12.685185185185183,12.685185185185183,12.685185185185183,12.685185185185183,16.85185185185185,16.85185185185185,54.81481481481482
A,Annual,SEN,Senegal,WB_RISE_RE_GOV,Renewable Energy - Governance,SCORE,Score,WB_RISE,Regulatory Indicators for Sustainable Energy (RISE),0,Units,A,Normal value,PU,Public,0.0,0.0,0.0,16.666666666666668,16.666666666666668,16.666666666666668,16.666666666666668,16.666666666666668,16.666666666666668,16.666666666666668,50.0,50.0,100.0,66.66666666666667
A,Annual,SEN,Senegal,WB_RISE_RE_HE_CO,Heating and Cooling Renewables,SCORE,Score,WB_RISE,Regulatory Indicators for Sustainable Energy (RISE),0,Units,A,Normal value,PU,Public,0.0,0.0,0.0,0.0,0.0,0.0,0.0,0.0,0.0,0.0,0.0,0.0,0.0,0.0
A,Annual,SEN,Senegal,WB_RISE_RE_LVL_PLYNG_FLD,Leveling the Playing Field for Renewables,SCORE,Score,WB_RISE,Regulatory Indicators for Sustainable Energy (RISE),0,Units,A,Normal value,PU,Public,0.0,0.0,0.0,0.0,0.0,0.0,0.0,0.0,0.0,0.0,0.0,0.0,0.0,0.0
A,Annual,SEN,Senegal,WB_RISE_RE_TRNS,Transport Sector Renewables,SCORE,Score,WB_RISE,Regulatory Indicators for Sustainable Energy (RISE),0,Units,A,Normal value,PU,Public,0.0,0.0,0.0,0.0,0.0,0.0,0.0,0.0,0.0,0.0,0.0,0.0,0.0,16.666666666666668
A,Annual,SGP,Singapore,WB_RISE_EE_ALL,Sustainable Energy - Energy Efficiency Score,SCORE,Score,WB_RISE,Regulatory Indicators for Sustainable Energy (RISE),0,Units,A,Normal value,PU,Public,28.05555555555556,33.14814814814815,44.50617283950617,48.61111111111111,55.432098765432094,60.5246913580247,62.376543209876544,68.70370370370372,71.94444444444446,71.94444444444446,76.75925925925928,78.98148148148148,78.98148148148148,80.83333333333333
A,Annual,SGP,Singapore,WB_RISE_EE_BEC,Building Energy Codes,SCORE,Score,WB_RISE,Regulatory Indicators for Sustainable Energy (RISE),0,Units,A,Normal value,PU,Public,25.0,25.0,25.0,38.333333333333336,46.66666666666666,46.66666666666666,53.333333333333336,53.333333333333336,53.333333333333336,53.333333333333336,53.333333333333336,56.66666666666666,56.66666666666666,56.66666666666666
A,Annual,SGP,Singapore,WB_RISE_EE_EES,Energy Efficiency Governance,SCORE,Score,WB_RISE,Regulatory Indicators for Sustainable Energy (RISE),0,Units,A,Normal value,PU,Public,22.222222222222225,22.222222222222225,63.333333333333336,63.333333333333336,73.33333333333334,90.0,100.0,100.0,100.0,100.0,100.0,100.0,100.0,100.0
A,Annual,SGP,Singapore,WB_RISE_EE_ELS,Energy Labeling Systems,SCORE,Score,WB_RISE,Regulatory Indicators for Sustainable Energy (RISE),0,Units,A,Normal value,PU,Public,16.666666666666668,16.666666666666668,20.833333333333336,20.833333333333336,50.0,62.5,62.5,62.5,83.33333333333334,83.33333333333334,83.33333333333334,83.33333333333334,83.33333333333334,83.33333333333334
A,Annual,SGP,Singapore,WB_RISE_EE_FMEE,Financing Mechanisms for Energy Efficiency,SCORE,Score,WB_RISE,Regulatory Indicators for Sustainable Energy (RISE),0,Units,A,Normal value,PU,Public,0.0,33.333333333333336,33.333333333333336,33.333333333333336,33.333333333333336,33.333333333333336,33.333333333333336,50.0,50.0,50.0,50.0,50.0,50.0,50.0
A,Annual,SGP,Singapore,WB_RISE_EE_IMIC,Industrial and Commercial End Users,SCORE,Score,WB_RISE,Regulatory Indicators for Sustainable Energy (RISE),0,Units,A,Normal value,PU,Public,50.0,62.5,100.0,100.0,100.0,100.0,100.0,100.0,100.0,100.0,100.0,100.0,100.0,100.0
A,Annual,SGP,Singapore,WB_RISE_EE_IMPS,Energy Efficiency in Public Sector,SCORE,Score,WB_RISE,Regulatory Indicators for Sustainable Energy (RISE),0,Units,A,Normal value,PU,Public,50.0,50.0,50.0,50.0,50.0,66.66666666666667,66.66666666666667,66.66666666666667,66.66666666666667,66.66666666666667,66.66666666666667,83.33333333333334,83.33333333333334,100.0
A,Annual,SGP,Singapore,WB_RISE_EE_IMUT,Incentives & Mandates: Energy Utility Programs,SCORE,Score,WB_RISE,Regulatory Indicators for Sustainable Energy (RISE),0,Units,A,Normal value,PU,Public,23.333333333333336,23.333333333333336,40.0,56.66666666666666,56.66666666666666,56.66666666666666,56.66666666666666,56.66666666666666,56.66666666666666,56.66666666666666,100.0,100.0,100.0,100.0
A,Annual,SGP,Singapore,WB_RISE_EE_MEEP,Minimum Energy Efficiency Performance Standards,SCORE,Score,WB_RISE,Regulatory Indicators for Sustainable Energy (RISE),0,Units,A,Normal value,PU,Public,6.9444444444444455,6.9444444444444455,9.722222222222223,16.666666666666668,30.55555555555556,30.55555555555556,30.55555555555556,70.83333333333334,79.16666666666667,79.16666666666667,79.16666666666667,79.16666666666667,79.16666666666667,79.16666666666667
A,Annual,SGP,Singapore,WB_RISE_EE_TRN,Transport Sector,SCORE,Score,WB_RISE,Regulatory Indicators for Sustainable Energy (RISE),0,Units,A,Normal value,PU,Public,58.333333333333336,58.333333333333336,58.333333333333336,58.333333333333336,58.333333333333336,58.333333333333336,58.333333333333336,58.333333333333336,58.333333333333336,58.333333333333336,58.333333333333336,58.333333333333336,58.333333333333336,58.333333333333336
A,Annual,SGP,Singapore,WB_RISE_RE_ALL,Sustainable Energy - Renewable Energy Score,SCORE,Score,WB_RISE,Regulatory Indicators for Sustainable Energy (RISE),0,Units,A,Normal value,PU,Public,21.769841269841272,26.029100529100525,26.029100529100525,27.6957671957672,30.79100529100529,30.79100529100529,30.79100529100529,30.79100529100529,30.79100529100529,47.12433862433863,47.494708994709,47.494708994709,47.494708994709,45.04761904761905
A,Annual,SGP,Singapore,WB_RISE_RE_ELEC,Electricity Sector Renewables,SCORE,Score,WB_RISE,Regulatory Indicators for Sustainable Energy (RISE),0,Units,A,Normal value,PU,Public,10.27777777777778,14.90740740740741,14.90740740740741,23.240740740740744,31.57407407407408,31.57407407407408,31.57407407407408,31.57407407407408,31.57407407407408,39.90740740740741,41.75925925925926,41.75925925925926,41.75925925925926,45.55555555555557
A,Annual,SGP,Singapore,WB_RISE_RE_GOV,Renewable Energy - Governance,SCORE,Score,WB_RISE,Regulatory Indicators for Sustainable Energy (RISE),0,Units,A,Normal value,PU,Public,78.57142857142857,78.57142857142857,78.57142857142857,78.57142857142857,85.71428571428572,85.71428571428572,85.71428571428572,85.71428571428572,85.71428571428572,85.71428571428572,85.71428571428572,85.71428571428572,85.71428571428572,78.57142857142857
A,Annual,SGP,Singapore,WB_RISE_RE_HE_CO,Heating and Cooling Renewables,SCORE,Score,WB_RISE,Regulatory Indicators for Sustainable Energy (RISE),0,Units,A,Normal value,PU,Public,0.0,0.0,0.0,0.0,0.0,0.0,0.0,0.0,0.0,0.0,0.0,0.0,0.0,11.111111111111112
A,Annual,SGP,Singapore,WB_RISE_RE_LVL_PLYNG_FLD,Leveling the Playing Field for Renewables,SCORE,Score,WB_RISE,Regulatory Indicators for Sustainable Energy (RISE),0,Units,A,Normal value,PU,Public,20.0,20.0,20.0,20.0,20.0,20.0,20.0,20.0,20.0,60.0,60.0,60.0,60.0,40.0
A,Annual,SGP,Singapore,WB_RISE_RE_TRNS,Transport Sector Renewables,SCORE,Score,WB_RISE,Regulatory Indicators for Sustainable Energy (RISE),0,Units,A,Normal value,PU,Public,0.0,16.666666666666668,16.666666666666668,16.666666666666668,16.666666666666668,16.666666666666668,16.666666666666668,16.666666666666668,16.666666666666668,50.0,50.0,50.0,50.0,50.0
A,Annual,SLB,Solomon Islands,WB_RISE_CC_ALL,Sustainable Energy - Clean Cooking Score,SCORE,Score,WB_RISE,Regulatory Indicators for Sustainable Energy (RISE),0,Units,A,Normal value,PU,Public,1.6666666666666667,1.6666666666666667,1.6666666666666667,1.6666666666666667,3.055555555555556,5.0,5.0,5.0,5.0,5.0,5.0,5.0,3.055555555555556,3.055555555555556
A,Annual,SLB,Solomon Islands,WB_RISE_CC_CCP,Clean Cooking National Planning,SCORE,Score,WB_RISE,Regulatory Indicators for Sustainable Energy (RISE),0,Units,A,Normal value,PU,Public,6.666666666666667,6.666666666666667,6.666666666666667,6.666666666666667,6.666666666666667,20.0,20.0,20.0,20.0,20.0,20.0,20.0,6.666666666666667,6.666666666666667
A,Annual,SLB,Solomon Islands,WB_RISE_CC_FIAC,Incentives and Attributes for Clean Cooking,SCORE,Score,WB_RISE,Regulatory Indicators for Sustainable Energy (RISE),0,Units,A,Normal value,PU,Public,0.0,0.0,0.0,0.0,0.0,0.0,0.0,0.0,0.0,0.0,0.0,0.0,0.0,0.0
A,Annual,SLB,Solomon Islands,WB_RISE_CC_SCCP,Implementation Scope of Clean Cooking Planning,SCORE,Score,WB_RISE,Regulatory Indicators for Sustainable Energy (RISE),0,Units,A,Normal value,PU,Public,0.0,0.0,0.0,0.0,5.555555555555556,0.0,0.0,0.0,0.0,0.0,0.0,0.0,5.555555555555556,5.555555555555556
A,Annual,SLB,Solomon Islands,WB_RISE_CC_STLA,Standards and Labeling,SCORE,Score,WB_RISE,Regulatory Indicators for Sustainable Energy (RISE),0,Units,A,Normal value,PU,Public,0.0,0.0,0.0,0.0,0.0,0.0,0.0,0.0,0.0,0.0,0.0,0.0,0.0,0.0
A,Annual,SLB,Solomon Islands,WB_RISE_CON_AFEL,Consumer Affordability of Electricity,SCORE,Score,WB_RISE,Regulatory Indicators for Sustainable Energy (RISE),0,Units,A,Normal value,PU,Public,10.183333333333334,10.183333333333334,10.183333333333334,10.183333333333334,10.183333333333334,10.183333333333334,10.183333333333334,10.183333333333334,10.183333333333334,10.183333333333334,10.183333333333334,10.183333333333334,10.183333333333334,10.183333333333334
A,Annual,SLB,Solomon Islands,WB_RISE_EA_ALL,Sustainable Energy - Electricity Access Score,SCORE,Score,WB_RISE,Regulatory Indicators for Sustainable Energy (RISE),0,Units,A,Normal value,PU,Public,3.9414285714285713,3.9414285714285713,3.9414285714285713,3.9414285714285713,17.528730158730163,19.962592592592596,24.40703703703704,25.359417989417995,26.470529100529102,26.470529100529102,27.581640211640217,30.438783068783074,30.438783068783074,30.438783068783074
A,Annual,SLB,Solomon Islands,WB_RISE_EE_ALL,Sustainable Energy - Energy Efficiency Score,SCORE,Score,WB_RISE,Regulatory Indicators for Sustainable Energy (RISE),0,Units,A,Normal value,PU,Public,1.1111111111111112,1.1111111111111112,1.1111111111111112,1.1111111111111112,12.62345679012346,12.62345679012346,12.62345679012346,15.401234567901238,16.51234567901235,17.623456790123456,17.623456790123456,17.623456790123456,17.623456790123456,17.623456790123456
A,Annual,SLB,Solomon Islands,WB_RISE_EE_BEC,Building Energy Codes,SCORE,Score,WB_RISE,Regulatory Indicators for Sustainable Energy (RISE),0,Units,A,Normal value,PU,Public,0.0,0.0,0.0,0.0,0.0,0.0,0.0,0.0,0.0,0.0,0.0,0.0,0.0,0.0
A,Annual,SLB,Solomon Islands,WB_RISE_EE_EES,Energy Efficiency Governance,SCORE,Score,WB_RISE,Regulatory Indicators for Sustainable Energy (RISE),0,Units,A,Normal value,PU,Public,0.0,0.0,0.0,0.0,41.11111111111112,41.11111111111112,41.11111111111112,41.11111111111112,41.11111111111112,41.11111111111112,41.11111111111112,41.11111111111112,41.11111111111112,41.11111111111112
A,Annual,SLB,Solomon Islands,WB_RISE_EE_ELS,Energy Labeling Systems,SCORE,Score,WB_RISE,Regulatory Indicators for Sustainable Energy (RISE),0,Units,A,Normal value,PU,Public,0.0,0.0,0.0,0.0,0.0,0.0,0.0,25.0,25.0,25.0,25.0,25.0,25.0,25.0
A,Annual,SLB,Solomon Islands,WB_RISE_EE_FMEE,Financing Mechanisms for Energy Efficiency,SCORE,Score,WB_RISE,Regulatory Indicators for Sustainable Energy (RISE),0,Units,A,Normal value,PU,Public,0.0,0.0,0.0,0.0,0.0,0.0,0.0,0.0,0.0,0.0,0.0,0.0,0.0,0.0
A,Annual,SLB,Solomon Islands,WB_RISE_EE_IMIC,Industrial and Commercial End Users,SCORE,Score,WB_RISE,Regulatory Indicators for Sustainable Energy (RISE),0,Units,A,Normal value,PU,Public,0.0,0.0,0.0,0.0,0.0,0.0,0.0,0.0,0.0,0.0,0.0,0.0,0.0,0.0
A,Annual,SLB,Solomon Islands,WB_RISE_EE_IMPS,Energy Efficiency in Public Sector,SCORE,Score,WB_RISE,Regulatory Indicators for Sustainable Energy (RISE),0,Units,A,Normal value,PU,Public,0.0,0.0,0.0,0.0,33.333333333333336,33.333333333333336,33.333333333333336,33.333333333333336,33.333333333333336,33.333333333333336,33.333333333333336,33.333333333333336,33.333333333333336,33.333333333333336
A,Annual,SLB,Solomon Islands,WB_RISE_EE_IMUT,Incentives & Mandates: Energy Utility Programs,SCORE,Score,WB_RISE,Regulatory Indicators for Sustainable Energy (RISE),0,Units,A,Normal value,PU,Public,10.0,10.0,10.0,10.0,10.0,10.0,10.0,10.0,20.0,30.0,30.0,30.0,30.0,30.0
A,Annual,SLB,Solomon Islands,WB_RISE_EE_MEEP,Minimum Energy Efficiency Performance Standards,SCORE,Score,WB_RISE,Regulatory Indicators for Sustainable Energy (RISE),0,Units,A,Normal value,PU,Public,0.0,0.0,0.0,0.0,29.166666666666668,29.166666666666668,29.166666666666668,29.166666666666668,29.166666666666668,29.166666666666668,29.166666666666668,29.166666666666668,29.166666666666668,29.166666666666668
A,Annual,SLB,Solomon Islands,WB_RISE_EE_TRN,Transport Sector,SCORE,Score,WB_RISE,Regulatory Indicators for Sustainable Energy (RISE),0,Units,A,Normal value,PU,Public,0.0,0.0,0.0,0.0,0.0,0.0,0.0,0.0,0.0,0.0,0.0,0.0,0.0,0.0
A,Annual,SLB,Solomon Islands,WB_RISE_ELTN_PL,Electrification Governance and Planning,SCORE,Score,WB_RISE,Regulatory Indicators for Sustainable Energy (RISE),0,Units,A,Normal value,PU,Public,9.523809523809524,9.523809523809524,9.523809523809524,9.523809523809524,55.23809523809524,55.23809523809524,55.23809523809524,55.23809523809524,55.23809523809524,55.23809523809524,55.23809523809524,55.23809523809524,55.23809523809524,55.23809523809524
A,Annual,SLB,Solomon Islands,WB_RISE_FRM_MGRI,Minigrids Framework,SCORE,Score,WB_RISE,Regulatory Indicators for Sustainable Energy (RISE),0,Units,A,Normal value,PU,Public,0.0,0.0,0.0,0.0,0.0,12.16931216931217,12.16931216931217,16.931216931216934,16.931216931216934,16.931216931216934,16.931216931216934,31.21693121693121,31.21693121693121,31.21693121693121
A,Annual,SLB,Solomon Islands,WB_RISE_FRM_OGS,Off-Grid Systems Framework,SCORE,Score,WB_RISE,Regulatory Indicators for Sustainable Energy (RISE),0,Units,A,Normal value,PU,Public,0.0,0.0,0.0,0.0,5.555555555555556,5.555555555555556,11.111111111111112,11.111111111111112,16.666666666666668,16.666666666666668,22.222222222222225,22.222222222222225,22.222222222222225,22.222222222222225
A,Annual,SLB,Solomon Islands,WB_RISE_FR_GREL,Grid Electrification Framework,SCORE,Score,WB_RISE,Regulatory Indicators for Sustainable Energy (RISE),0,Units,A,Normal value,PU,Public,0.0,0.0,0.0,0.0,16.666666666666668,16.666666666666668,33.333333333333336,33.333333333333336,33.333333333333336,33.333333333333336,33.333333333333336,33.333333333333336,33.333333333333336,33.333333333333336
A,Annual,SLB,Solomon Islands,WB_RISE_RE_ALL,Sustainable Energy - Renewable Energy Score,SCORE,Score,WB_RISE,Regulatory Indicators for Sustainable Energy (RISE),0,Units,A,Normal value,PU,Public,0.0,0.0,0.0,0.0,9.166666666666668,9.166666666666668,9.166666666666668,9.166666666666668,9.166666666666668,9.166666666666668,9.166666666666668,10.833333333333334,20.476190476190474,11.984126984126984
A,Annual,SLB,Solomon Islands,WB_RISE_RE_ELEC,Electricity Sector Renewables,SCORE,Score,WB_RISE,Regulatory Indicators for Sustainable Energy (RISE),0,Units,A,Normal value,PU,Public,0.0,0.0,0.0,0.0,12.5,12.5,12.5,12.5,12.5,12.5,12.5,20.83333333333333,20.83333333333333,23.61111111111111
A,Annual,SLB,Solomon Islands,WB_RISE_RE_GOV,Renewable Energy - Governance,SCORE,Score,WB_RISE,Regulatory Indicators for Sustainable Energy (RISE),0,Units,A,Normal value,PU,Public,0.0,0.0,0.0,0.0,33.333333333333336,33.333333333333336,33.333333333333336,33.333333333333336,33.333333333333336,33.333333333333336,33.333333333333336,33.333333333333336,81.54761904761905,36.30952380952381
A,Annual,SLB,Solomon Islands,WB_RISE_RE_HE_CO,Heating and Cooling Renewables,SCORE,Score,WB_RISE,Regulatory Indicators for Sustainable Energy (RISE),0,Units,A,Normal value,PU,Public,0.0,0.0,0.0,0.0,0.0,0.0,0.0,0.0,0.0,0.0,0.0,0.0,0.0,0.0
A,Annual,SLB,Solomon Islands,WB_RISE_RE_LVL_PLYNG_FLD,Leveling the Playing Field for Renewables,SCORE,Score,WB_RISE,Regulatory Indicators for Sustainable Energy (RISE),0,Units,A,Normal value,PU,Public,0.0,0.0,0.0,0.0,0.0,0.0,0.0,0.0,0.0,0.0,0.0,0.0,0.0,0.0
A,Annual,SLB,Solomon Islands,WB_RISE_RE_TRNS,Transport Sector Renewables,SCORE,Score,WB_RISE,Regulatory Indicators for Sustainable Energy (RISE),0,Units,A,Normal value,PU,Public,0.0,0.0,0.0,0.0,0.0,0.0,0.0,0.0,0.0,0.0,0.0,0.0,0.0,0.0
A,Annual,SLE,Sierra Leone,WB_RISE_CC_ALL,Sustainable Energy - Clean Cooking Score,SCORE,Score,WB_RISE,Regulatory Indicators for Sustainable Energy (RISE),0,Units,A,Normal value,PU,Public,0.0,0.0,0.0,0.0,0.0,0.0,0.0,0.0,0.0,0.0,0.0,0.0,15.555555555555555,15.555555555555555
A,Annual,SLE,Sierra Leone,WB_RISE_CC_CCP,Clean Cooking National Planning,SCORE,Score,WB_RISE,Regulatory Indicators for Sustainable Energy (RISE),0,Units,A,Normal value,PU,Public,0.0,0.0,0.0,0.0,0.0,0.0,0.0,0.0,0.0,0.0,0.0,0.0,17.77777777777778,17.77777777777778
A,Annual,SLE,Sierra Leone,WB_RISE_CC_FIAC,Incentives and Attributes for Clean Cooking,SCORE,Score,WB_RISE,Regulatory Indicators for Sustainable Energy (RISE),0,Units,A,Normal value,PU,Public,0.0,0.0,0.0,0.0,0.0,0.0,0.0,0.0,0.0,0.0,0.0,0.0,0.0,0.0
A,Annual,SLE,Sierra Leone,WB_RISE_CC_SCCP,Implementation Scope of Clean Cooking Planning,SCORE,Score,WB_RISE,Regulatory Indicators for Sustainable Energy (RISE),0,Units,A,Normal value,PU,Public,0.0,0.0,0.0,0.0,0.0,0.0,0.0,0.0,0.0,0.0,0.0,0.0,44.44444444444445,44.44444444444445
A,Annual,SLE,Sierra Leone,WB_RISE_CC_STLA,Standards and Labeling,SCORE,Score,WB_RISE,Regulatory Indicators for Sustainable Energy (RISE),0,Units,A,Normal value,PU,Public,0.0,0.0,0.0,0.0,0.0,0.0,0.0,0.0,0.0,0.0,0.0,0.0,0.0,0.0
A,Annual,SLE,Sierra Leone,WB_RISE_CON_AFEL,Consumer Affordability of Electricity,SCORE,Score,WB_RISE,Regulatory Indicators for Sustainable Energy (RISE),0,Units,A,Normal value,PU,Public,0.0,0.0,0.0,0.0,0.0,0.0,0.0,0.0,0.0,16.666666666666668,16.666666666666668,16.666666666666668,16.666666666666668,16.666666666666668
A,Annual,SLE,Sierra Leone,WB_RISE_EA_ALL,Sustainable Energy - Electricity Access Score,SCORE,Score,WB_RISE,Regulatory Indicators for Sustainable Energy (RISE),0,Units,A,Normal value,PU,Public,0.0,0.0,0.0,0.0,0.0,0.0,0.0,9.523809523809524,23.49206349206349,36.2010582010582,36.2010582010582,40.32804232804232,48.61375661375661,48.61375661375661
A,Annual,SLE,Sierra Leone,WB_RISE_EE_ALL,Sustainable Energy - Energy Efficiency Score,SCORE,Score,WB_RISE,Regulatory Indicators for Sustainable Energy (RISE),0,Units,A,Normal value,PU,Public,0.0,0.617283950617284,0.617283950617284,0.617283950617284,0.617283950617284,7.65432098765432,7.65432098765432,19.69135802469136,19.69135802469136,19.69135802469136,19.69135802469136,19.69135802469136,19.69135802469136,19.69135802469136
A,Annual,SLE,Sierra Leone,WB_RISE_EE_BEC,Building Energy Codes,SCORE,Score,WB_RISE,Regulatory Indicators for Sustainable Energy (RISE),0,Units,A,Normal value,PU,Public,0.0,0.0,0.0,0.0,0.0,0.0,0.0,0.0,0.0,0.0,0.0,0.0,0.0,0.0
A,Annual,SLE,Sierra Leone,WB_RISE_EE_EES,Energy Efficiency Governance,SCORE,Score,WB_RISE,Regulatory Indicators for Sustainable Energy (RISE),0,Units,A,Normal value,PU,Public,0.0,5.555555555555556,5.555555555555556,5.555555555555556,5.555555555555556,35.55555555555556,35.55555555555556,35.55555555555556,35.55555555555556,35.55555555555556,35.55555555555556,35.55555555555556,35.55555555555556,35.55555555555556
A,Annual,SLE,Sierra Leone,WB_RISE_EE_ELS,Energy Labeling Systems,SCORE,Score,WB_RISE,Regulatory Indicators for Sustainable Energy (RISE),0,Units,A,Normal value,PU,Public,0.0,0.0,0.0,0.0,0.0,33.333333333333336,33.333333333333336,33.333333333333336,33.333333333333336,33.333333333333336,33.333333333333336,33.333333333333336,33.333333333333336,33.333333333333336
A,Annual,SLE,Sierra Leone,WB_RISE_EE_FMEE,Financing Mechanisms for Energy Efficiency,SCORE,Score,WB_RISE,Regulatory Indicators for Sustainable Energy (RISE),0,Units,A,Normal value,PU,Public,0.0,0.0,0.0,0.0,0.0,0.0,0.0,0.0,0.0,0.0,0.0,0.0,0.0,0.0
A,Annual,SLE,Sierra Leone,WB_RISE_EE_IMIC,Industrial and Commercial End Users,SCORE,Score,WB_RISE,Regulatory Indicators for Sustainable Energy (RISE),0,Units,A,Normal value,PU,Public,0.0,0.0,0.0,0.0,0.0,0.0,0.0,75.0,75.0,75.0,75.0,75.0,75.0,75.0
A,Annual,SLE,Sierra Leone,WB_RISE_EE_IMPS,Energy Efficiency in Public Sector,SCORE,Score,WB_RISE,Regulatory Indicators for Sustainable Energy (RISE),0,Units,A,Normal value,PU,Public,0.0,0.0,0.0,0.0,0.0,0.0,0.0,16.666666666666668,16.666666666666668,16.666666666666668,16.666666666666668,16.666666666666668,16.666666666666668,16.666666666666668
A,Annual,SLE,Sierra Leone,WB_RISE_EE_IMUT,Incentives & Mandates: Energy Utility Programs,SCORE,Score,WB_RISE,Regulatory Indicators for Sustainable Energy (RISE),0,Units,A,Normal value,PU,Public,0.0,0.0,0.0,0.0,0.0,0.0,0.0,16.666666666666668,16.666666666666668,16.666666666666668,16.666666666666668,16.666666666666668,16.666666666666668,16.666666666666668
A,Annual,SLE,Sierra Leone,WB_RISE_EE_MEEP,Minimum Energy Efficiency Performance Standards,SCORE,Score,WB_RISE,Regulatory Indicators for Sustainable Energy (RISE),0,Units,A,Normal value,PU,Public,0.0,0.0,0.0,0.0,0.0,0.0,0.0,0.0,0.0,0.0,0.0,0.0,0.0,0.0
A,Annual,SLE,Sierra Leone,WB_RISE_EE_TRN,Transport Sector,SCORE,Score,WB_RISE,Regulatory Indicators for Sustainable Energy (RISE),0,Units,A,Normal value,PU,Public,0.0,0.0,0.0,0.0,0.0,0.0,0.0,0.0,0.0,0.0,0.0,0.0,0.0,0.0
A,Annual,SLE,Sierra Leone,WB_RISE_ELTN_PL,Electrification Governance and Planning,SCORE,Score,WB_RISE,Regulatory Indicators for Sustainable Energy (RISE),0,Units,A,Normal value,PU,Public,0.0,0.0,0.0,0.0,0.0,0.0,0.0,47.61904761904762,47.61904761904762,54.285714285714285,54.285714285714285,54.285714285714285,74.28571428571429,74.28571428571429
A,Annual,SLE,Sierra Leone,WB_RISE_FRM_MGRI,Minigrids Framework,SCORE,Score,WB_RISE,Regulatory Indicators for Sustainable Energy (RISE),0,Units,A,Normal value,PU,Public,0.0,0.0,0.0,0.0,0.0,0.0,0.0,0.0,14.285714285714286,54.4973544973545,54.4973544973545,64.02116402116401,68.78306878306879,68.78306878306879
A,Annual,SLE,Sierra Leone,WB_RISE_FRM_OGS,Off-Grid Systems Framework,SCORE,Score,WB_RISE,Regulatory Indicators for Sustainable Energy (RISE),0,Units,A,Normal value,PU,Public,0.0,0.0,0.0,0.0,0.0,0.0,0.0,0.0,38.88888888888889,38.88888888888889,38.88888888888889,50.0,50.0,50.0
A,Annual,SLE,Sierra Leone,WB_RISE_FR_GREL,Grid Electrification Framework,SCORE,Score,WB_RISE,Regulatory Indicators for Sustainable Energy (RISE),0,Units,A,Normal value,PU,Public,0.0,0.0,0.0,0.0,0.0,0.0,0.0,0.0,16.666666666666668,16.666666666666668,16.666666666666668,16.666666666666668,33.333333333333336,33.333333333333336
A,Annual,SLE,Sierra Leone,WB_RISE_RE_ALL,Sustainable Energy - Renewable Energy Score,SCORE,Score,WB_RISE,Regulatory Indicators for Sustainable Energy (RISE),0,Units,A,Normal value,PU,Public,0.0,3.333333333333333,3.333333333333333,3.333333333333333,3.888888888888889,3.888888888888889,10.555555555555555,11.88888888888889,11.88888888888889,16.555555555555554,16.555555555555554,21.55555555555556,21.55555555555556,13.592592592592592
A,Annual,SLE,Sierra Leone,WB_RISE_RE_ELEC,Electricity Sector Renewables,SCORE,Score,WB_RISE,Regulatory Indicators for Sustainable Energy (RISE),0,Units,A,Normal value,PU,Public,0.0,0.0,0.0,0.0,2.777777777777778,2.777777777777778,19.444444444444446,26.111111111111114,26.111111111111114,32.77777777777778,32.77777777777778,41.11111111111111,41.11111111111111,42.96296296296296
A,Annual,SLE,Sierra Leone,WB_RISE_RE_GOV,Renewable Energy - Governance,SCORE,Score,WB_RISE,Regulatory Indicators for Sustainable Energy (RISE),0,Units,A,Normal value,PU,Public,0.0,16.666666666666668,16.666666666666668,16.666666666666668,16.666666666666668,16.666666666666668,33.333333333333336,33.333333333333336,33.333333333333336,50.0,50.0,50.0,50.0,25.0
A,Annual,SLE,Sierra Leone,WB_RISE_RE_HE_CO,Heating and Cooling Renewables,SCORE,Score,WB_RISE,Regulatory Indicators for Sustainable Energy (RISE),0,Units,A,Normal value,PU,Public,0.0,0.0,0.0,0.0,0.0,0.0,0.0,0.0,0.0,0.0,0.0,16.666666666666668,16.666666666666668,0.0
A,Annual,SLE,Sierra Leone,WB_RISE_RE_LVL_PLYNG_FLD,Leveling the Playing Field for Renewables,SCORE,Score,WB_RISE,Regulatory Indicators for Sustainable Energy (RISE),0,Units,A,Normal value,PU,Public,0.0,0.0,0.0,0.0,0.0,0.0,0.0,0.0,0.0,0.0,0.0,0.0,0.0,0.0
A,Annual,SLE,Sierra Leone,WB_RISE_RE_TRNS,Transport Sector Renewables,SCORE,Score,WB_RISE,Regulatory Indicators for Sustainable Energy (RISE),0,Units,A,Normal value,PU,Public,0.0,0.0,0.0,0.0,0.0,0.0,0.0,0.0,0.0,0.0,0.0,0.0,0.0,0.0
A,Annual,SLV,El Salvador,WB_RISE_EE_ALL,Sustainable Energy - Energy Efficiency Score,SCORE,Score,WB_RISE,Regulatory Indicators for Sustainable Energy (RISE),0,Units,A,Normal value,PU,Public,3.580246913580247,4.691358024691358,16.913580246913583,16.913580246913583,16.913580246913583,28.333333333333336,30.55555555555556,31.666666666666668,31.666666666666668,38.27160493827161,38.27160493827161,38.27160493827161,38.27160493827161,38.27160493827161
A,Annual,SLV,El Salvador,WB_RISE_EE_BEC,Building Energy Codes,SCORE,Score,WB_RISE,Regulatory Indicators for Sustainable Energy (RISE),0,Units,A,Normal value,PU,Public,0.0,0.0,0.0,0.0,0.0,0.0,0.0,0.0,0.0,6.666666666666667,6.666666666666667,6.666666666666667,6.666666666666667,6.666666666666667
A,Annual,SLV,El Salvador,WB_RISE_EE_EES,Energy Efficiency Governance,SCORE,Score,WB_RISE,Regulatory Indicators for Sustainable Energy (RISE),0,Units,A,Normal value,PU,Public,5.555555555555556,5.555555555555556,15.555555555555555,15.555555555555555,15.555555555555555,15.555555555555555,35.55555555555556,45.55555555555556,45.55555555555556,48.333333333333336,48.333333333333336,48.333333333333336,48.333333333333336,48.333333333333336
A,Annual,SLV,El Salvador,WB_RISE_EE_ELS,Energy Labeling Systems,SCORE,Score,WB_RISE,Regulatory Indicators for Sustainable Energy (RISE),0,Units,A,Normal value,PU,Public,0.0,0.0,0.0,0.0,0.0,50.0,50.0,50.0,50.0,50.0,50.0,50.0,50.0,50.0
A,Annual,SLV,El Salvador,WB_RISE_EE_FMEE,Financing Mechanisms for Energy Efficiency,SCORE,Score,WB_RISE,Regulatory Indicators for Sustainable Energy (RISE),0,Units,A,Normal value,PU,Public,0.0,0.0,0.0,0.0,0.0,33.333333333333336,33.333333333333336,33.333333333333336,33.333333333333336,33.333333333333336,33.333333333333336,33.333333333333336,33.333333333333336,33.333333333333336
A,Annual,SLV,El Salvador,WB_RISE_EE_IMIC,Industrial and Commercial End Users,SCORE,Score,WB_RISE,Regulatory Indicators for Sustainable Energy (RISE),0,Units,A,Normal value,PU,Public,0.0,0.0,0.0,0.0,0.0,0.0,0.0,0.0,0.0,0.0,0.0,0.0,0.0,0.0
A,Annual,SLV,El Salvador,WB_RISE_EE_IMPS,Energy Efficiency in Public Sector,SCORE,Score,WB_RISE,Regulatory Indicators for Sustainable Energy (RISE),0,Units,A,Normal value,PU,Public,0.0,0.0,66.66666666666667,66.66666666666667,66.66666666666667,66.66666666666667,66.66666666666667,66.66666666666667,66.66666666666667,66.66666666666667,66.66666666666667,66.66666666666667,66.66666666666667,66.66666666666667
A,Annual,SLV,El Salvador,WB_RISE_EE_IMUT,Incentives & Mandates: Energy Utility Programs,SCORE,Score,WB_RISE,Regulatory Indicators for Sustainable Energy (RISE),0,Units,A,Normal value,PU,Public,26.666666666666668,36.66666666666667,70.0,70.0,70.0,70.0,70.0,70.0,70.0,70.0,70.0,70.0,70.0,70.0
A,Annual,SLV,El Salvador,WB_RISE_EE_MEEP,Minimum Energy Efficiency Performance Standards,SCORE,Score,WB_RISE,Regulatory Indicators for Sustainable Energy (RISE),0,Units,A,Normal value,PU,Public,0.0,0.0,0.0,0.0,0.0,19.444444444444446,19.444444444444446,19.444444444444446,19.444444444444446,69.44444444444444,69.44444444444444,69.44444444444444,69.44444444444444,69.44444444444444
A,Annual,SLV,El Salvador,WB_RISE_EE_TRN,Transport Sector,SCORE,Score,WB_RISE,Regulatory Indicators for Sustainable Energy (RISE),0,Units,A,Normal value,PU,Public,0.0,0.0,0.0,0.0,0.0,0.0,0.0,0.0,0.0,0.0,0.0,0.0,0.0,0.0
A,Annual,SLV,El Salvador,WB_RISE_RE_ALL,Sustainable Energy - Renewable Energy Score,SCORE,Score,WB_RISE,Regulatory Indicators for Sustainable Energy (RISE),0,Units,A,Normal value,PU,Public,6.441798941798941,7.552910052910053,19.775132275132275,24.14550264550265,24.14550264550265,29.5026455026455,29.5026455026455,29.5026455026455,33.5026455026455,34.05820105820106,34.05820105820106,34.05820105820106,34.05820105820106,27.39153439153439
A,Annual,SLV,El Salvador,WB_RISE_RE_ELEC,Electricity Sector Renewables,SCORE,Score,WB_RISE,Regulatory Indicators for Sustainable Energy (RISE),0,Units,A,Normal value,PU,Public,10.185185185185183,15.740740740740742,43.51851851851851,48.7037037037037,48.7037037037037,48.7037037037037,48.7037037037037,48.7037037037037,48.7037037037037,51.48148148148149,51.48148148148149,51.48148148148149,51.48148148148149,51.481481481481474
A,Annual,SLV,El Salvador,WB_RISE_RE_GOV,Renewable Energy - Governance,SCORE,Score,WB_RISE,Regulatory Indicators for Sustainable Energy (RISE),0,Units,A,Normal value,PU,Public,22.02380952380953,22.02380952380953,38.69047619047619,55.35714285714285,55.35714285714285,82.14285714285714,82.14285714285714,82.14285714285714,82.14285714285714,82.14285714285714,82.14285714285714,82.14285714285714,82.14285714285714,65.47619047619048
A,Annual,SLV,El Salvador,WB_RISE_RE_HE_CO,Heating and Cooling Renewables,SCORE,Score,WB_RISE,Regulatory Indicators for Sustainable Energy (RISE),0,Units,A,Normal value,PU,Public,0.0,0.0,0.0,0.0,0.0,0.0,0.0,0.0,0.0,0.0,0.0,0.0,0.0,0.0
A,Annual,SLV,El Salvador,WB_RISE_RE_LVL_PLYNG_FLD,Leveling the Playing Field for Renewables,SCORE,Score,WB_RISE,Regulatory Indicators for Sustainable Energy (RISE),0,Units,A,Normal value,PU,Public,0.0,0.0,0.0,0.0,0.0,0.0,0.0,0.0,20.0,20.0,20.0,20.0,20.0,20.0
A,Annual,SLV,El Salvador,WB_RISE_RE_TRNS,Transport Sector Renewables,SCORE,Score,WB_RISE,Regulatory Indicators for Sustainable Energy (RISE),0,Units,A,Normal value,PU,Public,0.0,0.0,16.666666666666668,16.666666666666668,16.666666666666668,16.666666666666668,16.666666666666668,16.666666666666668,16.666666666666668,16.666666666666668,16.666666666666668,16.666666666666668,16.666666666666668,0.0
A,Annual,SOM,Somalia,WB_RISE_CC_ALL,Sustainable Energy - Clean Cooking Score,SCORE,Score,WB_RISE,Regulatory Indicators for Sustainable Energy (RISE),0,Units,A,Normal value,PU,Public,2.777777777777778,2.777777777777778,2.777777777777778,2.777777777777778,4.444444444444445,19.861111111111114,19.861111111111114,19.861111111111114,19.861111111111114,22.63888888888889,47.22222222222223,68.61111111111111,18.61111111111111,18.61111111111111
A,Annual,SOM,Somalia,WB_RISE_CC_CCP,Clean Cooking National Planning,SCORE,Score,WB_RISE,Regulatory Indicators for Sustainable Energy (RISE),0,Units,A,Normal value,PU,Public,11.111111111111112,11.111111111111112,11.111111111111112,11.111111111111112,11.111111111111112,48.88888888888889,48.88888888888889,48.88888888888889,48.88888888888889,60.0,60.0,80.0,37.77777777777778,37.77777777777778
A,Annual,SOM,Somalia,WB_RISE_CC_FIAC,Incentives and Attributes for Clean Cooking,SCORE,Score,WB_RISE,Regulatory Indicators for Sustainable Energy (RISE),0,Units,A,Normal value,PU,Public,0.0,0.0,0.0,0.0,0.0,25.0,25.0,25.0,25.0,25.0,83.33333333333333,100.0,16.666666666666668,16.666666666666668
A,Annual,SOM,Somalia,WB_RISE_CC_SCCP,Implementation Scope of Clean Cooking Planning,SCORE,Score,WB_RISE,Regulatory Indicators for Sustainable Energy (RISE),0,Units,A,Normal value,PU,Public,0.0,0.0,0.0,0.0,6.666666666666667,5.555555555555556,5.555555555555556,5.555555555555556,5.555555555555556,5.555555555555556,12.222222222222223,54.44444444444444,20.0,20.0
A,Annual,SOM,Somalia,WB_RISE_CC_STLA,Standards and Labeling,SCORE,Score,WB_RISE,Regulatory Indicators for Sustainable Energy (RISE),0,Units,A,Normal value,PU,Public,0.0,0.0,0.0,0.0,0.0,0.0,0.0,0.0,0.0,0.0,33.333333333333336,40.0,0.0,0.0
A,Annual,SOM,Somalia,WB_RISE_CON_AFEL,Consumer Affordability of Electricity,SCORE,Score,WB_RISE,Regulatory Indicators for Sustainable Energy (RISE),0,Units,A,Normal value,PU,Public,66.66666666666667,66.66666666666667,66.66666666666667,66.66666666666667,66.66666666666667,66.66666666666667,66.66666666666667,66.66666666666667,66.66666666666667,66.66666666666667,66.66666666666667,66.66666666666667,66.66666666666667,66.66666666666667
A,Annual,SOM,Somalia,WB_RISE_EA_ALL,Sustainable Energy - Electricity Access Score,SCORE,Score,WB_RISE,Regulatory Indicators for Sustainable Energy (RISE),0,Units,A,Normal value,PU,Public,13.333333333333334,13.333333333333334,13.333333333333334,13.333333333333334,14.285714285714286,17.142857142857146,17.142857142857146,17.142857142857146,25.142857142857142,25.142857142857142,30.28571428571429,31.3968253968254,34.423280423280424,41.883597883597886
A,Annual,SOM,Somalia,WB_RISE_EE_ALL,Sustainable Energy - Energy Efficiency Score,SCORE,Score,WB_RISE,Regulatory Indicators for Sustainable Energy (RISE),0,Units,A,Normal value,PU,Public,0.0,0.0,0.0,0.0,0.617283950617284,0.617283950617284,0.617283950617284,0.617283950617284,0.617283950617284,2.8395061728395063,5.283950617283951,5.283950617283951,5.283950617283951,5.283950617283951
A,Annual,SOM,Somalia,WB_RISE_EE_BEC,Building Energy Codes,SCORE,Score,WB_RISE,Regulatory Indicators for Sustainable Energy (RISE),0,Units,A,Normal value,PU,Public,0.0,0.0,0.0,0.0,0.0,0.0,0.0,0.0,0.0,0.0,0.0,0.0,0.0,0.0
A,Annual,SOM,Somalia,WB_RISE_EE_EES,Energy Efficiency Governance,SCORE,Score,WB_RISE,Regulatory Indicators for Sustainable Energy (RISE),0,Units,A,Normal value,PU,Public,0.0,0.0,0.0,0.0,5.555555555555556,5.555555555555556,5.555555555555556,5.555555555555556,5.555555555555556,5.555555555555556,27.55555555555556,27.55555555555556,27.55555555555556,27.55555555555556
A,Annual,SOM,Somalia,WB_RISE_EE_ELS,Energy Labeling Systems,SCORE,Score,WB_RISE,Regulatory Indicators for Sustainable Energy (RISE),0,Units,A,Normal value,PU,Public,0.0,0.0,0.0,0.0,0.0,0.0,0.0,0.0,0.0,0.0,0.0,0.0,0.0,0.0
A,Annual,SOM,Somalia,WB_RISE_EE_FMEE,Financing Mechanisms for Energy Efficiency,SCORE,Score,WB_RISE,Regulatory Indicators for Sustainable Energy (RISE),0,Units,A,Normal value,PU,Public,0.0,0.0,0.0,0.0,0.0,0.0,0.0,0.0,0.0,0.0,0.0,0.0,0.0,0.0
A,Annual,SOM,Somalia,WB_RISE_EE_IMIC,Industrial and Commercial End Users,SCORE,Score,WB_RISE,Regulatory Indicators for Sustainable Energy (RISE),0,Units,A,Normal value,PU,Public,0.0,0.0,0.0,0.0,0.0,0.0,0.0,0.0,0.0,0.0,0.0,0.0,0.0,0.0
A,Annual,SOM,Somalia,WB_RISE_EE_IMPS,Energy Efficiency in Public Sector,SCORE,Score,WB_RISE,Regulatory Indicators for Sustainable Energy (RISE),0,Units,A,Normal value,PU,Public,0.0,0.0,0.0,0.0,0.0,0.0,0.0,0.0,0.0,0.0,0.0,0.0,0.0,0.0
A,Annual,SOM,Somalia,WB_RISE_EE_IMUT,Incentives & Mandates: Energy Utility Programs,SCORE,Score,WB_RISE,Regulatory Indicators for Sustainable Energy (RISE),0,Units,A,Normal value,PU,Public,0.0,0.0,0.0,0.0,0.0,0.0,0.0,0.0,0.0,20.0,20.0,20.0,20.0,20.0
A,Annual,SOM,Somalia,WB_RISE_EE_MEEP,Minimum Energy Efficiency Performance Standards,SCORE,Score,WB_RISE,Regulatory Indicators for Sustainable Energy (RISE),0,Units,A,Normal value,PU,Public,0.0,0.0,0.0,0.0,0.0,0.0,0.0,0.0,0.0,0.0,0.0,0.0,0.0,0.0
A,Annual,SOM,Somalia,WB_RISE_EE_TRN,Transport Sector,SCORE,Score,WB_RISE,Regulatory Indicators for Sustainable Energy (RISE),0,Units,A,Normal value,PU,Public,0.0,0.0,0.0,0.0,0.0,0.0,0.0,0.0,0.0,0.0,0.0,0.0,0.0,0.0
A,Annual,SOM,Somalia,WB_RISE_ELTN_PL,Electrification Governance and Planning,SCORE,Score,WB_RISE,Regulatory Indicators for Sustainable Energy (RISE),0,Units,A,Normal value,PU,Public,0.0,0.0,0.0,0.0,4.761904761904762,19.047619047619047,19.047619047619047,19.047619047619047,49.52380952380952,49.52380952380952,65.71428571428571,65.71428571428571,72.38095238095238,77.14285714285715
A,Annual,SOM,Somalia,WB_RISE_FRM_MGRI,Minigrids Framework,SCORE,Score,WB_RISE,Regulatory Indicators for Sustainable Energy (RISE),0,Units,A,Normal value,PU,Public,0.0,0.0,0.0,0.0,0.0,0.0,0.0,0.0,9.523809523809524,9.523809523809524,19.047619047619047,19.047619047619047,27.51322751322752,43.386243386243386
A,Annual,SOM,Somalia,WB_RISE_FRM_OGS,Off-Grid Systems Framework,SCORE,Score,WB_RISE,Regulatory Indicators for Sustainable Energy (RISE),0,Units,A,Normal value,PU,Public,0.0,0.0,0.0,0.0,0.0,0.0,0.0,0.0,0.0,0.0,0.0,5.555555555555556,5.555555555555556,22.222222222222225
A,Annual,SOM,Somalia,WB_RISE_FR_GREL,Grid Electrification Framework,SCORE,Score,WB_RISE,Regulatory Indicators for Sustainable Energy (RISE),0,Units,A,Normal value,PU,Public,0.0,0.0,0.0,0.0,0.0,0.0,0.0,0.0,0.0,0.0,0.0,0.0,0.0,0.0
A,Annual,SOM,Somalia,WB_RISE_RE_ALL,Sustainable Energy - Renewable Energy Score,SCORE,Score,WB_RISE,Regulatory Indicators for Sustainable Energy (RISE),0,Units,A,Normal value,PU,Public,0.0,0.0,0.0,0.0,3.333333333333333,3.333333333333333,3.333333333333333,3.333333333333333,5.0,5.0,5.0,6.666666666666667,6.666666666666667,3.8333333333333335
A,Annual,SOM,Somalia,WB_RISE_RE_ELEC,Electricity Sector Renewables,SCORE,Score,WB_RISE,Regulatory Indicators for Sustainable Energy (RISE),0,Units,A,Normal value,PU,Public,0.0,0.0,0.0,0.0,0.0,0.0,0.0,0.0,8.333333333333334,8.333333333333334,8.333333333333334,16.666666666666668,16.666666666666668,10.833333333333334
A,Annual,SOM,Somalia,WB_RISE_RE_GOV,Renewable Energy - Governance,SCORE,Score,WB_RISE,Regulatory Indicators for Sustainable Energy (RISE),0,Units,A,Normal value,PU,Public,0.0,0.0,0.0,0.0,16.666666666666668,16.666666666666668,16.666666666666668,16.666666666666668,16.666666666666668,16.666666666666668,16.666666666666668,16.666666666666668,16.666666666666668,8.333333333333334
A,Annual,SOM,Somalia,WB_RISE_RE_HE_CO,Heating and Cooling Renewables,SCORE,Score,WB_RISE,Regulatory Indicators for Sustainable Energy (RISE),0,Units,A,Normal value,PU,Public,0.0,0.0,0.0,0.0,0.0,0.0,0.0,0.0,0.0,0.0,0.0,0.0,0.0,0.0
A,Annual,SOM,Somalia,WB_RISE_RE_LVL_PLYNG_FLD,Leveling the Playing Field for Renewables,SCORE,Score,WB_RISE,Regulatory Indicators for Sustainable Energy (RISE),0,Units,A,Normal value,PU,Public,0.0,0.0,0.0,0.0,0.0,0.0,0.0,0.0,0.0,0.0,0.0,0.0,0.0,0.0
A,Annual,SOM,Somalia,WB_RISE_RE_TRNS,Transport Sector Renewables,SCORE,Score,WB_RISE,Regulatory Indicators for Sustainable Energy (RISE),0,Units,A,Normal value,PU,Public,0.0,0.0,0.0,0.0,0.0,0.0,0.0,0.0,0.0,0.0,0.0,0.0,0.0,0.0
A,Annual,SRB,Serbia,WB_RISE_EE_ALL,Sustainable Energy - Energy Efficiency Score,SCORE,Score,WB_RISE,Regulatory Indicators for Sustainable Energy (RISE),0,Units,A,Normal value,PU,Public,7.592592592592592,9.814814814814817,11.48148148148148,35.8641975308642,35.8641975308642,39.56790123456791,54.72222222222223,60.123456790123456,60.123456790123456,60.123456790123456,60.123456790123456,60.123456790123456,60.123456790123456,60.123456790123456
A,Annual,SRB,Serbia,WB_RISE_EE_BEC,Building Energy Codes,SCORE,Score,WB_RISE,Regulatory Indicators for Sustainable Energy (RISE),0,Units,A,Normal value,PU,Public,0.0,20.0,35.0,65.0,65.0,65.0,65.0,65.0,65.0,65.0,65.0,65.0,65.0,65.0
A,Annual,SRB,Serbia,WB_RISE_EE_EES,Energy Efficiency Governance,SCORE,Score,WB_RISE,Regulatory Indicators for Sustainable Energy (RISE),0,Units,A,Normal value,PU,Public,50.0,50.0,50.0,52.77777777777778,52.77777777777778,69.44444444444444,75.0,94.44444444444446,94.44444444444446,94.44444444444446,94.44444444444446,94.44444444444446,94.44444444444446,94.44444444444446
A,Annual,SRB,Serbia,WB_RISE_EE_ELS,Energy Labeling Systems,SCORE,Score,WB_RISE,Regulatory Indicators for Sustainable Energy (RISE),0,Units,A,Normal value,PU,Public,0.0,0.0,0.0,0.0,0.0,0.0,50.0,50.0,50.0,50.0,50.0,50.0,50.0,50.0
A,Annual,SRB,Serbia,WB_RISE_EE_FMEE,Financing Mechanisms for Energy Efficiency,SCORE,Score,WB_RISE,Regulatory Indicators for Sustainable Energy (RISE),0,Units,A,Normal value,PU,Public,0.0,0.0,0.0,50.0,50.0,50.0,50.0,50.0,50.0,50.0,50.0,50.0,50.0,50.0
A,Annual,SRB,Serbia,WB_RISE_EE_IMIC,Industrial and Commercial End Users,SCORE,Score,WB_RISE,Regulatory Indicators for Sustainable Energy (RISE),0,Units,A,Normal value,PU,Public,0.0,0.0,0.0,25.0,25.0,25.0,62.5,75.0,75.0,75.0,75.0,75.0,75.0,75.0
A,Annual,SRB,Serbia,WB_RISE_EE_IMPS,Energy Efficiency in Public Sector,SCORE,Score,WB_RISE,Regulatory Indicators for Sustainable Energy (RISE),0,Units,A,Normal value,PU,Public,0.0,0.0,0.0,33.333333333333336,33.333333333333336,50.0,66.66666666666667,66.66666666666667,66.66666666666667,66.66666666666667,66.66666666666667,66.66666666666667,66.66666666666667,66.66666666666667
A,Annual,SRB,Serbia,WB_RISE_EE_IMUT,Incentives & Mandates: Energy Utility Programs,SCORE,Score,WB_RISE,Regulatory Indicators for Sustainable Energy (RISE),0,Units,A,Normal value,PU,Public,10.0,10.0,10.0,46.66666666666667,46.66666666666667,46.66666666666667,56.66666666666667,73.33333333333334,73.33333333333334,73.33333333333334,73.33333333333334,73.33333333333334,73.33333333333334,73.33333333333334
A,Annual,SRB,Serbia,WB_RISE_EE_MEEP,Minimum Energy Efficiency Performance Standards,SCORE,Score,WB_RISE,Regulatory Indicators for Sustainable Energy (RISE),0,Units,A,Normal value,PU,Public,8.333333333333334,8.333333333333334,8.333333333333334,50.0,50.0,50.0,50.0,50.0,50.0,50.0,50.0,50.0,50.0,50.0
A,Annual,SRB,Serbia,WB_RISE_EE_TRN,Transport Sector,SCORE,Score,WB_RISE,Regulatory Indicators for Sustainable Energy (RISE),0,Units,A,Normal value,PU,Public,0.0,0.0,0.0,0.0,0.0,0.0,16.666666666666668,16.666666666666668,16.666666666666668,16.666666666666668,16.666666666666668,16.666666666666668,16.666666666666668,16.666666666666668
A,Annual,SRB,Serbia,WB_RISE_RE_ALL,Sustainable Energy - Renewable Energy Score,SCORE,Score,WB_RISE,Regulatory Indicators for Sustainable Energy (RISE),0,Units,A,Normal value,PU,Public,5.277777777777779,5.277777777777779,5.277777777777779,39.351851851851855,40.55555555555556,40.55555555555556,40.55555555555556,40.55555555555556,44.84126984126984,44.84126984126984,44.84126984126984,44.84126984126984,44.84126984126984,50.711640211640216
A,Annual,SRB,Serbia,WB_RISE_RE_ELEC,Electricity Sector Renewables,SCORE,Score,WB_RISE,Regulatory Indicators for Sustainable Energy (RISE),0,Units,A,Normal value,PU,Public,9.722222222222223,9.722222222222223,9.722222222222223,46.75925925925926,52.77777777777778,52.77777777777778,52.77777777777778,52.77777777777778,52.77777777777778,52.77777777777778,52.77777777777778,52.77777777777778,52.77777777777778,45.46296296296297
A,Annual,SRB,Serbia,WB_RISE_RE_GOV,Renewable Energy - Governance,SCORE,Score,WB_RISE,Regulatory Indicators for Sustainable Energy (RISE),0,Units,A,Normal value,PU,Public,0.0,0.0,0.0,50.0,50.0,50.0,50.0,50.0,71.42857142857143,71.42857142857143,71.42857142857143,71.42857142857143,71.42857142857143,54.76190476190476
A,Annual,SRB,Serbia,WB_RISE_RE_HE_CO,Heating and Cooling Renewables,SCORE,Score,WB_RISE,Regulatory Indicators for Sustainable Energy (RISE),0,Units,A,Normal value,PU,Public,0.0,0.0,0.0,50.0,50.0,50.0,50.0,50.0,50.0,50.0,50.0,50.0,50.0,66.66666666666667
A,Annual,SRB,Serbia,WB_RISE_RE_LVL_PLYNG_FLD,Leveling the Playing Field for Renewables,SCORE,Score,WB_RISE,Regulatory Indicators for Sustainable Energy (RISE),0,Units,A,Normal value,PU,Public,0.0,0.0,0.0,0.0,0.0,0.0,0.0,0.0,0.0,0.0,0.0,0.0,0.0,20.0
A,Annual,SRB,Serbia,WB_RISE_RE_TRNS,Transport Sector Renewables,SCORE,Score,WB_RISE,Regulatory Indicators for Sustainable Energy (RISE),0,Units,A,Normal value,PU,Public,16.666666666666668,16.666666666666668,16.666666666666668,50.0,50.0,50.0,50.0,50.0,50.0,50.0,50.0,50.0,50.0,66.66666666666667
A,Annual,SSD,South Sudan,WB_RISE_CC_ALL,Sustainable Energy - Clean Cooking Score,SCORE,Score,WB_RISE,Regulatory Indicators for Sustainable Energy (RISE),0,Units,A,Normal value,PU,Public,0.0,0.0,0.0,0.0,0.0,0.0,0.0,0.0,0.0,8.333333333333334,11.111111111111112,15.555555555555555,6.666666666666667,6.666666666666667
A,Annual,SSD,South Sudan,WB_RISE_CC_CCP,Clean Cooking National Planning,SCORE,Score,WB_RISE,Regulatory Indicators for Sustainable Energy (RISE),0,Units,A,Normal value,PU,Public,0.0,0.0,0.0,0.0,0.0,0.0,0.0,0.0,0.0,0.0,0.0,17.77777777777778,26.666666666666668,26.666666666666668
A,Annual,SSD,South Sudan,WB_RISE_CC_FIAC,Incentives and Attributes for Clean Cooking,SCORE,Score,WB_RISE,Regulatory Indicators for Sustainable Energy (RISE),0,Units,A,Normal value,PU,Public,0.0,0.0,0.0,0.0,0.0,0.0,0.0,0.0,0.0,0.0,0.0,0.0,0.0,0.0
A,Annual,SSD,South Sudan,WB_RISE_CC_SCCP,Implementation Scope of Clean Cooking Planning,SCORE,Score,WB_RISE,Regulatory Indicators for Sustainable Energy (RISE),0,Units,A,Normal value,PU,Public,0.0,0.0,0.0,0.0,0.0,0.0,0.0,0.0,0.0,33.333333333333336,44.44444444444445,44.44444444444445,0.0,0.0
A,Annual,SSD,South Sudan,WB_RISE_CC_STLA,Standards and Labeling,SCORE,Score,WB_RISE,Regulatory Indicators for Sustainable Energy (RISE),0,Units,A,Normal value,PU,Public,0.0,0.0,0.0,0.0,0.0,0.0,0.0,0.0,0.0,0.0,0.0,0.0,0.0,0.0
A,Annual,SSD,South Sudan,WB_RISE_CON_AFEL,Consumer Affordability of Electricity,SCORE,Score,WB_RISE,Regulatory Indicators for Sustainable Energy (RISE),0,Units,A,Normal value,PU,Public,64.01,64.01,64.01,64.01,64.01,64.01,64.01,64.01,64.01,64.01,64.01,64.01,64.01,64.01
A,Annual,SSD,South Sudan,WB_RISE_EA_ALL,Sustainable Energy - Electricity Access Score,SCORE,Score,WB_RISE,Regulatory Indicators for Sustainable Energy (RISE),0,Units,A,Normal value,PU,Public,12.802,12.802,12.802,12.802,12.802,12.802,12.802,12.802,19.468666666666667,19.468666666666667,27.56390476190476,27.56390476190476,27.56390476190476,26.61152380952381
A,Annual,SSD,South Sudan,WB_RISE_EE_ALL,Sustainable Energy - Energy Efficiency Score,SCORE,Score,WB_RISE,Regulatory Indicators for Sustainable Energy (RISE),0,Units,A,Normal value,PU,Public,2.9629629629629632,2.9629629629629632,2.9629629629629632,2.9629629629629632,2.9629629629629632,2.9629629629629632,2.9629629629629632,2.9629629629629632,2.9629629629629632,2.9629629629629632,2.9629629629629632,2.9629629629629632,2.9629629629629632,5.185185185185186
A,Annual,SSD,South Sudan,WB_RISE_EE_BEC,Building Energy Codes,SCORE,Score,WB_RISE,Regulatory Indicators for Sustainable Energy (RISE),0,Units,A,Normal value,PU,Public,0.0,0.0,0.0,0.0,0.0,0.0,0.0,0.0,0.0,0.0,0.0,0.0,0.0,0.0
A,Annual,SSD,South Sudan,WB_RISE_EE_EES,Energy Efficiency Governance,SCORE,Score,WB_RISE,Regulatory Indicators for Sustainable Energy (RISE),0,Units,A,Normal value,PU,Public,20.0,20.0,20.0,20.0,20.0,20.0,20.0,20.0,20.0,20.0,20.0,20.0,20.0,20.0
A,Annual,SSD,South Sudan,WB_RISE_EE_ELS,Energy Labeling Systems,SCORE,Score,WB_RISE,Regulatory Indicators for Sustainable Energy (RISE),0,Units,A,Normal value,PU,Public,0.0,0.0,0.0,0.0,0.0,0.0,0.0,0.0,0.0,0.0,0.0,0.0,0.0,0.0
A,Annual,SSD,South Sudan,WB_RISE_EE_FMEE,Financing Mechanisms for Energy Efficiency,SCORE,Score,WB_RISE,Regulatory Indicators for Sustainable Energy (RISE),0,Units,A,Normal value,PU,Public,0.0,0.0,0.0,0.0,0.0,0.0,0.0,0.0,0.0,0.0,0.0,0.0,0.0,0.0
A,Annual,SSD,South Sudan,WB_RISE_EE_IMIC,Industrial and Commercial End Users,SCORE,Score,WB_RISE,Regulatory Indicators for Sustainable Energy (RISE),0,Units,A,Normal value,PU,Public,0.0,0.0,0.0,0.0,0.0,0.0,0.0,0.0,0.0,0.0,0.0,0.0,0.0,0.0
A,Annual,SSD,South Sudan,WB_RISE_EE_IMPS,Energy Efficiency in Public Sector,SCORE,Score,WB_RISE,Regulatory Indicators for Sustainable Energy (RISE),0,Units,A,Normal value,PU,Public,0.0,0.0,0.0,0.0,0.0,0.0,0.0,0.0,0.0,0.0,0.0,0.0,0.0,0.0
A,Annual,SSD,South Sudan,WB_RISE_EE_IMUT,Incentives & Mandates: Energy Utility Programs,SCORE,Score,WB_RISE,Regulatory Indicators for Sustainable Energy (RISE),0,Units,A,Normal value,PU,Public,6.666666666666667,6.666666666666667,6.666666666666667,6.666666666666667,6.666666666666667,6.666666666666667,6.666666666666667,6.666666666666667,6.666666666666667,6.666666666666667,6.666666666666667,6.666666666666667,6.666666666666667,26.666666666666668
A,Annual,SSD,South Sudan,WB_RISE_EE_MEEP,Minimum Energy Efficiency Performance Standards,SCORE,Score,WB_RISE,Regulatory Indicators for Sustainable Energy (RISE),0,Units,A,Normal value,PU,Public,0.0,0.0,0.0,0.0,0.0,0.0,0.0,0.0,0.0,0.0,0.0,0.0,0.0,0.0
A,Annual,SSD,South Sudan,WB_RISE_EE_TRN,Transport Sector,SCORE,Score,WB_RISE,Regulatory Indicators for Sustainable Energy (RISE),0,Units,A,Normal value,PU,Public,0.0,0.0,0.0,0.0,0.0,0.0,0.0,0.0,0.0,0.0,0.0,0.0,0.0,0.0
A,Annual,SSD,South Sudan,WB_RISE_ELTN_PL,Electrification Governance and Planning,SCORE,Score,WB_RISE,Regulatory Indicators for Sustainable Energy (RISE),0,Units,A,Normal value,PU,Public,0.0,0.0,0.0,0.0,0.0,0.0,0.0,0.0,0.0,0.0,19.047619047619047,19.047619047619047,19.047619047619047,14.285714285714285
A,Annual,SSD,South Sudan,WB_RISE_FRM_MGRI,Minigrids Framework,SCORE,Score,WB_RISE,Regulatory Indicators for Sustainable Energy (RISE),0,Units,A,Normal value,PU,Public,0.0,0.0,0.0,0.0,0.0,0.0,0.0,0.0,0.0,0.0,4.761904761904762,4.761904761904762,4.761904761904762,4.761904761904762
A,Annual,SSD,South Sudan,WB_RISE_FRM_OGS,Off-Grid Systems Framework,SCORE,Score,WB_RISE,Regulatory Indicators for Sustainable Energy (RISE),0,Units,A,Normal value,PU,Public,0.0,0.0,0.0,0.0,0.0,0.0,0.0,0.0,33.333333333333336,33.333333333333336,33.333333333333336,33.333333333333336,33.333333333333336,33.333333333333336
A,Annual,SSD,South Sudan,WB_RISE_FR_GREL,Grid Electrification Framework,SCORE,Score,WB_RISE,Regulatory Indicators for Sustainable Energy (RISE),0,Units,A,Normal value,PU,Public,0.0,0.0,0.0,0.0,0.0,0.0,0.0,0.0,0.0,0.0,16.666666666666668,16.666666666666668,16.666666666666668,16.666666666666668
A,Annual,SSD,South Sudan,WB_RISE_RE_ALL,Sustainable Energy - Renewable Energy Score,SCORE,Score,WB_RISE,Regulatory Indicators for Sustainable Energy (RISE),0,Units,A,Normal value,PU,Public,0.0,0.0,0.0,0.0,0.0,0.0,0.0,0.0,0.0,0.0,0.0,0.0,0.0,3.333333333333333
A,Annual,SSD,South Sudan,WB_RISE_RE_ELEC,Electricity Sector Renewables,SCORE,Score,WB_RISE,Regulatory Indicators for Sustainable Energy (RISE),0,Units,A,Normal value,PU,Public,0.0,0.0,0.0,0.0,0.0,0.0,0.0,0.0,0.0,0.0,0.0,0.0,0.0,8.333333333333334
A,Annual,SSD,South Sudan,WB_RISE_RE_GOV,Renewable Energy - Governance,SCORE,Score,WB_RISE,Regulatory Indicators for Sustainable Energy (RISE),0,Units,A,Normal value,PU,Public,0.0,0.0,0.0,0.0,0.0,0.0,0.0,0.0,0.0,0.0,0.0,0.0,0.0,8.333333333333334
A,Annual,SSD,South Sudan,WB_RISE_RE_HE_CO,Heating and Cooling Renewables,SCORE,Score,WB_RISE,Regulatory Indicators for Sustainable Energy (RISE),0,Units,A,Normal value,PU,Public,0.0,0.0,0.0,0.0,0.0,0.0,0.0,0.0,0.0,0.0,0.0,0.0,0.0,0.0
A,Annual,SSD,South Sudan,WB_RISE_RE_LVL_PLYNG_FLD,Leveling the Playing Field for Renewables,SCORE,Score,WB_RISE,Regulatory Indicators for Sustainable Energy (RISE),0,Units,A,Normal value,PU,Public,0.0,0.0,0.0,0.0,0.0,0.0,0.0,0.0,0.0,0.0,0.0,0.0,0.0,0.0
A,Annual,SSD,South Sudan,WB_RISE_RE_TRNS,Transport Sector Renewables,SCORE,Score,WB_RISE,Regulatory Indicators for Sustainable Energy (RISE),0,Units,A,Normal value,PU,Public,0.0,0.0,0.0,0.0,0.0,0.0,0.0,0.0,0.0,0.0,0.0,0.0,0.0,0.0
A,Annual,SVK,Slovak Republic,WB_RISE_EE_ALL,Sustainable Energy - Energy Efficiency Score,SCORE,Score,WB_RISE,Regulatory Indicators for Sustainable Energy (RISE),0,Units,A,Normal value,PU,Public,40.74074074074074,45.37037037037037,48.7037037037037,51.75925925925927,72.80864197530863,75.27777777777777,77.12962962962962,82.12962962962962,82.12962962962962,82.87037037037037,82.87037037037037,82.87037037037037,82.87037037037037,82.87037037037037
A,Annual,SVK,Slovak Republic,WB_RISE_EE_BEC,Building Energy Codes,SCORE,Score,WB_RISE,Regulatory Indicators for Sustainable Energy (RISE),0,Units,A,Normal value,PU,Public,43.333333333333336,51.66666666666666,73.33333333333333,80.0,80.0,80.0,80.0,80.0,80.0,86.66666666666667,86.66666666666667,86.66666666666667,86.66666666666667,86.66666666666667
A,Annual,SVK,Slovak Republic,WB_RISE_EE_EES,Energy Efficiency Governance,SCORE,Score,WB_RISE,Regulatory Indicators for Sustainable Energy (RISE),0,Units,A,Normal value,PU,Public,64.44444444444446,64.44444444444446,64.44444444444446,64.44444444444446,67.22222222222223,67.22222222222223,67.22222222222223,87.22222222222223,87.22222222222223,87.22222222222223,87.22222222222223,87.22222222222223,87.22222222222223,87.22222222222223
A,Annual,SVK,Slovak Republic,WB_RISE_EE_ELS,Energy Labeling Systems,SCORE,Score,WB_RISE,Regulatory Indicators for Sustainable Energy (RISE),0,Units,A,Normal value,PU,Public,29.166666666666664,62.5,70.83333333333333,75.0,75.0,79.16666666666666,79.16666666666666,79.16666666666666,79.16666666666666,79.16666666666666,79.16666666666666,79.16666666666666,79.16666666666666,79.16666666666666
A,Annual,SVK,Slovak Republic,WB_RISE_EE_FMEE,Financing Mechanisms for Energy Efficiency,SCORE,Score,WB_RISE,Regulatory Indicators for Sustainable Energy (RISE),0,Units,A,Normal value,PU,Public,0.0,0.0,0.0,0.0,50.0,50.0,50.0,50.0,50.0,50.0,50.0,50.0,50.0,50.0
A,Annual,SVK,Slovak Republic,WB_RISE_EE_IMIC,Industrial and Commercial End Users,SCORE,Score,WB_RISE,Regulatory Indicators for Sustainable Energy (RISE),0,Units,A,Normal value,PU,Public,50.0,50.0,50.0,50.0,100.0,100.0,100.0,100.0,100.0,100.0,100.0,100.0,100.0,100.0
A,Annual,SVK,Slovak Republic,WB_RISE_EE_IMPS,Energy Efficiency in Public Sector,SCORE,Score,WB_RISE,Regulatory Indicators for Sustainable Energy (RISE),0,Units,A,Normal value,PU,Public,50.0,50.0,50.0,66.66666666666667,83.33333333333334,100.0,100.0,100.0,100.0,100.0,100.0,100.0,100.0,100.0
A,Annual,SVK,Slovak Republic,WB_RISE_EE_IMUT,Incentives & Mandates: Energy Utility Programs,SCORE,Score,WB_RISE,Regulatory Indicators for Sustainable Energy (RISE),0,Units,A,Normal value,PU,Public,20.0,20.0,20.0,20.0,73.33333333333334,73.33333333333334,73.33333333333334,73.33333333333334,73.33333333333334,73.33333333333334,73.33333333333334,73.33333333333334,73.33333333333334,73.33333333333334
A,Annual,SVK,Slovak Republic,WB_RISE_EE_MEEP,Minimum Energy Efficiency Performance Standards,SCORE,Score,WB_RISE,Regulatory Indicators for Sustainable Energy (RISE),0,Units,A,Normal value,PU,Public,84.72222222222223,84.72222222222223,84.72222222222223,84.72222222222223,84.72222222222223,86.11111111111111,86.11111111111111,86.11111111111111,86.11111111111111,86.11111111111111,86.11111111111111,86.11111111111111,86.11111111111111,86.11111111111111
A,Annual,SVK,Slovak Republic,WB_RISE_EE_TRN,Transport Sector,SCORE,Score,WB_RISE,Regulatory Indicators for Sustainable Energy (RISE),0,Units,A,Normal value,PU,Public,25.0,25.0,25.0,25.0,41.66666666666667,41.66666666666667,58.333333333333336,83.33333333333334,83.33333333333334,83.33333333333334,83.33333333333334,83.33333333333334,83.33333333333334,83.33333333333334
A,Annual,SVK,Slovak Republic,WB_RISE_RE_ALL,Sustainable Energy - Renewable Energy Score,SCORE,Score,WB_RISE,Regulatory Indicators for Sustainable Energy (RISE),0,Units,A,Normal value,PU,Public,54.16137566137567,57.494708994709,57.494708994709,58.050264550264544,58.050264550264544,58.050264550264544,60.90740740740741,64.24074074074073,64.24074074074073,64.24074074074073,64.24074074074073,64.24074074074073,64.24074074074073,73.61111111111111
A,Annual,SVK,Slovak Republic,WB_RISE_RE_ELEC,Electricity Sector Renewables,SCORE,Score,WB_RISE,Regulatory Indicators for Sustainable Energy (RISE),0,Units,A,Normal value,PU,Public,61.75925925925926,61.75925925925926,61.75925925925926,64.53703703703704,64.53703703703704,64.53703703703704,64.53703703703704,64.53703703703704,64.53703703703704,64.53703703703704,64.53703703703704,64.53703703703704,64.53703703703704,66.94444444444444
A,Annual,SVK,Slovak Republic,WB_RISE_RE_GOV,Renewable Energy - Governance,SCORE,Score,WB_RISE,Regulatory Indicators for Sustainable Energy (RISE),0,Units,A,Normal value,PU,Public,85.71428571428572,85.71428571428572,85.71428571428572,85.71428571428572,85.71428571428572,85.71428571428572,100.0,100.0,100.0,100.0,100.0,100.0,100.0,100.0
A,Annual,SVK,Slovak Republic,WB_RISE_RE_HE_CO,Heating and Cooling Renewables,SCORE,Score,WB_RISE,Regulatory Indicators for Sustainable Energy (RISE),0,Units,A,Normal value,PU,Public,50.0,50.0,50.0,50.0,50.0,50.0,50.0,50.0,50.0,50.0,50.0,50.0,50.0,77.77777777777779
A,Annual,SVK,Slovak Republic,WB_RISE_RE_LVL_PLYNG_FLD,Leveling the Playing Field for Renewables,SCORE,Score,WB_RISE,Regulatory Indicators for Sustainable Energy (RISE),0,Units,A,Normal value,PU,Public,40.0,40.0,40.0,40.0,40.0,40.0,40.0,40.0,40.0,40.0,40.0,40.0,40.0,40.0
A,Annual,SVK,Slovak Republic,WB_RISE_RE_TRNS,Transport Sector Renewables,SCORE,Score,WB_RISE,Regulatory Indicators for Sustainable Energy (RISE),0,Units,A,Normal value,PU,Public,33.333333333333336,50.0,50.0,50.0,50.0,50.0,50.0,66.66666666666667,66.66666666666667,66.66666666666667,66.66666666666667,66.66666666666667,66.66666666666667,83.33333333333333
A,Annual,SWE,Sweden,WB_RISE_EE_ALL,Sustainable Energy - Energy Efficiency Score,SCORE,Score,WB_RISE,Regulatory Indicators for Sustainable Energy (RISE),0,Units,A,Normal value,PU,Public,8.179012345679011,10.043209876543209,13.932098765432098,18.19135802469136,19.117283950617285,20.96913580246914,20.96913580246914,48.56172839506173,72.48148148148148,73.5925925925926,75.14814814814815,75.14814814814815,75.14814814814815,75.14814814814815
A,Annual,SWE,Sweden,WB_RISE_EE_BEC,Building Energy Codes,SCORE,Score,WB_RISE,Regulatory Indicators for Sustainable Energy (RISE),0,Units,A,Normal value,PU,Public,0.0,0.0,0.0,13.333333333333334,13.333333333333334,13.333333333333334,13.333333333333334,13.333333333333334,13.333333333333334,13.333333333333334,13.333333333333334,13.333333333333334,13.333333333333334,13.333333333333334
A,Annual,SWE,Sweden,WB_RISE_EE_EES,Energy Efficiency Governance,SCORE,Score,WB_RISE,Regulatory Indicators for Sustainable Energy (RISE),0,Units,A,Normal value,PU,Public,2.777777777777778,19.55555555555556,44.55555555555556,44.55555555555556,44.55555555555556,44.55555555555556,44.55555555555556,67.33333333333334,84.0,94.0,98.0,98.0,98.0,98.0
A,Annual,SWE,Sweden,WB_RISE_EE_ELS,Energy Labeling Systems,SCORE,Score,WB_RISE,Regulatory Indicators for Sustainable Energy (RISE),0,Units,A,Normal value,PU,Public,8.333333333333334,8.333333333333334,8.333333333333334,8.333333333333334,8.333333333333334,8.333333333333334,8.333333333333334,37.5,75.0,75.0,75.0,75.0,75.0,75.0
A,Annual,SWE,Sweden,WB_RISE_EE_FMEE,Financing Mechanisms for Energy Efficiency,SCORE,Score,WB_RISE,Regulatory Indicators for Sustainable Energy (RISE),0,Units,A,Normal value,PU,Public,50.0,50.0,50.0,50.0,50.0,66.66666666666667,66.66666666666667,100.0,100.0,100.0,100.0,100.0,100.0,100.0
A,Annual,SWE,Sweden,WB_RISE_EE_IMIC,Industrial and Commercial End Users,SCORE,Score,WB_RISE,Regulatory Indicators for Sustainable Energy (RISE),0,Units,A,Normal value,PU,Public,12.5,12.5,12.5,12.5,12.5,12.5,12.5,62.5,100.0,100.0,100.0,100.0,100.0,100.0
A,Annual,SWE,Sweden,WB_RISE_EE_IMPS,Energy Efficiency in Public Sector,SCORE,Score,WB_RISE,Regulatory Indicators for Sustainable Energy (RISE),0,Units,A,Normal value,PU,Public,0.0,0.0,0.0,16.666666666666668,16.666666666666668,16.666666666666668,16.666666666666668,50.0,66.66666666666667,66.66666666666667,66.66666666666667,66.66666666666667,66.66666666666667,66.66666666666667
A,Annual,SWE,Sweden,WB_RISE_EE_IMUT,Incentives & Mandates: Energy Utility Programs,SCORE,Score,WB_RISE,Regulatory Indicators for Sustainable Energy (RISE),0,Units,A,Normal value,PU,Public,0.0,0.0,10.0,10.0,10.0,10.0,10.0,46.66666666666667,80.0,80.0,90.0,90.0,90.0,90.0
A,Annual,SWE,Sweden,WB_RISE_EE_MEEP,Minimum Energy Efficiency Performance Standards,SCORE,Score,WB_RISE,Regulatory Indicators for Sustainable Energy (RISE),0,Units,A,Normal value,PU,Public,0.0,0.0,0.0,8.333333333333334,16.666666666666668,16.666666666666668,16.666666666666668,59.72222222222222,91.66666666666669,91.66666666666669,91.66666666666669,91.66666666666669,91.66666666666669,91.66666666666669
A,Annual,SWE,Sweden,WB_RISE_EE_TRN,Transport Sector,SCORE,Score,WB_RISE,Regulatory Indicators for Sustainable Energy (RISE),0,Units,A,Normal value,PU,Public,0.0,0.0,0.0,0.0,0.0,0.0,0.0,0.0,41.66666666666667,41.66666666666667,41.66666666666667,41.66666666666667,41.66666666666667,41.66666666666667
A,Annual,SWE,Sweden,WB_RISE_RE_ALL,Sustainable Energy - Renewable Energy Score,SCORE,Score,WB_RISE,Regulatory Indicators for Sustainable Energy (RISE),0,Units,A,Normal value,PU,Public,7.095238095238095,10.428571428571429,10.428571428571429,12.412698412698411,13.523809523809524,14.19047619047619,15.764550264550266,37.8015873015873,59.88095238095239,59.88095238095239,59.88095238095239,59.88095238095239,59.88095238095239,83.15873015873015
A,Annual,SWE,Sweden,WB_RISE_RE_ELEC,Electricity Sector Renewables,SCORE,Score,WB_RISE,Regulatory Indicators for Sustainable Energy (RISE),0,Units,A,Normal value,PU,Public,28.33333333333333,28.33333333333333,28.33333333333333,31.11111111111111,36.66666666666666,40.0,47.87037037037037,58.05555555555557,64.16666666666667,64.16666666666667,64.16666666666667,64.16666666666667,64.16666666666667,79.44444444444444
A,Annual,SWE,Sweden,WB_RISE_RE_GOV,Renewable Energy - Governance,SCORE,Score,WB_RISE,Regulatory Indicators for Sustainable Energy (RISE),0,Units,A,Normal value,PU,Public,7.142857142857143,7.142857142857143,7.142857142857143,14.285714285714286,14.285714285714286,14.285714285714286,14.285714285714286,64.28571428571429,78.57142857142857,78.57142857142857,78.57142857142857,78.57142857142857,78.57142857142857,78.57142857142857
A,Annual,SWE,Sweden,WB_RISE_RE_HE_CO,Heating and Cooling Renewables,SCORE,Score,WB_RISE,Regulatory Indicators for Sustainable Energy (RISE),0,Units,A,Normal value,PU,Public,0.0,0.0,0.0,0.0,0.0,0.0,0.0,50.0,50.0,50.0,50.0,50.0,50.0,77.77777777777779
A,Annual,SWE,Sweden,WB_RISE_RE_LVL_PLYNG_FLD,Leveling the Playing Field for Renewables,SCORE,Score,WB_RISE,Regulatory Indicators for Sustainable Energy (RISE),0,Units,A,Normal value,PU,Public,0.0,0.0,0.0,0.0,0.0,0.0,0.0,0.0,40.0,40.0,40.0,40.0,40.0,80.0
A,Annual,SWE,Sweden,WB_RISE_RE_TRNS,Transport Sector Renewables,SCORE,Score,WB_RISE,Regulatory Indicators for Sustainable Energy (RISE),0,Units,A,Normal value,PU,Public,0.0,16.666666666666668,16.666666666666668,16.666666666666668,16.666666666666668,16.666666666666668,16.666666666666668,16.666666666666668,66.66666666666667,66.66666666666667,66.66666666666667,66.66666666666667,66.66666666666667,100.0
A,Annual,TCD,Chad,WB_RISE_CC_ALL,Sustainable Energy - Clean Cooking Score,SCORE,Score,WB_RISE,Regulatory Indicators for Sustainable Energy (RISE),0,Units,A,Normal value,PU,Public,15.833333333333332,15.833333333333332,15.833333333333332,15.833333333333332,15.833333333333332,15.833333333333332,15.833333333333332,15.833333333333332,15.833333333333332,24.166666666666668,26.25,33.47222222222222,33.47222222222222,34.86111111111111
A,Annual,TCD,Chad,WB_RISE_CC_CCP,Clean Cooking National Planning,SCORE,Score,WB_RISE,Regulatory Indicators for Sustainable Energy (RISE),0,Units,A,Normal value,PU,Public,40.0,40.0,40.0,40.0,40.0,40.0,40.0,40.0,40.0,40.0,40.0,46.66666666666666,46.66666666666666,46.66666666666666
A,Annual,TCD,Chad,WB_RISE_CC_FIAC,Incentives and Attributes for Clean Cooking,SCORE,Score,WB_RISE,Regulatory Indicators for Sustainable Energy (RISE),0,Units,A,Normal value,PU,Public,16.666666666666668,16.666666666666668,16.666666666666668,16.666666666666668,16.666666666666668,16.666666666666668,16.666666666666668,16.666666666666668,16.666666666666668,16.666666666666668,25.0,41.66666666666666,41.66666666666666,41.66666666666666
A,Annual,TCD,Chad,WB_RISE_CC_SCCP,Implementation Scope of Clean Cooking Planning,SCORE,Score,WB_RISE,Regulatory Indicators for Sustainable Energy (RISE),0,Units,A,Normal value,PU,Public,6.666666666666667,6.666666666666667,6.666666666666667,6.666666666666667,6.666666666666667,6.666666666666667,6.666666666666667,6.666666666666667,6.666666666666667,6.666666666666667,6.666666666666667,12.222222222222223,12.222222222222223,17.77777777777778
A,Annual,TCD,Chad,WB_RISE_CC_STLA,Standards and Labeling,SCORE,Score,WB_RISE,Regulatory Indicators for Sustainable Energy (RISE),0,Units,A,Normal value,PU,Public,0.0,0.0,0.0,0.0,0.0,0.0,0.0,0.0,0.0,33.333333333333336,33.333333333333336,33.333333333333336,33.333333333333336,33.333333333333336
A,Annual,TCD,Chad,WB_RISE_CON_AFEL,Consumer Affordability of Electricity,SCORE,Score,WB_RISE,Regulatory Indicators for Sustainable Energy (RISE),0,Units,A,Normal value,PU,Public,34.10766666666667,34.10766666666667,34.10766666666667,34.10766666666667,34.10766666666667,34.10766666666667,34.10766666666667,34.10766666666667,34.10766666666667,34.10766666666667,34.10766666666667,50.77433333333333,50.77433333333333,50.77433333333333
A,Annual,TCD,Chad,WB_RISE_EA_ALL,Sustainable Energy - Electricity Access Score,SCORE,Score,WB_RISE,Regulatory Indicators for Sustainable Energy (RISE),0,Units,A,Normal value,PU,Public,11.371797883597884,11.371797883597884,21.05433756613757,21.05433756613757,21.05433756613757,21.05433756613757,21.05433756613757,21.05433756613757,21.05433756613757,37.297723809523816,37.297723809523816,61.13899365079366,61.13899365079366,55.42470793650794
A,Annual,TCD,Chad,WB_RISE_EE_ALL,Sustainable Energy - Energy Efficiency Score,SCORE,Score,WB_RISE,Regulatory Indicators for Sustainable Energy (RISE),0,Units,A,Normal value,PU,Public,7.870370370370371,7.870370370370371,11.944444444444446,11.944444444444446,11.944444444444446,11.944444444444446,11.944444444444446,11.944444444444446,14.90740740740741,39.90740740740742,39.90740740740742,39.90740740740742,39.90740740740742,39.90740740740742
A,Annual,TCD,Chad,WB_RISE_EE_BEC,Building Energy Codes,SCORE,Score,WB_RISE,Regulatory Indicators for Sustainable Energy (RISE),0,Units,A,Normal value,PU,Public,0.0,0.0,0.0,0.0,0.0,0.0,0.0,0.0,0.0,31.666666666666668,31.666666666666668,31.666666666666668,31.666666666666668,31.666666666666668
A,Annual,TCD,Chad,WB_RISE_EE_EES,Energy Efficiency Governance,SCORE,Score,WB_RISE,Regulatory Indicators for Sustainable Energy (RISE),0,Units,A,Normal value,PU,Public,0.0,0.0,0.0,0.0,0.0,0.0,0.0,0.0,10.0,60.0,60.0,60.0,60.0,60.0
A,Annual,TCD,Chad,WB_RISE_EE_ELS,Energy Labeling Systems,SCORE,Score,WB_RISE,Regulatory Indicators for Sustainable Energy (RISE),0,Units,A,Normal value,PU,Public,0.0,0.0,0.0,0.0,0.0,0.0,0.0,0.0,0.0,41.66666666666666,41.66666666666666,41.66666666666666,41.66666666666666,41.66666666666666
A,Annual,TCD,Chad,WB_RISE_EE_FMEE,Financing Mechanisms for Energy Efficiency,SCORE,Score,WB_RISE,Regulatory Indicators for Sustainable Energy (RISE),0,Units,A,Normal value,PU,Public,0.0,0.0,0.0,0.0,0.0,0.0,0.0,0.0,0.0,0.0,0.0,0.0,0.0,0.0
A,Annual,TCD,Chad,WB_RISE_EE_IMIC,Industrial and Commercial End Users,SCORE,Score,WB_RISE,Regulatory Indicators for Sustainable Energy (RISE),0,Units,A,Normal value,PU,Public,37.5,37.5,37.5,37.5,37.5,37.5,37.5,37.5,37.5,50.0,50.0,50.0,50.0,50.0
A,Annual,TCD,Chad,WB_RISE_EE_IMPS,Energy Efficiency in Public Sector,SCORE,Score,WB_RISE,Regulatory Indicators for Sustainable Energy (RISE),0,Units,A,Normal value,PU,Public,16.666666666666668,16.666666666666668,33.333333333333336,33.333333333333336,33.333333333333336,33.333333333333336,33.333333333333336,33.333333333333336,33.333333333333336,33.333333333333336,33.333333333333336,33.333333333333336,33.333333333333336,33.333333333333336
A,Annual,TCD,Chad,WB_RISE_EE_IMUT,Incentives & Mandates: Energy Utility Programs,SCORE,Score,WB_RISE,Regulatory Indicators for Sustainable Energy (RISE),0,Units,A,Normal value,PU,Public,16.666666666666668,16.666666666666668,36.66666666666667,36.66666666666667,36.66666666666667,36.66666666666667,36.66666666666667,36.66666666666667,53.333333333333336,80.0,80.0,80.0,80.0,80.0
A,Annual,TCD,Chad,WB_RISE_EE_MEEP,Minimum Energy Efficiency Performance Standards,SCORE,Score,WB_RISE,Regulatory Indicators for Sustainable Energy (RISE),0,Units,A,Normal value,PU,Public,0.0,0.0,0.0,0.0,0.0,0.0,0.0,0.0,0.0,62.5,62.5,62.5,62.5,62.5
A,Annual,TCD,Chad,WB_RISE_EE_TRN,Transport Sector,SCORE,Score,WB_RISE,Regulatory Indicators for Sustainable Energy (RISE),0,Units,A,Normal value,PU,Public,0.0,0.0,0.0,0.0,0.0,0.0,0.0,0.0,0.0,0.0,0.0,0.0,0.0,0.0
A,Annual,TCD,Chad,WB_RISE_ELTN_PL,Electrification Governance and Planning,SCORE,Score,WB_RISE,Regulatory Indicators for Sustainable Energy (RISE),0,Units,A,Normal value,PU,Public,9.523809523809524,9.523809523809524,9.523809523809524,9.523809523809524,9.523809523809524,9.523809523809524,9.523809523809524,9.523809523809524,9.523809523809524,9.523809523809524,9.523809523809524,67.61904761904762,67.61904761904762,48.57142857142858
A,Annual,TCD,Chad,WB_RISE_FRM_MGRI,Minigrids Framework,SCORE,Score,WB_RISE,Regulatory Indicators for Sustainable Energy (RISE),0,Units,A,Normal value,PU,Public,13.227513227513228,13.227513227513228,22.75132275132275,22.75132275132275,22.75132275132275,22.75132275132275,22.75132275132275,22.75132275132275,22.75132275132275,53.968253968253975,53.968253968253975,53.968253968253975,53.968253968253975,44.44444444444445
A,Annual,TCD,Chad,WB_RISE_FRM_OGS,Off-Grid Systems Framework,SCORE,Score,WB_RISE,Regulatory Indicators for Sustainable Energy (RISE),0,Units,A,Normal value,PU,Public,0.0,0.0,5.555555555555556,5.555555555555556,5.555555555555556,5.555555555555556,5.555555555555556,5.555555555555556,5.555555555555556,22.222222222222225,22.222222222222225,66.66666666666667,66.66666666666667,66.66666666666667
A,Annual,TCD,Chad,WB_RISE_FR_GREL,Grid Electrification Framework,SCORE,Score,WB_RISE,Regulatory Indicators for Sustainable Energy (RISE),0,Units,A,Normal value,PU,Public,0.0,0.0,33.333333333333336,33.333333333333336,33.333333333333336,33.333333333333336,33.333333333333336,33.333333333333336,33.333333333333336,66.66666666666667,66.66666666666667,66.66666666666667,66.66666666666667,66.66666666666667
A,Annual,TCD,Chad,WB_RISE_RE_ALL,Sustainable Energy - Renewable Energy Score,SCORE,Score,WB_RISE,Regulatory Indicators for Sustainable Energy (RISE),0,Units,A,Normal value,PU,Public,0.0,0.0,0.0,0.0,0.0,0.0,3.333333333333333,3.333333333333333,14.722222222222223,38.48148148148148,38.48148148148148,51.81481481481482,51.81481481481482,32.092592592592595
A,Annual,TCD,Chad,WB_RISE_RE_ELEC,Electricity Sector Renewables,SCORE,Score,WB_RISE,Regulatory Indicators for Sustainable Energy (RISE),0,Units,A,Normal value,PU,Public,0.0,0.0,0.0,0.0,0.0,0.0,0.0,0.0,23.61111111111111,59.07407407407408,59.07407407407408,59.07407407407408,59.07407407407408,52.129629629629626
A,Annual,TCD,Chad,WB_RISE_RE_GOV,Renewable Energy - Governance,SCORE,Score,WB_RISE,Regulatory Indicators for Sustainable Energy (RISE),0,Units,A,Normal value,PU,Public,0.0,0.0,0.0,0.0,0.0,0.0,0.0,0.0,33.333333333333336,100.0,100.0,100.0,100.0,75.0
A,Annual,TCD,Chad,WB_RISE_RE_HE_CO,Heating and Cooling Renewables,SCORE,Score,WB_RISE,Regulatory Indicators for Sustainable Energy (RISE),0,Units,A,Normal value,PU,Public,0.0,0.0,0.0,0.0,0.0,0.0,0.0,0.0,0.0,16.666666666666668,16.666666666666668,50.0,50.0,0.0
A,Annual,TCD,Chad,WB_RISE_RE_LVL_PLYNG_FLD,Leveling the Playing Field for Renewables,SCORE,Score,WB_RISE,Regulatory Indicators for Sustainable Energy (RISE),0,Units,A,Normal value,PU,Public,0.0,0.0,0.0,0.0,0.0,0.0,0.0,0.0,0.0,0.0,0.0,0.0,0.0,0.0
A,Annual,TCD,Chad,WB_RISE_RE_TRNS,Transport Sector Renewables,SCORE,Score,WB_RISE,Regulatory Indicators for Sustainable Energy (RISE),0,Units,A,Normal value,PU,Public,0.0,0.0,0.0,0.0,0.0,0.0,16.666666666666668,16.666666666666668,16.666666666666668,16.666666666666668,16.666666666666668,50.0,50.0,33.333333333333336
A,Annual,TGO,Togo,WB_RISE_CC_ALL,Sustainable Energy - Clean Cooking Score,SCORE,Score,WB_RISE,Regulatory Indicators for Sustainable Energy (RISE),0,Units,A,Normal value,PU,Public,0.0,0.0,0.0,0.0,0.0,0.0,0.0,5.0,5.0,5.0,5.0,6.666666666666667,16.944444444444446,16.944444444444446
A,Annual,TGO,Togo,WB_RISE_CC_CCP,Clean Cooking National Planning,SCORE,Score,WB_RISE,Regulatory Indicators for Sustainable Energy (RISE),0,Units,A,Normal value,PU,Public,0.0,0.0,0.0,0.0,0.0,0.0,0.0,20.0,20.0,20.0,20.0,26.666666666666668,44.44444444444445,44.44444444444445
A,Annual,TGO,Togo,WB_RISE_CC_FIAC,Incentives and Attributes for Clean Cooking,SCORE,Score,WB_RISE,Regulatory Indicators for Sustainable Energy (RISE),0,Units,A,Normal value,PU,Public,0.0,0.0,0.0,0.0,0.0,0.0,0.0,0.0,0.0,0.0,0.0,0.0,0.0,0.0
A,Annual,TGO,Togo,WB_RISE_CC_SCCP,Implementation Scope of Clean Cooking Planning,SCORE,Score,WB_RISE,Regulatory Indicators for Sustainable Energy (RISE),0,Units,A,Normal value,PU,Public,0.0,0.0,0.0,0.0,0.0,0.0,0.0,0.0,0.0,0.0,0.0,0.0,5.555555555555556,5.555555555555556
A,Annual,TGO,Togo,WB_RISE_CC_STLA,Standards and Labeling,SCORE,Score,WB_RISE,Regulatory Indicators for Sustainable Energy (RISE),0,Units,A,Normal value,PU,Public,0.0,0.0,0.0,0.0,0.0,0.0,0.0,0.0,0.0,0.0,0.0,0.0,17.77777777777778,17.77777777777778
A,Annual,TGO,Togo,WB_RISE_CON_AFEL,Consumer Affordability of Electricity,SCORE,Score,WB_RISE,Regulatory Indicators for Sustainable Energy (RISE),0,Units,A,Normal value,PU,Public,79.60000000000001,79.60000000000001,79.60000000000001,79.60000000000001,79.60000000000001,79.60000000000001,79.60000000000001,79.60000000000001,79.60000000000001,79.60000000000001,79.60000000000001,79.60000000000001,79.60000000000001,79.60000000000001
A,Annual,TGO,Togo,WB_RISE_EA_ALL,Sustainable Energy - Electricity Access Score,SCORE,Score,WB_RISE,Regulatory Indicators for Sustainable Energy (RISE),0,Units,A,Normal value,PU,Public,15.920000000000002,15.920000000000002,15.920000000000002,15.920000000000002,15.920000000000002,15.920000000000002,15.920000000000002,23.53904761904762,48.586666666666666,61.02052910052911,61.97291005291006,61.97291005291006,78.42793650793651,79.76126984126985
A,Annual,TGO,Togo,WB_RISE_EE_ALL,Sustainable Energy - Energy Efficiency Score,SCORE,Score,WB_RISE,Regulatory Indicators for Sustainable Energy (RISE),0,Units,A,Normal value,PU,Public,0.0,0.0,0.0,0.0,0.0,10.771604938271604,10.771604938271604,10.771604938271604,16.32716049382716,27.80864197530864,29.19753086419753,29.19753086419753,30.123456790123456,30.123456790123456
A,Annual,TGO,Togo,WB_RISE_EE_BEC,Building Energy Codes,SCORE,Score,WB_RISE,Regulatory Indicators for Sustainable Energy (RISE),0,Units,A,Normal value,PU,Public,0.0,0.0,0.0,0.0,0.0,0.0,0.0,0.0,0.0,0.0,0.0,0.0,0.0,0.0
A,Annual,TGO,Togo,WB_RISE_EE_EES,Energy Efficiency Governance,SCORE,Score,WB_RISE,Regulatory Indicators for Sustainable Energy (RISE),0,Units,A,Normal value,PU,Public,0.0,0.0,0.0,0.0,0.0,51.11111111111112,51.11111111111112,51.11111111111112,67.77777777777779,67.77777777777779,67.77777777777779,67.77777777777779,67.77777777777779,67.77777777777779
A,Annual,TGO,Togo,WB_RISE_EE_ELS,Energy Labeling Systems,SCORE,Score,WB_RISE,Regulatory Indicators for Sustainable Energy (RISE),0,Units,A,Normal value,PU,Public,0.0,0.0,0.0,0.0,0.0,0.0,0.0,0.0,0.0,25.0,37.5,37.5,37.5,37.5
A,Annual,TGO,Togo,WB_RISE_EE_FMEE,Financing Mechanisms for Energy Efficiency,SCORE,Score,WB_RISE,Regulatory Indicators for Sustainable Energy (RISE),0,Units,A,Normal value,PU,Public,0.0,0.0,0.0,0.0,0.0,0.0,0.0,0.0,0.0,0.0,0.0,0.0,0.0,0.0
A,Annual,TGO,Togo,WB_RISE_EE_IMIC,Industrial and Commercial End Users,SCORE,Score,WB_RISE,Regulatory Indicators for Sustainable Energy (RISE),0,Units,A,Normal value,PU,Public,0.0,0.0,0.0,0.0,0.0,37.5,37.5,37.5,37.5,37.5,37.5,37.5,37.5,37.5
A,Annual,TGO,Togo,WB_RISE_EE_IMPS,Energy Efficiency in Public Sector,SCORE,Score,WB_RISE,Regulatory Indicators for Sustainable Energy (RISE),0,Units,A,Normal value,PU,Public,0.0,0.0,0.0,0.0,0.0,0.0,0.0,0.0,0.0,0.0,0.0,0.0,0.0,0.0
A,Annual,TGO,Togo,WB_RISE_EE_IMUT,Incentives & Mandates: Energy Utility Programs,SCORE,Score,WB_RISE,Regulatory Indicators for Sustainable Energy (RISE),0,Units,A,Normal value,PU,Public,0.0,0.0,0.0,0.0,0.0,0.0,0.0,0.0,33.333333333333336,53.333333333333336,53.333333333333336,53.333333333333336,53.333333333333336,53.333333333333336
A,Annual,TGO,Togo,WB_RISE_EE_MEEP,Minimum Energy Efficiency Performance Standards,SCORE,Score,WB_RISE,Regulatory Indicators for Sustainable Energy (RISE),0,Units,A,Normal value,PU,Public,0.0,0.0,0.0,0.0,0.0,8.333333333333334,8.333333333333334,8.333333333333334,8.333333333333334,66.66666666666666,66.66666666666666,66.66666666666666,75.0,75.0
A,Annual,TGO,Togo,WB_RISE_EE_TRN,Transport Sector,SCORE,Score,WB_RISE,Regulatory Indicators for Sustainable Energy (RISE),0,Units,A,Normal value,PU,Public,0.0,0.0,0.0,0.0,0.0,0.0,0.0,0.0,0.0,0.0,0.0,0.0,0.0,0.0
A,Annual,TGO,Togo,WB_RISE_ELTN_PL,Electrification Governance and Planning,SCORE,Score,WB_RISE,Regulatory Indicators for Sustainable Energy (RISE),0,Units,A,Normal value,PU,Public,0.0,0.0,0.0,0.0,0.0,0.0,0.0,4.761904761904762,65.71428571428571,65.71428571428571,65.71428571428571,65.71428571428571,65.71428571428571,72.38095238095238
A,Annual,TGO,Togo,WB_RISE_FRM_MGRI,Minigrids Framework,SCORE,Score,WB_RISE,Regulatory Indicators for Sustainable Energy (RISE),0,Units,A,Normal value,PU,Public,0.0,0.0,0.0,0.0,0.0,0.0,0.0,0.0,14.285714285714286,26.455026455026456,31.21693121693121,31.21693121693121,63.49206349206349,63.49206349206349
A,Annual,TGO,Togo,WB_RISE_FRM_OGS,Off-Grid Systems Framework,SCORE,Score,WB_RISE,Regulatory Indicators for Sustainable Energy (RISE),0,Units,A,Normal value,PU,Public,0.0,0.0,0.0,0.0,0.0,0.0,0.0,33.333333333333336,50.0,66.66666666666667,66.66666666666667,66.66666666666667,100.0,100.0
A,Annual,TGO,Togo,WB_RISE_FR_GREL,Grid Electrification Framework,SCORE,Score,WB_RISE,Regulatory Indicators for Sustainable Energy (RISE),0,Units,A,Normal value,PU,Public,0.0,0.0,0.0,0.0,0.0,0.0,0.0,0.0,33.333333333333336,66.66666666666667,66.66666666666667,66.66666666666667,83.33333333333333,83.33333333333333
A,Annual,TGO,Togo,WB_RISE_RE_ALL,Sustainable Energy - Renewable Energy Score,SCORE,Score,WB_RISE,Regulatory Indicators for Sustainable Energy (RISE),0,Units,A,Normal value,PU,Public,3.055555555555556,3.055555555555556,4.444444444444445,4.444444444444445,4.444444444444445,11.11111111111111,15.0,16.42857142857143,20.984126984126984,20.984126984126984,28.84126984126984,38.84126984126985,38.84126984126985,30.58730158730159
A,Annual,TGO,Togo,WB_RISE_RE_ELEC,Electricity Sector Renewables,SCORE,Score,WB_RISE,Regulatory Indicators for Sustainable Energy (RISE),0,Units,A,Normal value,PU,Public,15.27777777777778,15.27777777777778,22.222222222222225,22.222222222222225,22.222222222222225,38.88888888888889,41.66666666666666,41.66666666666666,44.44444444444445,44.44444444444445,44.44444444444445,44.44444444444445,44.44444444444445,42.22222222222222
A,Annual,TGO,Togo,WB_RISE_RE_GOV,Renewable Energy - Governance,SCORE,Score,WB_RISE,Regulatory Indicators for Sustainable Energy (RISE),0,Units,A,Normal value,PU,Public,0.0,0.0,0.0,0.0,0.0,0.0,16.666666666666668,23.80952380952381,23.80952380952381,23.80952380952381,63.0952380952381,63.0952380952381,63.0952380952381,44.04761904761905
A,Annual,TGO,Togo,WB_RISE_RE_HE_CO,Heating and Cooling Renewables,SCORE,Score,WB_RISE,Regulatory Indicators for Sustainable Energy (RISE),0,Units,A,Normal value,PU,Public,0.0,0.0,0.0,0.0,0.0,16.666666666666668,16.666666666666668,16.666666666666668,16.666666666666668,16.666666666666668,16.666666666666668,33.333333333333336,33.333333333333336,33.333333333333336
A,Annual,TGO,Togo,WB_RISE_RE_LVL_PLYNG_FLD,Leveling the Playing Field for Renewables,SCORE,Score,WB_RISE,Regulatory Indicators for Sustainable Energy (RISE),0,Units,A,Normal value,PU,Public,0.0,0.0,0.0,0.0,0.0,0.0,0.0,0.0,20.0,20.0,20.0,20.0,20.0,0.0
A,Annual,TGO,Togo,WB_RISE_RE_TRNS,Transport Sector Renewables,SCORE,Score,WB_RISE,Regulatory Indicators for Sustainable Energy (RISE),0,Units,A,Normal value,PU,Public,0.0,0.0,0.0,0.0,0.0,0.0,0.0,0.0,0.0,0.0,0.0,33.333333333333336,33.333333333333336,33.333333333333336
A,Annual,THA,Thailand,WB_RISE_EE_ALL,Sustainable Energy - Energy Efficiency Score,SCORE,Score,WB_RISE,Regulatory Indicators for Sustainable Energy (RISE),0,Units,A,Normal value,PU,Public,13.88888888888889,28.395061728395063,30.55555555555556,30.55555555555556,33.48765432098765,55.52469135802468,55.52469135802468,59.22839506172839,59.22839506172839,59.22839506172839,59.22839506172839,61.3888888888889,63.24074074074075,69.53703703703704
A,Annual,THA,Thailand,WB_RISE_EE_BEC,Building Energy Codes,SCORE,Score,WB_RISE,Regulatory Indicators for Sustainable Energy (RISE),0,Units,A,Normal value,PU,Public,33.333333333333336,33.333333333333336,33.333333333333336,33.333333333333336,33.333333333333336,33.333333333333336,33.333333333333336,33.333333333333336,33.333333333333336,33.333333333333336,33.333333333333336,33.333333333333336,33.333333333333336,33.333333333333336
A,Annual,THA,Thailand,WB_RISE_EE_EES,Energy Efficiency Governance,SCORE,Score,WB_RISE,Regulatory Indicators for Sustainable Energy (RISE),0,Units,A,Normal value,PU,Public,0.0,0.0,2.777777777777778,2.777777777777778,19.444444444444446,70.55555555555556,70.55555555555556,70.55555555555556,70.55555555555556,70.55555555555556,70.55555555555556,73.33333333333334,73.33333333333334,90.0
A,Annual,THA,Thailand,WB_RISE_EE_ELS,Energy Labeling Systems,SCORE,Score,WB_RISE,Regulatory Indicators for Sustainable Energy (RISE),0,Units,A,Normal value,PU,Public,8.333333333333334,16.666666666666668,16.666666666666668,16.666666666666668,20.833333333333336,70.83333333333333,70.83333333333333,70.83333333333333,70.83333333333333,70.83333333333333,70.83333333333333,70.83333333333333,70.83333333333333,70.83333333333333
A,Annual,THA,Thailand,WB_RISE_EE_FMEE,Financing Mechanisms for Energy Efficiency,SCORE,Score,WB_RISE,Regulatory Indicators for Sustainable Energy (RISE),0,Units,A,Normal value,PU,Public,33.333333333333336,33.333333333333336,50.0,50.0,50.0,50.0,50.0,50.0,50.0,50.0,50.0,50.0,50.0,50.0
A,Annual,THA,Thailand,WB_RISE_EE_IMIC,Industrial and Commercial End Users,SCORE,Score,WB_RISE,Regulatory Indicators for Sustainable Energy (RISE),0,Units,A,Normal value,PU,Public,25.0,100.0,100.0,100.0,100.0,100.0,100.0,100.0,100.0,100.0,100.0,100.0,100.0,100.0
A,Annual,THA,Thailand,WB_RISE_EE_IMPS,Energy Efficiency in Public Sector,SCORE,Score,WB_RISE,Regulatory Indicators for Sustainable Energy (RISE),0,Units,A,Normal value,PU,Public,0.0,33.333333333333336,33.333333333333336,33.333333333333336,33.333333333333336,50.0,50.0,83.33333333333334,83.33333333333334,83.33333333333334,83.33333333333334,100.0,100.0,100.0
A,Annual,THA,Thailand,WB_RISE_EE_IMUT,Incentives & Mandates: Energy Utility Programs,SCORE,Score,WB_RISE,Regulatory Indicators for Sustainable Energy (RISE),0,Units,A,Normal value,PU,Public,16.666666666666668,16.666666666666668,16.666666666666668,16.666666666666668,16.666666666666668,50.0,50.0,50.0,50.0,50.0,50.0,50.0,50.0,90.0
A,Annual,THA,Thailand,WB_RISE_EE_MEEP,Minimum Energy Efficiency Performance Standards,SCORE,Score,WB_RISE,Regulatory Indicators for Sustainable Energy (RISE),0,Units,A,Normal value,PU,Public,8.333333333333334,22.222222222222225,22.222222222222225,22.222222222222225,27.77777777777778,75.0,75.0,75.0,75.0,75.0,75.0,75.0,75.0,75.0
A,Annual,THA,Thailand,WB_RISE_EE_TRN,Transport Sector,SCORE,Score,WB_RISE,Regulatory Indicators for Sustainable Energy (RISE),0,Units,A,Normal value,PU,Public,0.0,0.0,0.0,0.0,0.0,0.0,0.0,0.0,0.0,0.0,0.0,0.0,16.666666666666668,16.666666666666668
A,Annual,THA,Thailand,WB_RISE_RE_ALL,Sustainable Energy - Renewable Energy Score,SCORE,Score,WB_RISE,Regulatory Indicators for Sustainable Energy (RISE),0,Units,A,Normal value,PU,Public,5.714285714285714,5.714285714285714,5.714285714285714,5.714285714285714,6.455026455026456,32.56613756613757,32.56613756613757,33.232804232804234,33.232804232804234,34.8994708994709,34.8994708994709,35.64021164021164,35.64021164021164,49.5925925925926
A,Annual,THA,Thailand,WB_RISE_RE_ELEC,Electricity Sector Renewables,SCORE,Score,WB_RISE,Regulatory Indicators for Sustainable Energy (RISE),0,Units,A,Normal value,PU,Public,0.0,0.0,0.0,0.0,3.703703703703704,17.59259259259259,17.59259259259259,20.925925925925924,20.925925925925924,29.259259259259256,29.259259259259256,32.96296296296296,32.96296296296296,41.851851851851855
A,Annual,THA,Thailand,WB_RISE_RE_GOV,Renewable Energy - Governance,SCORE,Score,WB_RISE,Regulatory Indicators for Sustainable Energy (RISE),0,Units,A,Normal value,PU,Public,28.571428571428573,28.571428571428573,28.571428571428573,28.571428571428573,28.571428571428573,78.57142857142857,78.57142857142857,78.57142857142857,78.57142857142857,78.57142857142857,78.57142857142857,78.57142857142857,78.57142857142857,91.66666666666666
A,Annual,THA,Thailand,WB_RISE_RE_HE_CO,Heating and Cooling Renewables,SCORE,Score,WB_RISE,Regulatory Indicators for Sustainable Energy (RISE),0,Units,A,Normal value,PU,Public,0.0,0.0,0.0,0.0,0.0,33.333333333333336,33.333333333333336,33.333333333333336,33.333333333333336,33.333333333333336,33.333333333333336,33.333333333333336,33.333333333333336,44.44444444444445
A,Annual,THA,Thailand,WB_RISE_RE_LVL_PLYNG_FLD,Leveling the Playing Field for Renewables,SCORE,Score,WB_RISE,Regulatory Indicators for Sustainable Energy (RISE),0,Units,A,Normal value,PU,Public,0.0,0.0,0.0,0.0,0.0,0.0,0.0,0.0,0.0,0.0,0.0,0.0,0.0,20.0
A,Annual,THA,Thailand,WB_RISE_RE_TRNS,Transport Sector Renewables,SCORE,Score,WB_RISE,Regulatory Indicators for Sustainable Energy (RISE),0,Units,A,Normal value,PU,Public,0.0,0.0,0.0,0.0,0.0,33.333333333333336,33.333333333333336,33.333333333333336,33.333333333333336,33.333333333333336,33.333333333333336,33.333333333333336,33.333333333333336,50.0
A,Annual,TJK,Tajikistan,WB_RISE_EE_ALL,Sustainable Energy - Energy Efficiency Score,SCORE,Score,WB_RISE,Regulatory Indicators for Sustainable Energy (RISE),0,Units,A,Normal value,PU,Public,1.2962962962962965,15.555555555555555,18.88888888888889,22.40740740740741,28.88888888888889,29.81481481481482,29.81481481481482,29.81481481481482,31.20370370370371,32.12962962962963,32.12962962962963,32.12962962962963,32.12962962962963,32.12962962962963
A,Annual,TJK,Tajikistan,WB_RISE_EE_BEC,Building Energy Codes,SCORE,Score,WB_RISE,Regulatory Indicators for Sustainable Energy (RISE),0,Units,A,Normal value,PU,Public,0.0,0.0,0.0,15.0,15.0,15.0,15.0,15.0,15.0,23.33333333333333,23.33333333333333,23.33333333333333,23.33333333333333,23.33333333333333
A,Annual,TJK,Tajikistan,WB_RISE_EE_EES,Energy Efficiency Governance,SCORE,Score,WB_RISE,Regulatory Indicators for Sustainable Energy (RISE),0,Units,A,Normal value,PU,Public,8.333333333333334,28.333333333333336,58.333333333333336,58.333333333333336,58.333333333333336,66.66666666666667,66.66666666666667,66.66666666666667,66.66666666666667,66.66666666666667,66.66666666666667,66.66666666666667,66.66666666666667,66.66666666666667
A,Annual,TJK,Tajikistan,WB_RISE_EE_ELS,Energy Labeling Systems,SCORE,Score,WB_RISE,Regulatory Indicators for Sustainable Energy (RISE),0,Units,A,Normal value,PU,Public,0.0,0.0,0.0,0.0,0.0,0.0,0.0,0.0,0.0,0.0,0.0,0.0,0.0,0.0
A,Annual,TJK,Tajikistan,WB_RISE_EE_FMEE,Financing Mechanisms for Energy Efficiency,SCORE,Score,WB_RISE,Regulatory Indicators for Sustainable Energy (RISE),0,Units,A,Normal value,PU,Public,0.0,50.0,50.0,50.0,50.0,50.0,50.0,50.0,50.0,50.0,50.0,50.0,50.0,50.0
A,Annual,TJK,Tajikistan,WB_RISE_EE_IMIC,Industrial and Commercial End Users,SCORE,Score,WB_RISE,Regulatory Indicators for Sustainable Energy (RISE),0,Units,A,Normal value,PU,Public,0.0,25.0,25.0,25.0,25.0,25.0,25.0,25.0,37.5,37.5,37.5,37.5,37.5,37.5
A,Annual,TJK,Tajikistan,WB_RISE_EE_IMPS,Energy Efficiency in Public Sector,SCORE,Score,WB_RISE,Regulatory Indicators for Sustainable Energy (RISE),0,Units,A,Normal value,PU,Public,0.0,16.666666666666668,16.666666666666668,33.333333333333336,50.0,50.0,50.0,50.0,50.0,50.0,50.0,50.0,50.0,50.0
A,Annual,TJK,Tajikistan,WB_RISE_EE_IMUT,Incentives & Mandates: Energy Utility Programs,SCORE,Score,WB_RISE,Regulatory Indicators for Sustainable Energy (RISE),0,Units,A,Normal value,PU,Public,3.333333333333333,20.0,20.0,20.0,20.0,20.0,20.0,20.0,20.0,20.0,20.0,20.0,20.0,20.0
A,Annual,TJK,Tajikistan,WB_RISE_EE_MEEP,Minimum Energy Efficiency Performance Standards,SCORE,Score,WB_RISE,Regulatory Indicators for Sustainable Energy (RISE),0,Units,A,Normal value,PU,Public,0.0,0.0,0.0,0.0,41.66666666666666,41.66666666666666,41.66666666666666,41.66666666666666,41.66666666666666,41.66666666666666,41.66666666666666,41.66666666666666,41.66666666666666,41.66666666666666
A,Annual,TJK,Tajikistan,WB_RISE_EE_TRN,Transport Sector,SCORE,Score,WB_RISE,Regulatory Indicators for Sustainable Energy (RISE),0,Units,A,Normal value,PU,Public,0.0,0.0,0.0,0.0,0.0,0.0,0.0,0.0,0.0,0.0,0.0,0.0,0.0,0.0
A,Annual,TJK,Tajikistan,WB_RISE_RE_ALL,Sustainable Energy - Renewable Energy Score,SCORE,Score,WB_RISE,Regulatory Indicators for Sustainable Energy (RISE),0,Units,A,Normal value,PU,Public,3.0476190476190474,3.0476190476190474,3.0476190476190474,7.047619047619048,7.047619047619048,7.047619047619048,15.38095238095238,15.38095238095238,16.80952380952381,16.80952380952381,16.80952380952381,16.80952380952381,16.80952380952381,16.465608465608465
A,Annual,TJK,Tajikistan,WB_RISE_RE_ELEC,Electricity Sector Renewables,SCORE,Score,WB_RISE,Regulatory Indicators for Sustainable Energy (RISE),0,Units,A,Normal value,PU,Public,11.666666666666666,11.666666666666666,11.666666666666666,11.666666666666666,11.666666666666666,11.666666666666666,20.0,20.0,20.0,20.0,20.0,20.0,20.0,50.18518518518518
A,Annual,TJK,Tajikistan,WB_RISE_RE_GOV,Renewable Energy - Governance,SCORE,Score,WB_RISE,Regulatory Indicators for Sustainable Energy (RISE),0,Units,A,Normal value,PU,Public,3.571428571428572,3.571428571428572,3.571428571428572,3.571428571428572,3.571428571428572,3.571428571428572,36.90476190476191,36.90476190476191,44.04761904761905,44.04761904761905,44.04761904761905,44.04761904761905,44.04761904761905,32.142857142857146
A,Annual,TJK,Tajikistan,WB_RISE_RE_HE_CO,Heating and Cooling Renewables,SCORE,Score,WB_RISE,Regulatory Indicators for Sustainable Energy (RISE),0,Units,A,Normal value,PU,Public,0.0,0.0,0.0,0.0,0.0,0.0,0.0,0.0,0.0,0.0,0.0,0.0,0.0,0.0
A,Annual,TJK,Tajikistan,WB_RISE_RE_LVL_PLYNG_FLD,Leveling the Playing Field for Renewables,SCORE,Score,WB_RISE,Regulatory Indicators for Sustainable Energy (RISE),0,Units,A,Normal value,PU,Public,0.0,0.0,0.0,20.0,20.0,20.0,20.0,20.0,20.0,20.0,20.0,20.0,20.0,0.0
A,Annual,TJK,Tajikistan,WB_RISE_RE_TRNS,Transport Sector Renewables,SCORE,Score,WB_RISE,Regulatory Indicators for Sustainable Energy (RISE),0,Units,A,Normal value,PU,Public,0.0,0.0,0.0,0.0,0.0,0.0,0.0,0.0,0.0,0.0,0.0,0.0,0.0,0.0
A,Annual,TKM,Turkmenistan,WB_RISE_EE_ALL,Sustainable Energy - Energy Efficiency Score,SCORE,Score,WB_RISE,Regulatory Indicators for Sustainable Energy (RISE),0,Units,A,Normal value,PU,Public,0.0,0.0,0.0,7.407407407407408,7.407407407407408,7.407407407407408,10.469135802469136,13.06172839506173,13.06172839506173,13.06172839506173,13.06172839506173,13.80246913580247,13.80246913580247,13.80246913580247
A,Annual,TKM,Turkmenistan,WB_RISE_EE_BEC,Building Energy Codes,SCORE,Score,WB_RISE,Regulatory Indicators for Sustainable Energy (RISE),0,Units,A,Normal value,PU,Public,0.0,0.0,0.0,0.0,0.0,0.0,0.0,6.666666666666667,6.666666666666667,6.666666666666667,6.666666666666667,13.333333333333334,13.333333333333334,13.333333333333334
A,Annual,TKM,Turkmenistan,WB_RISE_EE_EES,Energy Efficiency Governance,SCORE,Score,WB_RISE,Regulatory Indicators for Sustainable Energy (RISE),0,Units,A,Normal value,PU,Public,0.0,0.0,0.0,0.0,0.0,0.0,27.55555555555556,44.22222222222223,44.22222222222223,44.22222222222223,44.22222222222223,44.22222222222223,44.22222222222223,44.22222222222223
A,Annual,TKM,Turkmenistan,WB_RISE_EE_ELS,Energy Labeling Systems,SCORE,Score,WB_RISE,Regulatory Indicators for Sustainable Energy (RISE),0,Units,A,Normal value,PU,Public,0.0,0.0,0.0,0.0,0.0,0.0,0.0,0.0,0.0,0.0,0.0,0.0,0.0,0.0
A,Annual,TKM,Turkmenistan,WB_RISE_EE_FMEE,Financing Mechanisms for Energy Efficiency,SCORE,Score,WB_RISE,Regulatory Indicators for Sustainable Energy (RISE),0,Units,A,Normal value,PU,Public,0.0,0.0,0.0,0.0,0.0,0.0,0.0,0.0,0.0,0.0,0.0,0.0,0.0,0.0
A,Annual,TKM,Turkmenistan,WB_RISE_EE_IMIC,Industrial and Commercial End Users,SCORE,Score,WB_RISE,Regulatory Indicators for Sustainable Energy (RISE),0,Units,A,Normal value,PU,Public,0.0,0.0,0.0,50.0,50.0,50.0,50.0,50.0,50.0,50.0,50.0,50.0,50.0,50.0
A,Annual,TKM,Turkmenistan,WB_RISE_EE_IMPS,Energy Efficiency in Public Sector,SCORE,Score,WB_RISE,Regulatory Indicators for Sustainable Energy (RISE),0,Units,A,Normal value,PU,Public,0.0,0.0,0.0,0.0,0.0,0.0,0.0,0.0,0.0,0.0,0.0,0.0,0.0,0.0
A,Annual,TKM,Turkmenistan,WB_RISE_EE_IMUT,Incentives & Mandates: Energy Utility Programs,SCORE,Score,WB_RISE,Regulatory Indicators for Sustainable Energy (RISE),0,Units,A,Normal value,PU,Public,0.0,0.0,0.0,16.666666666666668,16.666666666666668,16.666666666666668,16.666666666666668,16.666666666666668,16.666666666666668,16.666666666666668,16.666666666666668,16.666666666666668,16.666666666666668,16.666666666666668
A,Annual,TKM,Turkmenistan,WB_RISE_EE_MEEP,Minimum Energy Efficiency Performance Standards,SCORE,Score,WB_RISE,Regulatory Indicators for Sustainable Energy (RISE),0,Units,A,Normal value,PU,Public,0.0,0.0,0.0,0.0,0.0,0.0,0.0,0.0,0.0,0.0,0.0,0.0,0.0,0.0
A,Annual,TKM,Turkmenistan,WB_RISE_EE_TRN,Transport Sector,SCORE,Score,WB_RISE,Regulatory Indicators for Sustainable Energy (RISE),0,Units,A,Normal value,PU,Public,0.0,0.0,0.0,0.0,0.0,0.0,0.0,0.0,0.0,0.0,0.0,0.0,0.0,0.0
A,Annual,TKM,Turkmenistan,WB_RISE_RE_ALL,Sustainable Energy - Renewable Energy Score,SCORE,Score,WB_RISE,Regulatory Indicators for Sustainable Energy (RISE),0,Units,A,Normal value,PU,Public,0.5555555555555556,0.5555555555555556,0.5555555555555556,0.5555555555555556,0.5555555555555556,1.1111111111111112,1.1111111111111112,1.1111111111111112,1.1111111111111112,1.1111111111111112,1.1111111111111112,1.1111111111111112,1.1111111111111112,3.1481481481481484
A,Annual,TKM,Turkmenistan,WB_RISE_RE_ELEC,Electricity Sector Renewables,SCORE,Score,WB_RISE,Regulatory Indicators for Sustainable Energy (RISE),0,Units,A,Normal value,PU,Public,2.777777777777778,2.777777777777778,2.777777777777778,2.777777777777778,2.777777777777778,5.555555555555556,5.555555555555556,5.555555555555556,5.555555555555556,5.555555555555556,5.555555555555556,5.555555555555556,5.555555555555556,4.62962962962963
A,Annual,TKM,Turkmenistan,WB_RISE_RE_GOV,Renewable Energy - Governance,SCORE,Score,WB_RISE,Regulatory Indicators for Sustainable Energy (RISE),0,Units,A,Normal value,PU,Public,0.0,0.0,0.0,0.0,0.0,0.0,0.0,0.0,0.0,0.0,0.0,0.0,0.0,0.0
A,Annual,TKM,Turkmenistan,WB_RISE_RE_HE_CO,Heating and Cooling Renewables,SCORE,Score,WB_RISE,Regulatory Indicators for Sustainable Energy (RISE),0,Units,A,Normal value,PU,Public,0.0,0.0,0.0,0.0,0.0,0.0,0.0,0.0,0.0,0.0,0.0,0.0,0.0,11.111111111111112
A,Annual,TKM,Turkmenistan,WB_RISE_RE_LVL_PLYNG_FLD,Leveling the Playing Field for Renewables,SCORE,Score,WB_RISE,Regulatory Indicators for Sustainable Energy (RISE),0,Units,A,Normal value,PU,Public,0.0,0.0,0.0,0.0,0.0,0.0,0.0,0.0,0.0,0.0,0.0,0.0,0.0,0.0
A,Annual,TKM,Turkmenistan,WB_RISE_RE_TRNS,Transport Sector Renewables,SCORE,Score,WB_RISE,Regulatory Indicators for Sustainable Energy (RISE),0,Units,A,Normal value,PU,Public,0.0,0.0,0.0,0.0,0.0,0.0,0.0,0.0,0.0,0.0,0.0,0.0,0.0,0.0
A,Annual,TUN,Tunisia,WB_RISE_EE_ALL,Sustainable Energy - Energy Efficiency Score,SCORE,Score,WB_RISE,Regulatory Indicators for Sustainable Energy (RISE),0,Units,A,Normal value,PU,Public,57.0679012345679,57.53086419753086,57.53086419753086,57.53086419753086,58.197530864197525,58.197530864197525,58.93827160493827,60.327160493827165,60.54938271604939,62.40123456790124,62.40123456790124,62.40123456790124,62.40123456790124,62.40123456790124
A,Annual,TUN,Tunisia,WB_RISE_EE_BEC,Building Energy Codes,SCORE,Score,WB_RISE,Regulatory Indicators for Sustainable Energy (RISE),0,Units,A,Normal value,PU,Public,66.66666666666667,66.66666666666667,66.66666666666667,66.66666666666667,66.66666666666667,66.66666666666667,73.33333333333333,73.33333333333333,73.33333333333333,73.33333333333333,73.33333333333333,73.33333333333333,73.33333333333333,73.33333333333333
A,Annual,TUN,Tunisia,WB_RISE_EE_EES,Energy Efficiency Governance,SCORE,Score,WB_RISE,Regulatory Indicators for Sustainable Energy (RISE),0,Units,A,Normal value,PU,Public,90.0,90.0,90.0,90.0,96.0,96.0,96.0,96.0,98.0,98.0,98.0,98.0,98.0,98.0
A,Annual,TUN,Tunisia,WB_RISE_EE_ELS,Energy Labeling Systems,SCORE,Score,WB_RISE,Regulatory Indicators for Sustainable Energy (RISE),0,Units,A,Normal value,PU,Public,33.333333333333336,37.5,37.5,37.5,37.5,37.5,37.5,37.5,37.5,37.5,37.5,37.5,37.5,37.5
A,Annual,TUN,Tunisia,WB_RISE_EE_FMEE,Financing Mechanisms for Energy Efficiency,SCORE,Score,WB_RISE,Regulatory Indicators for Sustainable Energy (RISE),0,Units,A,Normal value,PU,Public,50.0,50.0,50.0,50.0,50.0,50.0,50.0,50.0,50.0,50.0,50.0,50.0,50.0,50.0
A,Annual,TUN,Tunisia,WB_RISE_EE_IMIC,Industrial and Commercial End Users,SCORE,Score,WB_RISE,Regulatory Indicators for Sustainable Energy (RISE),0,Units,A,Normal value,PU,Public,75.0,75.0,75.0,75.0,75.0,75.0,75.0,87.5,87.5,87.5,87.5,87.5,87.5,87.5
A,Annual,TUN,Tunisia,WB_RISE_EE_IMPS,Energy Efficiency in Public Sector,SCORE,Score,WB_RISE,Regulatory Indicators for Sustainable Energy (RISE),0,Units,A,Normal value,PU,Public,100.0,100.0,100.0,100.0,100.0,100.0,100.0,100.0,100.0,100.0,100.0,100.0,100.0,100.0
A,Annual,TUN,Tunisia,WB_RISE_EE_IMUT,Incentives & Mandates: Energy Utility Programs,SCORE,Score,WB_RISE,Regulatory Indicators for Sustainable Energy (RISE),0,Units,A,Normal value,PU,Public,50.0,50.0,50.0,50.0,50.0,50.0,50.0,50.0,50.0,66.66666666666667,66.66666666666667,66.66666666666667,66.66666666666667,66.66666666666667
A,Annual,TUN,Tunisia,WB_RISE_EE_MEEP,Minimum Energy Efficiency Performance Standards,SCORE,Score,WB_RISE,Regulatory Indicators for Sustainable Energy (RISE),0,Units,A,Normal value,PU,Public,48.61111111111112,48.61111111111112,48.61111111111112,48.61111111111112,48.61111111111112,48.61111111111112,48.61111111111112,48.61111111111112,48.61111111111112,48.61111111111112,48.61111111111112,48.61111111111112,48.61111111111112,48.61111111111112
A,Annual,TUN,Tunisia,WB_RISE_EE_TRN,Transport Sector,SCORE,Score,WB_RISE,Regulatory Indicators for Sustainable Energy (RISE),0,Units,A,Normal value,PU,Public,0.0,0.0,0.0,0.0,0.0,0.0,0.0,0.0,0.0,0.0,0.0,0.0,0.0,0.0
A,Annual,TUN,Tunisia,WB_RISE_RE_ALL,Sustainable Energy - Renewable Energy Score,SCORE,Score,WB_RISE,Regulatory Indicators for Sustainable Energy (RISE),0,Units,A,Normal value,PU,Public,31.293650793650794,31.293650793650794,31.293650793650794,31.293650793650794,34.62698412698413,43.238095238095234,47.23809523809524,56.71957671957672,57.38624338624338,58.77513227513227,58.77513227513227,58.77513227513227,58.77513227513227,43.57936507936508
A,Annual,TUN,Tunisia,WB_RISE_RE_ELEC,Electricity Sector Renewables,SCORE,Score,WB_RISE,Regulatory Indicators for Sustainable Energy (RISE),0,Units,A,Normal value,PU,Public,6.9444444444444455,6.9444444444444455,6.9444444444444455,6.9444444444444455,6.9444444444444455,50.0,53.333333333333336,72.96296296296296,76.29629629629629,83.24074074074075,83.24074074074075,83.24074074074075,83.24074074074075,61.94444444444445
A,Annual,TUN,Tunisia,WB_RISE_RE_GOV,Renewable Energy - Governance,SCORE,Score,WB_RISE,Regulatory Indicators for Sustainable Energy (RISE),0,Units,A,Normal value,PU,Public,76.19047619047619,76.19047619047619,76.19047619047619,76.19047619047619,76.19047619047619,76.19047619047619,92.85714285714286,92.85714285714286,92.85714285714286,92.85714285714286,92.85714285714286,92.85714285714286,92.85714285714286,72.61904761904762
A,Annual,TUN,Tunisia,WB_RISE_RE_HE_CO,Heating and Cooling Renewables,SCORE,Score,WB_RISE,Regulatory Indicators for Sustainable Energy (RISE),0,Units,A,Normal value,PU,Public,16.666666666666668,16.666666666666668,16.666666666666668,16.666666666666668,33.333333333333336,33.333333333333336,33.333333333333336,61.11111111111112,61.11111111111112,61.11111111111112,61.11111111111112,61.11111111111112,61.11111111111112,66.66666666666667
A,Annual,TUN,Tunisia,WB_RISE_RE_LVL_PLYNG_FLD,Leveling the Playing Field for Renewables,SCORE,Score,WB_RISE,Regulatory Indicators for Sustainable Energy (RISE),0,Units,A,Normal value,PU,Public,40.0,40.0,40.0,40.0,40.0,40.0,40.0,40.0,40.0,40.0,40.0,40.0,40.0,0.0
A,Annual,TUN,Tunisia,WB_RISE_RE_TRNS,Transport Sector Renewables,SCORE,Score,WB_RISE,Regulatory Indicators for Sustainable Energy (RISE),0,Units,A,Normal value,PU,Public,16.666666666666668,16.666666666666668,16.666666666666668,16.666666666666668,16.666666666666668,16.666666666666668,16.666666666666668,16.666666666666668,16.666666666666668,16.666666666666668,16.666666666666668,16.666666666666668,16.666666666666668,16.666666666666668
A,Annual,TUR,Turkiye,WB_RISE_EE_ALL,Sustainable Energy - Energy Efficiency Score,SCORE,Score,WB_RISE,Regulatory Indicators for Sustainable Energy (RISE),0,Units,A,Normal value,PU,Public,23.456790123456795,29.78395061728396,33.055555555555564,39.07407407407408,39.2283950617284,39.2283950617284,39.53703703703704,40.46296296296296,40.46296296296296,40.46296296296296,42.31481481481482,42.31481481481482,42.31481481481482,50.37037037037037
A,Annual,TUR,Turkiye,WB_RISE_EE_BEC,Building Energy Codes,SCORE,Score,WB_RISE,Regulatory Indicators for Sustainable Energy (RISE),0,Units,A,Normal value,PU,Public,15.0,15.0,15.0,15.0,15.0,15.0,15.0,15.0,15.0,15.0,15.0,15.0,15.0,41.66666666666666
A,Annual,TUR,Turkiye,WB_RISE_EE_EES,Energy Efficiency Governance,SCORE,Score,WB_RISE,Regulatory Indicators for Sustainable Energy (RISE),0,Units,A,Normal value,PU,Public,22.222222222222225,27.777777777777786,47.22222222222223,47.22222222222223,47.22222222222223,47.22222222222223,50.0,50.0,50.0,50.0,50.0,50.0,50.0,50.0
A,Annual,TUR,Turkiye,WB_RISE_EE_ELS,Energy Labeling Systems,SCORE,Score,WB_RISE,Regulatory Indicators for Sustainable Energy (RISE),0,Units,A,Normal value,PU,Public,12.5,12.5,12.5,12.5,12.5,12.5,12.5,12.5,12.5,12.5,12.5,12.5,12.5,45.83333333333333
A,Annual,TUR,Turkiye,WB_RISE_EE_FMEE,Financing Mechanisms for Energy Efficiency,SCORE,Score,WB_RISE,Regulatory Indicators for Sustainable Energy (RISE),0,Units,A,Normal value,PU,Public,0.0,0.0,0.0,50.0,50.0,50.0,50.0,50.0,50.0,50.0,50.0,50.0,50.0,50.0
A,Annual,TUR,Turkiye,WB_RISE_EE_IMIC,Industrial and Commercial End Users,SCORE,Score,WB_RISE,Regulatory Indicators for Sustainable Energy (RISE),0,Units,A,Normal value,PU,Public,50.0,50.0,50.0,50.0,50.0,50.0,50.0,50.0,50.0,50.0,50.0,50.0,50.0,50.0
A,Annual,TUR,Turkiye,WB_RISE_EE_IMPS,Energy Efficiency in Public Sector,SCORE,Score,WB_RISE,Regulatory Indicators for Sustainable Energy (RISE),0,Units,A,Normal value,PU,Public,0.0,50.0,50.0,50.0,50.0,50.0,50.0,50.0,50.0,50.0,66.66666666666667,66.66666666666667,66.66666666666667,66.66666666666667
A,Annual,TUR,Turkiye,WB_RISE_EE_IMUT,Incentives & Mandates: Energy Utility Programs,SCORE,Score,WB_RISE,Regulatory Indicators for Sustainable Energy (RISE),0,Units,A,Normal value,PU,Public,26.666666666666668,26.666666666666668,36.66666666666667,36.66666666666667,36.66666666666667,36.66666666666667,36.66666666666667,36.66666666666667,36.66666666666667,36.66666666666667,36.66666666666667,36.66666666666667,36.66666666666667,36.66666666666667
A,Annual,TUR,Turkiye,WB_RISE_EE_MEEP,Minimum Energy Efficiency Performance Standards,SCORE,Score,WB_RISE,Regulatory Indicators for Sustainable Energy (RISE),0,Units,A,Normal value,PU,Public,18.05555555555556,19.444444444444446,19.444444444444446,23.611111111111114,25.0,25.0,25.0,33.333333333333336,33.333333333333336,33.333333333333336,33.333333333333336,33.333333333333336,33.333333333333336,45.833333333333336
A,Annual,TUR,Turkiye,WB_RISE_EE_TRN,Transport Sector,SCORE,Score,WB_RISE,Regulatory Indicators for Sustainable Energy (RISE),0,Units,A,Normal value,PU,Public,66.66666666666667,66.66666666666667,66.66666666666667,66.66666666666667,66.66666666666667,66.66666666666667,66.66666666666667,66.66666666666667,66.66666666666667,66.66666666666667,66.66666666666667,66.66666666666667,66.66666666666667,66.66666666666667
A,Annual,TUR,Turkiye,WB_RISE_RE_ALL,Sustainable Energy - Renewable Energy Score,SCORE,Score,WB_RISE,Regulatory Indicators for Sustainable Energy (RISE),0,Units,A,Normal value,PU,Public,5.388888888888888,9.555555555555555,16.88888888888889,18.666666666666668,45.49206349206349,45.49206349206349,46.04761904761905,47.158730158730165,47.158730158730165,52.158730158730165,52.158730158730165,52.158730158730165,52.158730158730165,54.93650793650794
A,Annual,TUR,Turkiye,WB_RISE_RE_ELEC,Electricity Sector Renewables,SCORE,Score,WB_RISE,Regulatory Indicators for Sustainable Energy (RISE),0,Units,A,Normal value,PU,Public,14.444444444444445,18.61111111111111,18.61111111111111,27.5,33.05555555555556,33.05555555555556,35.833333333333336,41.38888888888889,41.38888888888889,66.3888888888889,66.3888888888889,66.3888888888889,66.3888888888889,60.833333333333336
A,Annual,TUR,Turkiye,WB_RISE_RE_GOV,Renewable Energy - Governance,SCORE,Score,WB_RISE,Regulatory Indicators for Sustainable Energy (RISE),0,Units,A,Normal value,PU,Public,12.5,12.5,12.5,12.5,91.07142857142856,91.07142857142856,91.07142857142856,91.07142857142856,91.07142857142856,91.07142857142856,91.07142857142856,91.07142857142856,91.07142857142856,82.73809523809524
A,Annual,TUR,Turkiye,WB_RISE_RE_HE_CO,Heating and Cooling Renewables,SCORE,Score,WB_RISE,Regulatory Indicators for Sustainable Energy (RISE),0,Units,A,Normal value,PU,Public,0.0,0.0,16.666666666666668,16.666666666666668,33.333333333333336,33.333333333333336,33.333333333333336,33.333333333333336,33.333333333333336,33.333333333333336,33.333333333333336,33.333333333333336,33.333333333333336,44.44444444444445
A,Annual,TUR,Turkiye,WB_RISE_RE_LVL_PLYNG_FLD,Leveling the Playing Field for Renewables,SCORE,Score,WB_RISE,Regulatory Indicators for Sustainable Energy (RISE),0,Units,A,Normal value,PU,Public,0.0,0.0,20.0,20.0,20.0,20.0,20.0,20.0,20.0,20.0,20.0,20.0,20.0,20.0
A,Annual,TUR,Turkiye,WB_RISE_RE_TRNS,Transport Sector Renewables,SCORE,Score,WB_RISE,Regulatory Indicators for Sustainable Energy (RISE),0,Units,A,Normal value,PU,Public,0.0,16.666666666666668,16.666666666666668,16.666666666666668,50.0,50.0,50.0,50.0,50.0,50.0,50.0,50.0,50.0,66.66666666666667
A,Annual,TZA,Tanzania,WB_RISE_CC_ALL,Sustainable Energy - Clean Cooking Score,SCORE,Score,WB_RISE,Regulatory Indicators for Sustainable Energy (RISE),0,Units,A,Normal value,PU,Public,0.0,0.0,0.0,0.0,46.66666666666666,10.0,10.0,16.666666666666668,16.666666666666668,16.666666666666668,16.666666666666668,20.0,55.55555555555556,55.55555555555556
A,Annual,TZA,Tanzania,WB_RISE_CC_CCP,Clean Cooking National Planning,SCORE,Score,WB_RISE,Regulatory Indicators for Sustainable Energy (RISE),0,Units,A,Normal value,PU,Public,0.0,0.0,0.0,0.0,73.33333333333333,40.0,40.0,40.0,40.0,40.0,40.0,53.333333333333336,73.33333333333333,73.33333333333333
A,Annual,TZA,Tanzania,WB_RISE_CC_FIAC,Incentives and Attributes for Clean Cooking,SCORE,Score,WB_RISE,Regulatory Indicators for Sustainable Energy (RISE),0,Units,A,Normal value,PU,Public,0.0,0.0,0.0,0.0,50.0,0.0,0.0,0.0,0.0,0.0,0.0,0.0,50.0,50.0
A,Annual,TZA,Tanzania,WB_RISE_CC_SCCP,Implementation Scope of Clean Cooking Planning,SCORE,Score,WB_RISE,Regulatory Indicators for Sustainable Energy (RISE),0,Units,A,Normal value,PU,Public,0.0,0.0,0.0,0.0,63.333333333333336,0.0,0.0,26.666666666666668,26.666666666666668,26.666666666666668,26.666666666666668,26.666666666666668,63.333333333333336,63.333333333333336
A,Annual,TZA,Tanzania,WB_RISE_CC_STLA,Standards and Labeling,SCORE,Score,WB_RISE,Regulatory Indicators for Sustainable Energy (RISE),0,Units,A,Normal value,PU,Public,0.0,0.0,0.0,0.0,0.0,0.0,0.0,0.0,0.0,0.0,0.0,0.0,35.55555555555556,35.55555555555556
A,Annual,TZA,Tanzania,WB_RISE_CON_AFEL,Consumer Affordability of Electricity,SCORE,Score,WB_RISE,Regulatory Indicators for Sustainable Energy (RISE),0,Units,A,Normal value,PU,Public,62.0,62.0,62.0,62.0,62.0,62.0,95.33333333333331,95.33333333333331,95.33333333333331,95.33333333333331,95.33333333333331,95.33333333333331,95.33333333333331,95.33333333333331
A,Annual,TZA,Tanzania,WB_RISE_EA_ALL,Sustainable Energy - Electricity Access Score,SCORE,Score,WB_RISE,Regulatory Indicators for Sustainable Energy (RISE),0,Units,A,Normal value,PU,Public,16.15661375661376,16.15661375661376,16.15661375661376,16.15661375661376,17.26772486772487,17.26772486772487,33.511111111111106,36.31534391534392,42.92910052910052,51.817989417989416,56.579894179894175,56.579894179894175,78.4846560846561,89.91322751322751
A,Annual,TZA,Tanzania,WB_RISE_EE_ALL,Sustainable Energy - Energy Efficiency Score,SCORE,Score,WB_RISE,Regulatory Indicators for Sustainable Energy (RISE),0,Units,A,Normal value,PU,Public,1.1111111111111112,1.1111111111111112,1.1111111111111112,3.734567901234568,3.734567901234568,3.734567901234568,3.734567901234568,3.734567901234568,7.438271604938273,7.438271604938273,8.549382716049385,9.660493827160495,9.660493827160495,9.660493827160495
A,Annual,TZA,Tanzania,WB_RISE_EE_BEC,Building Energy Codes,SCORE,Score,WB_RISE,Regulatory Indicators for Sustainable Energy (RISE),0,Units,A,Normal value,PU,Public,0.0,0.0,0.0,0.0,0.0,0.0,0.0,0.0,0.0,0.0,0.0,0.0,0.0,0.0
A,Annual,TZA,Tanzania,WB_RISE_EE_EES,Energy Efficiency Governance,SCORE,Score,WB_RISE,Regulatory Indicators for Sustainable Energy (RISE),0,Units,A,Normal value,PU,Public,0.0,0.0,0.0,11.111111111111112,11.111111111111112,11.111111111111112,11.111111111111112,11.111111111111112,11.111111111111112,11.111111111111112,21.111111111111114,31.111111111111114,31.111111111111114,31.111111111111114
A,Annual,TZA,Tanzania,WB_RISE_EE_ELS,Energy Labeling Systems,SCORE,Score,WB_RISE,Regulatory Indicators for Sustainable Energy (RISE),0,Units,A,Normal value,PU,Public,0.0,0.0,0.0,0.0,0.0,0.0,0.0,0.0,0.0,0.0,0.0,0.0,0.0,0.0
A,Annual,TZA,Tanzania,WB_RISE_EE_FMEE,Financing Mechanisms for Energy Efficiency,SCORE,Score,WB_RISE,Regulatory Indicators for Sustainable Energy (RISE),0,Units,A,Normal value,PU,Public,0.0,0.0,0.0,0.0,0.0,0.0,0.0,0.0,0.0,0.0,0.0,0.0,0.0,0.0
A,Annual,TZA,Tanzania,WB_RISE_EE_IMIC,Industrial and Commercial End Users,SCORE,Score,WB_RISE,Regulatory Indicators for Sustainable Energy (RISE),0,Units,A,Normal value,PU,Public,0.0,0.0,0.0,12.5,12.5,12.5,12.5,12.5,12.5,12.5,12.5,12.5,12.5,12.5
A,Annual,TZA,Tanzania,WB_RISE_EE_IMPS,Energy Efficiency in Public Sector,SCORE,Score,WB_RISE,Regulatory Indicators for Sustainable Energy (RISE),0,Units,A,Normal value,PU,Public,0.0,0.0,0.0,0.0,0.0,0.0,0.0,0.0,0.0,0.0,0.0,0.0,0.0,0.0
A,Annual,TZA,Tanzania,WB_RISE_EE_IMUT,Incentives & Mandates: Energy Utility Programs,SCORE,Score,WB_RISE,Regulatory Indicators for Sustainable Energy (RISE),0,Units,A,Normal value,PU,Public,10.0,10.0,10.0,10.0,10.0,10.0,10.0,10.0,43.333333333333336,43.333333333333336,43.333333333333336,43.333333333333336,43.333333333333336,43.333333333333336
A,Annual,TZA,Tanzania,WB_RISE_EE_MEEP,Minimum Energy Efficiency Performance Standards,SCORE,Score,WB_RISE,Regulatory Indicators for Sustainable Energy (RISE),0,Units,A,Normal value,PU,Public,0.0,0.0,0.0,0.0,0.0,0.0,0.0,0.0,0.0,0.0,0.0,0.0,0.0,0.0
A,Annual,TZA,Tanzania,WB_RISE_EE_TRN,Transport Sector,SCORE,Score,WB_RISE,Regulatory Indicators for Sustainable Energy (RISE),0,Units,A,Normal value,PU,Public,0.0,0.0,0.0,0.0,0.0,0.0,0.0,0.0,0.0,0.0,0.0,0.0,0.0,0.0
A,Annual,TZA,Tanzania,WB_RISE_ELTN_PL,Electrification Governance and Planning,SCORE,Score,WB_RISE,Regulatory Indicators for Sustainable Energy (RISE),0,Units,A,Normal value,PU,Public,4.761904761904762,4.761904761904762,4.761904761904762,4.761904761904762,4.761904761904762,4.761904761904762,9.523809523809524,14.285714285714286,19.047619047619047,19.047619047619047,38.095238095238095,38.095238095238095,71.42857142857143,95.23809523809524
A,Annual,TZA,Tanzania,WB_RISE_FRM_MGRI,Minigrids Framework,SCORE,Score,WB_RISE,Regulatory Indicators for Sustainable Energy (RISE),0,Units,A,Normal value,PU,Public,8.465608465608467,8.465608465608467,8.465608465608467,8.465608465608467,8.465608465608467,8.465608465608467,34.92063492063492,38.62433862433863,61.37566137566139,72.4867724867725,77.24867724867725,77.24867724867725,86.77248677248679,86.77248677248679
A,Annual,TZA,Tanzania,WB_RISE_FRM_OGS,Off-Grid Systems Framework,SCORE,Score,WB_RISE,Regulatory Indicators for Sustainable Energy (RISE),0,Units,A,Normal value,PU,Public,5.555555555555556,5.555555555555556,5.555555555555556,5.555555555555556,11.111111111111112,11.111111111111112,27.777777777777786,33.333333333333336,38.88888888888889,72.22222222222223,72.22222222222223,72.22222222222223,72.22222222222223,72.22222222222223
A,Annual,TZA,Tanzania,WB_RISE_FR_GREL,Grid Electrification Framework,SCORE,Score,WB_RISE,Regulatory Indicators for Sustainable Energy (RISE),0,Units,A,Normal value,PU,Public,0.0,0.0,0.0,0.0,0.0,0.0,0.0,0.0,0.0,0.0,0.0,0.0,66.66666666666667,100.0
A,Annual,TZA,Tanzania,WB_RISE_RE_ALL,Sustainable Energy - Renewable Energy Score,SCORE,Score,WB_RISE,Regulatory Indicators for Sustainable Energy (RISE),0,Units,A,Normal value,PU,Public,0.0,0.0,0.0,0.0,0.0,2.5,2.5,5.833333333333334,6.203703703703704,12.833333333333334,13.666666666666668,15.333333333333334,22.476190476190474,22.4973544973545
A,Annual,TZA,Tanzania,WB_RISE_RE_ELEC,Electricity Sector Renewables,SCORE,Score,WB_RISE,Regulatory Indicators for Sustainable Energy (RISE),0,Units,A,Normal value,PU,Public,0.0,0.0,0.0,0.0,0.0,12.5,12.5,12.5,14.351851851851851,27.5,31.666666666666668,40.0,40.0,44.62962962962964
A,Annual,TZA,Tanzania,WB_RISE_RE_GOV,Renewable Energy - Governance,SCORE,Score,WB_RISE,Regulatory Indicators for Sustainable Energy (RISE),0,Units,A,Normal value,PU,Public,0.0,0.0,0.0,0.0,0.0,0.0,0.0,16.666666666666668,16.666666666666668,16.666666666666668,16.666666666666668,16.666666666666668,52.38095238095238,67.85714285714286
A,Annual,TZA,Tanzania,WB_RISE_RE_HE_CO,Heating and Cooling Renewables,SCORE,Score,WB_RISE,Regulatory Indicators for Sustainable Energy (RISE),0,Units,A,Normal value,PU,Public,0.0,0.0,0.0,0.0,0.0,0.0,0.0,0.0,0.0,0.0,0.0,0.0,0.0,0.0
A,Annual,TZA,Tanzania,WB_RISE_RE_LVL_PLYNG_FLD,Leveling the Playing Field for Renewables,SCORE,Score,WB_RISE,Regulatory Indicators for Sustainable Energy (RISE),0,Units,A,Normal value,PU,Public,0.0,0.0,0.0,0.0,0.0,0.0,0.0,0.0,0.0,20.0,20.0,20.0,20.0,0.0
A,Annual,TZA,Tanzania,WB_RISE_RE_TRNS,Transport Sector Renewables,SCORE,Score,WB_RISE,Regulatory Indicators for Sustainable Energy (RISE),0,Units,A,Normal value,PU,Public,0.0,0.0,0.0,0.0,0.0,0.0,0.0,0.0,0.0,0.0,0.0,0.0,0.0,0.0
A,Annual,UGA,Uganda,WB_RISE_CC_ALL,Sustainable Energy - Clean Cooking Score,SCORE,Score,WB_RISE,Regulatory Indicators for Sustainable Energy (RISE),0,Units,A,Normal value,PU,Public,17.63888888888889,17.63888888888889,17.63888888888889,19.305555555555557,19.305555555555557,6.388888888888889,6.388888888888889,6.388888888888889,6.388888888888889,6.388888888888889,13.055555555555555,13.055555555555555,52.91666666666666,54.583333333333336
A,Annual,UGA,Uganda,WB_RISE_CC_CCP,Clean Cooking National Planning,SCORE,Score,WB_RISE,Regulatory Indicators for Sustainable Energy (RISE),0,Units,A,Normal value,PU,Public,42.22222222222222,42.22222222222222,42.22222222222222,42.22222222222222,42.22222222222222,6.666666666666667,6.666666666666667,6.666666666666667,6.666666666666667,6.666666666666667,13.333333333333334,13.333333333333334,73.33333333333333,80.0
A,Annual,UGA,Uganda,WB_RISE_CC_FIAC,Incentives and Attributes for Clean Cooking,SCORE,Score,WB_RISE,Regulatory Indicators for Sustainable Energy (RISE),0,Units,A,Normal value,PU,Public,8.333333333333334,8.333333333333334,8.333333333333334,8.333333333333334,8.333333333333334,0.0,0.0,0.0,0.0,0.0,0.0,0.0,41.66666666666666,41.66666666666666
A,Annual,UGA,Uganda,WB_RISE_CC_SCCP,Implementation Scope of Clean Cooking Planning,SCORE,Score,WB_RISE,Regulatory Indicators for Sustainable Energy (RISE),0,Units,A,Normal value,PU,Public,20.0,20.0,20.0,20.0,20.0,18.88888888888889,18.88888888888889,18.88888888888889,18.88888888888889,18.88888888888889,38.88888888888889,38.88888888888889,43.333333333333336,43.333333333333336
A,Annual,UGA,Uganda,WB_RISE_CC_STLA,Standards and Labeling,SCORE,Score,WB_RISE,Regulatory Indicators for Sustainable Energy (RISE),0,Units,A,Normal value,PU,Public,0.0,0.0,0.0,6.666666666666667,6.666666666666667,0.0,0.0,0.0,0.0,0.0,0.0,0.0,53.333333333333336,53.333333333333336
A,Annual,UGA,Uganda,WB_RISE_CON_AFEL,Consumer Affordability of Electricity,SCORE,Score,WB_RISE,Regulatory Indicators for Sustainable Energy (RISE),0,Units,A,Normal value,PU,Public,52.66666666666666,52.66666666666666,52.66666666666666,52.66666666666666,52.66666666666666,52.66666666666666,52.66666666666666,52.66666666666666,52.66666666666666,52.66666666666666,52.66666666666666,52.66666666666666,69.33333333333333,69.33333333333333
A,Annual,UGA,Uganda,WB_RISE_EA_ALL,Sustainable Energy - Electricity Access Score,SCORE,Score,WB_RISE,Regulatory Indicators for Sustainable Energy (RISE),0,Units,A,Normal value,PU,Public,10.533333333333331,10.533333333333331,10.533333333333331,10.533333333333331,10.533333333333331,10.533333333333331,11.644444444444444,11.644444444444444,18.31111111111111,18.31111111111111,25.18941798941799,26.300529100529097,30.586243386243385,84.55449735449736
A,Annual,UGA,Uganda,WB_RISE_EE_ALL,Sustainable Energy - Energy Efficiency Score,SCORE,Score,WB_RISE,Regulatory Indicators for Sustainable Energy (RISE),0,Units,A,Normal value,PU,Public,1.1111111111111112,1.1111111111111112,5.0,5.0,5.0,5.0,5.0,5.0,5.0,5.0,5.740740740740741,5.740740740740741,5.740740740740741,21.265432098765437
A,Annual,UGA,Uganda,WB_RISE_EE_BEC,Building Energy Codes,SCORE,Score,WB_RISE,Regulatory Indicators for Sustainable Energy (RISE),0,Units,A,Normal value,PU,Public,0.0,0.0,0.0,0.0,0.0,0.0,0.0,0.0,0.0,0.0,0.0,0.0,0.0,0.0
A,Annual,UGA,Uganda,WB_RISE_EE_EES,Energy Efficiency Governance,SCORE,Score,WB_RISE,Regulatory Indicators for Sustainable Energy (RISE),0,Units,A,Normal value,PU,Public,0.0,0.0,0.0,0.0,0.0,0.0,0.0,0.0,0.0,0.0,0.0,0.0,0.0,77.22222222222223
A,Annual,UGA,Uganda,WB_RISE_EE_ELS,Energy Labeling Systems,SCORE,Score,WB_RISE,Regulatory Indicators for Sustainable Energy (RISE),0,Units,A,Normal value,PU,Public,0.0,0.0,0.0,0.0,0.0,0.0,0.0,0.0,0.0,0.0,0.0,0.0,0.0,0.0
A,Annual,UGA,Uganda,WB_RISE_EE_FMEE,Financing Mechanisms for Energy Efficiency,SCORE,Score,WB_RISE,Regulatory Indicators for Sustainable Energy (RISE),0,Units,A,Normal value,PU,Public,0.0,0.0,0.0,0.0,0.0,0.0,0.0,0.0,0.0,0.0,0.0,0.0,0.0,16.666666666666668
A,Annual,UGA,Uganda,WB_RISE_EE_IMIC,Industrial and Commercial End Users,SCORE,Score,WB_RISE,Regulatory Indicators for Sustainable Energy (RISE),0,Units,A,Normal value,PU,Public,0.0,0.0,0.0,0.0,0.0,0.0,0.0,0.0,0.0,0.0,0.0,0.0,0.0,12.5
A,Annual,UGA,Uganda,WB_RISE_EE_IMPS,Energy Efficiency in Public Sector,SCORE,Score,WB_RISE,Regulatory Indicators for Sustainable Energy (RISE),0,Units,A,Normal value,PU,Public,0.0,0.0,0.0,0.0,0.0,0.0,0.0,0.0,0.0,0.0,0.0,0.0,0.0,0.0
A,Annual,UGA,Uganda,WB_RISE_EE_IMUT,Incentives & Mandates: Energy Utility Programs,SCORE,Score,WB_RISE,Regulatory Indicators for Sustainable Energy (RISE),0,Units,A,Normal value,PU,Public,10.0,10.0,20.0,20.0,20.0,20.0,20.0,20.0,20.0,20.0,26.666666666666668,26.666666666666668,26.666666666666668,26.666666666666668
A,Annual,UGA,Uganda,WB_RISE_EE_MEEP,Minimum Energy Efficiency Performance Standards,SCORE,Score,WB_RISE,Regulatory Indicators for Sustainable Energy (RISE),0,Units,A,Normal value,PU,Public,0.0,0.0,0.0,0.0,0.0,0.0,0.0,0.0,0.0,0.0,0.0,0.0,0.0,33.333333333333336
A,Annual,UGA,Uganda,WB_RISE_EE_TRN,Transport Sector,SCORE,Score,WB_RISE,Regulatory Indicators for Sustainable Energy (RISE),0,Units,A,Normal value,PU,Public,0.0,0.0,25.0,25.0,25.0,25.0,25.0,25.0,25.0,25.0,25.0,25.0,25.0,25.0
A,Annual,UGA,Uganda,WB_RISE_ELTN_PL,Electrification Governance and Planning,SCORE,Score,WB_RISE,Regulatory Indicators for Sustainable Energy (RISE),0,Units,A,Normal value,PU,Public,0.0,0.0,0.0,0.0,0.0,0.0,0.0,0.0,0.0,0.0,0.0,0.0,4.761904761904762,100.0
A,Annual,UGA,Uganda,WB_RISE_FRM_MGRI,Minigrids Framework,SCORE,Score,WB_RISE,Regulatory Indicators for Sustainable Energy (RISE),0,Units,A,Normal value,PU,Public,0.0,0.0,0.0,0.0,0.0,0.0,0.0,0.0,0.0,0.0,34.39153439153439,34.39153439153439,34.39153439153439,86.77248677248679
A,Annual,UGA,Uganda,WB_RISE_FRM_OGS,Off-Grid Systems Framework,SCORE,Score,WB_RISE,Regulatory Indicators for Sustainable Energy (RISE),0,Units,A,Normal value,PU,Public,0.0,0.0,0.0,0.0,0.0,0.0,5.555555555555556,5.555555555555556,5.555555555555556,5.555555555555556,5.555555555555556,11.111111111111112,11.111111111111112,66.66666666666667
A,Annual,UGA,Uganda,WB_RISE_FR_GREL,Grid Electrification Framework,SCORE,Score,WB_RISE,Regulatory Indicators for Sustainable Energy (RISE),0,Units,A,Normal value,PU,Public,0.0,0.0,0.0,0.0,0.0,0.0,0.0,0.0,33.333333333333336,33.333333333333336,33.333333333333336,33.333333333333336,33.333333333333336,100.0
A,Annual,UGA,Uganda,WB_RISE_RE_ALL,Sustainable Energy - Renewable Energy Score,SCORE,Score,WB_RISE,Regulatory Indicators for Sustainable Energy (RISE),0,Units,A,Normal value,PU,Public,17.206349206349206,17.206349206349206,18.03968253968254,18.03968253968254,18.03968253968254,21.373015873015877,21.373015873015877,21.373015873015877,22.8015873015873,28.230158730158728,31.880952380952387,31.880952380952387,33.679894179894184,27.124338624338623
A,Annual,UGA,Uganda,WB_RISE_RE_ELEC,Electricity Sector Renewables,SCORE,Score,WB_RISE,Regulatory Indicators for Sustainable Energy (RISE),0,Units,A,Normal value,PU,Public,28.88888888888889,28.88888888888889,33.05555555555556,33.05555555555556,33.05555555555556,33.05555555555556,33.05555555555556,33.05555555555556,33.05555555555556,33.05555555555556,44.16666666666666,44.16666666666666,46.01851851851851,54.07407407407408
A,Annual,UGA,Uganda,WB_RISE_RE_GOV,Renewable Energy - Governance,SCORE,Score,WB_RISE,Regulatory Indicators for Sustainable Energy (RISE),0,Units,A,Normal value,PU,Public,23.80952380952381,23.80952380952381,23.80952380952381,23.80952380952381,23.80952380952381,40.47619047619048,40.47619047619048,40.47619047619048,47.61904761904762,54.76190476190476,61.90476190476191,61.90476190476191,69.04761904761905,81.54761904761905
A,Annual,UGA,Uganda,WB_RISE_RE_HE_CO,Heating and Cooling Renewables,SCORE,Score,WB_RISE,Regulatory Indicators for Sustainable Energy (RISE),0,Units,A,Normal value,PU,Public,0.0,0.0,0.0,0.0,0.0,0.0,0.0,0.0,0.0,0.0,0.0,0.0,0.0,0.0
A,Annual,UGA,Uganda,WB_RISE_RE_LVL_PLYNG_FLD,Leveling the Playing Field for Renewables,SCORE,Score,WB_RISE,Regulatory Indicators for Sustainable Energy (RISE),0,Units,A,Normal value,PU,Public,0.0,0.0,0.0,0.0,0.0,0.0,0.0,0.0,0.0,20.0,20.0,20.0,20.0,0.0
A,Annual,UGA,Uganda,WB_RISE_RE_TRNS,Transport Sector Renewables,SCORE,Score,WB_RISE,Regulatory Indicators for Sustainable Energy (RISE),0,Units,A,Normal value,PU,Public,33.333333333333336,33.333333333333336,33.333333333333336,33.333333333333336,33.333333333333336,33.333333333333336,33.333333333333336,33.333333333333336,33.333333333333336,33.333333333333336,33.333333333333336,33.333333333333336,33.333333333333336,0.0
A,Annual,UKR,Ukraine,WB_RISE_EE_ALL,Sustainable Energy - Energy Efficiency Score,SCORE,Score,WB_RISE,Regulatory Indicators for Sustainable Energy (RISE),0,Units,A,Normal value,PU,Public,13.333333333333334,17.34567901234568,17.5,17.962962962962965,20.740740740740744,29.31481481481482,32.092592592592595,36.41358024691358,39.19135802469136,39.34567901234568,41.19753086419753,42.67901234567901,42.67901234567901,42.67901234567901
A,Annual,UKR,Ukraine,WB_RISE_EE_BEC,Building Energy Codes,SCORE,Score,WB_RISE,Regulatory Indicators for Sustainable Energy (RISE),0,Units,A,Normal value,PU,Public,28.33333333333333,28.33333333333333,28.33333333333333,28.33333333333333,28.33333333333333,28.33333333333333,28.33333333333333,28.33333333333333,28.33333333333333,28.33333333333333,28.33333333333333,41.66666666666666,41.66666666666666,41.66666666666666
A,Annual,UKR,Ukraine,WB_RISE_EE_EES,Energy Efficiency Governance,SCORE,Score,WB_RISE,Regulatory Indicators for Sustainable Energy (RISE),0,Units,A,Normal value,PU,Public,11.111111111111112,30.55555555555556,30.55555555555556,30.55555555555556,30.55555555555556,95.22222222222224,95.22222222222224,95.22222222222224,95.22222222222224,95.22222222222224,95.22222222222224,95.22222222222224,95.22222222222224,95.22222222222224
A,Annual,UKR,Ukraine,WB_RISE_EE_ELS,Energy Labeling Systems,SCORE,Score,WB_RISE,Regulatory Indicators for Sustainable Energy (RISE),0,Units,A,Normal value,PU,Public,0.0,0.0,0.0,4.166666666666667,12.5,25.0,25.0,45.83333333333333,58.333333333333336,58.333333333333336,58.333333333333336,58.333333333333336,58.333333333333336,58.333333333333336
A,Annual,UKR,Ukraine,WB_RISE_EE_FMEE,Financing Mechanisms for Energy Efficiency,SCORE,Score,WB_RISE,Regulatory Indicators for Sustainable Energy (RISE),0,Units,A,Normal value,PU,Public,33.333333333333336,33.333333333333336,33.333333333333336,33.333333333333336,50.0,50.0,50.0,50.0,50.0,50.0,50.0,50.0,50.0,50.0
A,Annual,UKR,Ukraine,WB_RISE_EE_IMIC,Industrial and Commercial End Users,SCORE,Score,WB_RISE,Regulatory Indicators for Sustainable Energy (RISE),0,Units,A,Normal value,PU,Public,12.5,12.5,12.5,12.5,12.5,12.5,12.5,12.5,12.5,12.5,12.5,12.5,12.5,12.5
A,Annual,UKR,Ukraine,WB_RISE_EE_IMPS,Energy Efficiency in Public Sector,SCORE,Score,WB_RISE,Regulatory Indicators for Sustainable Energy (RISE),0,Units,A,Normal value,PU,Public,0.0,0.0,0.0,0.0,0.0,0.0,0.0,0.0,0.0,0.0,16.666666666666668,16.666666666666668,16.666666666666668,16.666666666666668
A,Annual,UKR,Ukraine,WB_RISE_EE_IMUT,Incentives & Mandates: Energy Utility Programs,SCORE,Score,WB_RISE,Regulatory Indicators for Sustainable Energy (RISE),0,Units,A,Normal value,PU,Public,16.666666666666668,16.666666666666668,16.666666666666668,16.666666666666668,16.666666666666668,16.666666666666668,16.666666666666668,16.666666666666668,16.666666666666668,16.666666666666668,16.666666666666668,16.666666666666668,16.666666666666668,16.666666666666668
A,Annual,UKR,Ukraine,WB_RISE_EE_MEEP,Minimum Energy Efficiency Performance Standards,SCORE,Score,WB_RISE,Regulatory Indicators for Sustainable Energy (RISE),0,Units,A,Normal value,PU,Public,18.05555555555556,18.05555555555556,19.444444444444446,19.444444444444446,19.444444444444446,19.444444444444446,19.444444444444446,37.5,50.0,51.388888888888886,51.388888888888886,51.388888888888886,51.388888888888886,51.388888888888886
A,Annual,UKR,Ukraine,WB_RISE_EE_TRN,Transport Sector,SCORE,Score,WB_RISE,Regulatory Indicators for Sustainable Energy (RISE),0,Units,A,Normal value,PU,Public,0.0,16.666666666666668,16.666666666666668,16.666666666666668,16.666666666666668,16.666666666666668,41.66666666666667,41.66666666666667,41.66666666666667,41.66666666666667,41.66666666666667,41.66666666666667,41.66666666666667,41.66666666666667
A,Annual,UKR,Ukraine,WB_RISE_RE_ALL,Sustainable Energy - Renewable Energy Score,SCORE,Score,WB_RISE,Regulatory Indicators for Sustainable Energy (RISE),0,Units,A,Normal value,PU,Public,10.962962962962964,14.2962962962963,16.43915343915344,21.63756613756614,44.97089947089948,48.3042328042328,48.66137566137567,49.21693121693122,49.21693121693122,49.21693121693122,49.21693121693122,49.21693121693122,49.21693121693122,52.29100529100528
A,Annual,UKR,Ukraine,WB_RISE_RE_ELEC,Electricity Sector Renewables,SCORE,Score,WB_RISE,Regulatory Indicators for Sustainable Energy (RISE),0,Units,A,Normal value,PU,Public,22.31481481481482,22.31481481481482,22.31481481481482,25.092592592592595,41.75925925925926,41.75925925925926,41.75925925925926,44.53703703703704,44.53703703703704,44.53703703703704,44.53703703703704,44.53703703703704,44.53703703703704,48.79629629629631
A,Annual,UKR,Ukraine,WB_RISE_RE_GOV,Renewable Energy - Governance,SCORE,Score,WB_RISE,Regulatory Indicators for Sustainable Energy (RISE),0,Units,A,Normal value,PU,Public,12.5,29.166666666666668,39.88095238095238,63.0952380952381,96.42857142857144,96.42857142857144,98.21428571428572,98.21428571428572,98.21428571428572,98.21428571428572,98.21428571428572,98.21428571428572,98.21428571428572,81.54761904761905
A,Annual,UKR,Ukraine,WB_RISE_RE_HE_CO,Heating and Cooling Renewables,SCORE,Score,WB_RISE,Regulatory Indicators for Sustainable Energy (RISE),0,Units,A,Normal value,PU,Public,0.0,0.0,0.0,0.0,33.333333333333336,50.0,50.0,50.0,50.0,50.0,50.0,50.0,50.0,77.77777777777779
A,Annual,UKR,Ukraine,WB_RISE_RE_LVL_PLYNG_FLD,Leveling the Playing Field for Renewables,SCORE,Score,WB_RISE,Regulatory Indicators for Sustainable Energy (RISE),0,Units,A,Normal value,PU,Public,20.0,20.0,20.0,20.0,20.0,20.0,20.0,20.0,20.0,20.0,20.0,20.0,20.0,20.0
A,Annual,UKR,Ukraine,WB_RISE_RE_TRNS,Transport Sector Renewables,SCORE,Score,WB_RISE,Regulatory Indicators for Sustainable Energy (RISE),0,Units,A,Normal value,PU,Public,0.0,0.0,0.0,0.0,33.333333333333336,33.333333333333336,33.333333333333336,33.333333333333336,33.333333333333336,33.333333333333336,33.333333333333336,33.333333333333336,33.333333333333336,33.333333333333336
A,Annual,URY,Uruguay,WB_RISE_EE_ALL,Sustainable Energy - Energy Efficiency Score,SCORE,Score,WB_RISE,Regulatory Indicators for Sustainable Energy (RISE),0,Units,A,Normal value,PU,Public,29.59876543209877,30.524691358024693,31.450617283950617,34.41358024691358,37.376543209876544,49.32098765432099,59.96913580246913,59.96913580246913,59.96913580246913,59.96913580246913,59.96913580246913,61.82098765432099,61.82098765432099,61.82098765432099
A,Annual,URY,Uruguay,WB_RISE_EE_BEC,Building Energy Codes,SCORE,Score,WB_RISE,Regulatory Indicators for Sustainable Energy (RISE),0,Units,A,Normal value,PU,Public,0.0,0.0,0.0,0.0,0.0,0.0,0.0,0.0,0.0,0.0,0.0,0.0,0.0,0.0
A,Annual,URY,Uruguay,WB_RISE_EE_EES,Energy Efficiency Governance,SCORE,Score,WB_RISE,Regulatory Indicators for Sustainable Energy (RISE),0,Units,A,Normal value,PU,Public,23.888888888888893,23.888888888888893,23.888888888888893,50.55555555555556,60.55555555555556,97.22222222222224,97.22222222222224,97.22222222222224,97.22222222222224,97.22222222222224,97.22222222222224,97.22222222222224,97.22222222222224,97.22222222222224
A,Annual,URY,Uruguay,WB_RISE_EE_ELS,Energy Labeling Systems,SCORE,Score,WB_RISE,Regulatory Indicators for Sustainable Energy (RISE),0,Units,A,Normal value,PU,Public,25.0,25.0,25.0,25.0,25.0,25.0,50.0,50.0,50.0,50.0,50.0,50.0,50.0,50.0
A,Annual,URY,Uruguay,WB_RISE_EE_FMEE,Financing Mechanisms for Energy Efficiency,SCORE,Score,WB_RISE,Regulatory Indicators for Sustainable Energy (RISE),0,Units,A,Normal value,PU,Public,50.0,50.0,50.0,50.0,50.0,50.0,100.0,100.0,100.0,100.0,100.0,100.0,100.0,100.0
A,Annual,URY,Uruguay,WB_RISE_EE_IMIC,Industrial and Commercial End Users,SCORE,Score,WB_RISE,Regulatory Indicators for Sustainable Energy (RISE),0,Units,A,Normal value,PU,Public,37.5,37.5,37.5,37.5,37.5,50.0,62.5,62.5,62.5,62.5,62.5,62.5,62.5,62.5
A,Annual,URY,Uruguay,WB_RISE_EE_IMPS,Energy Efficiency in Public Sector,SCORE,Score,WB_RISE,Regulatory Indicators for Sustainable Energy (RISE),0,Units,A,Normal value,PU,Public,50.0,50.0,50.0,50.0,50.0,50.0,50.0,50.0,50.0,50.0,50.0,66.66666666666667,66.66666666666667,66.66666666666667
A,Annual,URY,Uruguay,WB_RISE_EE_IMUT,Incentives & Mandates: Energy Utility Programs,SCORE,Score,WB_RISE,Regulatory Indicators for Sustainable Energy (RISE),0,Units,A,Normal value,PU,Public,80.0,80.0,80.0,80.0,80.0,80.0,80.0,80.0,80.0,80.0,80.0,80.0,80.0,80.0
A,Annual,URY,Uruguay,WB_RISE_EE_MEEP,Minimum Energy Efficiency Performance Standards,SCORE,Score,WB_RISE,Regulatory Indicators for Sustainable Energy (RISE),0,Units,A,Normal value,PU,Public,0.0,8.333333333333334,16.666666666666668,16.666666666666668,16.666666666666668,16.666666666666668,25.0,25.0,25.0,25.0,25.0,25.0,25.0,25.0
A,Annual,URY,Uruguay,WB_RISE_EE_TRN,Transport Sector,SCORE,Score,WB_RISE,Regulatory Indicators for Sustainable Energy (RISE),0,Units,A,Normal value,PU,Public,0.0,0.0,0.0,0.0,16.666666666666668,75.0,75.0,75.0,75.0,75.0,75.0,75.0,75.0,75.0
A,Annual,URY,Uruguay,WB_RISE_RE_ALL,Sustainable Energy - Renewable Energy Score,SCORE,Score,WB_RISE,Regulatory Indicators for Sustainable Energy (RISE),0,Units,A,Normal value,PU,Public,21.22751322751323,21.22751322751323,25.22751322751323,25.22751322751323,25.22751322751323,28.560846560846564,29.11640211640212,33.00529100529101,43.48148148148148,46.81481481481482,46.81481481481482,46.81481481481482,46.81481481481482,53.81481481481482
A,Annual,URY,Uruguay,WB_RISE_RE_ELEC,Electricity Sector Renewables,SCORE,Score,WB_RISE,Regulatory Indicators for Sustainable Energy (RISE),0,Units,A,Normal value,PU,Public,25.185185185185187,25.185185185185187,28.51851851851852,28.51851851851852,28.51851851851852,28.51851851851852,31.29629629629629,34.07407407407408,50.74074074074074,50.74074074074074,50.74074074074074,50.74074074074074,50.74074074074074,59.629629629629626
A,Annual,URY,Uruguay,WB_RISE_RE_GOV,Renewable Energy - Governance,SCORE,Score,WB_RISE,Regulatory Indicators for Sustainable Energy (RISE),0,Units,A,Normal value,PU,Public,64.28571428571429,64.28571428571429,64.28571428571429,64.28571428571429,64.28571428571429,64.28571428571429,64.28571428571429,64.28571428571429,100.0,100.0,100.0,100.0,100.0,91.66666666666666
A,Annual,URY,Uruguay,WB_RISE_RE_HE_CO,Heating and Cooling Renewables,SCORE,Score,WB_RISE,Regulatory Indicators for Sustainable Energy (RISE),0,Units,A,Normal value,PU,Public,16.666666666666668,16.666666666666668,16.666666666666668,16.666666666666668,16.666666666666668,33.333333333333336,33.333333333333336,33.333333333333336,33.333333333333336,33.333333333333336,33.333333333333336,33.333333333333336,33.333333333333336,44.44444444444445
A,Annual,URY,Uruguay,WB_RISE_RE_LVL_PLYNG_FLD,Leveling the Playing Field for Renewables,SCORE,Score,WB_RISE,Regulatory Indicators for Sustainable Energy (RISE),0,Units,A,Normal value,PU,Public,0.0,0.0,0.0,0.0,0.0,0.0,0.0,0.0,0.0,0.0,0.0,0.0,0.0,40.0
A,Annual,URY,Uruguay,WB_RISE_RE_TRNS,Transport Sector Renewables,SCORE,Score,WB_RISE,Regulatory Indicators for Sustainable Energy (RISE),0,Units,A,Normal value,PU,Public,0.0,0.0,16.666666666666668,16.666666666666668,16.666666666666668,16.666666666666668,16.666666666666668,33.333333333333336,33.333333333333336,50.0,50.0,50.0,50.0,33.333333333333336
A,Annual,USA,United States,WB_RISE_EE_ALL,Sustainable Energy - Energy Efficiency Score,SCORE,Score,WB_RISE,Regulatory Indicators for Sustainable Energy (RISE),0,Units,A,Normal value,PU,Public,67.07407407407408,72.1358024691358,73.37037037037038,75.22222222222223,77.07407407407408,77.81481481481482,78.12345679012347,80.90123456790124,80.90123456790124,80.90123456790124,80.90123456790124,81.64197530864199,81.64197530864199,81.64197530864199
A,Annual,USA,United States,WB_RISE_EE_BEC,Building Energy Codes,SCORE,Score,WB_RISE,Regulatory Indicators for Sustainable Energy (RISE),0,Units,A,Normal value,PU,Public,66.66666666666667,80.0,80.0,80.0,80.0,86.66666666666667,86.66666666666667,86.66666666666667,86.66666666666667,86.66666666666667,86.66666666666667,93.33333333333331,93.33333333333331,93.33333333333331
A,Annual,USA,United States,WB_RISE_EE_EES,Energy Efficiency Governance,SCORE,Score,WB_RISE,Regulatory Indicators for Sustainable Energy (RISE),0,Units,A,Normal value,PU,Public,57.0,83.66666666666666,83.66666666666666,83.66666666666666,83.66666666666666,83.66666666666666,86.44444444444446,86.44444444444446,86.44444444444446,86.44444444444446,86.44444444444446,86.44444444444446,86.44444444444446,86.44444444444446
A,Annual,USA,United States,WB_RISE_EE_ELS,Energy Labeling Systems,SCORE,Score,WB_RISE,Regulatory Indicators for Sustainable Energy (RISE),0,Units,A,Normal value,PU,Public,83.33333333333334,83.33333333333334,83.33333333333334,83.33333333333334,83.33333333333334,83.33333333333334,83.33333333333334,83.33333333333334,83.33333333333334,83.33333333333334,83.33333333333334,83.33333333333334,83.33333333333334,83.33333333333334
A,Annual,USA,United States,WB_RISE_EE_FMEE,Financing Mechanisms for Energy Efficiency,SCORE,Score,WB_RISE,Regulatory Indicators for Sustainable Energy (RISE),0,Units,A,Normal value,PU,Public,50.0,50.0,50.0,50.0,50.0,50.0,50.0,50.0,50.0,50.0,50.0,50.0,50.0,50.0
A,Annual,USA,United States,WB_RISE_EE_IMIC,Industrial and Commercial End Users,SCORE,Score,WB_RISE,Regulatory Indicators for Sustainable Energy (RISE),0,Units,A,Normal value,PU,Public,100.0,100.0,100.0,100.0,100.0,100.0,100.0,100.0,100.0,100.0,100.0,100.0,100.0,100.0
A,Annual,USA,United States,WB_RISE_EE_IMPS,Energy Efficiency in Public Sector,SCORE,Score,WB_RISE,Regulatory Indicators for Sustainable Energy (RISE),0,Units,A,Normal value,PU,Public,50.0,50.0,50.0,66.66666666666667,83.33333333333334,83.33333333333334,83.33333333333334,83.33333333333334,83.33333333333334,83.33333333333334,83.33333333333334,83.33333333333334,83.33333333333334,83.33333333333334
A,Annual,USA,United States,WB_RISE_EE_IMUT,Incentives & Mandates: Energy Utility Programs,SCORE,Score,WB_RISE,Regulatory Indicators for Sustainable Energy (RISE),0,Units,A,Normal value,PU,Public,46.66666666666667,46.66666666666667,46.66666666666667,46.66666666666667,46.66666666666667,46.66666666666667,46.66666666666667,46.66666666666667,46.66666666666667,46.66666666666667,46.66666666666667,46.66666666666667,46.66666666666667,46.66666666666667
A,Annual,USA,United States,WB_RISE_EE_MEEP,Minimum Energy Efficiency Performance Standards,SCORE,Score,WB_RISE,Regulatory Indicators for Sustainable Energy (RISE),0,Units,A,Normal value,PU,Public,75.0,80.55555555555556,91.66666666666669,91.66666666666669,91.66666666666669,91.66666666666669,91.66666666666669,91.66666666666669,91.66666666666669,91.66666666666669,91.66666666666669,91.66666666666669,91.66666666666669,91.66666666666669
A,Annual,USA,United States,WB_RISE_EE_TRN,Transport Sector,SCORE,Score,WB_RISE,Regulatory Indicators for Sustainable Energy (RISE),0,Units,A,Normal value,PU,Public,75.0,75.0,75.0,75.0,75.0,75.0,75.0,100.0,100.0,100.0,100.0,100.0,100.0,100.0
A,Annual,USA,United States,WB_RISE_RE_ALL,Sustainable Energy - Renewable Energy Score,SCORE,Score,WB_RISE,Regulatory Indicators for Sustainable Energy (RISE),0,Units,A,Normal value,PU,Public,33.94444444444444,33.94444444444444,34.5,34.5,34.5,37.833333333333336,42.833333333333336,52.833333333333336,59.5,66.16666666666667,66.72222222222223,67.27777777777779,67.27777777777779,74.79629629629629
A,Annual,USA,United States,WB_RISE_RE_ELEC,Electricity Sector Renewables,SCORE,Score,WB_RISE,Regulatory Indicators for Sustainable Energy (RISE),0,Units,A,Normal value,PU,Public,26.38888888888889,26.38888888888889,29.166666666666668,29.166666666666668,29.166666666666668,29.166666666666668,54.16666666666668,54.16666666666668,54.16666666666668,54.16666666666668,56.94444444444445,59.72222222222223,59.72222222222223,81.75925925925925
A,Annual,USA,United States,WB_RISE_RE_GOV,Renewable Energy - Governance,SCORE,Score,WB_RISE,Regulatory Indicators for Sustainable Energy (RISE),0,Units,A,Normal value,PU,Public,66.66666666666667,66.66666666666667,66.66666666666667,66.66666666666667,66.66666666666667,66.66666666666667,66.66666666666667,66.66666666666667,66.66666666666667,100.0,100.0,100.0,100.0,100.0
A,Annual,USA,United States,WB_RISE_RE_HE_CO,Heating and Cooling Renewables,SCORE,Score,WB_RISE,Regulatory Indicators for Sustainable Energy (RISE),0,Units,A,Normal value,PU,Public,0.0,0.0,0.0,0.0,0.0,0.0,0.0,50.0,66.66666666666667,66.66666666666667,66.66666666666667,66.66666666666667,66.66666666666667,88.8888888888889
A,Annual,USA,United States,WB_RISE_RE_LVL_PLYNG_FLD,Leveling the Playing Field for Renewables,SCORE,Score,WB_RISE,Regulatory Indicators for Sustainable Energy (RISE),0,Units,A,Normal value,PU,Public,60.0,60.0,60.0,60.0,60.0,60.0,60.0,60.0,60.0,60.0,60.0,60.0,60.0,20.0
A,Annual,USA,United States,WB_RISE_RE_TRNS,Transport Sector Renewables,SCORE,Score,WB_RISE,Regulatory Indicators for Sustainable Energy (RISE),0,Units,A,Normal value,PU,Public,16.666666666666668,16.666666666666668,16.666666666666668,16.666666666666668,16.666666666666668,33.333333333333336,33.333333333333336,33.333333333333336,50.0,50.0,50.0,50.0,50.0,83.33333333333333
A,Annual,UZB,Uzbekistan,WB_RISE_EE_ALL,Sustainable Energy - Energy Efficiency Score,SCORE,Score,WB_RISE,Regulatory Indicators for Sustainable Energy (RISE),0,Units,A,Normal value,PU,Public,1.9444444444444444,1.9444444444444444,1.9444444444444444,2.8703703703703707,2.8703703703703707,13.98148148148148,26.01851851851852,41.57407407407408,41.57407407407408,43.42592592592593,44.53703703703704,51.57407407407408,51.57407407407408,51.57407407407408
A,Annual,UZB,Uzbekistan,WB_RISE_EE_BEC,Building Energy Codes,SCORE,Score,WB_RISE,Regulatory Indicators for Sustainable Energy (RISE),0,Units,A,Normal value,PU,Public,0.0,0.0,0.0,8.333333333333334,8.333333333333334,8.333333333333334,8.333333333333334,8.333333333333334,8.333333333333334,8.333333333333334,8.333333333333334,15.0,15.0,15.0
A,Annual,UZB,Uzbekistan,WB_RISE_EE_EES,Energy Efficiency Governance,SCORE,Score,WB_RISE,Regulatory Indicators for Sustainable Energy (RISE),0,Units,A,Normal value,PU,Public,0.0,0.0,0.0,0.0,0.0,0.0,0.0,33.333333333333336,33.333333333333336,50.0,60.0,100.0,100.0,100.0
A,Annual,UZB,Uzbekistan,WB_RISE_EE_ELS,Energy Labeling Systems,SCORE,Score,WB_RISE,Regulatory Indicators for Sustainable Energy (RISE),0,Units,A,Normal value,PU,Public,0.0,0.0,0.0,0.0,0.0,0.0,75.0,75.0,75.0,75.0,75.0,75.0,75.0,75.0
A,Annual,UZB,Uzbekistan,WB_RISE_EE_FMEE,Financing Mechanisms for Energy Efficiency,SCORE,Score,WB_RISE,Regulatory Indicators for Sustainable Energy (RISE),0,Units,A,Normal value,PU,Public,0.0,0.0,0.0,0.0,0.0,50.0,50.0,50.0,50.0,50.0,50.0,50.0,50.0,50.0
A,Annual,UZB,Uzbekistan,WB_RISE_EE_IMIC,Industrial and Commercial End Users,SCORE,Score,WB_RISE,Regulatory Indicators for Sustainable Energy (RISE),0,Units,A,Normal value,PU,Public,12.5,12.5,12.5,12.5,12.5,12.5,12.5,37.5,37.5,37.5,37.5,37.5,37.5,37.5
A,Annual,UZB,Uzbekistan,WB_RISE_EE_IMPS,Energy Efficiency in Public Sector,SCORE,Score,WB_RISE,Regulatory Indicators for Sustainable Energy (RISE),0,Units,A,Normal value,PU,Public,0.0,0.0,0.0,0.0,0.0,50.0,50.0,83.33333333333334,83.33333333333334,83.33333333333334,83.33333333333334,83.33333333333334,83.33333333333334,83.33333333333334
A,Annual,UZB,Uzbekistan,WB_RISE_EE_IMUT,Incentives & Mandates: Energy Utility Programs,SCORE,Score,WB_RISE,Regulatory Indicators for Sustainable Energy (RISE),0,Units,A,Normal value,PU,Public,5.0,5.0,5.0,5.0,5.0,5.0,5.0,45.0,45.0,45.0,45.0,45.0,45.0,45.0
A,Annual,UZB,Uzbekistan,WB_RISE_EE_MEEP,Minimum Energy Efficiency Performance Standards,SCORE,Score,WB_RISE,Regulatory Indicators for Sustainable Energy (RISE),0,Units,A,Normal value,PU,Public,0.0,0.0,0.0,0.0,0.0,0.0,33.333333333333336,41.66666666666666,41.66666666666666,41.66666666666666,41.66666666666666,41.66666666666666,41.66666666666666,41.66666666666666
A,Annual,UZB,Uzbekistan,WB_RISE_EE_TRN,Transport Sector,SCORE,Score,WB_RISE,Regulatory Indicators for Sustainable Energy (RISE),0,Units,A,Normal value,PU,Public,0.0,0.0,0.0,0.0,0.0,0.0,0.0,0.0,0.0,0.0,0.0,16.666666666666668,16.666666666666668,16.666666666666668
A,Annual,UZB,Uzbekistan,WB_RISE_RE_ALL,Sustainable Energy - Renewable Energy Score,SCORE,Score,WB_RISE,Regulatory Indicators for Sustainable Energy (RISE),0,Units,A,Normal value,PU,Public,2.857142857142857,2.857142857142857,2.857142857142857,2.857142857142857,2.857142857142857,2.857142857142857,2.857142857142857,6.746031746031747,6.746031746031747,8.412698412698415,8.412698412698415,14.07936507936508,18.246031746031747,16.20899470899471
A,Annual,UZB,Uzbekistan,WB_RISE_RE_ELEC,Electricity Sector Renewables,SCORE,Score,WB_RISE,Regulatory Indicators for Sustainable Energy (RISE),0,Units,A,Normal value,PU,Public,0.0,0.0,0.0,0.0,0.0,0.0,0.0,2.777777777777778,2.777777777777778,11.111111111111112,11.111111111111112,19.444444444444446,23.61111111111111,30.64814814814815
A,Annual,UZB,Uzbekistan,WB_RISE_RE_GOV,Renewable Energy - Governance,SCORE,Score,WB_RISE,Regulatory Indicators for Sustainable Energy (RISE),0,Units,A,Normal value,PU,Public,14.285714285714286,14.285714285714286,14.285714285714286,14.285714285714286,14.285714285714286,14.285714285714286,14.285714285714286,30.95238095238096,30.95238095238096,30.95238095238096,30.95238095238096,30.95238095238096,47.61904761904762,39.285714285714285
A,Annual,UZB,Uzbekistan,WB_RISE_RE_HE_CO,Heating and Cooling Renewables,SCORE,Score,WB_RISE,Regulatory Indicators for Sustainable Energy (RISE),0,Units,A,Normal value,PU,Public,0.0,0.0,0.0,0.0,0.0,0.0,0.0,0.0,0.0,0.0,0.0,0.0,0.0,11.111111111111112
A,Annual,UZB,Uzbekistan,WB_RISE_RE_LVL_PLYNG_FLD,Leveling the Playing Field for Renewables,SCORE,Score,WB_RISE,Regulatory Indicators for Sustainable Energy (RISE),0,Units,A,Normal value,PU,Public,0.0,0.0,0.0,0.0,0.0,0.0,0.0,0.0,0.0,0.0,0.0,20.0,20.0,0.0
A,Annual,UZB,Uzbekistan,WB_RISE_RE_TRNS,Transport Sector Renewables,SCORE,Score,WB_RISE,Regulatory Indicators for Sustainable Energy (RISE),0,Units,A,Normal value,PU,Public,0.0,0.0,0.0,0.0,0.0,0.0,0.0,0.0,0.0,0.0,0.0,0.0,0.0,0.0
A,Annual,VEN,"Venezuela, RB",WB_RISE_EE_ALL,Sustainable Energy - Energy Efficiency Score,SCORE,Score,WB_RISE,Regulatory Indicators for Sustainable Energy (RISE),0,Units,A,Normal value,PU,Public,11.296296296296298,12.407407407407408,12.407407407407408,12.407407407407408,12.407407407407408,13.51851851851852,13.51851851851852,15.833333333333334,15.833333333333334,18.61111111111111,18.61111111111111,18.61111111111111,18.61111111111111,18.61111111111111
A,Annual,VEN,"Venezuela, RB",WB_RISE_EE_BEC,Building Energy Codes,SCORE,Score,WB_RISE,Regulatory Indicators for Sustainable Energy (RISE),0,Units,A,Normal value,PU,Public,0.0,0.0,0.0,0.0,0.0,0.0,0.0,0.0,0.0,0.0,0.0,0.0,0.0,0.0
A,Annual,VEN,"Venezuela, RB",WB_RISE_EE_EES,Energy Efficiency Governance,SCORE,Score,WB_RISE,Regulatory Indicators for Sustainable Energy (RISE),0,Units,A,Normal value,PU,Public,5.555555555555556,15.555555555555555,15.555555555555555,15.555555555555555,15.555555555555555,15.555555555555555,15.555555555555555,15.555555555555555,15.555555555555555,15.555555555555555,15.555555555555555,15.555555555555555,15.555555555555555,15.555555555555555
A,Annual,VEN,"Venezuela, RB",WB_RISE_EE_ELS,Energy Labeling Systems,SCORE,Score,WB_RISE,Regulatory Indicators for Sustainable Energy (RISE),0,Units,A,Normal value,PU,Public,16.666666666666668,16.666666666666668,16.666666666666668,16.666666666666668,16.666666666666668,16.666666666666668,16.666666666666668,37.5,37.5,37.5,37.5,37.5,37.5,37.5
A,Annual,VEN,"Venezuela, RB",WB_RISE_EE_FMEE,Financing Mechanisms for Energy Efficiency,SCORE,Score,WB_RISE,Regulatory Indicators for Sustainable Energy (RISE),0,Units,A,Normal value,PU,Public,50.0,50.0,50.0,50.0,50.0,50.0,50.0,50.0,50.0,50.0,50.0,50.0,50.0,50.0
A,Annual,VEN,"Venezuela, RB",WB_RISE_EE_IMIC,Industrial and Commercial End Users,SCORE,Score,WB_RISE,Regulatory Indicators for Sustainable Energy (RISE),0,Units,A,Normal value,PU,Public,0.0,0.0,0.0,0.0,0.0,0.0,0.0,0.0,0.0,0.0,0.0,0.0,0.0,0.0
A,Annual,VEN,"Venezuela, RB",WB_RISE_EE_IMPS,Energy Efficiency in Public Sector,SCORE,Score,WB_RISE,Regulatory Indicators for Sustainable Energy (RISE),0,Units,A,Normal value,PU,Public,0.0,0.0,0.0,0.0,0.0,0.0,0.0,0.0,0.0,0.0,0.0,0.0,0.0,0.0
A,Annual,VEN,"Venezuela, RB",WB_RISE_EE_IMUT,Incentives & Mandates: Energy Utility Programs,SCORE,Score,WB_RISE,Regulatory Indicators for Sustainable Energy (RISE),0,Units,A,Normal value,PU,Public,10.0,10.0,10.0,10.0,10.0,20.0,20.0,20.0,20.0,20.0,20.0,20.0,20.0,20.0
A,Annual,VEN,"Venezuela, RB",WB_RISE_EE_MEEP,Minimum Energy Efficiency Performance Standards,SCORE,Score,WB_RISE,Regulatory Indicators for Sustainable Energy (RISE),0,Units,A,Normal value,PU,Public,19.444444444444446,19.444444444444446,19.444444444444446,19.444444444444446,19.444444444444446,19.444444444444446,19.444444444444446,19.444444444444446,19.444444444444446,19.444444444444446,19.444444444444446,19.444444444444446,19.444444444444446,19.444444444444446
A,Annual,VEN,"Venezuela, RB",WB_RISE_EE_TRN,Transport Sector,SCORE,Score,WB_RISE,Regulatory Indicators for Sustainable Energy (RISE),0,Units,A,Normal value,PU,Public,0.0,0.0,0.0,0.0,0.0,0.0,0.0,0.0,0.0,25.0,25.0,25.0,25.0,25.0
A,Annual,VEN,"Venezuela, RB",WB_RISE_RE_ALL,Sustainable Energy - Renewable Energy Score,SCORE,Score,WB_RISE,Regulatory Indicators for Sustainable Energy (RISE),0,Units,A,Normal value,PU,Public,0.0,0.8333333333333334,0.8333333333333334,2.857142857142857,2.857142857142857,2.857142857142857,2.857142857142857,2.857142857142857,6.190476190476191,13.96825396825397,13.96825396825397,13.96825396825397,13.96825396825397,10.634920634920636
A,Annual,VEN,"Venezuela, RB",WB_RISE_RE_ELEC,Electricity Sector Renewables,SCORE,Score,WB_RISE,Regulatory Indicators for Sustainable Energy (RISE),0,Units,A,Normal value,PU,Public,0.0,4.166666666666667,4.166666666666667,12.5,12.5,12.5,12.5,12.5,12.5,18.05555555555556,18.05555555555556,18.05555555555556,18.05555555555556,9.722222222222223
A,Annual,VEN,"Venezuela, RB",WB_RISE_RE_GOV,Renewable Energy - Governance,SCORE,Score,WB_RISE,Regulatory Indicators for Sustainable Energy (RISE),0,Units,A,Normal value,PU,Public,0.0,0.0,0.0,1.7857142857142858,1.7857142857142858,1.7857142857142858,1.7857142857142858,1.7857142857142858,18.452380952380956,18.452380952380956,18.452380952380956,18.452380952380956,18.452380952380956,10.11904761904762
A,Annual,VEN,"Venezuela, RB",WB_RISE_RE_HE_CO,Heating and Cooling Renewables,SCORE,Score,WB_RISE,Regulatory Indicators for Sustainable Energy (RISE),0,Units,A,Normal value,PU,Public,0.0,0.0,0.0,0.0,0.0,0.0,0.0,0.0,0.0,0.0,0.0,0.0,0.0,0.0
A,Annual,VEN,"Venezuela, RB",WB_RISE_RE_LVL_PLYNG_FLD,Leveling the Playing Field for Renewables,SCORE,Score,WB_RISE,Regulatory Indicators for Sustainable Energy (RISE),0,Units,A,Normal value,PU,Public,0.0,0.0,0.0,0.0,0.0,0.0,0.0,0.0,0.0,0.0,0.0,0.0,0.0,0.0
A,Annual,VEN,"Venezuela, RB",WB_RISE_RE_TRNS,Transport Sector Renewables,SCORE,Score,WB_RISE,Regulatory Indicators for Sustainable Energy (RISE),0,Units,A,Normal value,PU,Public,0.0,0.0,0.0,0.0,0.0,0.0,0.0,0.0,0.0,33.333333333333336,33.333333333333336,33.333333333333336,33.333333333333336,33.333333333333336
A,Annual,VNM,Viet Nam,WB_RISE_EE_ALL,Sustainable Energy - Energy Efficiency Score,SCORE,Score,WB_RISE,Regulatory Indicators for Sustainable Energy (RISE),0,Units,A,Normal value,PU,Public,19.53703703703704,25.40123456790124,31.728395061728392,43.14814814814815,45.92592592592593,49.62962962962964,54.07407407407408,54.07407407407408,54.07407407407408,61.901234567901234,62.64197530864197,64.49382716049382,64.49382716049382,64.49382716049382
A,Annual,VNM,Viet Nam,WB_RISE_EE_BEC,Building Energy Codes,SCORE,Score,WB_RISE,Regulatory Indicators for Sustainable Energy (RISE),0,Units,A,Normal value,PU,Public,13.333333333333334,13.333333333333334,20.0,36.66666666666666,36.66666666666666,36.66666666666666,36.66666666666666,36.66666666666666,36.66666666666666,36.66666666666666,43.333333333333336,43.333333333333336,43.333333333333336,43.333333333333336
A,Annual,VNM,Viet Nam,WB_RISE_EE_EES,Energy Efficiency Governance,SCORE,Score,WB_RISE,Regulatory Indicators for Sustainable Energy (RISE),0,Units,A,Normal value,PU,Public,0.0,2.777777777777778,12.77777777777778,12.77777777777778,12.77777777777778,12.77777777777778,12.77777777777778,12.77777777777778,12.77777777777778,69.33333333333334,69.33333333333334,69.33333333333334,69.33333333333334,69.33333333333334
A,Annual,VNM,Viet Nam,WB_RISE_EE_ELS,Energy Labeling Systems,SCORE,Score,WB_RISE,Regulatory Indicators for Sustainable Energy (RISE),0,Units,A,Normal value,PU,Public,0.0,50.0,66.66666666666666,83.33333333333333,83.33333333333333,91.66666666666666,91.66666666666666,91.66666666666666,91.66666666666666,91.66666666666666,91.66666666666666,91.66666666666666,91.66666666666666,91.66666666666666
A,Annual,VNM,Viet Nam,WB_RISE_EE_FMEE,Financing Mechanisms for Energy Efficiency,SCORE,Score,WB_RISE,Regulatory Indicators for Sustainable Energy (RISE),0,Units,A,Normal value,PU,Public,33.333333333333336,33.333333333333336,33.333333333333336,33.333333333333336,33.333333333333336,33.333333333333336,33.333333333333336,33.333333333333336,33.333333333333336,33.333333333333336,33.333333333333336,33.333333333333336,33.333333333333336,33.333333333333336
A,Annual,VNM,Viet Nam,WB_RISE_EE_IMIC,Industrial and Commercial End Users,SCORE,Score,WB_RISE,Regulatory Indicators for Sustainable Energy (RISE),0,Units,A,Normal value,PU,Public,12.5,12.5,12.5,25.0,50.0,50.0,50.0,50.0,50.0,62.5,62.5,62.5,62.5,62.5
A,Annual,VNM,Viet Nam,WB_RISE_EE_IMPS,Energy Efficiency in Public Sector,SCORE,Score,WB_RISE,Regulatory Indicators for Sustainable Energy (RISE),0,Units,A,Normal value,PU,Public,16.666666666666668,16.666666666666668,33.333333333333336,66.66666666666667,66.66666666666667,66.66666666666667,66.66666666666667,66.66666666666667,66.66666666666667,66.66666666666667,66.66666666666667,66.66666666666667,66.66666666666667,66.66666666666667
A,Annual,VNM,Viet Nam,WB_RISE_EE_IMUT,Incentives & Mandates: Energy Utility Programs,SCORE,Score,WB_RISE,Regulatory Indicators for Sustainable Energy (RISE),0,Units,A,Normal value,PU,Public,0.0,0.0,0.0,16.666666666666668,16.666666666666668,16.666666666666668,56.66666666666667,56.66666666666667,56.66666666666667,56.66666666666667,56.66666666666667,73.33333333333334,73.33333333333334,73.33333333333334
A,Annual,VNM,Viet Nam,WB_RISE_EE_MEEP,Minimum Energy Efficiency Performance Standards,SCORE,Score,WB_RISE,Regulatory Indicators for Sustainable Energy (RISE),0,Units,A,Normal value,PU,Public,58.33333333333334,58.33333333333334,65.27777777777777,72.22222222222223,72.22222222222223,72.22222222222223,72.22222222222223,72.22222222222223,72.22222222222223,73.61111111111111,73.61111111111111,73.61111111111111,73.61111111111111,73.61111111111111
A,Annual,VNM,Viet Nam,WB_RISE_EE_TRN,Transport Sector,SCORE,Score,WB_RISE,Regulatory Indicators for Sustainable Energy (RISE),0,Units,A,Normal value,PU,Public,41.66666666666667,41.66666666666667,41.66666666666667,41.66666666666667,41.66666666666667,66.66666666666667,66.66666666666667,66.66666666666667,66.66666666666667,66.66666666666667,66.66666666666667,66.66666666666667,66.66666666666667,66.66666666666667
A,Annual,VNM,Viet Nam,WB_RISE_RE_ALL,Sustainable Energy - Renewable Energy Score,SCORE,Score,WB_RISE,Regulatory Indicators for Sustainable Energy (RISE),0,Units,A,Normal value,PU,Public,15.719576719576722,19.886243386243383,20.243386243386247,20.243386243386247,20.243386243386247,26.91005291005291,26.91005291005291,30.7989417989418,30.7989417989418,30.7989417989418,30.7989417989418,30.7989417989418,42.70370370370371,39.85185185185186
A,Annual,VNM,Viet Nam,WB_RISE_RE_ELEC,Electricity Sector Renewables,SCORE,Score,WB_RISE,Regulatory Indicators for Sustainable Energy (RISE),0,Units,A,Normal value,PU,Public,19.90740740740741,24.07407407407408,24.07407407407408,24.07407407407408,24.07407407407408,35.18518518518518,35.18518518518518,37.96296296296296,37.96296296296296,37.96296296296296,37.96296296296296,37.96296296296296,37.96296296296296,49.25925925925926
A,Annual,VNM,Viet Nam,WB_RISE_RE_GOV,Renewable Energy - Governance,SCORE,Score,WB_RISE,Regulatory Indicators for Sustainable Energy (RISE),0,Units,A,Normal value,PU,Public,22.02380952380953,38.69047619047619,40.47619047619048,40.47619047619048,40.47619047619048,40.47619047619048,40.47619047619048,57.142857142857146,57.142857142857146,57.142857142857146,57.142857142857146,57.142857142857146,100.0,83.33333333333334
A,Annual,VNM,Viet Nam,WB_RISE_RE_HE_CO,Heating and Cooling Renewables,SCORE,Score,WB_RISE,Regulatory Indicators for Sustainable Energy (RISE),0,Units,A,Normal value,PU,Public,0.0,0.0,0.0,0.0,0.0,0.0,0.0,0.0,0.0,0.0,0.0,0.0,0.0,0.0
A,Annual,VNM,Viet Nam,WB_RISE_RE_LVL_PLYNG_FLD,Leveling the Playing Field for Renewables,SCORE,Score,WB_RISE,Regulatory Indicators for Sustainable Energy (RISE),0,Units,A,Normal value,PU,Public,20.0,20.0,20.0,20.0,20.0,20.0,20.0,20.0,20.0,20.0,20.0,20.0,20.0,0.0
A,Annual,VNM,Viet Nam,WB_RISE_RE_TRNS,Transport Sector Renewables,SCORE,Score,WB_RISE,Regulatory Indicators for Sustainable Energy (RISE),0,Units,A,Normal value,PU,Public,16.666666666666668,16.666666666666668,16.666666666666668,16.666666666666668,16.666666666666668,38.88888888888889,38.88888888888889,38.88888888888889,38.88888888888889,38.88888888888889,38.88888888888889,38.88888888888889,55.55555555555557,66.66666666666667
A,Annual,VUT,Vanuatu,WB_RISE_CC_ALL,Sustainable Energy - Clean Cooking Score,SCORE,Score,WB_RISE,Regulatory Indicators for Sustainable Energy (RISE),0,Units,A,Normal value,PU,Public,0.0,0.0,0.0,0.0,0.0,3.75,3.75,3.75,3.75,6.527777777777779,19.02777777777778,19.02777777777778,13.055555555555555,13.055555555555555
A,Annual,VUT,Vanuatu,WB_RISE_CC_CCP,Clean Cooking National Planning,SCORE,Score,WB_RISE,Regulatory Indicators for Sustainable Energy (RISE),0,Units,A,Normal value,PU,Public,0.0,0.0,0.0,0.0,0.0,6.666666666666667,6.666666666666667,6.666666666666667,6.666666666666667,6.666666666666667,24.444444444444446,24.444444444444446,46.66666666666666,46.66666666666666
A,Annual,VUT,Vanuatu,WB_RISE_CC_FIAC,Incentives and Attributes for Clean Cooking,SCORE,Score,WB_RISE,Regulatory Indicators for Sustainable Energy (RISE),0,Units,A,Normal value,PU,Public,0.0,0.0,0.0,0.0,0.0,8.333333333333334,8.333333333333334,8.333333333333334,8.333333333333334,8.333333333333334,8.333333333333334,8.333333333333334,0.0,0.0
A,Annual,VUT,Vanuatu,WB_RISE_CC_SCCP,Implementation Scope of Clean Cooking Planning,SCORE,Score,WB_RISE,Regulatory Indicators for Sustainable Energy (RISE),0,Units,A,Normal value,PU,Public,0.0,0.0,0.0,0.0,0.0,0.0,0.0,0.0,0.0,0.0,32.22222222222222,32.22222222222222,5.555555555555556,5.555555555555556
A,Annual,VUT,Vanuatu,WB_RISE_CC_STLA,Standards and Labeling,SCORE,Score,WB_RISE,Regulatory Indicators for Sustainable Energy (RISE),0,Units,A,Normal value,PU,Public,0.0,0.0,0.0,0.0,0.0,0.0,0.0,0.0,0.0,11.111111111111112,11.111111111111112,11.111111111111112,0.0,0.0
A,Annual,VUT,Vanuatu,WB_RISE_CON_AFEL,Consumer Affordability of Electricity,SCORE,Score,WB_RISE,Regulatory Indicators for Sustainable Energy (RISE),0,Units,A,Normal value,PU,Public,68.60000000000001,68.60000000000001,68.60000000000001,68.60000000000001,68.60000000000001,68.60000000000001,68.60000000000001,68.60000000000001,68.60000000000001,68.60000000000001,68.60000000000001,68.60000000000001,68.60000000000001,68.60000000000001
A,Annual,VUT,Vanuatu,WB_RISE_EA_ALL,Sustainable Energy - Electricity Access Score,SCORE,Score,WB_RISE,Regulatory Indicators for Sustainable Energy (RISE),0,Units,A,Normal value,PU,Public,14.672380952380951,14.672380952380951,14.672380952380951,22.100952380952386,33.58243386243387,41.36021164021164,47.26497354497354,48.74645502645503,50.651216931216936,50.651216931216936,50.651216931216936,50.651216931216936,50.651216931216936,50.651216931216936
A,Annual,VUT,Vanuatu,WB_RISE_EE_ALL,Sustainable Energy - Energy Efficiency Score,SCORE,Score,WB_RISE,Regulatory Indicators for Sustainable Energy (RISE),0,Units,A,Normal value,PU,Public,4.62962962962963,4.62962962962963,4.62962962962963,4.62962962962963,4.62962962962963,4.62962962962963,19.419753086419757,19.419753086419757,19.419753086419757,19.419753086419757,19.419753086419757,19.419753086419757,21.271604938271608,22.38271604938272
A,Annual,VUT,Vanuatu,WB_RISE_EE_BEC,Building Energy Codes,SCORE,Score,WB_RISE,Regulatory Indicators for Sustainable Energy (RISE),0,Units,A,Normal value,PU,Public,0.0,0.0,0.0,0.0,0.0,0.0,0.0,0.0,0.0,0.0,0.0,0.0,0.0,0.0
A,Annual,VUT,Vanuatu,WB_RISE_EE_EES,Energy Efficiency Governance,SCORE,Score,WB_RISE,Regulatory Indicators for Sustainable Energy (RISE),0,Units,A,Normal value,PU,Public,0.0,0.0,0.0,0.0,0.0,0.0,35.88888888888889,35.88888888888889,35.88888888888889,35.88888888888889,35.88888888888889,35.88888888888889,35.88888888888889,35.88888888888889
A,Annual,VUT,Vanuatu,WB_RISE_EE_ELS,Energy Labeling Systems,SCORE,Score,WB_RISE,Regulatory Indicators for Sustainable Energy (RISE),0,Units,A,Normal value,PU,Public,0.0,0.0,0.0,0.0,0.0,0.0,50.0,50.0,50.0,50.0,50.0,50.0,50.0,50.0
A,Annual,VUT,Vanuatu,WB_RISE_EE_FMEE,Financing Mechanisms for Energy Efficiency,SCORE,Score,WB_RISE,Regulatory Indicators for Sustainable Energy (RISE),0,Units,A,Normal value,PU,Public,0.0,0.0,0.0,0.0,0.0,0.0,0.0,0.0,0.0,0.0,0.0,0.0,0.0,0.0
A,Annual,VUT,Vanuatu,WB_RISE_EE_IMIC,Industrial and Commercial End Users,SCORE,Score,WB_RISE,Regulatory Indicators for Sustainable Energy (RISE),0,Units,A,Normal value,PU,Public,0.0,0.0,0.0,0.0,0.0,0.0,0.0,0.0,0.0,0.0,0.0,0.0,0.0,0.0
A,Annual,VUT,Vanuatu,WB_RISE_EE_IMPS,Energy Efficiency in Public Sector,SCORE,Score,WB_RISE,Regulatory Indicators for Sustainable Energy (RISE),0,Units,A,Normal value,PU,Public,0.0,0.0,0.0,0.0,0.0,0.0,0.0,0.0,0.0,0.0,0.0,0.0,16.666666666666668,16.666666666666668
A,Annual,VUT,Vanuatu,WB_RISE_EE_IMUT,Incentives & Mandates: Energy Utility Programs,SCORE,Score,WB_RISE,Regulatory Indicators for Sustainable Energy (RISE),0,Units,A,Normal value,PU,Public,0.0,0.0,0.0,0.0,0.0,0.0,33.333333333333336,33.333333333333336,33.333333333333336,33.333333333333336,33.333333333333336,33.333333333333336,33.333333333333336,43.333333333333336
A,Annual,VUT,Vanuatu,WB_RISE_EE_MEEP,Minimum Energy Efficiency Performance Standards,SCORE,Score,WB_RISE,Regulatory Indicators for Sustainable Energy (RISE),0,Units,A,Normal value,PU,Public,41.66666666666667,41.66666666666667,41.66666666666667,41.66666666666667,41.66666666666667,41.66666666666667,55.55555555555556,55.55555555555556,55.55555555555556,55.55555555555556,55.55555555555556,55.55555555555556,55.55555555555556,55.55555555555556
A,Annual,VUT,Vanuatu,WB_RISE_EE_TRN,Transport Sector,SCORE,Score,WB_RISE,Regulatory Indicators for Sustainable Energy (RISE),0,Units,A,Normal value,PU,Public,0.0,0.0,0.0,0.0,0.0,0.0,0.0,0.0,0.0,0.0,0.0,0.0,0.0,0.0
A,Annual,VUT,Vanuatu,WB_RISE_ELTN_PL,Electrification Governance and Planning,SCORE,Score,WB_RISE,Regulatory Indicators for Sustainable Energy (RISE),0,Units,A,Normal value,PU,Public,0.0,0.0,0.0,37.142857142857146,37.142857142857146,37.142857142857146,66.66666666666667,66.66666666666667,66.66666666666667,66.66666666666667,66.66666666666667,66.66666666666667,66.66666666666667,66.66666666666667
A,Annual,VUT,Vanuatu,WB_RISE_FRM_MGRI,Minigrids Framework,SCORE,Score,WB_RISE,Regulatory Indicators for Sustainable Energy (RISE),0,Units,A,Normal value,PU,Public,4.761904761904762,4.761904761904762,4.761904761904762,4.761904761904762,12.16931216931217,12.16931216931217,12.16931216931217,19.576719576719576,29.100529100529094,29.100529100529094,29.100529100529094,29.100529100529094,29.100529100529094,29.100529100529094
A,Annual,VUT,Vanuatu,WB_RISE_FRM_OGS,Off-Grid Systems Framework,SCORE,Score,WB_RISE,Regulatory Indicators for Sustainable Energy (RISE),0,Units,A,Normal value,PU,Public,0.0,0.0,0.0,0.0,16.666666666666668,55.55555555555557,55.55555555555557,55.55555555555557,55.55555555555557,55.55555555555557,55.55555555555557,55.55555555555557,55.55555555555557,55.55555555555557
A,Annual,VUT,Vanuatu,WB_RISE_FR_GREL,Grid Electrification Framework,SCORE,Score,WB_RISE,Regulatory Indicators for Sustainable Energy (RISE),0,Units,A,Normal value,PU,Public,0.0,0.0,0.0,0.0,33.333333333333336,33.333333333333336,33.333333333333336,33.333333333333336,33.333333333333336,33.333333333333336,33.333333333333336,33.333333333333336,33.333333333333336,33.333333333333336
A,Annual,VUT,Vanuatu,WB_RISE_RE_ALL,Sustainable Energy - Renewable Energy Score,SCORE,Score,WB_RISE,Regulatory Indicators for Sustainable Energy (RISE),0,Units,A,Normal value,PU,Public,0.0,0.0,0.0,0.0,3.333333333333333,3.333333333333333,5.0,5.0,5.0,5.0,9.523809523809524,9.523809523809524,9.523809523809524,8.333333333333334
A,Annual,VUT,Vanuatu,WB_RISE_RE_ELEC,Electricity Sector Renewables,SCORE,Score,WB_RISE,Regulatory Indicators for Sustainable Energy (RISE),0,Units,A,Normal value,PU,Public,0.0,0.0,0.0,0.0,0.0,0.0,8.333333333333334,8.333333333333334,8.333333333333334,8.333333333333334,16.666666666666668,16.666666666666668,16.666666666666668,16.666666666666668
A,Annual,VUT,Vanuatu,WB_RISE_RE_GOV,Renewable Energy - Governance,SCORE,Score,WB_RISE,Regulatory Indicators for Sustainable Energy (RISE),0,Units,A,Normal value,PU,Public,0.0,0.0,0.0,0.0,16.666666666666668,16.666666666666668,16.666666666666668,16.666666666666668,16.666666666666668,16.666666666666668,30.95238095238096,30.95238095238096,30.95238095238096,8.333333333333334
A,Annual,VUT,Vanuatu,WB_RISE_RE_HE_CO,Heating and Cooling Renewables,SCORE,Score,WB_RISE,Regulatory Indicators for Sustainable Energy (RISE),0,Units,A,Normal value,PU,Public,0.0,0.0,0.0,0.0,0.0,0.0,0.0,0.0,0.0,0.0,0.0,0.0,0.0,0.0
A,Annual,VUT,Vanuatu,WB_RISE_RE_LVL_PLYNG_FLD,Leveling the Playing Field for Renewables,SCORE,Score,WB_RISE,Regulatory Indicators for Sustainable Energy (RISE),0,Units,A,Normal value,PU,Public,0.0,0.0,0.0,0.0,0.0,0.0,0.0,0.0,0.0,0.0,0.0,0.0,0.0,0.0
A,Annual,VUT,Vanuatu,WB_RISE_RE_TRNS,Transport Sector Renewables,SCORE,Score,WB_RISE,Regulatory Indicators for Sustainable Energy (RISE),0,Units,A,Normal value,PU,Public,0.0,0.0,0.0,0.0,0.0,0.0,0.0,0.0,0.0,0.0,0.0,0.0,0.0,16.666666666666668
A,Annual,XKX,Kosovo,WB_RISE_EE_ALL,Sustainable Energy - Energy Efficiency Score,SCORE,Score,WB_RISE,Regulatory Indicators for Sustainable Energy (RISE),0,Units,A,Normal value,PU,Public,1.7283950617283952,5.061728395061729,14.78395061728395,14.78395061728395,14.78395061728395,17.00617283950617,31.728395061728392,36.82098765432099,47.50000000000001,47.50000000000001,50.0925925925926,50.0925925925926,50.0925925925926,50.0925925925926
A,Annual,XKX,Kosovo,WB_RISE_EE_BEC,Building Energy Codes,SCORE,Score,WB_RISE,Regulatory Indicators for Sustainable Energy (RISE),0,Units,A,Normal value,PU,Public,0.0,0.0,0.0,0.0,0.0,0.0,33.333333333333336,33.333333333333336,33.333333333333336,33.333333333333336,40.0,40.0,40.0,40.0
A,Annual,XKX,Kosovo,WB_RISE_EE_EES,Energy Efficiency Governance,SCORE,Score,WB_RISE,Regulatory Indicators for Sustainable Energy (RISE),0,Units,A,Normal value,PU,Public,2.777777777777778,32.77777777777778,57.777777777777786,57.777777777777786,57.777777777777786,57.777777777777786,67.77777777777779,67.77777777777779,87.22222222222223,87.22222222222223,87.22222222222223,87.22222222222223,87.22222222222223,87.22222222222223
A,Annual,XKX,Kosovo,WB_RISE_EE_ELS,Energy Labeling Systems,SCORE,Score,WB_RISE,Regulatory Indicators for Sustainable Energy (RISE),0,Units,A,Normal value,PU,Public,0.0,0.0,50.0,50.0,50.0,50.0,50.0,50.0,50.0,50.0,50.0,50.0,50.0,50.0
A,Annual,XKX,Kosovo,WB_RISE_EE_FMEE,Financing Mechanisms for Energy Efficiency,SCORE,Score,WB_RISE,Regulatory Indicators for Sustainable Energy (RISE),0,Units,A,Normal value,PU,Public,0.0,0.0,0.0,0.0,0.0,0.0,0.0,0.0,50.0,50.0,50.0,50.0,50.0,50.0
A,Annual,XKX,Kosovo,WB_RISE_EE_IMIC,Industrial and Commercial End Users,SCORE,Score,WB_RISE,Regulatory Indicators for Sustainable Energy (RISE),0,Units,A,Normal value,PU,Public,0.0,0.0,12.5,12.5,12.5,12.5,12.5,25.0,25.0,25.0,25.0,25.0,25.0,25.0
A,Annual,XKX,Kosovo,WB_RISE_EE_IMPS,Energy Efficiency in Public Sector,SCORE,Score,WB_RISE,Regulatory Indicators for Sustainable Energy (RISE),0,Units,A,Normal value,PU,Public,0.0,0.0,0.0,0.0,0.0,0.0,50.0,66.66666666666667,66.66666666666667,66.66666666666667,83.33333333333334,83.33333333333334,83.33333333333334,83.33333333333334
A,Annual,XKX,Kosovo,WB_RISE_EE_IMUT,Incentives & Mandates: Energy Utility Programs,SCORE,Score,WB_RISE,Regulatory Indicators for Sustainable Energy (RISE),0,Units,A,Normal value,PU,Public,10.0,10.0,10.0,10.0,10.0,30.0,40.0,56.66666666666667,83.33333333333334,83.33333333333334,83.33333333333334,83.33333333333334,83.33333333333334,83.33333333333334
A,Annual,XKX,Kosovo,WB_RISE_EE_MEEP,Minimum Energy Efficiency Performance Standards,SCORE,Score,WB_RISE,Regulatory Indicators for Sustainable Energy (RISE),0,Units,A,Normal value,PU,Public,2.777777777777778,2.777777777777778,2.777777777777778,2.777777777777778,2.777777777777778,2.777777777777778,31.944444444444446,31.944444444444446,31.944444444444446,31.944444444444446,31.944444444444446,31.944444444444446,31.944444444444446,31.944444444444446
A,Annual,XKX,Kosovo,WB_RISE_EE_TRN,Transport Sector,SCORE,Score,WB_RISE,Regulatory Indicators for Sustainable Energy (RISE),0,Units,A,Normal value,PU,Public,0.0,0.0,0.0,0.0,0.0,0.0,0.0,0.0,0.0,0.0,0.0,0.0,0.0,0.0
A,Annual,XKX,Kosovo,WB_RISE_RE_ALL,Sustainable Energy - Renewable Energy Score,SCORE,Score,WB_RISE,Regulatory Indicators for Sustainable Energy (RISE),0,Units,A,Normal value,PU,Public,1.574074074074074,1.574074074074074,14.907407407407408,14.907407407407408,14.907407407407408,14.907407407407408,34.39153439153439,34.39153439153439,37.24867724867725,37.24867724867725,37.24867724867725,37.24867724867725,37.24867724867725,36.24867724867725
A,Annual,XKX,Kosovo,WB_RISE_RE_ELEC,Electricity Sector Renewables,SCORE,Score,WB_RISE,Regulatory Indicators for Sustainable Energy (RISE),0,Units,A,Normal value,PU,Public,7.87037037037037,7.87037037037037,7.87037037037037,7.87037037037037,7.87037037037037,7.87037037037037,31.481481481481485,31.481481481481485,31.481481481481485,31.481481481481485,31.481481481481485,31.481481481481485,31.481481481481485,43.14814814814815
A,Annual,XKX,Kosovo,WB_RISE_RE_GOV,Renewable Energy - Governance,SCORE,Score,WB_RISE,Regulatory Indicators for Sustainable Energy (RISE),0,Units,A,Normal value,PU,Public,0.0,0.0,33.333333333333336,33.333333333333336,33.333333333333336,33.333333333333336,40.47619047619048,40.47619047619048,54.76190476190476,54.76190476190476,54.76190476190476,54.76190476190476,54.76190476190476,38.095238095238095
A,Annual,XKX,Kosovo,WB_RISE_RE_HE_CO,Heating and Cooling Renewables,SCORE,Score,WB_RISE,Regulatory Indicators for Sustainable Energy (RISE),0,Units,A,Normal value,PU,Public,0.0,0.0,33.333333333333336,33.333333333333336,33.333333333333336,33.333333333333336,50.0,50.0,50.0,50.0,50.0,50.0,50.0,66.66666666666667
A,Annual,XKX,Kosovo,WB_RISE_RE_LVL_PLYNG_FLD,Leveling the Playing Field for Renewables,SCORE,Score,WB_RISE,Regulatory Indicators for Sustainable Energy (RISE),0,Units,A,Normal value,PU,Public,0.0,0.0,0.0,0.0,0.0,0.0,0.0,0.0,0.0,0.0,0.0,0.0,0.0,0.0
A,Annual,XKX,Kosovo,WB_RISE_RE_TRNS,Transport Sector Renewables,SCORE,Score,WB_RISE,Regulatory Indicators for Sustainable Energy (RISE),0,Units,A,Normal value,PU,Public,0.0,0.0,0.0,0.0,0.0,0.0,50.0,50.0,50.0,50.0,50.0,50.0,50.0,33.333333333333336
A,Annual,YEM,"Yemen, Rep.",WB_RISE_CC_ALL,Sustainable Energy - Clean Cooking Score,SCORE,Score,WB_RISE,Regulatory Indicators for Sustainable Energy (RISE),0,Units,A,Normal value,PU,Public,0.0,0.0,0.0,0.0,0.0,46.66666666666666,46.66666666666666,46.66666666666666,46.66666666666666,55.55555555555556,55.55555555555556,55.55555555555556,1.6666666666666667,1.6666666666666667
A,Annual,YEM,"Yemen, Rep.",WB_RISE_CC_CCP,Clean Cooking National Planning,SCORE,Score,WB_RISE,Regulatory Indicators for Sustainable Energy (RISE),0,Units,A,Normal value,PU,Public,0.0,0.0,0.0,0.0,0.0,73.33333333333333,73.33333333333333,73.33333333333333,73.33333333333333,73.33333333333333,73.33333333333333,73.33333333333333,6.666666666666667,6.666666666666667
A,Annual,YEM,"Yemen, Rep.",WB_RISE_CC_FIAC,Incentives and Attributes for Clean Cooking,SCORE,Score,WB_RISE,Regulatory Indicators for Sustainable Energy (RISE),0,Units,A,Normal value,PU,Public,0.0,0.0,0.0,0.0,0.0,50.0,50.0,50.0,50.0,50.0,50.0,50.0,0.0,0.0
A,Annual,YEM,"Yemen, Rep.",WB_RISE_CC_SCCP,Implementation Scope of Clean Cooking Planning,SCORE,Score,WB_RISE,Regulatory Indicators for Sustainable Energy (RISE),0,Units,A,Normal value,PU,Public,0.0,0.0,0.0,0.0,0.0,63.333333333333336,63.333333333333336,63.333333333333336,63.333333333333336,63.333333333333336,63.333333333333336,63.333333333333336,0.0,0.0
A,Annual,YEM,"Yemen, Rep.",WB_RISE_CC_STLA,Standards and Labeling,SCORE,Score,WB_RISE,Regulatory Indicators for Sustainable Energy (RISE),0,Units,A,Normal value,PU,Public,0.0,0.0,0.0,0.0,0.0,0.0,0.0,0.0,0.0,35.55555555555556,35.55555555555556,35.55555555555556,0.0,0.0
A,Annual,YEM,"Yemen, Rep.",WB_RISE_CON_AFEL,Consumer Affordability of Electricity,SCORE,Score,WB_RISE,Regulatory Indicators for Sustainable Energy (RISE),0,Units,A,Normal value,PU,Public,0.0,0.0,0.0,0.0,0.0,0.0,0.0,0.0,0.0,0.0,0.0,0.0,0.0,0.0
A,Annual,YEM,"Yemen, Rep.",WB_RISE_EA_ALL,Sustainable Energy - Electricity Access Score,SCORE,Score,WB_RISE,Regulatory Indicators for Sustainable Energy (RISE),0,Units,A,Normal value,PU,Public,6.455026455026456,6.455026455026456,6.455026455026456,6.455026455026456,6.455026455026456,9.470899470899472,9.470899470899472,9.470899470899472,9.470899470899472,9.470899470899472,9.470899470899472,9.470899470899472,9.470899470899472,9.470899470899472
A,Annual,YEM,"Yemen, Rep.",WB_RISE_EE_ALL,Sustainable Energy - Energy Efficiency Score,SCORE,Score,WB_RISE,Regulatory Indicators for Sustainable Energy (RISE),0,Units,A,Normal value,PU,Public,3.555555555555556,3.555555555555556,3.555555555555556,3.555555555555556,3.555555555555556,3.555555555555556,3.555555555555556,3.555555555555556,3.555555555555556,4.481481481481482,4.481481481481482,4.481481481481482,4.481481481481482,4.481481481481482
A,Annual,YEM,"Yemen, Rep.",WB_RISE_EE_BEC,Building Energy Codes,SCORE,Score,WB_RISE,Regulatory Indicators for Sustainable Energy (RISE),0,Units,A,Normal value,PU,Public,0.0,0.0,0.0,0.0,0.0,0.0,0.0,0.0,0.0,0.0,0.0,0.0,0.0,0.0
A,Annual,YEM,"Yemen, Rep.",WB_RISE_EE_EES,Energy Efficiency Governance,SCORE,Score,WB_RISE,Regulatory Indicators for Sustainable Energy (RISE),0,Units,A,Normal value,PU,Public,32.0,32.0,32.0,32.0,32.0,32.0,32.0,32.0,32.0,40.333333333333336,40.333333333333336,40.333333333333336,40.333333333333336,40.333333333333336
A,Annual,YEM,"Yemen, Rep.",WB_RISE_EE_ELS,Energy Labeling Systems,SCORE,Score,WB_RISE,Regulatory Indicators for Sustainable Energy (RISE),0,Units,A,Normal value,PU,Public,0.0,0.0,0.0,0.0,0.0,0.0,0.0,0.0,0.0,0.0,0.0,0.0,0.0,0.0
A,Annual,YEM,"Yemen, Rep.",WB_RISE_EE_FMEE,Financing Mechanisms for Energy Efficiency,SCORE,Score,WB_RISE,Regulatory Indicators for Sustainable Energy (RISE),0,Units,A,Normal value,PU,Public,0.0,0.0,0.0,0.0,0.0,0.0,0.0,0.0,0.0,0.0,0.0,0.0,0.0,0.0
A,Annual,YEM,"Yemen, Rep.",WB_RISE_EE_IMIC,Industrial and Commercial End Users,SCORE,Score,WB_RISE,Regulatory Indicators for Sustainable Energy (RISE),0,Units,A,Normal value,PU,Public,0.0,0.0,0.0,0.0,0.0,0.0,0.0,0.0,0.0,0.0,0.0,0.0,0.0,0.0
A,Annual,YEM,"Yemen, Rep.",WB_RISE_EE_IMPS,Energy Efficiency in Public Sector,SCORE,Score,WB_RISE,Regulatory Indicators for Sustainable Energy (RISE),0,Units,A,Normal value,PU,Public,0.0,0.0,0.0,0.0,0.0,0.0,0.0,0.0,0.0,0.0,0.0,0.0,0.0,0.0
A,Annual,YEM,"Yemen, Rep.",WB_RISE_EE_IMUT,Incentives & Mandates: Energy Utility Programs,SCORE,Score,WB_RISE,Regulatory Indicators for Sustainable Energy (RISE),0,Units,A,Normal value,PU,Public,0.0,0.0,0.0,0.0,0.0,0.0,0.0,0.0,0.0,0.0,0.0,0.0,0.0,0.0
A,Annual,YEM,"Yemen, Rep.",WB_RISE_EE_MEEP,Minimum Energy Efficiency Performance Standards,SCORE,Score,WB_RISE,Regulatory Indicators for Sustainable Energy (RISE),0,Units,A,Normal value,PU,Public,0.0,0.0,0.0,0.0,0.0,0.0,0.0,0.0,0.0,0.0,0.0,0.0,0.0,0.0
A,Annual,YEM,"Yemen, Rep.",WB_RISE_EE_TRN,Transport Sector,SCORE,Score,WB_RISE,Regulatory Indicators for Sustainable Energy (RISE),0,Units,A,Normal value,PU,Public,0.0,0.0,0.0,0.0,0.0,0.0,0.0,0.0,0.0,0.0,0.0,0.0,0.0,0.0
A,Annual,YEM,"Yemen, Rep.",WB_RISE_ELTN_PL,Electrification Governance and Planning,SCORE,Score,WB_RISE,Regulatory Indicators for Sustainable Energy (RISE),0,Units,A,Normal value,PU,Public,28.571428571428573,28.571428571428573,28.571428571428573,28.571428571428573,28.571428571428573,28.571428571428573,28.571428571428573,28.571428571428573,28.571428571428573,28.571428571428573,28.571428571428573,28.571428571428573,28.571428571428573,28.571428571428573
A,Annual,YEM,"Yemen, Rep.",WB_RISE_FRM_MGRI,Minigrids Framework,SCORE,Score,WB_RISE,Regulatory Indicators for Sustainable Energy (RISE),0,Units,A,Normal value,PU,Public,3.703703703703704,3.703703703703704,3.703703703703704,3.703703703703704,3.703703703703704,13.227513227513228,13.227513227513228,13.227513227513228,13.227513227513228,13.227513227513228,13.227513227513228,13.227513227513228,13.227513227513228,13.227513227513228
A,Annual,YEM,"Yemen, Rep.",WB_RISE_FRM_OGS,Off-Grid Systems Framework,SCORE,Score,WB_RISE,Regulatory Indicators for Sustainable Energy (RISE),0,Units,A,Normal value,PU,Public,0.0,0.0,0.0,0.0,0.0,5.555555555555556,5.555555555555556,5.555555555555556,5.555555555555556,5.555555555555556,5.555555555555556,5.555555555555556,5.555555555555556,5.555555555555556
A,Annual,YEM,"Yemen, Rep.",WB_RISE_FR_GREL,Grid Electrification Framework,SCORE,Score,WB_RISE,Regulatory Indicators for Sustainable Energy (RISE),0,Units,A,Normal value,PU,Public,0.0,0.0,0.0,0.0,0.0,0.0,0.0,0.0,0.0,0.0,0.0,0.0,0.0,0.0
A,Annual,YEM,"Yemen, Rep.",WB_RISE_RE_ALL,Sustainable Energy - Renewable Energy Score,SCORE,Score,WB_RISE,Regulatory Indicators for Sustainable Energy (RISE),0,Units,A,Normal value,PU,Public,22.5,22.5,22.5,22.5,22.5,22.5,22.5,22.5,22.5,23.928571428571427,23.928571428571427,23.928571428571427,23.928571428571427,16.944444444444446
A,Annual,YEM,"Yemen, Rep.",WB_RISE_RE_ELEC,Electricity Sector Renewables,SCORE,Score,WB_RISE,Regulatory Indicators for Sustainable Energy (RISE),0,Units,A,Normal value,PU,Public,29.166666666666668,29.166666666666668,29.166666666666668,29.166666666666668,29.166666666666668,29.166666666666668,29.166666666666668,29.166666666666668,29.166666666666668,29.166666666666668,29.166666666666668,29.166666666666668,29.166666666666668,26.38888888888889
A,Annual,YEM,"Yemen, Rep.",WB_RISE_RE_GOV,Renewable Energy - Governance,SCORE,Score,WB_RISE,Regulatory Indicators for Sustainable Energy (RISE),0,Units,A,Normal value,PU,Public,50.0,50.0,50.0,50.0,50.0,50.0,50.0,50.0,50.0,57.142857142857146,57.142857142857146,57.142857142857146,57.142857142857146,25.0
A,Annual,YEM,"Yemen, Rep.",WB_RISE_RE_HE_CO,Heating and Cooling Renewables,SCORE,Score,WB_RISE,Regulatory Indicators for Sustainable Energy (RISE),0,Units,A,Normal value,PU,Public,33.333333333333336,33.333333333333336,33.333333333333336,33.333333333333336,33.333333333333336,33.333333333333336,33.333333333333336,33.333333333333336,33.333333333333336,33.333333333333336,33.333333333333336,33.333333333333336,33.333333333333336,33.333333333333336
A,Annual,YEM,"Yemen, Rep.",WB_RISE_RE_LVL_PLYNG_FLD,Leveling the Playing Field for Renewables,SCORE,Score,WB_RISE,Regulatory Indicators for Sustainable Energy (RISE),0,Units,A,Normal value,PU,Public,0.0,0.0,0.0,0.0,0.0,0.0,0.0,0.0,0.0,0.0,0.0,0.0,0.0,0.0
A,Annual,YEM,"Yemen, Rep.",WB_RISE_RE_TRNS,Transport Sector Renewables,SCORE,Score,WB_RISE,Regulatory Indicators for Sustainable Energy (RISE),0,Units,A,Normal value,PU,Public,0.0,0.0,0.0,0.0,0.0,0.0,0.0,0.0,0.0,0.0,0.0,0.0,0.0,0.0
A,Annual,ZAF,South Africa,WB_RISE_CC_ALL,Sustainable Energy - Clean Cooking Score,SCORE,Score,WB_RISE,Regulatory Indicators for Sustainable Energy (RISE),0,Units,A,Normal value,PU,Public,10.0,10.0,10.0,10.0,10.0,9.444444444444445,9.444444444444445,9.444444444444445,9.444444444444445,10.833333333333334,10.833333333333334,10.833333333333334,20.0,20.0
A,Annual,ZAF,South Africa,WB_RISE_CC_CCP,Clean Cooking National Planning,SCORE,Score,WB_RISE,Regulatory Indicators for Sustainable Energy (RISE),0,Units,A,Normal value,PU,Public,40.0,40.0,40.0,40.0,40.0,26.666666666666668,26.666666666666668,26.666666666666668,26.666666666666668,26.666666666666668,26.666666666666668,26.666666666666668,53.333333333333336,53.333333333333336
A,Annual,ZAF,South Africa,WB_RISE_CC_FIAC,Incentives and Attributes for Clean Cooking,SCORE,Score,WB_RISE,Regulatory Indicators for Sustainable Energy (RISE),0,Units,A,Normal value,PU,Public,0.0,0.0,0.0,0.0,0.0,0.0,0.0,0.0,0.0,0.0,0.0,0.0,0.0,0.0
A,Annual,ZAF,South Africa,WB_RISE_CC_SCCP,Implementation Scope of Clean Cooking Planning,SCORE,Score,WB_RISE,Regulatory Indicators for Sustainable Energy (RISE),0,Units,A,Normal value,PU,Public,0.0,0.0,0.0,0.0,0.0,11.111111111111112,11.111111111111112,11.111111111111112,11.111111111111112,11.111111111111112,11.111111111111112,11.111111111111112,26.666666666666668,26.666666666666668
A,Annual,ZAF,South Africa,WB_RISE_CC_STLA,Standards and Labeling,SCORE,Score,WB_RISE,Regulatory Indicators for Sustainable Energy (RISE),0,Units,A,Normal value,PU,Public,0.0,0.0,0.0,0.0,0.0,0.0,0.0,0.0,0.0,5.555555555555556,5.555555555555556,5.555555555555556,0.0,0.0
A,Annual,ZAF,South Africa,WB_RISE_CON_AFEL,Consumer Affordability of Electricity,SCORE,Score,WB_RISE,Regulatory Indicators for Sustainable Energy (RISE),0,Units,A,Normal value,PU,Public,22.94666666666667,22.94666666666667,22.94666666666667,22.94666666666667,22.94666666666667,22.94666666666667,22.94666666666667,22.94666666666667,22.94666666666667,22.94666666666667,22.94666666666667,22.94666666666667,22.94666666666667,56.28
A,Annual,ZAF,South Africa,WB_RISE_EA_ALL,Sustainable Energy - Electricity Access Score,SCORE,Score,WB_RISE,Regulatory Indicators for Sustainable Energy (RISE),0,Units,A,Normal value,PU,Public,5.700444444444445,8.5575873015873,8.5575873015873,8.5575873015873,11.890920634920636,18.557587301587304,18.557587301587304,20.250708994709,21.20308994708995,24.22954497354497,35.81684656084656,38.03906878306879,40.68457142857143,64.58933333333331
A,Annual,ZAF,South Africa,WB_RISE_EE_ALL,Sustainable Energy - Energy Efficiency Score,SCORE,Score,WB_RISE,Regulatory Indicators for Sustainable Energy (RISE),0,Units,A,Normal value,PU,Public,5.555555555555555,8.703703703703702,8.703703703703702,8.703703703703702,13.333333333333332,27.500000000000004,39.351851851851855,50.46296296296297,52.31481481481482,53.05555555555557,53.05555555555557,54.84567901234568,62.901234567901234,66.11111111111113
A,Annual,ZAF,South Africa,WB_RISE_EE_BEC,Building Energy Codes,SCORE,Score,WB_RISE,Regulatory Indicators for Sustainable Energy (RISE),0,Units,A,Normal value,PU,Public,0.0,28.33333333333333,28.33333333333333,28.33333333333333,28.33333333333333,35.0,35.0,35.0,35.0,41.66666666666666,41.66666666666666,48.333333333333336,48.333333333333336,48.333333333333336
A,Annual,ZAF,South Africa,WB_RISE_EE_EES,Energy Efficiency Governance,SCORE,Score,WB_RISE,Regulatory Indicators for Sustainable Energy (RISE),0,Units,A,Normal value,PU,Public,11.111111111111112,11.111111111111112,11.111111111111112,11.111111111111112,11.111111111111112,11.111111111111112,90.0,90.0,90.0,90.0,90.0,90.0,90.0,90.0
A,Annual,ZAF,South Africa,WB_RISE_EE_ELS,Energy Labeling Systems,SCORE,Score,WB_RISE,Regulatory Indicators for Sustainable Energy (RISE),0,Units,A,Normal value,PU,Public,12.5,12.5,12.5,12.5,12.5,12.5,12.5,70.83333333333334,70.83333333333334,70.83333333333334,70.83333333333334,70.83333333333334,70.83333333333334,70.83333333333334
A,Annual,ZAF,South Africa,WB_RISE_EE_FMEE,Financing Mechanisms for Energy Efficiency,SCORE,Score,WB_RISE,Regulatory Indicators for Sustainable Energy (RISE),0,Units,A,Normal value,PU,Public,0.0,0.0,0.0,0.0,0.0,33.333333333333336,33.333333333333336,50.0,50.0,50.0,50.0,50.0,50.0,50.0
A,Annual,ZAF,South Africa,WB_RISE_EE_IMIC,Industrial and Commercial End Users,SCORE,Score,WB_RISE,Regulatory Indicators for Sustainable Energy (RISE),0,Units,A,Normal value,PU,Public,12.5,12.5,12.5,12.5,12.5,12.5,37.5,37.5,37.5,37.5,37.5,37.5,75.0,87.5
A,Annual,ZAF,South Africa,WB_RISE_EE_IMPS,Energy Efficiency in Public Sector,SCORE,Score,WB_RISE,Regulatory Indicators for Sustainable Energy (RISE),0,Units,A,Normal value,PU,Public,0.0,0.0,0.0,0.0,0.0,66.66666666666667,66.66666666666667,66.66666666666667,66.66666666666667,66.66666666666667,66.66666666666667,66.66666666666667,83.33333333333334,83.33333333333334
A,Annual,ZAF,South Africa,WB_RISE_EE_IMUT,Incentives & Mandates: Energy Utility Programs,SCORE,Score,WB_RISE,Regulatory Indicators for Sustainable Energy (RISE),0,Units,A,Normal value,PU,Public,0.0,0.0,0.0,0.0,0.0,16.666666666666668,16.666666666666668,16.666666666666668,16.666666666666668,16.666666666666668,16.666666666666668,23.333333333333336,41.66666666666667,56.66666666666667
A,Annual,ZAF,South Africa,WB_RISE_EE_MEEP,Minimum Energy Efficiency Performance Standards,SCORE,Score,WB_RISE,Regulatory Indicators for Sustainable Energy (RISE),0,Units,A,Normal value,PU,Public,13.88888888888889,13.88888888888889,13.88888888888889,13.88888888888889,55.55555555555555,59.72222222222222,62.5,62.5,62.5,62.5,62.5,65.27777777777777,65.27777777777777,66.66666666666667
A,Annual,ZAF,South Africa,WB_RISE_EE_TRN,Transport Sector,SCORE,Score,WB_RISE,Regulatory Indicators for Sustainable Energy (RISE),0,Units,A,Normal value,PU,Public,0.0,0.0,0.0,0.0,0.0,0.0,0.0,25.0,41.66666666666667,41.66666666666667,41.66666666666667,41.66666666666667,41.66666666666667,41.66666666666667
A,Annual,ZAF,South Africa,WB_RISE_ELTN_PL,Electrification Governance and Planning,SCORE,Score,WB_RISE,Regulatory Indicators for Sustainable Energy (RISE),0,Units,A,Normal value,PU,Public,0.0,14.285714285714285,14.285714285714285,14.285714285714285,14.285714285714285,14.285714285714285,14.285714285714285,14.285714285714285,19.047619047619047,30.47619047619048,49.52380952380952,49.52380952380952,59.04761904761904,95.23809523809524
A,Annual,ZAF,South Africa,WB_RISE_FRM_MGRI,Minigrids Framework,SCORE,Score,WB_RISE,Regulatory Indicators for Sustainable Energy (RISE),0,Units,A,Normal value,PU,Public,0.0,0.0,0.0,0.0,0.0,0.0,0.0,8.465608465608467,8.465608465608467,12.16931216931217,12.16931216931217,23.28042328042328,26.984126984126988,26.984126984126988
A,Annual,ZAF,South Africa,WB_RISE_FRM_OGS,Off-Grid Systems Framework,SCORE,Score,WB_RISE,Regulatory Indicators for Sustainable Energy (RISE),0,Units,A,Normal value,PU,Public,5.555555555555556,5.555555555555556,5.555555555555556,5.555555555555556,22.222222222222225,55.55555555555557,55.55555555555557,55.55555555555557,55.55555555555557,55.55555555555557,61.11111111111112,61.11111111111112,61.11111111111112,61.11111111111112
A,Annual,ZAF,South Africa,WB_RISE_FR_GREL,Grid Electrification Framework,SCORE,Score,WB_RISE,Regulatory Indicators for Sustainable Energy (RISE),0,Units,A,Normal value,PU,Public,0.0,0.0,0.0,0.0,0.0,0.0,0.0,0.0,0.0,0.0,33.333333333333336,33.333333333333336,33.333333333333336,83.33333333333333
A,Annual,ZAF,South Africa,WB_RISE_RE_ALL,Sustainable Energy - Renewable Energy Score,SCORE,Score,WB_RISE,Regulatory Indicators for Sustainable Energy (RISE),0,Units,A,Normal value,PU,Public,8.518518518518519,10.51851851851852,10.51851851851852,12.185185185185189,13.970899470899472,13.970899470899472,14.63756613756614,19.193121693121693,21.41534391534392,30.507936507936517,30.507936507936517,44.43650793650794,52.44444444444446,54.01851851851852
A,Annual,ZAF,South Africa,WB_RISE_RE_ELEC,Electricity Sector Renewables,SCORE,Score,WB_RISE,Regulatory Indicators for Sustainable Energy (RISE),0,Units,A,Normal value,PU,Public,3.703703703703704,13.703703703703704,13.703703703703704,16.48148148148148,16.48148148148148,16.48148148148148,19.814814814814813,22.59259259259259,22.59259259259259,31.38888888888889,31.38888888888889,43.88888888888889,50.0,68.98148148148148
A,Annual,ZAF,South Africa,WB_RISE_RE_GOV,Renewable Energy - Governance,SCORE,Score,WB_RISE,Regulatory Indicators for Sustainable Energy (RISE),0,Units,A,Normal value,PU,Public,16.666666666666668,16.666666666666668,16.666666666666668,16.666666666666668,25.59523809523809,25.59523809523809,25.59523809523809,25.59523809523809,25.59523809523809,42.261904761904766,42.261904761904766,49.40476190476191,83.33333333333334,100.0
A,Annual,ZAF,South Africa,WB_RISE_RE_HE_CO,Heating and Cooling Renewables,SCORE,Score,WB_RISE,Regulatory Indicators for Sustainable Energy (RISE),0,Units,A,Normal value,PU,Public,22.222222222222225,22.222222222222225,22.222222222222225,27.777777777777786,27.777777777777786,27.777777777777786,27.777777777777786,27.777777777777786,27.777777777777786,27.777777777777786,27.777777777777786,44.44444444444445,44.44444444444445,44.44444444444445
A,Annual,ZAF,South Africa,WB_RISE_RE_LVL_PLYNG_FLD,Leveling the Playing Field for Renewables,SCORE,Score,WB_RISE,Regulatory Indicators for Sustainable Energy (RISE),0,Units,A,Normal value,PU,Public,0.0,0.0,0.0,0.0,0.0,0.0,0.0,20.0,20.0,40.0,40.0,40.0,40.0,40.0
A,Annual,ZAF,South Africa,WB_RISE_RE_TRNS,Transport Sector Renewables,SCORE,Score,WB_RISE,Regulatory Indicators for Sustainable Energy (RISE),0,Units,A,Normal value,PU,Public,0.0,0.0,0.0,0.0,0.0,0.0,0.0,0.0,11.111111111111112,11.111111111111112,11.111111111111112,44.44444444444445,44.44444444444445,16.666666666666668
A,Annual,ZMB,Zambia,WB_RISE_CC_ALL,Sustainable Energy - Clean Cooking Score,SCORE,Score,WB_RISE,Regulatory Indicators for Sustainable Energy (RISE),0,Units,A,Normal value,PU,Public,18.05555555555556,18.05555555555556,18.05555555555556,21.38888888888889,21.38888888888889,12.500000000000002,12.500000000000002,12.500000000000002,12.500000000000002,16.944444444444446,16.944444444444446,16.944444444444446,35.833333333333336,35.833333333333336
A,Annual,ZMB,Zambia,WB_RISE_CC_CCP,Clean Cooking National Planning,SCORE,Score,WB_RISE,Regulatory Indicators for Sustainable Energy (RISE),0,Units,A,Normal value,PU,Public,66.66666666666667,66.66666666666667,66.66666666666667,66.66666666666667,66.66666666666667,44.44444444444445,44.44444444444445,44.44444444444445,44.44444444444445,44.44444444444445,44.44444444444445,44.44444444444445,80.0,80.0
A,Annual,ZMB,Zambia,WB_RISE_CC_FIAC,Incentives and Attributes for Clean Cooking,SCORE,Score,WB_RISE,Regulatory Indicators for Sustainable Energy (RISE),0,Units,A,Normal value,PU,Public,0.0,0.0,0.0,0.0,0.0,0.0,0.0,0.0,0.0,0.0,0.0,0.0,0.0,0.0
A,Annual,ZMB,Zambia,WB_RISE_CC_SCCP,Implementation Scope of Clean Cooking Planning,SCORE,Score,WB_RISE,Regulatory Indicators for Sustainable Energy (RISE),0,Units,A,Normal value,PU,Public,5.555555555555556,5.555555555555556,5.555555555555556,18.88888888888889,18.88888888888889,5.555555555555556,5.555555555555556,5.555555555555556,5.555555555555556,5.555555555555556,5.555555555555556,5.555555555555556,63.333333333333336,63.333333333333336
A,Annual,ZMB,Zambia,WB_RISE_CC_STLA,Standards and Labeling,SCORE,Score,WB_RISE,Regulatory Indicators for Sustainable Energy (RISE),0,Units,A,Normal value,PU,Public,0.0,0.0,0.0,0.0,0.0,0.0,0.0,0.0,0.0,17.77777777777778,17.77777777777778,17.77777777777778,0.0,0.0
A,Annual,ZMB,Zambia,WB_RISE_CON_AFEL,Consumer Affordability of Electricity,SCORE,Score,WB_RISE,Regulatory Indicators for Sustainable Energy (RISE),0,Units,A,Normal value,PU,Public,54.0,54.0,54.0,54.0,54.0,54.0,54.0,54.0,54.0,54.0,54.0,54.0,54.0,70.66666666666667
A,Annual,ZMB,Zambia,WB_RISE_EA_ALL,Sustainable Energy - Electricity Access Score,SCORE,Score,WB_RISE,Regulatory Indicators for Sustainable Energy (RISE),0,Units,A,Normal value,PU,Public,35.403174603174605,35.403174603174605,35.403174603174605,35.403174603174605,35.403174603174605,35.403174603174605,36.35555555555556,47.30793650793651,52.334391534391536,58.94814814814815,62.493121693121694,63.44550264550264,69.92169312169311,76.90582010582011
A,Annual,ZMB,Zambia,WB_RISE_EE_ALL,Sustainable Energy - Energy Efficiency Score,SCORE,Score,WB_RISE,Regulatory Indicators for Sustainable Energy (RISE),0,Units,A,Normal value,PU,Public,0.2222222222222222,0.2222222222222222,0.2222222222222222,0.2222222222222222,0.2222222222222222,0.2222222222222222,0.2222222222222222,0.2222222222222222,0.2222222222222222,5.777777777777778,12.77777777777778,19.876543209876544,26.450617283950617,29.78395061728395
A,Annual,ZMB,Zambia,WB_RISE_EE_BEC,Building Energy Codes,SCORE,Score,WB_RISE,Regulatory Indicators for Sustainable Energy (RISE),0,Units,A,Normal value,PU,Public,0.0,0.0,0.0,0.0,0.0,0.0,0.0,0.0,0.0,0.0,0.0,0.0,0.0,0.0
A,Annual,ZMB,Zambia,WB_RISE_EE_EES,Energy Efficiency Governance,SCORE,Score,WB_RISE,Regulatory Indicators for Sustainable Energy (RISE),0,Units,A,Normal value,PU,Public,2.0,2.0,2.0,2.0,2.0,2.0,2.0,2.0,2.0,2.0,30.0,43.88888888888889,63.88888888888889,63.88888888888889
A,Annual,ZMB,Zambia,WB_RISE_EE_ELS,Energy Labeling Systems,SCORE,Score,WB_RISE,Regulatory Indicators for Sustainable Energy (RISE),0,Units,A,Normal value,PU,Public,0.0,0.0,0.0,0.0,0.0,0.0,0.0,0.0,0.0,0.0,0.0,0.0,0.0,0.0
A,Annual,ZMB,Zambia,WB_RISE_EE_FMEE,Financing Mechanisms for Energy Efficiency,SCORE,Score,WB_RISE,Regulatory Indicators for Sustainable Energy (RISE),0,Units,A,Normal value,PU,Public,0.0,0.0,0.0,0.0,0.0,0.0,0.0,0.0,0.0,0.0,0.0,0.0,16.666666666666668,16.666666666666668
A,Annual,ZMB,Zambia,WB_RISE_EE_IMIC,Industrial and Commercial End Users,SCORE,Score,WB_RISE,Regulatory Indicators for Sustainable Energy (RISE),0,Units,A,Normal value,PU,Public,0.0,0.0,0.0,0.0,0.0,0.0,0.0,0.0,0.0,0.0,25.0,25.0,37.5,37.5
A,Annual,ZMB,Zambia,WB_RISE_EE_IMPS,Energy Efficiency in Public Sector,SCORE,Score,WB_RISE,Regulatory Indicators for Sustainable Energy (RISE),0,Units,A,Normal value,PU,Public,0.0,0.0,0.0,0.0,0.0,0.0,0.0,0.0,0.0,0.0,0.0,0.0,0.0,0.0
A,Annual,ZMB,Zambia,WB_RISE_EE_IMUT,Incentives & Mandates: Energy Utility Programs,SCORE,Score,WB_RISE,Regulatory Indicators for Sustainable Energy (RISE),0,Units,A,Normal value,PU,Public,0.0,0.0,0.0,0.0,0.0,0.0,0.0,0.0,0.0,0.0,10.0,10.0,20.0,50.0
A,Annual,ZMB,Zambia,WB_RISE_EE_MEEP,Minimum Energy Efficiency Performance Standards,SCORE,Score,WB_RISE,Regulatory Indicators for Sustainable Energy (RISE),0,Units,A,Normal value,PU,Public,0.0,0.0,0.0,0.0,0.0,0.0,0.0,0.0,0.0,0.0,0.0,50.0,50.0,50.0
A,Annual,ZMB,Zambia,WB_RISE_EE_TRN,Transport Sector,SCORE,Score,WB_RISE,Regulatory Indicators for Sustainable Energy (RISE),0,Units,A,Normal value,PU,Public,0.0,0.0,0.0,0.0,0.0,0.0,0.0,0.0,0.0,50.0,50.0,50.0,50.0,50.0
A,Annual,ZMB,Zambia,WB_RISE_ELTN_PL,Electrification Governance and Planning,SCORE,Score,WB_RISE,Regulatory Indicators for Sustainable Energy (RISE),0,Units,A,Normal value,PU,Public,19.047619047619047,19.047619047619047,19.047619047619047,19.047619047619047,19.047619047619047,19.047619047619047,19.047619047619047,19.047619047619047,19.047619047619047,19.047619047619047,23.80952380952381,23.80952380952381,51.42857142857142,75.23809523809524
A,Annual,ZMB,Zambia,WB_RISE_FRM_MGRI,Minigrids Framework,SCORE,Score,WB_RISE,Regulatory Indicators for Sustainable Energy (RISE),0,Units,A,Normal value,PU,Public,9.523809523809524,9.523809523809524,9.523809523809524,9.523809523809524,9.523809523809524,9.523809523809524,14.285714285714286,19.047619047619047,38.62433862433863,66.13756613756614,73.54497354497354,78.3068783068783,83.06878306878308,83.06878306878308
A,Annual,ZMB,Zambia,WB_RISE_FRM_OGS,Off-Grid Systems Framework,SCORE,Score,WB_RISE,Regulatory Indicators for Sustainable Energy (RISE),0,Units,A,Normal value,PU,Public,44.44444444444445,44.44444444444445,44.44444444444445,44.44444444444445,44.44444444444445,44.44444444444445,44.44444444444445,44.44444444444445,50.0,55.55555555555557,61.11111111111111,61.11111111111111,61.11111111111111,55.55555555555557
A,Annual,ZMB,Zambia,WB_RISE_FR_GREL,Grid Electrification Framework,SCORE,Score,WB_RISE,Regulatory Indicators for Sustainable Energy (RISE),0,Units,A,Normal value,PU,Public,50.0,50.0,50.0,50.0,50.0,50.0,50.0,100.0,100.0,100.0,100.0,100.0,100.0,100.0
A,Annual,ZMB,Zambia,WB_RISE_RE_ALL,Sustainable Energy - Renewable Energy Score,SCORE,Score,WB_RISE,Regulatory Indicators for Sustainable Energy (RISE),0,Units,A,Normal value,PU,Public,4.833333333333334,4.833333333333334,4.833333333333334,4.833333333333334,4.833333333333334,5.870370370370371,6.425925925925927,10.796296296296296,11.462962962962962,23.12962962962963,36.77248677248677,41.77248677248677,45.10582010582011,22.383597883597883
A,Annual,ZMB,Zambia,WB_RISE_RE_ELEC,Electricity Sector Renewables,SCORE,Score,WB_RISE,Regulatory Indicators for Sustainable Energy (RISE),0,Units,A,Normal value,PU,Public,4.166666666666667,4.166666666666667,4.166666666666667,4.166666666666667,4.166666666666667,9.351851851851851,12.129629629629632,13.98148148148148,17.314814814814813,25.648148148148152,25.648148148148152,33.98148148148148,33.98148148148148,47.03703703703704
A,Annual,ZMB,Zambia,WB_RISE_RE_GOV,Renewable Energy - Governance,SCORE,Score,WB_RISE,Regulatory Indicators for Sustainable Energy (RISE),0,Units,A,Normal value,PU,Public,0.0,0.0,0.0,0.0,0.0,0.0,0.0,0.0,0.0,0.0,48.21428571428572,64.88095238095238,81.54761904761905,64.88095238095238
A,Annual,ZMB,Zambia,WB_RISE_RE_HE_CO,Heating and Cooling Renewables,SCORE,Score,WB_RISE,Regulatory Indicators for Sustainable Energy (RISE),0,Units,A,Normal value,PU,Public,0.0,0.0,0.0,0.0,0.0,0.0,0.0,0.0,0.0,16.666666666666668,16.666666666666668,16.666666666666668,16.666666666666668,0.0
A,Annual,ZMB,Zambia,WB_RISE_RE_LVL_PLYNG_FLD,Leveling the Playing Field for Renewables,SCORE,Score,WB_RISE,Regulatory Indicators for Sustainable Energy (RISE),0,Units,A,Normal value,PU,Public,20.0,20.0,20.0,20.0,20.0,20.0,20.0,40.0,40.0,40.0,60.0,60.0,60.0,0.0
A,Annual,ZMB,Zambia,WB_RISE_RE_TRNS,Transport Sector Renewables,SCORE,Score,WB_RISE,Regulatory Indicators for Sustainable Energy (RISE),0,Units,A,Normal value,PU,Public,0.0,0.0,0.0,0.0,0.0,0.0,0.0,0.0,0.0,33.333333333333336,33.333333333333336,33.333333333333336,33.333333333333336,0.0
A,Annual,ZWE,Zimbabwe,WB_RISE_CC_ALL,Sustainable Energy - Clean Cooking Score,SCORE,Score,WB_RISE,Regulatory Indicators for Sustainable Energy (RISE),0,Units,A,Normal value,PU,Public,8.333333333333334,8.333333333333334,20.833333333333336,25.000000000000004,25.000000000000004,29.583333333333336,31.25,31.25,34.02777777777778,39.583333333333336,39.583333333333336,52.91666666666666,27.083333333333336,29.16666666666667
A,Annual,ZWE,Zimbabwe,WB_RISE_CC_CCP,Clean Cooking National Planning,SCORE,Score,WB_RISE,Regulatory Indicators for Sustainable Energy (RISE),0,Units,A,Normal value,PU,Public,33.333333333333336,33.333333333333336,66.66666666666667,66.66666666666667,66.66666666666667,66.66666666666667,66.66666666666667,66.66666666666667,66.66666666666667,66.66666666666667,66.66666666666667,73.33333333333333,66.66666666666667,66.66666666666667
A,Annual,ZWE,Zimbabwe,WB_RISE_CC_FIAC,Incentives and Attributes for Clean Cooking,SCORE,Score,WB_RISE,Regulatory Indicators for Sustainable Energy (RISE),0,Units,A,Normal value,PU,Public,0.0,0.0,0.0,16.666666666666668,16.666666666666668,8.333333333333334,8.333333333333334,8.333333333333334,8.333333333333334,8.333333333333334,8.333333333333334,41.66666666666666,25.0,33.333333333333336
A,Annual,ZWE,Zimbabwe,WB_RISE_CC_SCCP,Implementation Scope of Clean Cooking Planning,SCORE,Score,WB_RISE,Regulatory Indicators for Sustainable Energy (RISE),0,Units,A,Normal value,PU,Public,0.0,0.0,16.666666666666668,16.666666666666668,16.666666666666668,36.66666666666666,43.333333333333336,43.333333333333336,43.333333333333336,43.333333333333336,43.333333333333336,43.333333333333336,16.666666666666668,16.666666666666668
A,Annual,ZWE,Zimbabwe,WB_RISE_CC_STLA,Standards and Labeling,SCORE,Score,WB_RISE,Regulatory Indicators for Sustainable Energy (RISE),0,Units,A,Normal value,PU,Public,0.0,0.0,0.0,0.0,0.0,6.666666666666667,6.666666666666667,6.666666666666667,17.77777777777778,40.0,40.0,53.333333333333336,0.0,0.0
A,Annual,ZWE,Zimbabwe,WB_RISE_CON_AFEL,Consumer Affordability of Electricity,SCORE,Score,WB_RISE,Regulatory Indicators for Sustainable Energy (RISE),0,Units,A,Normal value,PU,Public,66.64666666666666,66.64666666666666,83.31333333333333,83.31333333333333,83.31333333333333,83.31333333333333,83.31333333333333,83.31333333333333,83.31333333333333,83.31333333333333,83.31333333333333,83.31333333333333,83.31333333333333,83.31333333333333
A,Annual,ZWE,Zimbabwe,WB_RISE_EA_ALL,Sustainable Energy - Electricity Access Score,SCORE,Score,WB_RISE,Regulatory Indicators for Sustainable Energy (RISE),0,Units,A,Normal value,PU,Public,14.281714285714283,14.281714285714283,17.61504761904762,17.61504761904762,17.61504761904762,17.61504761904762,17.61504761904762,20.94838095238095,20.94838095238095,21.900761904761904,21.900761904761904,36.92721693121693,40.26055026455026,46.027746031746034
A,Annual,ZWE,Zimbabwe,WB_RISE_EE_ALL,Sustainable Energy - Energy Efficiency Score,SCORE,Score,WB_RISE,Regulatory Indicators for Sustainable Energy (RISE),0,Units,A,Normal value,PU,Public,3.703703703703704,4.62962962962963,4.62962962962963,4.62962962962963,6.481481481481482,7.870370370370371,7.870370370370371,10.956790123456791,10.956790123456791,12.037037037037038,12.962962962962964,14.629629629629632,16.327160493827158,24.09876543209877
A,Annual,ZWE,Zimbabwe,WB_RISE_EE_BEC,Building Energy Codes,SCORE,Score,WB_RISE,Regulatory Indicators for Sustainable Energy (RISE),0,Units,A,Normal value,PU,Public,0.0,0.0,0.0,0.0,0.0,0.0,0.0,0.0,0.0,0.0,0.0,6.666666666666667,6.666666666666667,6.666666666666667
A,Annual,ZWE,Zimbabwe,WB_RISE_EE_EES,Energy Efficiency Governance,SCORE,Score,WB_RISE,Regulatory Indicators for Sustainable Energy (RISE),0,Units,A,Normal value,PU,Public,0.0,8.333333333333334,8.333333333333334,8.333333333333334,8.333333333333334,8.333333333333334,8.333333333333334,8.333333333333334,8.333333333333334,8.333333333333334,8.333333333333334,8.333333333333334,11.111111111111112,65.77777777777779
A,Annual,ZWE,Zimbabwe,WB_RISE_EE_ELS,Energy Labeling Systems,SCORE,Score,WB_RISE,Regulatory Indicators for Sustainable Energy (RISE),0,Units,A,Normal value,PU,Public,0.0,0.0,0.0,0.0,0.0,0.0,0.0,12.5,12.5,12.5,12.5,12.5,12.5,12.5
A,Annual,ZWE,Zimbabwe,WB_RISE_EE_FMEE,Financing Mechanisms for Energy Efficiency,SCORE,Score,WB_RISE,Regulatory Indicators for Sustainable Energy (RISE),0,Units,A,Normal value,PU,Public,0.0,0.0,0.0,0.0,0.0,0.0,0.0,0.0,0.0,0.0,0.0,0.0,0.0,0.0
A,Annual,ZWE,Zimbabwe,WB_RISE_EE_IMIC,Industrial and Commercial End Users,SCORE,Score,WB_RISE,Regulatory Indicators for Sustainable Energy (RISE),0,Units,A,Normal value,PU,Public,0.0,0.0,0.0,0.0,0.0,12.5,12.5,12.5,12.5,12.5,12.5,12.5,25.0,37.5
A,Annual,ZWE,Zimbabwe,WB_RISE_EE_IMPS,Energy Efficiency in Public Sector,SCORE,Score,WB_RISE,Regulatory Indicators for Sustainable Energy (RISE),0,Units,A,Normal value,PU,Public,0.0,0.0,0.0,0.0,0.0,0.0,0.0,0.0,0.0,0.0,0.0,0.0,0.0,0.0
A,Annual,ZWE,Zimbabwe,WB_RISE_EE_IMUT,Incentives & Mandates: Energy Utility Programs,SCORE,Score,WB_RISE,Regulatory Indicators for Sustainable Energy (RISE),0,Units,A,Normal value,PU,Public,33.333333333333336,33.333333333333336,33.333333333333336,33.333333333333336,50.0,50.0,50.0,50.0,50.0,50.0,50.0,50.0,50.0,50.0
A,Annual,ZWE,Zimbabwe,WB_RISE_EE_MEEP,Minimum Energy Efficiency Performance Standards,SCORE,Score,WB_RISE,Regulatory Indicators for Sustainable Energy (RISE),0,Units,A,Normal value,PU,Public,0.0,0.0,0.0,0.0,0.0,0.0,0.0,15.27777777777778,15.27777777777778,25.0,33.333333333333336,41.66666666666667,41.66666666666667,44.44444444444445
A,Annual,ZWE,Zimbabwe,WB_RISE_EE_TRN,Transport Sector,SCORE,Score,WB_RISE,Regulatory Indicators for Sustainable Energy (RISE),0,Units,A,Normal value,PU,Public,0.0,0.0,0.0,0.0,0.0,0.0,0.0,0.0,0.0,0.0,0.0,0.0,0.0,0.0
A,Annual,ZWE,Zimbabwe,WB_RISE_ELTN_PL,Electrification Governance and Planning,SCORE,Score,WB_RISE,Regulatory Indicators for Sustainable Energy (RISE),0,Units,A,Normal value,PU,Public,0.0,0.0,0.0,0.0,0.0,0.0,0.0,0.0,0.0,4.761904761904762,4.761904761904762,4.761904761904762,4.761904761904762,4.761904761904762
A,Annual,ZWE,Zimbabwe,WB_RISE_FRM_MGRI,Minigrids Framework,SCORE,Score,WB_RISE,Regulatory Indicators for Sustainable Energy (RISE),0,Units,A,Normal value,PU,Public,4.761904761904762,4.761904761904762,4.761904761904762,4.761904761904762,4.761904761904762,4.761904761904762,4.761904761904762,4.761904761904762,4.761904761904762,4.761904761904762,4.761904761904762,13.227513227513228,13.227513227513228,25.396825396825403
A,Annual,ZWE,Zimbabwe,WB_RISE_FRM_OGS,Off-Grid Systems Framework,SCORE,Score,WB_RISE,Regulatory Indicators for Sustainable Energy (RISE),0,Units,A,Normal value,PU,Public,0.0,0.0,0.0,0.0,0.0,0.0,0.0,0.0,0.0,0.0,0.0,50.0,50.0,50.0
A,Annual,ZWE,Zimbabwe,WB_RISE_FR_GREL,Grid Electrification Framework,SCORE,Score,WB_RISE,Regulatory Indicators for Sustainable Energy (RISE),0,Units,A,Normal value,PU,Public,0.0,0.0,0.0,0.0,0.0,0.0,0.0,16.666666666666668,16.666666666666668,16.666666666666668,16.666666666666668,33.333333333333336,50.0,66.66666666666667
A,Annual,ZWE,Zimbabwe,WB_RISE_RE_ALL,Sustainable Energy - Renewable Energy Score,SCORE,Score,WB_RISE,Regulatory Indicators for Sustainable Energy (RISE),0,Units,A,Normal value,PU,Public,7.98941798941799,7.98941798941799,11.322751322751325,11.322751322751325,12.433862433862434,13.862433862433864,13.862433862433864,13.862433862433864,13.862433862433864,13.862433862433864,14.232804232804233,15.343915343915343,34.66666666666667,32.80952380952381
A,Annual,ZWE,Zimbabwe,WB_RISE_RE_ELEC,Electricity Sector Renewables,SCORE,Score,WB_RISE,Regulatory Indicators for Sustainable Energy (RISE),0,Units,A,Normal value,PU,Public,1.851851851851852,1.851851851851852,1.851851851851852,1.851851851851852,7.407407407407407,7.407407407407407,7.407407407407407,7.407407407407407,7.407407407407407,7.407407407407407,9.25925925925926,9.25925925925926,22.222222222222225,42.22222222222222
A,Annual,ZWE,Zimbabwe,WB_RISE_RE_GOV,Renewable Energy - Governance,SCORE,Score,WB_RISE,Regulatory Indicators for Sustainable Energy (RISE),0,Units,A,Normal value,PU,Public,21.428571428571427,21.428571428571427,21.428571428571427,21.428571428571427,21.428571428571427,28.571428571428573,28.571428571428573,28.571428571428573,28.571428571428573,28.571428571428573,28.571428571428573,28.571428571428573,66.66666666666667,60.71428571428572
A,Annual,ZWE,Zimbabwe,WB_RISE_RE_HE_CO,Heating and Cooling Renewables,SCORE,Score,WB_RISE,Regulatory Indicators for Sustainable Energy (RISE),0,Units,A,Normal value,PU,Public,16.666666666666668,16.666666666666668,33.333333333333336,33.333333333333336,33.333333333333336,33.333333333333336,33.333333333333336,33.333333333333336,33.333333333333336,33.333333333333336,33.333333333333336,33.333333333333336,33.333333333333336,44.44444444444445
A,Annual,ZWE,Zimbabwe,WB_RISE_RE_LVL_PLYNG_FLD,Leveling the Playing Field for Renewables,SCORE,Score,WB_RISE,Regulatory Indicators for Sustainable Energy (RISE),0,Units,A,Normal value,PU,Public,0.0,0.0,0.0,0.0,0.0,0.0,0.0,0.0,0.0,0.0,0.0,0.0,40.0,0.0
A,Annual,ZWE,Zimbabwe,WB_RISE_RE_TRNS,Transport Sector Renewables,SCORE,Score,WB_RISE,Regulatory Indicators for Sustainable Energy (RISE),0,Units,A,Normal value,PU,Public,0.0,0.0,0.0,0.0,0.0,0.0,0.0,0.0,0.0,0.0,0.0,5.555555555555556,11.111111111111112,16.666666666666668
