iso3,country,region,income,is_ccdr,interest_to_revenue_pct,gross_debt_pct_gdp,tax_revenue_pct_gdp,capex_execution_rate_pct,pefa_pi11_pim_score,pefa_pi122_asset_monitoring,climate_pfm_diagnostic_on_record,wacc_solar_real_aftertax_pct,wacc_steffen_nominal_aftertax_pct,wacc_n_sources,wacc_iea_observatory_available,ids_official_private_rate_spread_pp,ids_private_creditor_rate_pct,ids_avg_maturity_years,mitigation_finance_received_pct_gdp,ids_multilateral_share_pct,ids_private_creditor_share_pct,ids_usd_share_ppg_debt_pct,pefa_pi103_contingent_liabilities,ppi_commitments_pct_gdp,excise_revenue_pct_of_revenue,ff_subsidy_total_pct_gdp,ff_subsidy_explicit_pct_gdp,ff_subsidy_implicit_pct_gdp,env_protection_pct_of_expenditure,net_fuel_trade_pct_merch,fuel_exports_pct_merch,fuel_imports_pct_merch,energy_import_dep_pct,fossil_rents_total_pct_gdp,oil_rents_pct_gdp,gas_rents_pct_gdp,coal_rents_pct_gdp,other_fossil_gen_share_pct,renewable_share_electricity_pct,re_share_change_pp,re_capacity_growth_pct,price_diesel_usd_litre,price_gasoline_usd_litre,price_electricity_residential_usd_kwh,price_electricity_industry_usd_kwh,price_gas_residential_usd_gj,price_gas_industry_usd_gj,price_gas_power_usd_gj,price_coal_residential_usd_gj,price_coal_industry_usd_gj,price_coal_power_usd_gj,power_market_structure,independent_regulator,generation_unbundled,rise_renewable_energy_score,rise_level_playing_field_score,rise_ee_financing_mechanisms_score,interest_to_revenue_pct__year,gross_debt_pct_gdp__year,tax_revenue_pct_gdp__year,capex_execution_rate_pct__year,pefa_pi11_pim_score__year,pefa_pi122_asset_monitoring__year,climate_pfm_diagnostic_on_record__year,wacc_solar_real_aftertax_pct__year,wacc_steffen_nominal_aftertax_pct__year,wacc_n_sources__year,wacc_iea_observatory_available__year,ids_official_private_rate_spread_pp__year,ids_private_creditor_rate_pct__year,ids_avg_maturity_years__year,mitigation_finance_received_pct_gdp__year,ids_multilateral_share_pct__year,ids_private_creditor_share_pct__year,ids_usd_share_ppg_debt_pct__year,pefa_pi103_contingent_liabilities__year,ppi_commitments_pct_gdp__year,excise_revenue_pct_of_revenue__year,ff_subsidy_total_pct_gdp__year,ff_subsidy_explicit_pct_gdp__year,ff_subsidy_implicit_pct_gdp__year,env_protection_pct_of_expenditure__year,net_fuel_trade_pct_merch__year,fuel_exports_pct_merch__year,fuel_imports_pct_merch__year,energy_import_dep_pct__year,fossil_rents_total_pct_gdp__year,oil_rents_pct_gdp__year,gas_rents_pct_gdp__year,coal_rents_pct_gdp__year,other_fossil_gen_share_pct__year,renewable_share_electricity_pct__year,re_share_change_pp__year,re_capacity_growth_pct__year,price_diesel_usd_litre__year,price_gasoline_usd_litre__year,price_electricity_residential_usd_kwh__year,price_electricity_industry_usd_kwh__year,price_gas_residential_usd_gj__year,price_gas_industry_usd_gj__year,price_gas_power_usd_gj__year,price_coal_residential_usd_gj__year,price_coal_industry_usd_gj__year,price_coal_power_usd_gj__year,power_market_structure__year,independent_regulator__year,generation_unbundled__year,rise_renewable_energy_score__year,rise_level_playing_field_score__year,rise_ee_financing_mechanisms_score__year
AFG,Afghanistan,Middle East & North Africa,Low income,False,0.241,8.912,10.867,94.541,1.5,1.0,0.0,,,,,,,39.833,0.056,45.043,,72.025,1.0,,0.0,9.3,1.383,7.917,0.436,-14.644,8.051,22.695,,0.03899999999999999,0.018,0.002,0.019,10.101,93.86,0.271,1.923,,,0.059,0.029,15.829,6.449,5.125,23.086,7.124,4.833,3.0,0.0,0.0,12.116,0.0,33.333,2024,2024,2024,2019,2018,2018,2022,,,,,,,2019,2024,2024,,2024,2018,,2024,2024,2024,2024,2020,2019,2019,2019,,2021,2021,2021,2021,2024,2024,2024,2024,,,2024,2024,2024,2024,2024,2024,2024,2024,2013,2013,2013,2023,2023,2023
ALB,Albania,Europe & Central Asia,Upper middle income,True,7.667,54.505,19.751,100.792,3.0,2.0,0.0,,,,,1.982,5.9,18.669,1.349,46.852,35.24,34.055,2.0,0.23,9.063,1.686,0.0,1.686,1.095,-5.325,3.258,8.583,22.702,1.123,1.042,0.049,0.032,0.0,100.0,-0.004,20.147,1.714,1.889,0.123,0.138,13.93,6.853,6.975,11.7,5.333,4.713,3.0,1.0,1.0,51.011,40.0,16.667,2024,2024,2024,2022,2025,2025,2022,,,,,2024,2023,2024,2024,2024,2024,2024,2025,2020-2024 avg,2024,2024,2024,2024,2022,2024,2024,2024,2023,2021,2021,2021,2021,2025,2024,2025,2024,2024,2024,2024,2024,2024,2024,2024,2024,2024,2024,2013,2013,2013,2023,2023,2023
DZA,Algeria,Middle East & North Africa,Upper middle income,False,4.884,48.069,9.35,,,,0.0,11.0,,1.0,,,,19.583,0.014,84.213,0.0,0.0,,0.005,1.195,19.195,9.347,9.848,,91.904,96.112,4.208,-129.337,22.458,14.462,7.996,0.0,0.342,2.422,0.12,0.0,0.182,0.288,0.036,0.013,0.796,0.99,1.262,14.762,7.281,5.787,2.0,1.0,1.0,19.339,0.0,50.0,2024,2024,2024,,,,2022,2021,,2021-2024,,,,2016,2024,2024,2023,2024,,2020-2024 avg,2024,2024,2024,2024,,2017,2017,2017,2023,2021,2021,2021,2021,2024,2024,2024,2024,2024,2024,2024,2024,2024,2024,2024,2024,2024,2024,2013,2013,2013,2023,2023,2023
ASM,American Samoa,East Asia & Pacific,High income,False,,,,,,,0.0,,,,,,,,,,,,,,,,,,,,,,,0.0,0.0,0.0,0.0,94.444,,5.556,0.0,,,,,,,,,,,,,,,,,,,,,,,2022,,,,,,,,,,,,,,,,,,,,,,,2021,2021,2021,2021,2024,,2024,2024,,,,,,,,,,,,,,,,
AND,Andorra,Europe & Central Asia,High income,False,1.325,32.889,15.812,,,,0.0,,,,,,,,,,,,,,,,,,,-8.638,0.01,8.648,,,,,,,,,,,,,,,,,,,,1.0,0.0,0.0,,,,2024,2024,2024,,,,2022,,,,,,,,,,,,,,,,,,,2023,2023,2023,,,,,,,,,,,,,,,,,,,,2013,2013,2013,,,
AGO,Angola,Sub-Saharan Africa,Lower middle income,True,25.816,57.107,5.608,113.01,,,0.0,,,,,-1.088,4.681,11.087,0.333,13.443,77.629,86.499,,0.438,,5.948,3.212,2.737,0.077,73.589,94.135,20.546,-353.972,29.286,28.274,1.012,0.0,17.319,72.85,-0.331,1.222,0.185,0.303,0.012,0.01,12.161,6.696,6.034,13.997,7.187,5.66,1.0,1.0,0.0,28.259,0.0,0.0,2024,2024,2024,2022,,,2022,,,,,2024,2024,2024,2024,2024,2024,2024,,2020-2024 avg,,2024,2024,2024,2022,2024,2024,2024,2022,2021,2021,2021,2021,2024,2024,2024,2024,2024,2024,2024,2024,2024,2024,2024,2024,2024,2024,2013,2013,2013,2023,2023,2023
ATG,Antigua and Barbuda,Latin America & Caribbean,High income,False,10.827,71.773,15.581,,,,0.0,,,,,,,,,,,,,,,2.169,0.35,1.818,,-0.678,0.0,0.678,,0.0,0.0,0.0,0.0,91.892,21.024,2.552,0.0,1.206,1.56,0.449,0.822,24.233,12.771,11.447,14.266,7.124,5.575,2.0,0.0,0.0,,,,2024,2024,2024,,,,2022,,,,,,,,,,,,,,,2024,2024,2024,,2024,2024,2024,,2021,2021,2021,2021,2024,2024,2024,2024,2024,2024,2024,2024,2024,2024,2024,2024,2024,2024,2013,2013,2013,,,
ARG,Argentina,Latin America & Caribbean,Upper middle income,True,5.445,84.653,22.823,97.306,1.5,2.0,0.0,13.8,9.3,2.0,,-2.971,3.721,12.617,0.336,31.558,62.387,92.809,3.0,0.076,3.4,6.221,2.164,4.058,0.274,2.5509999999999993,8.77,6.219,0.416,1.933,1.544,0.389,0.0,3.866,37.229,0.2,6.841,0.961,1.071,0.081,0.114,9.735,7.576,,14.944,7.328,5.767,3.0,1.0,1.0,49.622,40.0,66.667,2024,2024,2024,2022,2019,2019,2022,2021,2020,2021-2024,,2024,2024,2024,2024,2024,2024,2024,2019,2020-2024 avg,2024,2024,2024,2024,2022,2024,2024,2024,2023,2021,2021,2021,2021,2025,2024,2025,2025,2024,2024,2024,2024,2024,2024,,2024,2024,2024,2013,2013,2013,2023,2023,2023
ARM,Armenia,Europe & Central Asia,Upper middle income,True,12.158,49.961,22.441,107.426,1.0,2.0,1.0,,,,,-0.421,3.6,21.977,1.203,56.811,25.356,72.468,3.0,0.089,6.304,4.261,0.0,4.261,1.407,-5.718,0.679,6.397,76.872,0.0,0.0,0.0,0.0,0.0,34.939,-1.384,11.413,,,0.111,0.123,,,,13.161,7.123,4.35,3.0,1.0,1.0,36.267,0.0,83.333,2024,2024,2024,2022,2024,2024,2022,,,,,2024,2021,2024,2024,2024,2024,2024,2024,2020-2024 avg,2024,2024,2024,2024,2022,2024,2024,2024,2022,2021,2021,2021,2021,2025,2024,2025,2025,,,2024,2024,,,,2024,2024,2024,2013,2013,2013,2023,2023,2023
ABW,Aruba,Latin America & Caribbean,High income,False,16.586,68.646,20.958,,,,0.0,,,,,,,,,,,,,,8.393,0.0,0.0,0.0,,-5.855,0.06,5.915,,0.0,0.0,0.0,0.0,83.0,29.227,0.0,0.0,1.328,1.462,0.275,0.318,10.375,2.458,2.458,12.376,7.124,5.575,1.0,0.0,0.0,,,,2024,2024,2024,,,,2022,,,,,,,,,,,,,,2024,2024,2024,2024,,2023,2023,2023,,2021,2021,2021,2021,2024,2024,2024,2024,2024,2024,2024,2024,2024,2024,2024,2024,2024,2024,2013,2013,2013,,,
AUS,Australia,East Asia & Pacific,High income,False,2.416,50.611,29.408,,,,0.0,,5.02,1.0,,,,,,,,,,,3.229,2.2,0.115,2.086,2.124,15.236999999999998,26.894,11.657,-214.472,2.768,0.264,1.718,0.786,2.219,39.611,3.628,9.616,1.121,1.189,0.257,0.235,19.703,11.238,9.914,6.096,5.777,4.461,,,,67.981,60.0,50.0,2024,2024,2024,,,,2022,,2020,2021-2024,,,,,,,,,,,2024,2024,2024,2024,2022,2025,2025,2025,2023,2021,2021,2021,2021,2025,2024,2025,2025,2024,2024,2024,2024,2024,2024,2024,2024,2024,2024,,,,2023,2023,2023
AUT,Austria,Europe & Central Asia,High income,False,1.964,79.176,28.33,,,,0.0,,6.11,1.0,,,,,,,,,,,3.409,0.21,0.041,0.17,0.939,-4.681,2.771,7.452,63.966,0.062,0.038,0.024,0.0,4.464,88.811,-2.7,7.467,1.639,1.696,0.28,0.167,39.334,20.896,20.896,21.913,26.879,18.327,,,,82.426,40.0,50.0,2024,2024,2024,,,,2022,,2020,2021-2024,,,,,,,,,,,2023,2024,2024,2024,2022,2024,2024,2024,2023,2021,2021,2021,2021,2025,2024,2025,2025,2024,2024,2024,2024,2024,2024,2024,2024,2024,2024,,,,2023,2023,2023
AZE,Azerbaijan,Europe & Central Asia,Upper middle income,True,1.134,21.64,17.785,99.354,,,1.0,7.0,,1.0,,2.041,7.23,21.499,0.611,50.922,40.628,78.594,,0.49,3.536,13.299,5.538,7.76,0.863,80.47200000000001,85.924,5.452,-255.959,29.57,20.983,8.587,0.0,0.366,7.837,-2.236,1.111,0.447,0.537,0.046,0.063,3.758,3.758,3.758,12.967,7.151,4.371,1.0,0.0,0.0,11.283,0.0,0.0,2024,2024,2024,2022,,,2022,2021,,2021-2024,,2024,2022,2024,2024,2024,2024,2024,,2020-2024 avg,2024,2024,2024,2024,2022,2025,2025,2025,2023,2021,2021,2021,2021,2025,2024,2025,2025,2024,2024,2024,2024,2024,2024,2024,2024,2024,2024,2013,2013,2013,2023,2023,2023
BHS,"Bahamas, The",Latin America & Caribbean,High income,False,19.934,73.813,17.325,89.195,,,0.0,,,,,,,,,,,,,,0.615,2.413,0.0,2.413,1.765,-16.28,0.0,16.28,,0.0,0.0,0.0,0.0,99.111,13.528,-0.016,0.0,1.276,1.624,0.331,0.357,22.783,12.77,11.446,13.412,7.124,5.575,2.0,1.0,0.0,,,,2024,2024,2024,2022,,,2022,,,,,,,,,,,,,,2024,2024,2024,2024,2022,2024,2024,2024,,2021,2021,2021,2021,2024,2024,2024,2024,2024,2024,2024,2024,2024,2024,2024,2024,2024,2024,2013,2013,2013,,,
BHR,Bahrain,Middle East & North Africa,High income,False,36.382,133.672,4.403,,,,0.0,,,,,,,,,,,,,,2.516,13.367,6.783,6.584,,-2.594,0.0,2.594,-45.475,16.64,10.938,5.702,0.0,0.0,14.725,0.024,16.667,0.478,0.42,0.021,0.037,3.694,4.22,4.22,13.646,7.281,5.787,2.0,1.0,0.0,16.019,0.0,0.0,2024,2024,2024,,,,2022,,,,,,,,,,,,,,2024,2024,2024,2024,,2024,2024,2024,2022,2021,2021,2021,2021,2024,2024,2024,2024,2024,2024,2024,2024,2024,2024,2024,2024,2024,2024,2013,2013,2013,2023,2023,2023
BGD,Bangladesh,South Asia,Lower middle income,True,27.513,40.972,7.391,78.21,2.5,1.0,1.0,6.8,,1.0,,,,25.241,0.399,53.135,8.171,72.255,2.0,0.215,12.98,8.949,2.547,6.402,0.163,-9.025,1.097,10.122,44.307,0.535,0.032,0.49,0.013,12.068,19.248,0.184,25.21,0.89,1.374,0.038,0.067,4.031,6.719,3.472,12.345,6.822,4.506,2.0,1.0,1.0,26.786,0.0,50.0,2024,2024,2024,2020,2023,2023,2022,2021,,2021-2024,,,,2024,2024,2024,2024,2024,2023,2020-2024 avg,2024,2024,2024,2024,2020,2018,2018,2018,2022,2021,2021,2021,2021,2025,2024,2025,2025,2024,2024,2024,2024,2024,2024,2024,2024,2024,2024,2013,2013,2013,2023,2023,2023
BRB,Barbados,Latin America & Caribbean,High income,False,17.856,98.903,27.746,,,,0.0,,,,,,,,,,,,,,5.898,0.331,0.282,0.049,,-14.651000000000002,8.01,22.661,,0.316,0.309,0.007,0.0,88.288,21.68,0.827,0.0,1.518,2.07,0.344,0.336,25.409,33.116,33.116,14.327,7.124,5.575,,,,,,,2024,2024,2024,,,,2022,,,,,,,,,,,,,,2024,2024,2024,2024,,2024,2024,2024,,2021,2021,2021,2021,2024,2024,2024,2024,2024,2024,2024,2024,2024,2024,2024,2024,2024,2024,,,,,,
BLR,Belarus,Europe & Central Asia,Upper middle income,False,3.101,38.699,27.239,,,,0.0,,,,,3.653,6.177,4.521,0.006,19.746,16.436,86.631,,,6.144,19.914,5.205,14.709,0.258,-7.786999999999999,12.613,20.4,77.08,0.853,0.814,0.039,0.0,4.149,6.677,0.526,3.509,0.673,0.738,0.072,0.096,1.797,5.755,5.755,4.167,7.124,4.351,1.0,0.0,0.0,22.474,0.0,0.0,2024,2024,2024,,,,2022,,,,,2021,2020,2021,2024,2024,2024,2024,,,2024,2024,2024,2024,2022,2020,2020,2020,2022,2021,2021,2021,2021,2025,2024,2025,2025,2024,2024,2024,2024,2024,2024,2024,2024,2024,2024,2013,2013,2013,2023,2023,2023
BEL,Belgium,Europe & Central Asia,High income,False,3.258,103.89,29.571,,,,0.0,,3.8,1.0,,,,,,,,,,,4.187,0.401,0.0,0.401,2.423,-4.412000000000001,11.601,16.013,89.175,0.031,0.031,0.0,0.0,0.492,26.329,5.476,6.946,1.776,1.763,0.361,0.141,25.619,18.394,18.394,18.668,21.366,21.366,,,,80.593,60.0,100.0,2024,2024,2024,,,,2022,,2019,2021-2024,,,,,,,,,,,2023,2024,2024,2024,2021,2024,2024,2024,2023,2021,2021,2021,2021,2025,2024,2025,2025,2024,2024,2024,2024,2024,2024,2024,2024,2024,2024,,,,2023,2023,2023
BLZ,Belize,Latin America & Caribbean,Upper middle income,False,10.001,65.436,23.227,84.932,,,0.0,,,,,-2.554,2.0,23.598,1.034,38.626,28.076,98.364,,,14.424,2.935,0.757,2.178,3.002,-13.775,0.01,13.785,,0.28200000000000003,0.28,0.002,0.0,12.766,77.617,-1.655,0.0,1.153,1.379,0.219,0.175,14.744,5.164,3.841,13.717,7.124,5.575,2.0,1.0,0.0,,,,2024,2024,2024,2022,,,2022,,,,,2024,2023,2024,2024,2024,2024,2024,,,2024,2024,2024,2024,2022,2025,2025,2025,,2021,2021,2021,2021,2024,2024,2024,2024,2024,2023,2024,2024,2024,2024,2024,2024,2024,2024,2013,2013,2013,,,
BEN,Benin,Sub-Saharan Africa,Lower middle income,True,12.832,60.527,13.217,63.759,,,1.0,,,,,5.998,7.518,17.058,0.559,45.43,43.264,28.794,,0.043,1.299,2.821,0.0,2.821,1.185,-13.654,0.0,13.654,40.903,0.0,0.0,0.0,0.0,23.762,17.379,0.96,0.0,1.05,1.117,0.203,0.202,18.748,7.947,6.623,14.388,7.124,5.575,2.0,0.0,0.0,15.317,0.0,0.0,2024,2024,2024,2022,,,2022,,,,,2024,2024,2024,2024,2024,2024,2024,,2020-2024 avg,2017,2024,2024,2024,2022,2024,2024,2024,2022,2021,2021,2021,2021,2024,2024,2024,2024,2024,2024,2024,2024,2024,2024,2024,2024,2024,2024,2013,2013,2013,2023,2023,2023
BMU,Bermuda,North America,High income,False,,,,,,,0.0,,,,,,,,,,,,,,,,,,,-11.504,0.0,11.504,,0.0,0.0,0.0,0.0,,,,,,,,,,,,,,,,,,,,,,,,,,,2022,,,,,,,,,,,,,,,,,,,2024,2024,2024,,2021,2021,2021,2021,,,,,,,,,,,,,,,,,,,,
BTN,Bhutan,South Asia,Lower middle income,True,7.297,108.717,10.845,66.852,1.5,2.0,0.0,,,,,,,31.819,0.675,29.965,0.061,30.909,4.0,,1.247,4.38,0.038,4.343,0.088,-14.027,0.0,14.027,,0.0,0.0,0.0,0.0,0.0,99.647,0.0,5.15,1.133,1.49,0.015,0.019,23.519,13.439,12.116,12.596,7.124,4.833,1.0,1.0,0.0,,,,2024,2024,2024,2021,2023,2023,2022,,,,,,,2024,2024,2024,2024,2024,2023,,2024,2024,2024,2024,2021,2025,2025,2025,,2021,2021,2021,2021,2024,2024,2024,2024,2024,2024,2024,2024,2024,2024,2024,2024,2024,2024,2013,2013,2013,,,
BOL,Bolivia,Latin America & Caribbean,Lower middle income,False,10.651,83.219,17.786,,1.5,1.0,0.0,,,,,0.561,7.5,21.072,0.223,69.636,14.267,91.899,2.0,,6.089,11.758,4.201,7.557,,-10.247999999999998,18.943,29.191,-67.334,3.117,1.263,1.854,0.0,1.467,39.476,2.098,0.0,0.488,0.488,0.113,0.084,8.362,5.694,2.454,14.259,7.281,5.787,3.0,1.0,1.0,22.426,0.0,50.0,2024,2024,2024,,2025,2025,2022,,,,,2024,2022,2024,2024,2024,2024,2024,2025,,2024,2024,2024,2024,,2024,2024,2024,2022,2021,2021,2021,2021,2025,2024,2025,2025,2024,2024,2024,2024,2024,2024,2024,2024,2024,2024,2013,2013,2013,2023,2023,2023
BIH,Bosnia and Herzegovina,Europe & Central Asia,Upper middle income,True,2.381,29.403,22.644,,1.5,2.0,0.0,10.4,,1.0,,0.421,4.75,21.233,0.674,72.691,12.956,26.339,1.0,0.386,11.929,9.396,0.218,9.178,,-5.0440000000000005,6.51,11.554,24.932,0.302,0.0,0.0,0.302,1.033,50.223,3.114,2.941,1.298,1.41,0.095,0.096,15.796,15.846,15.846,7.706,2.61,2.696,3.0,1.0,1.0,35.833,0.0,50.0,2024,2024,2024,,2023,2023,2022,2021,,2021-2024,,2024,2021,2024,2024,2024,2024,2024,2023,2020-2024 avg,2024,2024,2024,2024,,2025,2025,2025,2023,2021,2021,2021,2021,2025,2024,2025,2025,2024,2024,2024,2024,2024,2024,2024,2024,2024,2024,2013,2013,2013,2023,2023,2023
BWA,Botswana,Sub-Saharan Africa,Upper middle income,True,4.724,33.182,22.356,100.531,2.0,1.0,0.0,,,,,,,17.583,0.396,93.535,0.0,44.695,4.0,0.229,,4.774,0.319,4.455,0.687,-19.818,0.668,20.486,23.682,0.5,0.0,0.0,0.5,1.458,12.373,-0.018,600.0,1.098,1.156,0.094,0.108,22.825,12.08,10.757,6.108,3.373,2.049,2.0,0.0,0.0,,,,2024,2024,2024,2022,2020,2020,2022,,,,,,,2024,2024,2024,2019,2024,2020,2020-2024 avg,,2024,2024,2024,2022,2023,2023,2023,2022,2021,2021,2021,2021,2024,2024,2024,2024,2024,2024,2024,2024,2024,2024,2024,2024,2024,2024,2013,2013,2013,,,
BRA,Brazil,Latin America & Caribbean,Upper middle income,True,15.121,87.028,25.562,87.319,,,0.0,6.3,11.125,3.0,1.0,1.341,7.018,14.23,0.132,18.795,77.406,96.534,,0.529,0.073,2.961,0.146,2.815,0.386,5.029000000000002,16.117,11.088,-13.681,2.6879999999999997,2.604,0.07,0.014,1.682,82.939,-0.702,6.731,0.999,1.103,0.16,0.133,,20.98,17.367,12.954,6.222,6.222,3.0,1.0,1.0,65.093,20.0,100.0,2024,2024,2024,2022,,,2022,2021,2022,2021-2024,2024,2024,2024,2024,2024,2024,2024,2024,,2020-2024 avg,2024,2024,2024,2024,2022,2025,2025,2025,2023,2021,2021,2021,2021,2025,2024,2025,2025,2024,2024,2024,2024,,2023,2024,2024,2024,2024,2013,2013,2013,2023,2023,2023
VGB,British Virgin Islands,Latin America & Caribbean,High income,False,,,,,,,0.0,,,,,,,,,,,,,,,,,,,,,,,,,,,100.0,,0.0,,,,,,,,,,,,,,,,,,,,,,,,2022,,,,,,,,,,,,,,,,,,,,,,,,,,,2023,,2023,,,,,,,,,,,,,,,,,
BRN,Brunei Darussalam,East Asia & Pacific,High income,False,0.0,1.568,6.065,,,,0.0,,,,,,,,,,,,,,,8.623,2.549,6.074,,9.553999999999988,75.472,65.918,-172.553,24.231,10.373,13.858,0.0,0.899,14.095,0.18,0.0,0.277,0.322,0.088,0.053,4.924,4.924,4.924,11.451,7.124,4.833,1.0,0.0,0.0,,,,2024,2024,2024,,,,2022,,,,,,,,,,,,,,,2024,2024,2024,,2024,2024,2024,2022,2021,2021,2021,2021,2024,2024,2024,2024,2024,2024,2024,2024,2024,2024,2024,2024,2024,2024,2013,2013,2013,,,
BGR,Bulgaria,Europe & Central Asia,High income,False,0.739,23.84,38.831,59.428,,,0.0,,9.11,1.0,,,,,,,,,,0.383,9.96,6.152,0.292,5.861,2.35,-4.489999999999999,7.764,12.254,40.931,0.151,0.019,0.006,0.126,0.685,35.194,2.911,17.067,1.272,1.418,0.13,0.126,19.063,16.43,16.43,7.123,12.911,12.622,3.0,1.0,1.0,65.074,0.0,33.333,2024,2024,2024,2022,,,2022,,2020,2021-2024,,,,,,,,,,2020-2024 avg,2024,2024,2024,2024,2022,2024,2024,2024,2023,2021,2021,2021,2021,2025,2024,2025,2025,2024,2024,2024,2024,2024,2024,2024,2024,2024,2024,2013,2013,2013,2023,2023,2023
BFA,Burkina Faso,Sub-Saharan Africa,Low income,True,10.068,57.247,18.804,83.3,1.5,1.0,0.0,5.8,,1.0,,5.942,6.75,38.569,0.601,89.774,1.916,59.568,1.0,0.225,13.856,2.111,0.955,1.156,0.44,-41.128,0.021,41.149,,0.0,0.0,0.0,0.0,82.84,29.879,1.184,14.286,1.137,1.415,0.186,0.304,17.629,6.998,5.675,10.843,7.124,5.575,2.0,0.0,0.0,25.759,0.0,0.0,2024,2024,2024,2020,2017,2017,2022,2021,,2021-2024,,2024,2024,2024,2024,2024,2024,2024,2017,2020-2024 avg,2024,2024,2024,2024,2020,2024,2024,2024,,2021,2021,2021,2021,2024,2024,2024,2024,2024,2024,2024,2024,2024,2024,2024,2024,2024,2024,2013,2013,2013,2023,2023,2023
BDI,Burundi,Sub-Saharan Africa,Low income,False,9.091,53.057,12.122,80.264,1.0,1.0,0.0,,,,,,,5.25,5.86,66.37,,48.894,1.0,0.122,,0.472,0.238,0.233,0.019,-20.259999999999998,1.887,22.147,,0.0,0.0,0.0,0.0,24.49,64.288,-0.49,0.0,1.615,1.599,0.119,0.164,24.468,12.794,11.471,14.388,7.124,5.575,1.0,0.0,0.0,10.489,0.0,0.0,2024,2024,2024,2022,2023,2023,2022,,,,,,,2024,2024,2024,,2024,2023,2020-2024 avg,,2024,2024,2024,2022,2023,2023,2023,,2021,2021,2021,2021,2024,2024,2024,2024,2024,2024,2024,2024,2024,2024,2024,2024,2024,2024,2013,2013,2013,2023,2023,2023
CPV,Cabo Verde,Sub-Saharan Africa,Upper middle income,True,9.365,112.847,19.436,43.59,,,0.0,,,,,-1.628,1.3,18.705,0.921,60.234,22.544,37.991,,1.129,5.328,2.359,0.35,2.009,1.772,-14.359,0.0,14.359,,17.18,0.0,0.0,17.18,69.231,30.744,2.769,0.0,1.108,1.36,0.352,0.199,20.454,9.844,8.521,14.022,7.124,5.575,,,,,,,2024,2024,2024,2022,,,2022,,,,,2024,2022,2024,2024,2024,2024,2024,,2020-2024 avg,2024,2024,2024,2024,2022,2023,2023,2024,,2021,2021,2021,2021,2024,2024,2024,2024,2024,2024,2024,2024,2024,2024,2024,2024,2024,2024,,,,,,
KHM,Cambodia,East Asia & Pacific,Lower middle income,True,1.8,26.138,12.531,,1.5,2.0,1.0,,10.0,1.0,,,,25.816,1.014,38.421,,64.757,1.0,0.268,14.177,5.498,0.182,5.316,,-13.342,0.001,13.343,58.931,0.046,0.041,0.0,0.005,2.534,67.328,5.219,17.958,0.913,1.014,0.118,0.155,23.633,13.543,12.219,12.581,7.115,4.826,2.0,1.0,0.0,16.508,0.0,33.333,2024,2024,2024,,2022,2022,2022,,2016,2021-2024,,,,2024,2024,2024,,2024,2022,2020-2024 avg,2014,2024,2024,2024,,2024,2024,2024,2021,2021,2021,2021,2021,2025,2024,2025,2025,2024,2024,2024,2024,2024,2024,2024,2024,2024,2024,2013,2013,2013,2023,2023,2023
CMR,Cameroon,Sub-Saharan Africa,Lower middle income,True,7.909,43.413,12.672,83.775,1.5,1.0,0.0,,,,,4.227,8.467,16.43,0.611,48.489,14.372,56.06,3.0,0.05,,0.817,0.105,0.712,0.142,29.892999999999997,54.071,24.178,-28.713,2.947,2.362,0.585,0.0,4.821,78.733,-0.129,42.857,1.208,1.367,0.108,0.154,15.374,8.922,8.26,14.54,7.124,5.575,1.0,1.0,0.0,13.854,0.0,50.0,2024,2024,2024,2021,2023,2023,2022,,,,,2024,2024,2024,2024,2024,2024,2024,2023,2020-2024 avg,,2024,2024,2024,2021,2023,2023,2023,2022,2021,2021,2021,2021,2024,2024,2024,2024,2024,2024,2024,2024,2024,2024,2024,2024,2024,2024,2013,2013,2013,2023,2023,2023
CAN,Canada,North America,High income,False,0.014,110.019,29.456,,,,0.0,,,,,,,,,,,,,,1.93,1.176,0.082,1.094,1.621,21.188,27.697,6.509,-89.626,3.697,2.83,0.794,0.073,1.166,74.209,-0.382,0.987,1.172,1.299,0.122,0.106,9.94,8.749,8.749,10.635,11.811,10.078,,,,66.87,60.0,100.0,2024,2024,2024,,,,2022,,,,,,,,,,,,,,2024,2024,2024,2024,2022,2024,2024,2024,2023,2021,2021,2021,2021,2025,2024,2025,2025,2024,2024,2024,2024,2024,2024,2024,2024,2024,2024,,,,2023,2023,2023
CYM,Cayman Islands,Latin America & Caribbean,High income,False,,,,,,,0.0,,,,,,,,,,,,,,,,,,,38.704,52.311,13.607,,0.0,0.0,0.0,0.0,95.775,,1.368,0.0,,,,,,,,,,,,,,,,,,,,,,,2022,,,,,,,,,,,,,,,,,,,2024,2024,2024,,2021,2021,2021,2021,2024,,2024,2024,,,,,,,,,,,,,,,,
CAF,Central African Republic,Sub-Saharan Africa,Low income,True,5.955,59.883,7.795,10.003,,,0.0,,,,,,,36.0,0.975,38.85,0.36,62.097,,,6.874,0.026,0.001,0.025,0.58,-26.452,0.032,26.484,,0.0,0.0,0.0,0.0,0.0,100.0,0.0,200.0,1.997,1.814,0.143,0.077,19.18,8.176,6.853,14.509,7.124,5.575,2.0,0.0,0.0,8.333,0.0,0.0,2024,2024,2024,2021,,,2022,,,,,,,2022,2024,2024,2024,2024,,,2024,2024,2024,2024,2021,2024,2024,2024,,2021,2021,2021,2021,2023,2024,2023,2023,2024,2024,2024,2024,2024,2024,2024,2024,2024,2024,2013,2013,2013,2023,2023,2023
TCD,Chad,Sub-Saharan Africa,Low income,True,7.362,31.427,7.372,,1.5,2.0,0.0,,,,,,,18.06,0.826,31.116,7.912,62.778,1.0,0.263,,0.703,0.477,0.226,,-9.991999999999999,7.943,17.935,-177.763,16.765,16.752,0.013,0.0,94.595,16.893,-0.151,,1.32,1.155,0.14,0.206,24.493,12.815,11.492,14.388,7.124,5.575,1.0,0.0,0.0,32.093,0.0,0.0,2024,2024,2024,,2018,2018,2022,,,,,,,2024,2024,2024,2024,2024,2018,2020-2024 avg,,2024,2024,2024,,1975,1975,1995,2022,2021,2021,2021,2021,2024,2024,2024,,2024,2024,2024,2024,2024,2024,2024,2024,2024,2024,2013,2013,2013,2023,2023,2023
CHI,Channel Islands,Europe & Central Asia,High income,False,,,,,,,0.0,,,,,,,,,,,,,,,,,,,,,,,,,,,,,,,,,,,,,,,,,,,,,,,,,,,,,2022,,,,,,,,,,,,,,,,,,,,,,,,,,,,,,,,,,,,,,,,,,,,,,
CHL,Chile,Latin America & Caribbean,High income,False,3.195,41.65,19.632,106.026,,,0.0,,6.03,1.0,,,,,,,,,,,5.251,4.633,0.083,4.55,0.272,-14.631,0.891,15.522,62.276,0.034,0.013,0.021,0.0,0.565,64.207,-3.668,11.425,0.924,1.355,0.182,0.164,36.308,14.738,14.738,15.314,9.436,4.546,,,,67.056,40.0,83.333,2024,2024,2024,2022,,,2022,,2020,2021-2024,,,,,,,,,,,2023,2024,2024,2024,2022,2025,2025,2025,2023,2021,2021,2021,2021,2025,2024,2025,2025,2024,2024,2024,2024,2024,2024,2024,2024,2024,2024,,,,2023,2023,2023
CHN,China,East Asia & Pacific,Upper middle income,True,3.693,90.421,12.968,,,,1.0,2.5,3.23,2.0,,0.656,5.003,12.477,0.01,6.488,91.269,80.027,,0.137,4.786,14.978,0.243,14.735,2.159,-18.924,1.498,20.422,23.962,1.1280000000000001,0.309,0.211,0.608,0.839,47.897,3.288,24.355,0.946,1.079,0.072,0.088,10.244,13.944,13.944,2.255,8.96,5.389,2.0,1.0,1.0,58.41,60.0,33.333,2024,2024,2024,,,,2022,2021,2020,2021-2024,,2024,2024,2024,2024,2024,2024,2024,,2020-2024 avg,2024,2024,2024,2024,2020,2024,2024,2024,2023,2021,2021,2021,2021,2025,2024,2025,2025,2024,2024,2024,2024,2024,2024,2024,2024,2024,2024,2013,2013,2013,2023,2023,2023
COL,Colombia,Latin America & Caribbean,Upper middle income,True,13.549,61.008,23.02,83.432,3.0,2.0,1.0,5.6,5.96,2.0,,1.297,8.145,15.241,0.298,30.423,64.853,94.587,4.0,0.439,3.045,5.808,0.438,5.37,0.21,35.657000000000004,45.304,9.647,-141.972,4.3260000000000005,3.424,0.176,0.726,3.1,79.858,15.673,2.258,0.556,1.155,0.221,0.179,15.428,14.245,14.245,6.323,2.537,2.325,3.0,1.0,1.0,48.923,20.0,50.0,2024,2024,2024,2022,2024,2024,2022,2021,2020,2021-2024,,2024,2024,2024,2024,2024,2024,2024,2024,2020-2024 avg,2023,2024,2024,2024,2022,2024,2024,2024,2023,2021,2021,2021,2021,2025,2024,2025,2025,2024,2024,2024,2024,2024,2024,2024,2024,2024,2024,2013,2013,2013,2023,2023,2023
COM,Comoros,Sub-Saharan Africa,Lower middle income,True,1.901,29.996,8.858,100.0,,,0.0,,,,,2.486,3.0,13.77,3.72,43.679,0.0,35.225,,,19.801,0.744,0.0,0.744,0.119,-10.222999999999999,0.005,10.228,,0.0,0.0,0.0,0.0,100.0,14.618,0.0,,1.189,1.712,0.455,0.389,19.641,9.914,8.591,13.412,7.124,5.575,,,,,,,2024,2024,2024,2020,,,2022,,,,,2023,2020,2023,2024,2024,2024,2024,,,2024,2024,2024,2024,2020,2023,2023,2023,,2021,2021,2021,2021,2023,2024,2023,,2024,2024,2024,2024,2024,2024,2024,2024,2024,2024,,,,,,
COD,"Congo, Dem. Rep.",Sub-Saharan Africa,Low income,True,1.716,15.841,9.752,25.041,1.0,1.0,0.0,,,,,4.505,4.853,34.309,0.691,51.574,0.89,88.255,1.0,0.585,4.549,0.333,0.0,0.333,0.309,-36.486,0.0,36.486,1.596,0.65,0.65,0.0,0.0,0.0,99.988,0.0,2.181,1.183,1.286,0.063,0.049,12.555,6.853,6.191,14.144,7.124,5.575,1.0,0.0,0.0,16.394,0.0,0.0,2024,2024,2024,2021,2020,2020,2022,,,,,2024,2023,2024,2024,2024,2024,2024,2020,2020-2024 avg,2024,2024,2024,2024,2021,2023,2023,2023,2022,2021,2021,2021,2021,2024,2024,2024,2024,2024,2024,2024,2024,2024,2024,2024,2024,2024,2024,2013,2013,2013,2023,2023,2023
COG,"Congo, Rep.",Sub-Saharan Africa,Lower middle income,True,18.447,98.028,10.585,,,,0.0,,,,,2.645,5.5,17.747,0.702,25.083,32.233,77.15,,,0.914,3.343,0.932,2.412,,80.661,85.863,5.202,-347.42,34.74,34.383,0.357,0.0,5.311,39.43,-2.628,0.0,0.941,1.258,0.128,0.045,14.167,8.036,7.374,14.388,7.124,5.575,1.0,0.0,0.0,3.056,0.0,0.0,2024,2024,2024,,,,2022,,,,,2024,2024,2024,2024,2024,2024,2024,,,2024,2024,2024,2024,,2023,2023,2023,2022,2021,2021,2021,2021,2024,2024,2024,2024,2024,2024,2024,2024,2024,2024,2024,2024,2024,2024,2012,2012,2012,2023,2023,2023
CRI,Costa Rica,Latin America & Caribbean,High income,False,32.096,58.91,13.192,100.0,2.5,2.0,0.0,,6.79,1.0,,,,,0.265,,,,2.0,,14.682,1.667,0.183,1.484,0.123,-10.245,0.018,10.263,60.421,0.009,0.009,0.0,0.0,-9.863,100.0,9.954,1.379,1.229,1.319,0.191,0.232,14.81,5.164,3.841,13.778,7.124,5.575,3.0,1.0,0.0,52.241,20.0,50.0,2024,2024,2024,2022,2022,2022,2022,,2020,2021-2024,,,,,2024,,,,2022,,2024,2024,2024,2024,2022,2024,2024,2024,2023,2021,2021,2021,2021,2025,2024,2025,2025,2024,2024,2024,2024,2024,2024,2024,2024,2024,2024,2013,2013,2013,2023,2023,2023
HRV,Croatia,Europe & Central Asia,High income,True,2.286,57.369,27.216,99.991,,,1.0,5.3,5.87,2.0,,,,,,,,,,,8.022,2.659,0.779,1.88,3.648,-2.4509999999999987,13.092,15.543,57.291,0.463,0.28,0.183,0.0,-0.136,81.801,2.915,10.989,1.512,1.663,0.16,0.218,13.575,19.497,19.497,11.633,16.877,12.775,3.0,1.0,1.0,59.222,20.0,16.667,2024,2024,2024,2022,,,2022,2021,2020,2021-2024,,,,,,,,,,,2023,2024,2024,2024,2022,2024,2024,2024,2023,2021,2021,2021,2021,2025,2024,2025,2025,2024,2024,2024,2024,2024,2024,2024,2024,2024,2024,2013,2013,2013,2023,2023,2023
CUB,Cuba,Latin America & Caribbean,Upper middle income,False,,,,,,,0.0,,,,,,,,,,,,,,,,,,,-25.160999999999998,5.736,30.897,62.813,0.246,0.222,0.024,0.0,82.347,,0.367,13.58,,,,,,,,,,,2.0,0.0,0.0,,,,,,,,,,2022,,,,,,,,,,,,,,,,,,,2021,2021,2021,2022,2020,2020,2020,2020,2024,,2024,2024,,,,,,,,,,,2013,2013,2013,,,
CUW,Curaçao,Latin America & Caribbean,High income,False,,,,,,,0.0,,,,,,,,,,,,,,,,,,,,,,236.119,,,,0.0,,,,,,,,,,,,,,,,,,,,,,,,,,,2022,,,,,,,,,,,,,,,,,,,,,,2018,,,,2021,,,,,,,,,,,,,,,,,,,,
CYP,Cyprus,Europe & Central Asia,High income,False,2.848,62.836,25.292,,,,0.0,,5.1,1.0,,,,,,,,,,,3.845,0.351,0.0,0.351,0.868,26.669000000000004,49.069,22.4,117.038,0.0,0.0,0.0,0.0,72.25,42.898,3.743,13.043,1.461,1.558,0.351,0.262,24.701,16.484,15.159,10.469,11.496,10.312,1.0,1.0,0.0,,,,2024,2024,2024,,,,2022,,2019,2021-2024,,,,,,,,,,,2023,2024,2024,2024,2021,2024,2024,2024,2022,2021,2021,2021,2021,2025,2024,2025,2025,2024,2024,2024,2024,2024,2024,2024,2024,2024,2024,2013,2013,2013,,,
CZE,Czechia,Europe & Central Asia,High income,False,1.643,43.291,18.865,,,,0.0,,5.75,1.0,,,,,,,,,,,5.157,2.688,0.0,2.688,2.005,-3.8030000000000004,1.65,5.453,41.975,0.11599999999999999,0.01,0.012,0.094,0.212,44.556,-0.156,9.019,1.452,1.611,0.362,0.188,31.773,22.918,22.918,11.853,10.146,10.146,,,,77.704,40.0,50.0,2024,2024,2024,,,,2022,,2019,2021-2024,,,,,,,,,,,2024,2024,2024,2024,2021,2024,2024,2024,2023,2021,2021,2021,2021,2025,2024,2025,2025,2024,2024,2024,2024,2024,2024,2024,2024,2024,2024,,,,2023,2023,2023
CIV,Côte d'Ivoire,Sub-Saharan Africa,Lower middle income,True,16.23,59.459,13.576,,2.0,2.0,0.0,,,,,2.822,6.284,14.149,1.945,26.321,55.023,40.066,3.0,0.507,6.823,1.993,0.338,1.655,,-11.741,15.122,26.863,14.379,1.009,0.7,0.309,0.0,0.185,32.97,-1.23,11.957,1.118,1.443,0.131,0.14,15.318,9.011,6.224,14.388,7.124,5.575,2.0,1.0,0.0,28.407,0.0,50.0,2024,2024,2024,,2026,2026,2022,,,,,2024,2024,2024,2024,2024,2024,2024,2026,2020-2024 avg,2024,2024,2024,2024,,2024,2024,2024,2022,2021,2021,2021,2021,2024,2024,2024,2024,2024,2024,2024,2024,2024,2024,2024,2024,2024,2024,2013,2013,2013,2023,2023,2023
DNK,Denmark,Europe & Central Asia,High income,False,,30.544,45.339,,,,0.0,,3.75,1.0,,,,,,,,,,,3.964,0.279,0.102,0.177,0.727,-2.1089999999999995,3.951,6.06,43.787,0.325,0.27,0.055,0.0,4.952,89.565,4.989,8.488,1.674,2.155,0.404,0.122,38.13,21.029,21.029,19.275,19.848,13.763,,,,89.519,80.0,100.0,,2024,2024,,,,2022,,2020,2021-2024,,,,,,,,,,,2024,2024,2024,2024,2021,2025,2025,2025,2023,2021,2021,2021,2021,2025,2024,2025,2025,2024,2024,2024,2024,2024,2024,2024,2024,2024,2024,,,,2023,2023,2023
DJI,Djibouti,Middle East & North Africa,Lower middle income,True,1.353,33.957,11.033,,2.5,2.0,0.0,,,,,,,23.191,0.178,32.829,0.0,71.18,1.0,0.737,4.645,0.756,0.0,0.756,,-6.911,0.995,7.906,,0.0,0.0,0.0,0.0,65.0,46.499,0.0,0.0,1.222,2.179,0.267,0.218,16.5,7.059,5.735,13.412,7.124,5.575,1.0,0.0,0.0,,,,2024,2024,2024,,2023,2023,2022,,,,,,,2024,2024,2024,2017,2024,2023,2020-2024 avg,2024,2024,2024,2024,,2023,2023,2023,,2021,2021,2021,2021,2024,2024,2024,2024,2024,2024,2024,2024,2024,2024,2024,2024,2024,2024,2013,2013,2013,,,
DMA,Dominica,Latin America & Caribbean,Upper middle income,True,3.87,108.234,22.278,142.064,,,0.0,,,,,2.431,3.744,34.204,4.433,81.175,9.418,86.243,,,4.882,1.927,0.225,1.701,9.427,-18.576,0.008,18.584,,0.0,0.0,0.0,0.0,86.667,28.243,0.0,0.0,1.113,1.4,0.254,0.267,18.535,8.176,6.853,14.022,7.124,5.575,3.0,1.0,0.0,,,,2024,2024,2024,2022,,,2022,,,,,2024,2024,2024,2024,2024,2024,2024,,,2024,2024,2024,2024,2022,2023,2023,2023,,2021,2021,2021,2021,2023,2024,2023,2023,2024,2024,2024,2024,2024,2024,2024,2024,2024,2024,2013,2013,2013,,,
DOM,Dominican Republic,Latin America & Caribbean,Upper middle income,True,20.656,58.792,14.512,72.615,2.5,1.0,0.0,5.6,,1.0,,1.72,8.624,17.484,0.555,18.727,77.064,87.602,4.0,0.417,11.756,6.807,1.089,5.718,0.942,-16.208000000000002,0.435,16.643,94.421,0.0,0.0,0.0,0.0,20.361,36.065,4.992,27.734,0.911,1.198,0.091,0.143,23.723,23.723,23.723,14.388,7.124,5.575,3.0,1.0,1.0,31.249,0.0,33.333,2024,2024,2024,2022,2022,2022,2022,2021,,2021-2024,,2024,2024,2024,2024,2024,2024,2024,2022,2020-2024 avg,2024,2024,2024,2024,2022,2024,2024,2024,2022,2021,2021,2021,2021,2025,2024,2025,2025,2024,2024,2024,2024,2024,2024,2024,2024,2024,2024,2013,2013,2013,2023,2023,2023
ECU,Ecuador,Latin America & Caribbean,Upper middle income,True,2.993,54.134,13.631,67.671,,,1.0,12.2,,1.0,,-0.36,6.101,15.097,0.908,48.973,40.533,97.883,,0.181,1.637,11.495,4.171,7.324,0.234,2.4720000000000013,27.481,25.009,-69.401,6.417,6.403,0.014,0.0,17.923,81.952,6.956,0.348,0.413,0.59,0.103,0.071,15.553,11.17,10.508,13.656,7.281,5.575,3.0,1.0,1.0,40.87,0.0,100.0,2024,2024,2024,2022,,,2022,2021,,2021-2024,,2024,2024,2024,2024,2024,2024,2024,,2020-2024 avg,2024,2024,2024,2024,2022,2024,2024,2024,2022,2021,2021,2021,2021,2025,2024,2025,2025,2024,2024,2024,2024,2024,2024,2024,2024,2024,2024,2013,2013,2013,2023,2023,2023
EGY,"Egypt, Arab Rep.",Middle East & North Africa,Lower middle income,True,55.785,90.926,11.726,,,,0.0,8.8,9.71,2.0,,1.841,8.372,8.034,0.749,28.761,43.589,67.815,,0.448,7.227,29.096,12.535,16.561,,-5.492000000000001,12.454,17.946,20.256,5.032,2.986,2.046,0.0,7.358,28.214,1.818,20.104,0.206,0.277,0.043,0.049,2.198,4.797,2.503,13.9,7.281,5.575,3.0,1.0,1.0,44.188,0.0,0.0,2024,2024,2024,,,,2022,2021,2020,2021-2024,,2024,2024,2024,2024,2024,2024,2024,,2020-2024 avg,2024,2024,2024,2024,,2024,2024,2024,2023,2021,2021,2021,2021,2025,2024,2025,2025,2024,2024,2024,2024,2024,2024,2024,2024,2024,2024,2013,2013,2013,2023,2023,2023
SLV,El Salvador,Latin America & Caribbean,Upper middle income,False,17.093,87.369,21.626,52.336,2.5,1.0,0.0,,4.8,1.0,,2.449,8.851,18.867,1.295,46.512,51.264,98.162,1.0,0.019,4.117,5.882,0.721,5.161,0.12,-9.828,5.001,14.829,59.505,0.0,0.0,0.0,0.0,8.97,73.939,0.199,5.488,0.886,1.016,0.205,0.194,23.405,12.771,11.447,14.018,7.124,5.787,3.0,1.0,1.0,27.392,20.0,33.333,2024,2024,2024,2022,2019,2019,2022,,2014,2021-2024,,2024,2024,2024,2024,2024,2024,2024,2019,2020-2024 avg,2024,2024,2024,2024,2022,2024,2024,2024,2022,2021,2021,2021,2021,2025,2024,2025,2024,2024,2024,2024,2024,2024,2024,2024,2024,2024,2024,2013,2013,2013,2023,2023,2023
GNQ,Equatorial Guinea,Sub-Saharan Africa,Upper middle income,False,6.118,36.436,5.536,152.021,,,0.0,,,,,,,5.0,0.014,7.409,,68.919,,0.447,1.072,2.929,0.161,2.768,,-1.0390000000000001,1.709,2.748,-422.769,21.57,14.94,6.63,0.0,0.671,37.117,2.37,0.0,0.719,0.811,0.126,0.095,10.773,5.397,4.735,14.022,7.124,5.575,1.0,1.0,0.0,,,,2024,2024,2024,2022,,,2022,,,,,,,2022,2024,2024,,2024,,2020-2024 avg,2023,2024,2024,2024,,1983,1983,1983,2022,2021,2021,2021,2021,2024,2024,2024,2024,2024,2024,2024,2024,2024,2024,2024,2024,2024,2024,2013,2013,2013,,,
ERI,Eritrea,Sub-Saharan Africa,Low income,False,5.186,260.393,15.258,,,,0.0,,,,,,,39.917,0.193,88.922,,76.019,,,,,,,,-0.865,0.0,0.865,34.79,0.0,0.0,0.0,0.0,88.889,,0.907,0.0,,,,,,,,,,,1.0,0.0,0.0,7.426,0.0,0.0,2019,2019,2019,,,,2022,,,,,,,2015,2024,2024,,2024,,,,,,,,2002,2002,2003,2004,2011,2011,2011,2011,2024,,2024,2024,,,,,,,,,,,2013,2013,2013,2023,2023,2023
EST,Estonia,Europe & Central Asia,High income,False,0.656,23.472,22.862,,,,0.0,,7.635,1.0,,,,,,,,,,,7.341,0.696,0.045,0.651,1.337,-1.1740000000000004,7.771,8.945,3.771,0.962,0.962,0.0,0.0,38.449,49.357,4.507,4.669,1.502,1.81,0.244,0.151,22.225,20.556,20.556,7.409,10.173,9.254,,,,,,,2024,2024,2024,,,,2022,,2019,2021-2024,,,,,,,,,,,2023,2024,2024,2024,2021,2024,2024,2024,2023,2021,2021,2021,2021,2025,2024,2025,2025,2024,2024,2024,2024,2024,2024,2024,2024,2024,2024,,,,,,
SWZ,Eswatini,Sub-Saharan Africa,Lower middle income,False,9.297,40.095,30.668,59.819,,,0.0,,,,,7.27,11.88,20.659,0.523,65.101,3.385,56.243,,0.474,4.655,0.018,0.018,0.0,0.29,-15.106000000000002,3.598,18.704,20.553,0.137,0.0,0.0,0.137,0.0,99.291,-0.249,0.0,1.037,1.176,0.124,0.088,23.406,12.412,11.088,14.022,7.124,5.575,2.0,1.0,0.0,,,,2024,2024,2024,2022,,,2022,,,,,2024,2024,2024,2024,2024,2024,2024,,2020-2024 avg,2024,2024,2024,2024,2022,2023,2023,2023,2022,2021,2021,2021,2021,2024,2024,2024,2024,2024,2024,2024,2024,2024,2024,2024,2024,2024,2024,2013,2013,2013,,,
ETH,Ethiopia,Sub-Saharan Africa,Low income,True,7.763,33.382,6.159,99.054,1.5,1.0,1.0,8.4,,1.0,,2.806,3.996,30.647,1.051,46.347,16.759,82.865,1.0,0.078,2.22,1.446,0.105,1.341,0.722,-15.402,0.032,15.434,10.792,0.0,0.0,0.0,0.0,0.0,92.715,0.0,68.395,0.892,0.996,0.04,0.023,18.546,8.185,6.861,10.827,5.686,4.142,2.0,1.0,0.0,33.146,0.0,50.0,2024,2024,2024,2022,2019,2019,2022,2021,,2021-2024,,2024,2024,2024,2024,2024,2024,2024,2019,2020-2024 avg,2024,2024,2024,2024,2022,2023,2023,2023,2022,2021,2021,2021,2021,2025,2024,2025,2025,2024,2024,2024,2024,2024,2024,2024,2024,2024,2024,2013,2013,2013,2023,2023,2023
FRO,Faroe Islands,Europe & Central Asia,High income,False,,,,,,,0.0,,,,,,,,,,,,,,,,,,,-12.927,2.8,15.727,,0.0,0.0,0.0,0.0,53.061,,1.106,22.222,,,,,,,,,,,,,,,,,,,,,,,2022,,,,,,,,,,,,,,,,,,,2009,2009,2009,,2021,2021,2021,2012,2023,,2023,2023,,,,,,,,,,,,,,,,
FJI,Fiji,East Asia & Pacific,Upper middle income,True,14.571,79.109,22.298,92.763,2.5,2.0,1.0,,,,,5.826,6.625,37.745,0.464,79.414,0.0,83.314,4.0,,5.123,2.052,0.042,2.01,0.235,-22.939,0.039,22.978,,0.0,0.0,0.0,0.0,36.522,65.932,0.0,0.0,0.921,1.265,0.19,0.195,18.535,8.176,6.853,13.168,7.124,4.833,1.0,0.0,0.0,,,,2024,2024,2024,2022,2025,2025,2022,,,,,2024,2015,2024,2024,2024,2020,2024,2025,,2023,2024,2024,2024,2022,2024,2024,2024,,2021,2021,2021,2021,2024,2024,2024,2024,2024,2024,2024,2024,2024,2024,2024,2024,2024,2024,2013,2013,2013,,,
FIN,Finland,Europe & Central Asia,High income,False,0.159,82.447,30.429,,,,0.0,,3.69,1.0,,,,,,,,,,,5.254,0.19,0.0,0.19,0.414,-5.952,7.532,13.484,30.272,0.046,0.046,0.0,0.0,2.309,68.382,0.607,8.399,1.675,1.918,0.306,0.069,40.068,30.216,30.216,25.454,32.766,15.278,,,,80.963,60.0,50.0,2024,2024,2024,,,,2022,,2020,2021-2024,,,,,,,,,,,2023,2024,2024,2024,2021,2024,2024,2024,2023,2021,2021,2021,2021,2025,2024,2025,2025,2024,2024,2024,2024,2024,2024,2024,2024,2024,2024,,,,2023,2023,2023
FRA,France,Europe & Central Asia,High income,False,3.499,113.171,28.704,,,,0.0,,3.297,1.0,,,,,,,,,,,3.688,0.376,0.002,0.374,1.762,-8.259,4.409,12.668,47.128,0.007,0.007,0.0,0.0,1.817,31.483,-1.112,9.437,1.704,1.956,0.312,0.119,38.007,24.543,24.484,22.663,22.044,24.374,,,,88.074,60.0,50.0,2024,2024,2024,,,,2022,,2020,2021-2024,,,,,,,,,,,2023,2024,2024,2024,2021,2024,2024,2024,2023,2021,2021,2021,2021,2025,2024,2025,2025,2024,2024,2024,2024,2024,2024,2024,2024,2024,2024,,,,2023,2023,2023
PYF,French Polynesia,East Asia & Pacific,High income,False,,,,,1.5,1.0,0.0,,,,,,,,,,,,1.0,,,,,,,-0.33899999999999997,0.035,0.374,,0.0,0.0,0.0,0.0,65.278,,0.919,30.0,,,,,,,,,,,,,,,,,,,,,2022,2022,2022,,,,,,,,,,,,2022,,,,,,,2022,2022,2024,,2021,2021,2021,2021,2024,,2024,2024,,,,,,,,,,,,,,,,
GAB,Gabon,Sub-Saharan Africa,Upper middle income,True,15.164,70.879,13.258,66.819,1.5,1.0,0.0,,,,,2.316,7.035,17.031,0.1,31.895,44.636,64.786,1.0,0.739,4.747,1.465,0.223,1.242,0.126,47.101,53.987,6.886,-187.597,15.826,15.557,0.269,0.0,20.385,52.404,-0.136,3.125,0.81,0.945,0.203,0.178,12.617,6.721,6.06,14.889,7.439,6.0,2.0,1.0,0.0,,,,2024,2024,2024,2016,2017,2017,2022,,,,,2024,2023,2024,2024,2024,2024,2024,2017,2020-2024 avg,2024,2024,2024,2024,2016,2023,2023,2023,2022,2021,2021,2021,2021,2024,2024,2024,2024,2024,2024,2024,2024,2024,2024,2024,2024,2024,2024,2013,2013,2013,,,
GMB,"Gambia, The",Sub-Saharan Africa,Low income,True,14.516,78.471,11.122,9.176,1.0,1.0,1.0,,,,,,,21.615,3.675,61.865,1.996,43.675,1.0,,3.318,3.202,0.0,3.202,1.076,-31.736,0.0,31.736,,0.0,0.0,0.0,0.0,100.0,19.467,0.0,,1.062,1.179,0.367,0.294,23.323,12.339,11.016,14.022,7.124,5.575,2.0,0.0,0.0,,,,2024,2024,2024,2018,2024,2024,2022,,,,,,,2024,2024,2024,2024,2024,2024,,2024,2024,2024,2024,2018,2024,2024,2024,,2021,2021,2021,2021,2024,2024,2024,,2024,2024,2024,2024,2024,2024,2024,2024,2024,2024,2013,2013,2013,,,
GEO,Georgia,Europe & Central Asia,Upper middle income,True,5.774,35.656,24.851,93.941,4.0,2.0,1.0,,,,,0.867,3.375,16.695,2.793,60.828,25.125,64.849,4.0,0.152,9.642,7.728,2.054,5.675,2.364,-8.877,2.337,11.214,79.935,0.046,0.029,0.009,0.008,0.0,82.32,-0.198,8.123,1.072,1.185,0.076,0.042,5.227,8.662,8.662,10.842,5.933,3.62,3.0,1.0,1.0,47.28,20.0,16.667,2024,2024,2024,2022,2022,2022,2022,,,,,2024,2021,2024,2024,2024,2024,2024,2022,2020-2024 avg,2024,2024,2024,2024,2022,2024,2024,2024,2023,2021,2021,2021,2021,2025,2024,2025,2025,2024,2024,2024,2024,2024,2024,2024,2024,2024,2024,2013,2013,2013,2023,2023,2023
DEU,Germany,Europe & Central Asia,High income,False,1.73,62.227,22.98,,,,0.0,,2.32,1.0,,,,,,,,,,,3.485,1.047,0.016,1.031,1.173,-5.918,2.075,7.993,70.487,0.046,0.014,0.018,0.014,3.783,63.595,0.403,11.406,1.66,1.926,0.427,0.184,36.618,24.576,24.576,18.444,13.456,13.456,,,,85.942,60.0,100.0,2024,2024,2024,,,,2022,,2020,2021-2024,,,,,,,,,,,2023,2024,2024,2024,2022,2024,2024,2024,2023,2021,2021,2021,2021,2025,2024,2025,2025,2024,2024,2024,2024,2024,2024,2024,2024,2024,2024,,,,2023,2023,2023
GHA,Ghana,Sub-Saharan Africa,Lower middle income,True,25.266,70.342,13.27,50.151,1.0,1.0,1.0,9.5,,1.0,,0.035,1.665,26.331,0.446,34.204,52.497,75.135,1.0,0.038,6.39,1.77,0.487,1.283,0.466,-7.573999999999998,24.53,32.104,-22.366,4.426,4.055,0.371,0.0,2.349,43.048,-2.301,0.0,1.188,1.33,0.16,0.14,9.616,5.6,4.826,14.7,7.281,5.787,3.0,1.0,1.0,30.963,0.0,0.0,2024,2024,2024,2021,2018,2018,2022,2021,,2021-2024,,2024,2022,2024,2024,2024,2024,2024,2018,2020-2024 avg,2024,2024,2024,2024,2021,2023,2023,2023,2022,2021,2021,2021,2021,2024,2024,2024,2024,2024,2024,2024,2024,2024,2024,2024,2024,2024,2024,2013,2013,2013,2023,2023,2023
GIB,Gibraltar,Europe & Central Asia,High income,False,,,,,,,0.0,,,,,,,,,,,,,,,,,,,,,,,,,,,,,,,,,,,,,,,,,,,,,,,,,,,,,2022,,,,,,,,,,,,,,,,,,,,,,,,,,,,,,,,,,,,,,,,,,,,,,
GRC,Greece,Europe & Central Asia,High income,False,7.03,155.373,27.781,,,,0.0,,4.315,1.0,,,,,,,,,,,7.348,2.886,0.0,2.886,2.097,4.032,30.248,26.216,89.246,0.027,0.012,0.0,0.015,7.217,62.32,-1.456,14.75,1.658,2.005,0.245,0.152,25.388,17.278,17.278,7.291,9.708,8.81,,,,76.667,20.0,16.667,2024,2024,2024,,,,2022,,2020,2021-2024,,,,,,,,,,,2023,2024,2024,2024,2021,2024,2024,2024,2023,2021,2021,2021,2021,2025,2024,2025,2025,2024,2024,2024,2024,2024,2024,2024,2024,2024,2024,,,,2023,2023,2023
GRL,Greenland,Europe & Central Asia,High income,False,,,,,3.5,2.0,0.0,,,,,,,,,,,,3.0,,,,,,,-16.425,0.0,16.425,,0.0,0.0,0.0,0.0,16.667,,1.366,0.0,,,,,,,,,,,1.0,0.0,0.0,,,,,,,,2021,2021,2022,,,,,,,,,,,,2021,,,,,,,2018,2018,2018,,2020,2020,2020,2020,2024,,2024,2024,,,,,,,,,,,2013,2013,2013,,,
GRD,Grenada,Latin America & Caribbean,Upper middle income,True,7.538,75.078,23.636,,,,0.0,,,,,,,39.3,1.188,52.028,15.448,70.122,,,0.186,1.442,0.131,1.312,,-16.597,0.0,16.597,,0.0,0.0,0.0,0.0,100.0,11.464,0.0,,1.213,1.257,0.361,0.33,23.819,12.771,11.447,14.022,7.124,5.575,1.0,0.0,0.0,,,,2024,2024,2024,,,,2022,,,,,,,2024,2024,2024,2024,2024,,,2024,2024,2024,2024,,2024,2024,2024,,2021,2021,2021,2021,2024,2024,2024,,2024,2024,2024,2024,2024,2024,2024,2024,2024,2024,2013,2013,2013,,,
GUM,Guam,East Asia & Pacific,High income,False,,,,,,,0.0,,,,,,,,,,,,,,,,,,,,,,,0.0,0.0,0.0,0.0,91.398,,0.824,0.0,,,,,,,,,,,,,,,,,,,,,,,2022,,,,,,,,,,,,,,,,,,,,,,,2021,2021,2021,2021,2024,,2024,2024,,,,,,,,,,,,,,,,
GTM,Guatemala,Latin America & Caribbean,Upper middle income,False,12.966,26.322,11.753,60.358,2.5,2.0,0.0,,8.5,1.0,,1.814,6.669,11.938,0.288,31.542,66.782,98.816,1.0,0.013,7.033,2.995,0.225,2.77,2.321,-12.46,2.877,15.337,38.364,0.118,0.118,0.0,0.0,15.833,72.248,1.064,0.0,0.896,1.07,0.209,0.156,12.122,6.853,6.191,12.087,6.355,5.021,3.0,1.0,1.0,22.458,0.0,50.0,2024,2024,2024,2022,2018,2018,2022,,2014,2021-2024,,2024,2024,2024,2024,2024,2024,2024,2018,2020-2024 avg,2024,2024,2024,2024,2022,2024,2024,2024,2022,2021,2021,2021,2021,2024,2024,2024,2024,2024,2024,2024,2024,2024,2024,2024,2024,2024,2024,2013,2013,2013,2023,2023,2023
GIN,Guinea,Sub-Saharan Africa,Lower middle income,True,7.424,48.282,12.312,33.459,1.5,1.0,0.0,,,,,-0.725,1.5,32.614,0.892,46.533,14.873,55.488,1.0,0.361,7.344,0.885,0.062,0.822,1.681,-13.308,0.466,13.774,,0.0,0.0,0.0,0.0,24.814,88.104,0.686,0.0,1.15,1.375,0.046,0.218,22.566,11.182,9.858,14.388,7.124,5.575,1.0,1.0,0.0,9.563,0.0,0.0,2024,2024,2024,2022,2018,2018,2022,,,,,2024,2021,2024,2024,2024,2024,2024,2018,2020-2024 avg,2024,2024,2024,2024,2022,2016,2016,2016,,2021,2021,2021,2021,2024,2024,2024,2024,2024,2024,2024,2024,2024,2024,2024,2024,2024,2024,2013,2013,2013,2023,2023,2023
GNB,Guinea-Bissau,Sub-Saharan Africa,Low income,True,25.391,82.427,8.827,100.0,,,0.0,,,,,,,17.0,1.717,52.761,37.799,62.405,,0.266,3.969,1.508,0.69,0.818,0.082,-17.442,0.002,17.444,,0.0,0.0,0.0,0.0,100.0,21.125,,,1.22,1.409,0.418,0.418,24.286,12.815,11.492,14.266,7.124,5.575,2.0,0.0,0.0,,,,2024,2024,2024,2022,,,2022,,,,,,,2023,2024,2024,2024,2024,,2020-2024 avg,2024,2024,2024,2024,2022,2015,2015,2018,,2021,2021,2021,2021,2024,2024,,,2024,2024,2024,2024,2024,2024,2024,2024,2024,2024,2013,2013,2013,,,
GUY,Guyana,Latin America & Caribbean,High income,False,2.053,24.308,8.173,101.3,,,0.0,,,,,-1.487,3.89,16.702,0.047,58.984,2.318,69.032,,0.011,4.15,3.09,0.179,2.912,0.529,66.20599999999999,75.889,9.683,,22.082,22.082,0.0,0.0,96.377,25.414,0.0,0.0,1.046,0.987,0.357,0.297,23.907,12.667,11.344,14.144,7.124,5.575,2.0,0.0,0.0,,,,2024,2024,2024,2022,,,2022,,,,,2024,2024,2024,2024,2024,2024,2024,,2020-2024 avg,2024,2024,2024,2024,2022,2025,2025,2025,,2021,2021,2021,2021,2024,2024,2024,2024,2024,2024,2024,2024,2024,2024,2024,2024,2024,2024,2013,2013,2013,,,
HTI,Haiti,Latin America & Caribbean,Lower middle income,False,1.867,15.506,5.0,16.661,,,0.0,,,,,,,25.0,0.326,26.139,13.455,86.112,,,,2.202,0.669,1.533,1.383,-16.478,0.0,16.478,,0.0,0.0,0.0,0.0,81.395,31.674,-3.748,0.0,0.7,0.966,0.116,0.17,20.712,12.771,11.447,12.193,7.124,5.575,2.0,0.0,0.0,5.648,0.0,33.333,2024,2024,2024,2016,,,2022,,,,,,,2023,2024,2024,2024,2024,,,,2024,2024,2024,2016,2016,2016,2016,,2021,2021,2021,2021,2024,2024,2024,2024,2024,2024,2024,2024,2024,2024,2024,2024,2024,2024,2013,2013,2013,2023,2023,2023
HND,Honduras,Latin America & Caribbean,Lower middle income,True,3.064,41.503,17.531,82.578,,,1.0,4.6,,1.0,,3.27,8.625,19.19,1.05,66.379,22.981,94.035,,0.312,,5.644,0.079,5.564,0.178,-17.768,0.029,17.797,60.567,0.001,0.001,0.0,0.0,44.071,67.729,1.086,1.053,0.925,1.016,0.21,0.177,16.359,6.283,4.96,14.022,7.124,5.575,2.0,1.0,1.0,22.757,0.0,0.0,2024,2024,2024,2022,,,2022,2021,,2021-2024,,2024,2024,2024,2024,2024,2024,2024,,2020-2024 avg,,2024,2024,2024,2022,2024,2024,2024,2023,2021,2021,2021,2021,2024,2024,2024,2024,2024,2024,2024,2024,2024,2024,2024,2024,2024,2024,2013,2013,2013,2023,2023,2023
HKG,"Hong Kong SAR, China",East Asia & Pacific,High income,False,,9.211,14.189,,,,0.0,,,,,,,,,,,,,,1.984,0.024,0.024,0.0,,-1.9929999999999999,0.112,2.105,175.707,0.0,0.0,0.0,0.0,1.202,16.308,0.088,20.513,3.083,3.226,0.179,0.17,40.739,39.742,39.742,11.451,7.124,4.833,,,,,,,,2024,2024,,,,2022,,,,,,,,,,,,,,2023,2024,2024,2024,,2024,2024,2024,2022,2021,2021,2021,2021,2024,2024,2024,2024,2024,2024,2024,2024,2024,2024,2024,2024,2024,2024,,,,,,
HUN,Hungary,Europe & Central Asia,High income,False,9.881,73.513,24.664,,,,0.0,,18.43,1.0,,,,,,,,,,,4.73,3.378,1.435,1.943,1.476,-4.503,4.132,8.635,62.51,0.324,0.184,0.131,0.009,0.994,41.228,3.839,12.332,1.514,1.676,0.115,0.193,8.871,22.19,22.19,9.277,12.763,12.382,,,,72.315,40.0,50.0,2024,2024,2024,,,,2022,,2020,2021-2024,,,,,,,,,,,2023,2024,2024,2024,2021,2025,2025,2025,2023,2021,2021,2021,2021,2025,2024,2025,2025,2024,2024,2024,2024,2024,2024,2024,2024,2024,2024,,,,2023,2023,2023
ISL,Iceland,Europe & Central Asia,High income,False,7.227,60.449,33.439,,,,0.0,,,,,,,,,,,,,,4.201,0.146,0.0,0.146,1.585,-7.492999999999999,1.46,8.953,20.489,0.0,0.0,0.0,0.0,0.0,99.993,0.0,-0.926,1.955,2.258,0.19,0.081,26.717,17.273,15.947,14.835,13.401,11.736,,,,,,,2024,2024,2024,,,,2022,,,,,,,,,,,,,,2024,2024,2024,2024,2022,2025,2025,2025,2009,2021,2021,2021,2021,2024,2024,2024,2024,2024,2024,2024,2024,2024,2024,2024,2024,2024,2024,,,,,,
IND,India,South Asia,Lower middle income,False,22.859,84.782,18.114,106.972,,,0.0,,9.5,1.0,,0.904,4.463,14.5,0.219,31.536,54.121,81.912,,0.197,4.344,11.408,0.967,10.44,0.064,-14.448,17.094,31.542,36.087,1.683,0.326,0.077,1.28,0.197,34.5,4.259,21.948,0.976,1.217,0.084,0.11,8.038,7.62,7.62,8.451,4.727,3.003,3.0,1.0,1.0,67.785,20.0,50.0,2024,2024,2024,2022,,,2022,,2022,2021-2024,,2024,2024,2024,2024,2024,2024,2024,,2020-2024 avg,2024,2024,2024,2024,2022,2024,2024,2024,2023,2021,2021,2021,2021,2025,2024,2025,2025,2024,2024,2024,2024,2024,2024,2024,2024,2024,2024,2013,2013,2013,2023,2023,2023
IDN,Indonesia,East Asia & Pacific,Upper middle income,True,15.127,40.165,10.085,,1.5,2.0,1.0,6.0,8.25,3.0,1.0,2.413,5.644,21.175,0.186,16.064,77.07,88.927,2.0,0.132,8.635,12.18,2.981,9.199,1.267,0.7789999999999999,16.012,15.233,-89.549,2.83,0.766,0.841,1.223,1.916,28.033,-0.507,4.567,0.525,0.57,0.073,0.067,13.384,6.579,4.968,3.288,2.98,2.752,2.0,1.0,1.0,46.667,80.0,50.0,2024,2024,2024,,2018,2018,2022,2021,2022,2021-2024,2024,2024,2024,2024,2024,2024,2024,2024,2018,2020-2024 avg,2024,2024,2024,2024,2022,2025,2025,2025,2023,2021,2021,2021,2021,2024,2024,2024,2024,2024,2024,2024,2024,2024,2024,2024,2024,2024,2024,2013,2013,2013,2023,2023,2023
IRN,"Iran, Islamic Rep.",Middle East & North Africa,Upper middle income,False,12.826,31.229,5.243,,,,0.0,,,,,-0.44,0.04,11.417,0.001,48.776,38.551,42.469,,,2.922,43.2,17.16,26.041,,54.351,56.362,2.011,-32.494,27.083999999999996,18.266,8.809,0.009,5.671,9.777,-1.296,2.451,0.058,0.26,0.039,0.019,5.204,1.854,2.481,7.914,4.349,2.848,3.0,1.0,1.0,38.333,0.0,50.0,2024,2024,2024,,,,2022,,,,,2022,2019,2022,2024,2024,2024,2024,,,2024,2024,2024,2024,,2022,2022,2022,2022,2021,2021,2021,2021,2025,2024,2025,2024,2024,2024,2024,2024,2024,2024,2024,2024,2024,2024,2013,2013,2013,2023,2023,2023
IRQ,Iraq,Middle East & North Africa,Upper middle income,True,1.539,45.202,1.656,,,3.0,0.0,9.6,,1.0,,2.106,2.116,40.0,0.008,23.309,15.501,56.072,1.0,0.016,0.061,14.089,4.774,9.315,,77.102,99.986,22.884,-274.877,43.443,42.787,0.656,0.0,45.415,12.869,0.409,0.0,0.262,0.374,0.011,0.046,13.291,4.684,5.311,12.401,7.299,5.783,1.0,0.0,0.0,,,,2024,2024,2024,,,2017,2022,2021,,2021-2024,,2022,2021,2022,2024,2024,2024,2024,2017,2020-2024 avg,2024,2024,2024,2024,,2016,2016,2014,2022,2021,2021,2021,2021,2024,2024,2024,2024,2024,2024,2024,2024,2024,2024,2024,2024,2024,2024,2013,2013,2013,,,
IRL,Ireland,Europe & Central Asia,High income,False,1.284,38.27,20.507,,,,0.0,,6.595,1.0,,,,,,,,,,,3.339,0.636,0.124,0.512,1.402,-5.897,0.353,6.25,85.766,0.053,0.002,0.051,0.0,2.969,56.322,1.621,17.322,1.722,1.891,0.305,0.227,39.354,23.998,23.998,34.236,12.433,17.146,,,,84.63,60.0,50.0,2024,2024,2024,,,,2022,,2020,2021-2024,,,,,,,,,,,2024,2024,2024,2024,2021,2024,2024,2024,2023,2021,2021,2021,2021,2025,2024,2025,2025,2024,2024,2024,2024,2024,2024,2024,2024,2024,2024,,,,2023,2023,2023
IMN,Isle of Man,Europe & Central Asia,High income,False,,,,,,,0.0,,,,,,,,,,,,,,,,,,,,,,,,,,,,,,,,,,,,,,,,,,,,,,,,,,,,,2022,,,,,,,,,,,,,,,,,,,,,,,,,,,,,,,,,,,,,,,,,,,,,,
ISR,Israel,Middle East & North Africa,High income,False,7.805,67.673,24.93,,,,0.0,,,,,,,,,,,,,,1.124,2.184,0.057,2.126,1.343,-4.853,5.32,10.173,13.734,0.442,0.012,0.43,0.0,0.0,28.3,3.125,29.07,1.825,2.066,0.174,0.093,8.905,3.626,2.578,13.59,2.519,5.289,,,,35.921,0.0,50.0,2024,2024,2024,,,,2022,,,,,,,,,,,,,,2024,2024,2024,2024,2021,2022,2022,2024,2023,2021,2021,2021,2021,2025,2024,2025,2025,2024,2024,2024,2024,2024,2024,2024,2024,2024,2024,,,,2023,2023,2023
ITA,Italy,Europe & Central Asia,High income,False,7.677,134.735,29.641,,,,0.0,,4.38,1.0,,,,,,,,,,,4.066,1.017,0.001,1.017,1.721,-9.606000000000002,3.053,12.659,79.598,0.10200000000000001,0.077,0.025,0.0,2.536,53.176,-1.44,9.077,1.704,1.969,0.346,0.176,40.99,20.5,20.5,14.585,13.685,12.042,,,,84.111,60.0,100.0,2024,2024,2024,,,,2022,,2020,2021-2024,,,,,,,,,,,2023,2024,2024,2024,2021,2024,2024,2024,2023,2021,2021,2021,2021,2025,2024,2025,2025,2024,2024,2024,2024,2024,2024,2024,2024,2024,2024,,,,2023,2023,2023
JAM,Jamaica,Latin America & Caribbean,Upper middle income,False,17.002,62.465,25.632,123.216,1.5,1.0,0.0,,3.9,1.0,,3.35,9.625,15.729,0.089,32.983,60.174,95.455,2.0,0.184,8.875,4.777,1.001,3.776,0.668,1.9259999999999984,28.798,26.872,112.575,0.295,0.295,0.0,0.0,30.488,29.101,0.443,3.704,1.18,1.342,0.741,0.182,23.819,12.802,11.479,14.022,7.281,5.575,2.0,1.0,1.0,32.944,0.0,50.0,2024,2024,2024,2022,2024,2024,2022,,2016,2021-2024,,2024,2023,2024,2024,2024,2024,2024,2024,2020-2024 avg,2024,2024,2024,2024,2022,2023,2023,2023,2022,2021,2021,2021,2021,2024,2024,2024,2024,2024,2024,2024,2024,2024,2024,2024,2024,2024,2024,2013,2013,2013,2023,2023,2023
JPN,Japan,East Asia & Pacific,High income,False,0.325,214.487,20.223,,,,0.0,,,,,,,,,,,,,,4.635,4.634,0.098,4.536,2.604,-18.393,1.185,19.578,87.28,0.011,0.002,0.009,0.0,2.465,38.618,0.632,3.153,0.914,1.071,0.189,0.135,22.598,20.806,20.806,15.177,7.741,7.741,,,,63.537,40.0,100.0,2024,2024,2024,,,,2022,,,,,,,,,,,,,,2023,2024,2024,2024,2021,2025,2025,2025,2023,2021,2021,2021,2021,2025,2024,2025,2025,2024,2024,2024,2024,2024,2024,2024,2024,2024,2024,,,,2023,2023,2023
JOR,Jordan,Middle East & North Africa,Upper middle income,True,20.45,82.122,15.389,58.327,1.0,2.0,0.0,8.2,8.96,2.0,,-0.943,4.625,21.924,0.838,36.03,45.393,77.837,1.0,0.014,0.0,4.614,0.873,3.741,0.078,-10.648,0.265,10.913,96.352,0.056999999999999995,0.014,0.043,0.0,13.942,33.494,2.121,7.985,0.927,1.609,0.223,0.197,19.01,6.749,6.749,14.144,7.124,5.575,3.0,1.0,1.0,37.817,0.0,100.0,2024,2024,2024,2018,2022,2022,2022,2021,2020,2021-2024,,2024,2024,2024,2024,2024,2024,2024,2022,2020-2024 avg,2024,2024,2024,2024,2018,2024,2024,2024,2022,2021,2021,2021,2021,2024,2024,2024,2024,2024,2024,2024,2024,2022,2024,2024,2024,2024,2024,2013,2013,2013,2023,2023,2023
KAZ,Kazakhstan,Europe & Central Asia,Upper middle income,True,4.295,24.377,16.043,,2.5,4.0,0.0,6.3,,1.0,,4.119,4.714,12.088,0.506,25.06,68.889,88.339,4.0,0.138,3.239,24.221,5.679,18.542,1.663,52.954,56.72,3.766,-119.143,17.738,14.845,2.044,0.849,1.471,19.997,-0.354,9.532,0.629,0.437,0.058,0.078,1.7,,1.506,1.309,3.535,4.753,3.0,1.0,1.0,24.923,20.0,50.0,2024,2024,2024,,2025,2025,2022,2021,,2021-2024,,2024,2024,2024,2024,2024,2024,2024,2025,2020-2024 avg,2024,2024,2024,2024,2021,2024,2024,2024,2023,2021,2021,2021,2021,2025,2024,2025,2025,2024,2024,2024,2024,2023,,2024,2024,2024,2024,2013,2013,2013,2023,2023,2023
KEN,Kenya,Sub-Saharan Africa,Lower middle income,True,29.979,67.338,12.937,63.298,2.5,2.0,1.0,8.4,8.75,3.0,1.0,6.256,9.47,18.211,1.415,56.192,21.139,74.056,4.0,0.195,10.156,0.445,0.0,0.445,0.74,-21.906,1.631,23.537,22.375,0.0,0.0,0.0,0.0,9.9,87.692,-1.378,0.0,1.206,1.421,0.26,0.19,20.991,10.154,8.831,14.144,7.124,5.575,2.0,1.0,1.0,42.926,0.0,0.0,2024,2024,2024,2022,2023,2023,2022,2021,2022,2021-2024,2024,2024,2024,2024,2024,2024,2024,2024,2023,2020-2024 avg,2024,2024,2024,2024,2022,2024,2024,2024,2023,2021,2021,2021,2021,2025,2024,2025,2025,2024,2024,2024,2024,2024,2024,2024,2024,2024,2024,2013,2013,2013,2023,2023,2023
KIR,Kiribati,East Asia & Pacific,Lower middle income,True,0.179,8.899,17.458,146.641,,,1.0,,,,,,,,4.976,,,,,,3.78,,,,0.379,-12.520000000000001,0.017,12.537,,0.0,0.0,0.0,0.0,75.0,,,,,,,,,,,,,,,,,,,,2024,2024,2024,2013,,,2022,,,,,,,,2024,,,,,,2024,,,,2020,2021,2021,2021,,2021,2021,2021,2021,2024,,,,,,,,,,,,,,,,,,,
PRK,"Korea, Dem. People's Rep.",East Asia & Pacific,Low income,False,,,,,,,0.0,,,,,,,,,,,,,,,,,,,,,,4.895,,,,,2.583,,0.671,1.389,,,,,,,,,,,,,,,,,,,,,,,2022,,,,,,,,,,,,,,,,,,,,,,2022,,,,,2024,,2024,2024,,,,,,,,,,,,,,,,
KOR,"Korea, Rep.",East Asia & Pacific,High income,False,0.372,49.701,13.204,,,,0.0,,,,,,,,,,,,,,,5.262,0.291,4.971,,-17.957,7.702,25.659,84.6,0.034,0.028,0.005,0.001,0.953,31.742,0.685,11.629,1.043,1.181,0.115,0.116,17.452,18.176,,7.78,5.755,5.755,,,,61.241,60.0,100.0,2024,2024,2024,,,,2022,,,,,,,,,,,,,,,2024,2024,2024,,2024,2024,2024,2023,2021,2021,2021,2021,2025,2024,2025,2025,2024,2024,2024,2024,2024,2024,,2024,2024,2024,,,,2023,2023,2023
XKX,Kosovo,Europe & Central Asia,Upper middle income,True,1.305,17.916,,67.605,2.5,2.0,0.0,,,,,1.321,2.2,17.652,2.608,92.737,4.816,55.44,1.0,,,0.185,0.185,0.0,0.161,,,,,0.379,0.0,0.0,0.379,0.17,15.795,2.31,,1.127,1.282,0.078,0.084,24.613,12.916,11.593,6.375,3.402,2.067,1.0,1.0,1.0,36.249,0.0,50.0,2024,2024,,2022,2022,2022,2022,,,,,2024,2021,2024,2024,2024,2024,2024,2022,,,2024,2024,2024,2022,,,,,2021,2021,2021,2021,2025,2024,2025,,2024,2024,2024,2023,2024,2024,2024,2024,2024,2024,2013,2013,2013,2023,2023,2023
KWT,Kuwait,Middle East & North Africa,High income,False,,2.911,1.422,66.764,,,0.0,,,,,,,,,,,,,,,13.851,6.114,7.737,0.873,90.17399999999999,90.732,0.558,-283.097,29.285,27.582,1.703,0.0,35.445,15.419,0.082,0.0,0.375,0.342,0.029,0.056,10.632,4.866,5.493,12.405,7.281,5.787,1.0,0.0,0.0,11.759,0.0,50.0,,2024,2024,2022,,,2022,,,,,,,,,,,,,,,2024,2024,2024,2022,2024,2024,2024,2022,2020,2020,2020,2020,2025,2024,2025,2024,2024,2024,2024,2024,2024,2024,2024,2024,2024,2024,2013,2013,2013,2023,2023,2023
KGZ,Kyrgyz Republic,Europe & Central Asia,Lower middle income,True,2.459,36.23,21.752,101.036,2.5,2.0,0.0,,,,,,,34.904,0.741,52.101,,74.63,,0.37,3.583,11.291,1.98,9.311,0.341,-1.248000000000001,9.405,10.653,33.782,0.342,0.082,0.002,0.258,0.317,87.245,2.305,5.414,0.827,0.692,0.013,0.038,,6.45,5.164,2.616,4.416,2.684,2.0,0.0,1.0,17.069,0.0,50.0,2024,2024,2024,2011,2021,2021,2022,,,,,,,2024,2024,2024,,2024,,2020-2024 avg,2024,2024,2024,2024,2022,2025,2025,2025,2022,2021,2021,2021,2021,2024,2024,2024,2024,2024,2024,2023,2023,,2024,2024,2024,2024,2024,2013,2013,2013,2023,2023,2023
LAO,Lao PDR,East Asia & Pacific,Lower middle income,True,20.064,94.682,12.371,86.455,1.0,2.0,0.0,,,,,6.261,7.8,29.556,0.76,19.577,12.338,72.112,1.0,1.33,14.401,14.434,2.315,12.119,1.981,-16.993000000000002,1.827,18.82,-49.021,0.23,0.0,0.0,0.23,0.0,75.038,0.005,4.116,1.042,1.44,0.021,0.04,17.734,8.18,6.857,5.894,0.71,0.71,2.0,0.0,0.0,23.894,0.0,33.333,2024,2024,2024,2020,2025,2025,2022,,,,,2024,2024,2024,2024,2024,2024,2024,2025,2020-2024 avg,2024,2024,2024,2024,2020,2023,2023,2023,2022,2021,2021,2021,2012,2024,2024,2024,2024,2024,2024,2024,2024,2024,2024,2024,2024,2024,2024,2013,2013,2013,2023,2023,2023
LVA,Latvia,Europe & Central Asia,High income,False,2.166,46.25,22.78,,,,0.0,,10.59,1.0,,,,,,,,,,,6.945,1.259,0.346,0.913,1.271,-2.4080000000000013,8.232,10.64,34.308,0.065,0.065,0.0,0.0,-0.476,74.119,0.826,9.562,1.541,1.743,0.266,0.185,19.46,29.911,29.911,16.196,24.183,17.762,3.0,1.0,1.0,,,,2024,2024,2024,,,,2022,,2019,2021-2024,,,,,,,,,,,2024,2024,2024,2024,2021,2025,2025,2025,2023,2021,2021,2021,2021,2025,2024,2025,2025,2024,2024,2024,2024,2024,2024,2024,2024,2024,2024,2013,2013,2013,,,
LBN,Lebanon,Middle East & North Africa,Lower middle income,True,4.1,157.852,10.276,23.219,,,0.0,21.0,,1.0,,5.217,11.75,22.958,1.044,5.751,93.039,96.759,,,4.189,22.703,13.102,9.6,0.091,-18.042,7.709,25.751,96.923,0.0,0.0,0.0,0.0,56.18,15.727,9.744,0.0,0.781,1.02,0.01,0.014,21.93,11.815,10.492,13.534,7.124,5.575,1.0,0.0,0.0,33.381,0.0,66.667,2024,2024,2024,2018,,,2022,2021,,2021-2024,,2024,2019,2024,2024,2024,2024,2024,,,2024,2024,2024,2024,2018,2024,2024,2024,2022,2021,2021,2021,2021,2024,2024,2024,2024,2024,2024,2024,2024,2024,2024,2024,2024,2024,2024,2013,2013,2013,2023,2023,2023
LSO,Lesotho,Sub-Saharan Africa,Lower middle income,False,1.97,52.827,23.543,55.286,2.0,1.0,0.0,,,,,,,24.797,1.426,78.109,0.238,53.816,2.0,0.098,3.266,12.164,0.0,12.164,0.582,-15.308,0.02,15.328,,0.0,0.0,0.0,0.0,0.0,100.0,0.0,10.0,1.056,1.145,0.096,0.019,23.87,12.815,11.491,14.022,7.124,5.575,1.0,1.0,0.0,,,,2024,2024,2024,2022,2025,2025,2022,,,,,,,2024,2024,2024,2024,2024,2025,2020-2024 avg,2024,2024,2024,2024,2022,2024,2024,2024,,2021,2021,2021,2021,2022,2024,2022,2024,2024,2024,2024,2024,2024,2024,2024,2024,2024,2024,2013,2013,2013,,,
LBR,Liberia,Sub-Saharan Africa,Low income,True,4.595,56.368,11.618,66.993,1.5,1.0,0.0,,,,,2.184,4.02,34.99,1.764,90.077,1.924,72.857,1.0,,,2.011,1.032,0.979,0.275,-29.930999999999997,1.841,31.772,,0.0,0.0,0.0,0.0,45.614,52.907,-2.991,0.0,1.304,0.404,0.272,0.196,22.833,12.815,11.492,13.412,7.124,5.575,1.0,0.0,0.0,14.468,0.0,0.0,2024,2024,2024,2021,2021,2021,2022,,,,,2024,2023,2024,2024,2024,2024,2024,2021,,,2024,2024,2024,2021,2023,2023,2023,,2021,2021,2021,2021,2024,2024,2024,2024,2024,2024,2024,2024,2024,2024,2024,2024,2024,2024,2013,2013,2013,2023,2023,2023
LBY,Libya,Middle East & North Africa,Upper middle income,False,0.0,,1.218,,,,0.0,,,,,,,,0.04,,,,,0.029,,45.179,26.179,19.0,,81.26,94.405,13.145,-249.727,60.958,56.378,4.58,0.0,25.441,9.705,-0.001,0.0,0.032,0.032,0.01,0.029,12.197,0.244,0.871,12.401,7.299,5.783,1.0,0.0,0.0,,,,2024,,2024,,,,2022,,,,,,,,2024,,,,,2020-2024 avg,,2024,2024,2024,,2019,2019,2019,2022,2021,2021,2021,2021,2024,2024,2024,2024,2024,2024,2024,2024,2024,2024,2024,2024,2024,2024,2013,2013,2013,,,
LIE,Liechtenstein,Europe & Central Asia,High income,False,0.021,0.487,14.517,,,,0.0,,,,,,,,,,,,,,0.338,,,,,,,,,,,,,,,,,,,,,,,,,,,,,,,,,2024,2024,2024,,,,2022,,,,,,,,,,,,,,2024,,,,,,,,,,,,,,,,,,,,,,,,,,,,,,,,
LTU,Lithuania,Europe & Central Asia,High income,False,0.684,37.965,22.317,90.093,,,0.0,,9.5,1.0,,,,,,,,,,,6.5,1.885,0.064,1.821,2.09,-2.6499999999999986,13.599,16.249,71.456,0.016,0.016,0.0,0.0,5.743,72.516,-6.713,30.426,1.457,1.572,0.241,0.156,20.067,17.06,17.06,14.841,13.152,12.069,3.0,1.0,1.0,,,,2024,2024,2024,2022,,,2022,,2019,2021-2024,,,,,,,,,,,2023,2024,2024,2024,2022,2025,2025,2025,2023,2021,2021,2021,2021,2025,2024,2025,2025,2024,2024,2024,2024,2024,2024,2024,2024,2024,2024,2013,2013,2013,,,
LUX,Luxembourg,Europe & Central Asia,High income,False,,26.281,30.645,,,,0.0,,,,,,,,,,,,,,5.381,0.958,0.103,0.855,2.24,-7.343999999999999,0.123,7.467,109.585,0.0,0.0,0.0,0.0,4.545,88.465,0.83,27.273,1.529,1.664,0.219,0.147,24.28,25.196,25.196,36.419,13.758,26.498,,,,,,,,2024,2024,,,,2022,,,,,,,,,,,,,,2023,2024,2024,2024,2022,2024,2024,2024,2023,2021,2021,2021,2021,2025,2024,2025,2025,2024,2024,2024,2024,2024,2024,2024,2024,2024,2024,,,,,,
MAC,"Macao SAR, China",East Asia & Pacific,High income,False,0.0,,25.922,,,,0.0,,,,,,,,,,,,,,,0.388,0.388,0.0,,-3.872,0.0,3.872,,0.0,0.0,0.0,0.0,6.41,47.988,-2.564,,0.734,0.72,0.157,0.162,21.484,13.543,12.219,11.451,7.124,4.833,,,,,,,2022,,2024,,,,2022,,,,,,,,,,,,,,,2024,2024,2024,,2023,2023,2024,,2021,2021,2021,2021,2024,2024,2024,,2024,2024,2024,2024,2024,2024,2024,2024,2024,2024,,,,,,
MDG,Madagascar,Sub-Saharan Africa,Low income,True,4.599,49.805,11.346,61.416,1.0,1.0,1.0,,,,,0.542,1.04,34.192,3.009,78.901,2.891,59.484,1.0,0.08,5.956,3.039,0.344,2.695,0.4,-16.294,2.55,18.844,13.701,0.084,0.084,0.0,0.0,37.037,48.832,-1.565,0.0,0.917,1.253,0.128,0.178,19.346,8.177,6.853,14.635,7.462,5.575,2.0,1.0,1.0,9.468,0.0,0.0,2024,2024,2024,2020,2021,2021,2022,,,,,2024,2021,2024,2024,2024,2024,2024,2021,2020-2024 avg,2024,2024,2024,2024,2020,2024,2024,2024,2017,2021,2021,2021,2021,2024,2024,2024,2024,2024,2024,2024,2024,2024,2024,2024,2024,2024,2024,2013,2013,2013,2023,2023,2023
MWI,Malawi,Sub-Saharan Africa,Low income,True,35.579,87.628,14.115,47.112,1.5,1.0,0.0,,,,,,,19.5,2.73,87.607,0.0,66.534,1.0,0.047,9.511,0.163,0.03,0.133,0.383,-16.45,0.005,16.455,,0.017,0.0,0.0,0.017,4.372,96.329,0.0,0.0,1.422,1.47,0.064,0.159,24.119,12.761,11.438,14.205,7.124,5.575,1.0,1.0,0.0,38.037,0.0,0.0,2024,2024,2024,2018,2018,2018,2022,,,,,,,2024,2024,2024,2015,2024,2018,2020-2024 avg,2024,2024,2024,2024,2018,2024,2024,2024,,2021,2021,2021,2021,2024,2024,2024,2024,2024,2024,2024,2024,2024,2024,2024,2024,2024,2024,2013,2013,2013,2023,2023,2023
MYS,Malaysia,East Asia & Pacific,Upper middle income,True,10.269,69.839,12.474,,,,0.0,5.4,5.61,3.0,1.0,,,,0.007,,,,,0.395,4.249,12.144,1.712,10.432,,-0.847999999999999,11.159,12.007,-0.579,5.218,1.846,3.347,0.025,1.029,32.06,0.286,0.0,0.585,0.448,0.043,0.11,7.223,7.769,7.642,10.851,6.754,4.558,2.0,1.0,1.0,27.955,0.0,50.0,2024,2024,2024,,,,2022,2021,2020,2021-2024,2024,,,,2024,,,,,2020-2024 avg,2024,2024,2024,2024,,2025,2025,2025,2022,2021,2021,2021,2021,2025,2024,2025,2025,2024,2024,2024,2024,2024,2024,2024,2024,2024,2024,2013,2013,2013,2023,2023,2023
MDV,Maldives,South Asia,Upper middle income,True,12.222,133.32,24.285,98.937,2.0,2.0,0.0,,,,,8.685,11.915,6.084,0.493,13.568,30.5,80.004,2.0,0.085,,6.021,1.842,4.179,3.694,-20.719,0.102,20.821,,0.0,0.0,0.0,0.0,92.941,21.775,0.0,40.0,0.935,0.868,0.106,0.249,22.664,13.439,12.116,12.138,7.124,4.833,2.0,0.0,0.0,18.185,0.0,0.0,2024,2024,2024,2022,2021,2021,2022,,,,,2024,2024,2024,2024,2024,2024,2024,2021,2020-2024 avg,,2024,2024,2024,2022,2024,2024,2024,,2021,2021,2021,2021,2024,2024,2024,2024,2024,2024,2024,2024,2024,2024,2024,2024,2024,2024,2013,2013,2013,2023,2023,2023
MLI,Mali,Sub-Saharan Africa,Low income,True,7.439,44.027,15.804,60.247,2.5,1.0,0.0,,,,,,,43.402,0.527,73.291,0.0,55.494,1.0,0.137,,1.892,1.709,0.182,0.441,-34.684,1.579,36.263,,0.0,0.0,0.0,0.0,80.537,47.319,-0.337,6.667,1.209,1.394,0.207,0.142,24.498,12.816,11.492,2.907,7.145,5.575,2.0,1.0,0.0,24.661,0.0,33.333,2024,2024,2024,2018,2021,2021,2022,,,,,,,2024,2024,2024,2019,2024,2021,2020-2024 avg,,2024,2024,2024,2018,2023,2023,2023,,2021,2021,2021,2021,2024,2024,2024,2024,2024,2024,2024,2024,2024,2024,2024,2024,2024,2024,2013,2013,2013,2023,2023,2023
MLT,Malta,Middle East & North Africa,High income,False,3.402,46.042,23.084,,,,0.0,,,,,,,,,,,,,,4.209,0.599,0.0,0.599,2.982,-11.143999999999998,10.085,21.229,403.592,0.0,0.0,0.0,0.0,0.913,31.409,0.457,4.167,1.193,1.447,0.139,0.112,23.313,15.483,14.159,14.388,13.439,11.772,,,,,,,2024,2024,2024,,,,2022,,,,,,,,,,,,,,2023,2024,2024,2024,2021,2024,2024,2024,2023,2021,2021,2021,2021,2025,2024,2025,2025,2024,2024,2024,2024,2024,2024,2024,2024,2024,2024,,,,,,
MHL,Marshall Islands,East Asia & Pacific,Upper middle income,True,0.303,14.18,13.917,,,,1.0,,,,,,,,20.14,,,,,,,,,,1.293,,,,,,,,,,,,,,,,,,,,,,,,,,,,,2024,2024,2024,,,,2022,,,,,,,,2024,,,,,,,,,,2021,,,,,,,,,,,,,,,,,,,,,,,,,,,,
MRT,Mauritania,Sub-Saharan Africa,Lower middle income,True,4.432,45.064,15.302,100.0,2.0,1.0,0.0,,,,,,,23.418,0.553,60.819,,54.413,1.0,,4.327,6.653,3.256,3.398,2.734,-34.195,0.52,34.715,,0.67,0.0,0.0,0.67,77.295,30.107,1.174,15.385,1.077,1.284,0.17,0.17,18.929,8.376,7.053,14.144,7.124,5.575,1.0,0.0,0.0,14.357,0.0,0.0,2024,2024,2024,2020,2025,2025,2022,,,,,,,2024,2024,2024,,2024,2025,,2024,2024,2024,2024,2022,2024,2024,2024,,2021,2021,2021,2021,2024,2024,2024,2024,2024,2024,2024,2024,2024,2024,2024,2024,2024,2024,2013,2013,2013,2023,2023,2023
MUS,Mauritius,Sub-Saharan Africa,Upper middle income,True,11.658,86.071,23.143,82.195,,,1.0,4.6,,1.0,,-1.975,4.46,5.945,0.559,30.503,31.355,48.691,,,12.942,4.198,0.768,3.429,0.72,-21.624,0.001,21.625,,0.0,0.0,0.0,0.0,42.815,39.14,0.458,10.345,1.0,1.216,0.132,0.136,15.003,5.104,3.781,13.521,7.147,5.35,2.0,0.0,0.0,,,,2024,2024,2024,2022,,,2022,2021,,2021-2024,,2024,2024,2024,2024,2024,2024,2024,,,2024,2024,2024,2024,2022,2024,2024,2024,,2021,2021,2021,2021,2024,2024,2024,2024,2024,2024,2024,2024,2024,2024,2024,2024,2024,2024,2013,2013,2013,,,
MEX,Mexico,Latin America & Caribbean,Upper middle income,False,23.809,59.135,15.678,109.686,,,0.0,,11.0,1.0,,0.419,6.072,9.755,0.041,9.825,89.223,89.277,,0.073,6.483,4.148,0.609,3.539,0.185,-2.4189999999999996,2.992,5.411,21.584,2.173,2.066,0.091,0.016,9.407,25.35,1.976,2.829,1.188,1.267,0.131,0.147,12.132,3.843,,11.41,3.085,2.888,,,,74.963,80.0,100.0,2024,2024,2024,2022,,,2022,,2022,2021-2024,,2024,2024,2024,2024,2024,2024,2024,,2020-2024 avg,2023,2024,2024,2024,2022,2025,2025,2025,2023,2021,2021,2021,2021,2025,2024,2025,2025,2024,2024,2024,2024,2024,2024,,2024,2024,2024,,,,2023,2023,2023
FSM,"Micronesia, Fed. Sts.",East Asia & Pacific,Upper middle income,False,0.311,10.413,16.457,,,,0.0,,,,,,,,1.395,,,,,,1.446,,,,,,,30.09,,,,0.0,,,,,,,,,,,,,,,,,,,,,,2024,2024,2024,,,,2022,,,,,,,,2024,,,,,,2023,,,,,,,2013,,,,2021,,,,,,,,,,,,,,,,,,,,,
MDA,Moldova,Europe & Central Asia,Upper middle income,True,4.043,38.777,21.147,105.979,1.5,3.0,0.0,,,,,-3.121,0.108,22.655,2.494,85.034,1.067,37.74,4.0,,10.604,8.55,0.857,7.693,0.34,-14.982,2.383,17.365,81.166,0.012,0.012,0.0,0.0,7.612,7.471,17.663,63.492,1.032,1.36,0.14,0.095,29.041,22.259,20.204,12.836,6.942,4.239,3.0,1.0,1.0,24.746,20.0,0.0,2024,2024,2024,2022,2022,2022,2022,,,,,2024,2018,2024,2024,2024,2024,2024,2022,,2024,2024,2024,2024,2022,2024,2024,2024,2023,2021,2021,2021,2021,2025,2024,2025,2025,2024,2024,2024,2024,2024,2024,2024,2024,2024,2024,2013,2013,2013,2023,2023,2023
MCO,Monaco,Europe & Central Asia,High income,False,,,,,,,0.0,,,,,,,,,,,,,,,,,,,,,,,,,,,,,,,,,,,,,,,,,,,,,,,,,,,,,2022,,,,,,,,,,,,,,,,,,,,,,,,,,,,,,,,,,,,,,,,,,,,,,
MNG,Mongolia,East Asia & Pacific,Upper middle income,True,3.453,44.091,23.851,89.303,3.0,2.0,0.0,8.0,,1.0,,6.091,8.443,13.611,1.532,33.202,27.714,83.118,2.0,,3.5,18.812,2.469,16.343,1.095,38.206,61.112,22.906,-226.427,6.39,1.497,0.0,4.893,5.882,29.777,-0.485,-3.03,0.931,0.722,0.041,0.055,23.62,13.531,12.208,5.907,3.38,2.054,3.0,1.0,1.0,9.778,0.0,50.0,2024,2024,2024,2022,2021,2021,2022,2021,,2021-2024,,2024,2024,2024,2024,2024,2024,2024,2021,,2024,2024,2024,2024,2022,2023,2023,2023,2022,2021,2021,2021,2021,2025,2024,2025,2025,2024,2024,2024,2024,2024,2024,2024,2024,2024,2024,2013,2013,2013,2023,2023,2023
MNE,Montenegro,Europe & Central Asia,Upper middle income,True,4.896,60.756,29.039,88.62,1.5,1.0,0.0,8.8,,1.0,,3.17,6.835,8.556,3.639,15.688,65.153,38.737,1.0,,11.837,1.468,0.042,1.426,0.756,14.810999999999998,25.278,10.467,24.353,0.145,0.0,0.0,0.145,0.0,65.235,16.12,4.545,1.371,1.625,0.107,0.055,25.116,14.766,13.442,6.483,6.044,4.738,1.0,1.0,1.0,42.788,20.0,50.0,2024,2024,2024,2022,2019,2019,2022,2021,,2021-2024,,2024,2024,2024,2024,2024,2024,2024,2019,,2024,2024,2024,2024,2022,2024,2024,2024,2023,2021,2021,2021,2021,2025,2024,2025,2025,2024,2024,2024,2024,2024,2024,2024,2024,2024,2024,2013,2013,2013,2023,2023,2023
MAR,Morocco,Middle East & North Africa,Lower middle income,True,7.879,67.735,20.777,,2.0,2.0,1.0,6.7,9.07,2.0,,2.786,6.363,16.363,1.046,47.079,37.07,48.307,2.0,0.215,6.868,6.831,1.869,4.961,,-11.068,0.759,11.827,93.645,0.009999999999999998,0.001,0.009,0.0,3.556,29.493,-1.126,4.292,1.269,1.464,0.09,0.099,13.026,5.506,4.216,12.193,6.892,6.975,2.0,0.0,1.0,41.172,0.0,100.0,2024,2024,2024,,2024,2024,2022,2021,2020,2021-2024,,2024,2024,2024,2024,2024,2024,2024,2024,2020-2024 avg,2024,2024,2024,2024,,2024,2024,2024,2023,2021,2021,2021,2021,2025,2024,2025,2025,2024,2024,2024,2024,2024,2024,2024,2024,2024,2024,2013,2013,2013,2023,2023,2023
MOZ,Mozambique,Sub-Saharan Africa,Low income,True,15.302,91.411,20.303,36.646,1.0,3.0,1.0,,,,,0.21,0.25,24.645,1.397,48.897,11.201,64.634,3.0,1.41,5.292,0.594,0.033,0.561,1.047,37.581999999999994,58.9,21.318,-106.352,7.426,0.079,3.566,3.781,0.758,91.287,-0.141,0.826,1.295,1.349,0.109,0.085,10.38,4.901,4.239,6.269,3.373,2.049,2.0,1.0,0.0,33.5,0.0,0.0,2024,2024,2024,2022,2021,2021,2022,,,,,2024,2022,2024,2024,2024,2024,2024,2021,2020-2024 avg,2024,2024,2024,2024,2022,2024,2024,2024,2022,2021,2021,2021,2021,2024,2024,2024,2024,2024,2024,2024,2024,2024,2024,2024,2024,2024,2024,2013,2013,2013,2023,2023,2023
MMR,Myanmar,East Asia & Pacific,Lower middle income,False,10.305,50.643,5.55,114.131,1.0,1.0,0.0,,,,,1.519,2.0,4.444,0.048,23.883,14.444,32.552,1.0,,,5.882,1.044,4.838,0.02,-14.281999999999996,21.957,36.239,-19.026,4.506,0.063,4.397,0.046,0.553,53.516,1.365,1.14,1.111,1.393,0.017,0.066,10.774,6.804,6.142,5.358,3.373,2.049,1.0,0.0,0.0,14.963,0.0,0.0,2024,2024,2024,2019,2020,2020,2022,,,,,2021,2015,2021,2024,2024,2024,2024,2020,,,2024,2024,2024,2019,2024,2024,2024,2022,2021,2021,2021,2021,2024,2024,2024,2024,2024,2024,2024,2024,2024,2024,2024,2024,2024,2024,2013,2013,2013,2023,2023,2023
NAM,Namibia,Sub-Saharan Africa,Lower middle income,True,14.573,69.837,35.254,81.128,,,0.0,4.2,,1.0,,,,,3.011,,,,,0.037,2.133,2.789,0.009,2.78,0.698,-14.587,1.283,15.87,60.5,0.0,0.0,0.0,0.0,0.0,96.245,-0.323,0.0,1.042,1.164,0.148,0.089,23.813,12.766,11.442,14.022,7.124,5.575,1.0,1.0,0.0,,,,2024,2024,2024,2022,,,2022,2021,,2021-2024,,,,,2024,,,,,2020-2024 avg,2024,2024,2024,2024,2022,2024,2024,2024,2022,2021,2021,2021,2021,2024,2024,2024,2024,2024,2024,2024,2024,2024,2024,2024,2024,2024,2024,2013,2013,2013,,,
NRU,Naoero,East Asia & Pacific,High income,False,,16.853,19.361,,1.0,1.0,0.0,,,,,,,,16.443,,,,1.0,,,0.0,0.0,0.0,2.006,,,,,,0.0,0.0,,80.0,19.728,20.0,,0.734,0.72,0.269,0.244,21.484,13.543,12.219,11.451,7.124,4.833,,,,,,,,2024,2024,,2022,2022,2022,,,,,,,,2024,,,,2022,,,2024,2024,2024,2018,,,,,,2021,2021,,2024,2024,2024,,2024,2024,2024,2024,2024,2024,2024,2024,2024,2024,,,,,,
NPL,Nepal,South Asia,Lower middle income,True,7.231,48.333,16.381,,2.5,1.0,1.0,,,,,,,31.678,0.54,89.128,0.005,73.691,1.0,0.405,13.271,8.0,0.007,7.993,1.142,-22.969,0.0,22.969,27.414,0.006,0.0,0.0,0.006,0.0,92.304,0.0,23.488,1.071,1.231,0.058,0.068,17.771,7.785,6.461,12.901,7.103,4.817,2.0,0.0,0.0,20.325,0.0,0.0,2024,2024,2024,,2024,2024,2022,,,,,,,2024,2024,2024,2024,2024,2024,2020-2024 avg,2024,2024,2024,2024,2021,2022,2022,2022,2022,2021,2021,2021,2021,2024,2024,2024,2024,2024,2024,2024,2024,2024,2024,2024,2024,2024,2024,2013,2013,2013,2023,2023,2023
NLD,Netherlands,Europe & Central Asia,High income,False,0.992,43.748,26.515,,,,0.0,,2.327,1.0,,,,,,,,,,,2.921,0.185,0.042,0.143,2.991,-3.7670000000000012,12.681,16.448,87.017,0.336,0.024,0.312,0.0,3.875,65.158,0.461,11.015,1.665,2.133,0.262,0.168,49.551,24.269,24.269,17.44,16.231,12.833,,,,82.611,60.0,50.0,2024,2024,2024,,,,2022,,2020,2021-2024,,,,,,,,,,,2023,2024,2024,2024,2021,2024,2024,2024,2023,2021,2021,2021,2021,2025,2024,2025,2024,2024,2024,2024,2024,2024,2024,2024,2024,2024,2024,,,,2023,2023,2023
NCL,New Caledonia,East Asia & Pacific,High income,False,,,,,2.5,2.0,0.0,,,,,,,,,,,,1.0,,,,,,,-22.283,0.011,22.294,,0.0,0.0,0.0,0.0,36.538,,0.709,0.0,,,,,,,,,,,,,,,,,,,,,2019,2019,2022,,,,,,,,,,,,2019,,,,,,,2015,2015,2015,,2021,2021,2021,2021,2024,,2024,2024,,,,,,,,,,,,,,,,
NZL,New Zealand,East Asia & Pacific,High income,False,2.013,51.425,32.557,,,,0.0,,,,,,,,,,,,,,0.799,1.296,0.008,1.289,2.708,-11.048,0.921,11.969,31.633,0.42799999999999994,0.102,0.295,0.031,1.477,85.469,2.553,3.204,1.117,1.601,0.191,0.101,27.728,9.5,11.495,11.34,7.463,5.986,,,,59.241,60.0,100.0,2024,2024,2024,,,,2022,,,,,,,,,,,,,,2024,2024,2024,2024,2022,2025,2025,2025,2023,2021,2021,2021,2021,2025,2024,2025,2025,2024,2024,2024,2023,2024,2023,2024,2024,2024,2024,,,,2023,2023,2023
NIC,Nicaragua,Latin America & Caribbean,Lower middle income,False,5.335,37.865,20.927,,,,0.0,,,,,1.66,6.387,13.893,0.244,84.958,0.194,92.99,,0.025,10.819,1.89,0.227,1.663,0.226,-12.075,0.739,12.814,46.491,0.021,0.021,0.0,0.0,37.611,74.434,0.0,3.39,1.048,1.293,0.183,0.183,17.659,7.414,6.09,14.022,7.124,5.575,3.0,1.0,1.0,35.876,0.0,66.667,2024,2024,2024,,,,2022,,,,,2024,2024,2024,2024,2024,2024,2024,,2020-2024 avg,2024,2024,2024,2024,2020,2024,2024,2024,2022,2021,2021,2021,2021,2024,2024,2024,2024,2024,2024,2024,2024,2024,2024,2024,2024,2024,2024,2013,2013,2013,2023,2023,2023
NER,Niger,Sub-Saharan Africa,Low income,True,19.725,47.741,6.942,73.614,1.5,2.0,0.0,,,,,3.968,5.25,49.409,0.595,83.204,3.28,57.55,2.0,,,2.619,0.869,1.75,0.563,75.189,87.993,12.804,5.406,0.6900000000000001,0.623,0.03,0.037,73.684,18.677,1.096,0.0,1.05,0.854,0.146,0.123,12.88,6.853,6.191,6.376,3.373,2.049,2.0,1.0,1.0,16.426,0.0,0.0,2024,2024,2024,2017,2023,2023,2022,,,,,2023,2020,2024,2024,2024,2024,2024,2023,,,2024,2024,2024,2017,2024,2024,2024,2022,2021,2021,2021,2021,2024,2024,2024,2024,2024,2024,2024,2024,2024,2024,2024,2024,2024,2024,2013,2013,2013,2023,2023,2023
NGA,Nigeria,Sub-Saharan Africa,Lower middle income,False,22.966,39.333,3.424,23.295,1.0,1.0,0.0,,,,,4.593,8.627,11.398,0.518,47.419,40.433,84.015,1.0,0.23,4.959,10.117,2.834,7.283,0.175,50.657999999999994,88.615,37.957,-66.288,7.411,6.247,1.164,0.0,0.0,28.186,6.319,1.587,0.89,0.592,0.07,0.126,13.449,5.007,4.62,5.76,3.373,2.049,3.0,1.0,1.0,32.415,0.0,50.0,2024,2024,2024,2021,2019,2019,2022,,,,,2024,2024,2024,2024,2024,2024,2024,2019,2020-2024 avg,2024,2024,2024,2024,2021,2024,2024,2024,2022,2021,2021,2021,2021,2025,2024,2025,2025,2024,2024,2024,2024,2024,2024,2024,2024,2024,2024,2013,2013,2013,2023,2023,2023
MKD,North Macedonia,Europe & Central Asia,Upper middle income,True,5.867,52.929,18.867,81.139,1.5,1.0,0.0,,,,,3.413,6.96,14.73,1.99,32.73,45.72,22.876,3.0,0.089,9.741,5.241,0.0,5.241,1.155,-8.291,3.461,11.752,63.81,0.009,0.0,0.0,0.009,2.394,43.046,13.638,13.174,1.189,1.406,0.118,0.089,30.112,14.439,14.439,8.168,4.418,2.691,3.0,1.0,1.0,39.384,0.0,50.0,2024,2024,2024,2022,2022,2022,2022,,,,,2024,2023,2024,2024,2024,2024,2024,2022,2020-2024 avg,2024,2024,2024,2024,2022,2024,2024,2024,2023,2021,2021,2021,2021,2025,2024,2025,2025,2024,2024,2024,2024,2024,2024,2024,2024,2024,2024,2013,2013,2013,2023,2023,2023
MNP,Northern Mariana Islands,East Asia & Pacific,High income,False,,,,,,,0.0,,,,,,,,,,,,,,,,,,,,,,,,,0.0,,,,,,,,,,,,,,,,,,,,,,,,,,,,2022,,,,,,,,,,,,,,,,,,,,,,,,,2019,,,,,,,,,,,,,,,,,,,,,
NOR,Norway,Europe & Central Asia,High income,False,,52.818,31.288,,,,0.0,,4.78,1.0,,,,,,,,,,,1.979,0.077,0.0,0.077,2.186,57.106,62.308,5.202,-703.959,10.008,6.063,3.944,0.001,0.441,100.0,0.393,0.517,1.634,2.0,0.211,0.064,13.428,10.359,9.684,21.028,13.232,11.801,,,,69.481,40.0,100.0,,2024,2024,,,,2022,,2020,2021-2024,,,,,,,,,,,2023,2024,2024,2024,2022,2025,2025,2025,2023,2021,2021,2021,2021,2025,2024,2025,2025,2024,2024,2024,2024,2024,2024,2024,2024,2024,2024,,,,2023,2023,2023
OMN,Oman,Middle East & North Africa,High income,False,0.995,35.451,4.446,13.805,,,0.0,,,,,,,,,,,,,,0.707,11.62,3.626,7.995,0.348,53.319,77.2,23.881,-213.629,29.21,23.539,5.671,0.0,3.596,13.719,-0.346,138.889,0.647,0.592,0.048,0.09,12.046,3.513,4.014,13.026,7.281,5.787,3.0,1.0,1.0,35.352,0.0,16.667,2024,2024,2024,2019,,,2022,,,,,,,,,,,,,,2024,2024,2024,2024,2019,2024,2024,2024,2022,2021,2021,2021,2021,2025,2024,2025,2025,2024,2024,2024,2024,2024,2024,2024,2024,2024,2024,2013,2013,2013,2023,2023,2023
PAK,Pakistan,Middle East & North Africa,Lower middle income,True,61.261,70.22,9.873,93.488,,,1.0,9.2,6.44,2.0,,5.1,8.11,18.072,0.415,44.148,9.001,83.633,,0.124,12.215,8.961,1.029,7.932,0.218,-29.813,1.718,31.531,39.793,1.238,0.38,0.736,0.122,1.514,33.484,5.859,0.0,0.77,0.847,0.122,0.143,,,6.424,11.882,6.349,4.285,3.0,1.0,1.0,23.032,0.0,0.0,2024,2024,2024,2021,,,2022,2021,2020,2021-2024,,2024,2024,2024,2024,2024,2024,2024,,2020-2024 avg,2024,2024,2024,2024,2021,2024,2024,2024,2022,2021,2021,2021,2021,2025,2024,2025,2025,2024,2024,2024,2024,,,2024,2024,2024,2024,2013,2013,2013,2023,2023,2023
PLW,Palau,East Asia & Pacific,High income,False,,66.262,21.671,,2.5,2.0,0.0,,,,,,,,0.725,,,,1.0,1.366,,0.0,0.0,0.0,0.62,-23.608,0.459,24.067,,,,,,,12.675,,,1.675,1.561,0.191,0.166,14.282,6.34,5.017,11.451,7.124,4.833,,,,,,,,2024,2024,,2023,2023,2022,,,,,,,,2024,,,,2023,2020-2024 avg,,2024,2024,2024,2021,2017,2017,2018,,,,,,,2024,,,2024,2024,2024,2024,2024,2024,2024,2024,2024,2024,,,,,,
PAN,Panama,Latin America & Caribbean,High income,False,17.234,57.814,6.688,99.632,,,0.0,,,,,,,,0.602,,,,,,4.883,3.379,0.068,3.312,0.525,-18.964,1.007,19.971,171.186,0.0,0.0,0.0,0.0,7.446,66.466,7.341,3.061,0.822,0.936,0.179,0.179,17.246,8.176,6.853,13.046,7.281,5.575,3.0,1.0,1.0,29.315,0.0,100.0,2024,2024,2024,2022,,,2022,,,,,,,,2024,,,,,,2024,2024,2024,2024,2022,2024,2024,2024,2022,2021,2021,2021,2021,2024,2024,2024,2024,2024,2024,2024,2024,2024,2024,2024,2024,2024,2024,2013,2013,2013,2023,2023,2023
PNG,Papua New Guinea,East Asia & Pacific,Lower middle income,False,14.173,53.335,12.085,71.654,,,0.0,,,,,2.443,6.882,21.555,1.337,45.375,7.718,55.468,,0.001,8.398,0.972,0.0,0.972,0.111,25.676000000000002,42.649,16.973,,11.015,1.875,9.14,0.0,57.082,44.419,0.0,0.0,1.028,1.314,0.258,0.185,23.251,13.196,11.872,12.596,7.124,4.833,2.0,1.0,0.0,24.587,0.0,33.333,2024,2024,2024,2022,,,2022,,,,,2024,2018,2024,2024,2024,2024,2024,,2020-2024 avg,2024,2024,2024,2024,2022,2023,2023,2023,,2021,2021,2021,2021,2024,2024,2024,2024,2024,2022,2024,2024,2024,2024,2024,2024,2024,2024,2013,2013,2013,2023,2023,2023
PRY,Paraguay,Latin America & Caribbean,Upper middle income,True,10.465,44.633,11.368,89.48,1.5,1.0,0.0,,,,,0.283,6.933,13.836,0.656,50.645,47.903,99.112,2.0,0.126,7.313,4.953,0.991,3.962,0.115,0.39000000000000057,11.022,10.632,-4.694,0.073,0.073,0.0,0.0,0.0,86.031,0.0,0.0,1.113,1.186,0.046,0.041,22.784,12.771,11.447,13.412,7.124,5.575,1.0,0.0,0.0,30.831,0.0,0.0,2024,2024,2024,2022,2023,2023,2022,,,,,2024,2024,2024,2024,2024,2024,2024,2023,2020-2024 avg,2024,2024,2024,2024,2022,2025,2025,2025,2023,2021,2021,2021,2021,2025,2024,2025,2025,2022,2022,2024,2024,2024,2024,2024,2024,2024,2024,2013,2013,2013,2023,2023,2023
PER,Peru,Latin America & Caribbean,Upper middle income,True,7.61,32.077,14.291,76.318,,,1.0,5.2,7.88,2.0,,-1.037,5.692,18.689,0.318,23.524,72.351,88.575,,0.431,4.301,4.179,0.0,4.179,2.056,-10.686999999999998,5.719,16.406,12.186,0.509,0.249,0.258,0.002,0.215,63.887,3.53,14.658,1.076,1.158,0.146,0.083,11.667,5.917,5.255,10.642,5.612,4.188,3.0,1.0,1.0,26.09,0.0,0.0,2024,2024,2024,2022,,,2022,2021,2020,2021-2024,,2024,2024,2024,2024,2024,2024,2024,,2020-2024 avg,2024,2024,2024,2024,2022,2024,2024,2024,2022,2021,2021,2021,2021,2025,2024,2025,2025,2024,2024,2024,2024,2024,2024,2024,2024,2024,2024,2013,2013,2013,2023,2023,2023
PHL,Philippines,East Asia & Pacific,Upper middle income,True,12.162,56.627,15.356,100.0,3.0,2.0,1.0,5.7,,2.0,1.0,1.597,4.945,23.773,0.545,41.467,46.29,82.237,4.0,0.788,9.557,6.356,0.146,6.21,0.551,-13.713999999999999,1.258,14.972,54.425,0.28400000000000003,0.034,0.156,0.094,0.763,32.364,2.845,13.723,0.902,1.131,0.202,0.154,13.918,12.239,9.123,11.443,2.799,4.703,3.0,1.0,1.0,39.341,0.0,50.0,2024,2024,2024,2021,2025,2025,2022,2021,,2021-2024,2024,2024,2024,2024,2024,2024,2024,2024,2025,2020-2024 avg,2024,2024,2024,2024,2021,2024,2024,2024,2022,2021,2021,2021,2021,2025,2024,2025,2025,2024,2024,2024,2024,2024,2024,2024,2024,2024,2024,2013,2013,2013,2023,2023,2023
POL,Poland,Europe & Central Asia,High income,True,5.134,55.089,22.245,87.212,,,0.0,3.9,5.62,2.0,,,,,,,,,,,7.371,11.008,3.985,7.022,1.837,-5.006,2.583,7.589,48.819,0.387,0.041,0.1,0.246,3.726,37.243,0.108,12.379,1.441,1.6,0.121,0.056,23.641,25.605,25.605,16.318,14.82,13.03,,,,62.886,40.0,50.0,2024,2024,2024,2022,,,2022,2021,2020,2021-2024,,,,,,,,,,,2023,2024,2024,2024,2022,2024,2024,2024,2023,2021,2021,2021,2021,2025,2024,2025,2025,2024,2024,2024,2024,2024,2024,2024,2024,2024,2024,,,,2023,2023,2023
PRT,Portugal,Europe & Central Asia,High income,False,4.283,93.477,24.884,,,,0.0,,10.03,1.0,,,,,,,,,,,4.544,0.266,0.0,0.266,1.678,-3.396,5.076,8.472,77.245,0.052,0.052,0.0,0.0,2.64,79.391,-4.295,5.615,1.593,1.857,0.273,0.108,38.458,18.924,18.924,33.785,15.799,10.615,,,,79.333,60.0,50.0,2024,2024,2024,,,,2022,,2020,2021-2024,,,,,,,,,,,2023,2024,2024,2024,2021,2025,2025,2025,2023,2021,2021,2021,2021,2025,2024,2025,2025,2024,2024,2024,2024,2024,2024,2024,2024,2024,2024,,,,2023,2023,2023
PRI,Puerto Rico (US),Latin America & Caribbean,High income,False,4.194,16.87,,,,,0.0,,,,,,,,,,,,,,,0.0,0.0,0.0,,,,,,0.0,0.0,0.0,0.0,48.876,100.0,0.129,33.613,0.81,0.994,0.106,0.07,23.094,12.771,11.447,13.595,7.124,5.575,1.0,0.0,0.0,,,,2024,2024,,,,,2022,,,,,,,,,,,,,,,2024,2024,2024,,,,,,2021,2021,2021,2021,2025,2024,2025,2025,2024,2024,2024,2024,2024,2024,2024,2024,2024,2024,2012,2012,2012,,,
QAT,Qatar,Middle East & North Africa,High income,False,4.925,41.266,3.837,,,,0.0,,,,,,,,,,,,,,,6.051,1.724,4.327,,77.565,83.76,6.195,-396.073,27.289,15.278,12.011,0.0,0.0,7.62,-0.035,106.098,0.562,0.576,0.038,0.039,5.55,1.073,1.073,12.405,7.281,5.787,3.0,0.0,0.0,24.32,0.0,50.0,2024,2024,2024,,,,2022,,,,,,,,,,,,,,,2024,2024,2024,,2024,2024,2024,2022,2021,2021,2021,2021,2025,2024,2025,2025,2024,2024,2024,2024,2024,2024,2024,2024,2024,2024,2013,2013,2013,2023,2023,2023
ROU,Romania,Europe & Central Asia,High income,True,6.45,57.468,16.378,100.0,,,0.0,5.1,7.18,2.0,,,,,,,,,,,7.904,3.958,0.368,3.591,1.736,-3.3310000000000004,4.876,8.207,28.06,0.933,0.378,0.531,0.024,0.362,58.017,0.517,15.685,1.505,1.55,0.203,0.167,16.862,18.49,18.49,8.653,10.292,9.377,3.0,1.0,1.0,65.778,20.0,33.333,2024,2024,2024,2021,,,2022,2021,2020,2021-2024,,,,,,,,,,,2024,2024,2024,2024,2020,2024,2024,2024,2023,2021,2021,2021,2021,2025,2024,2025,2025,2024,2024,2024,2024,2024,2024,2024,2024,2024,2024,2013,2013,2013,2023,2023,2023
RUS,Russian Federation,Europe & Central Asia,High income,False,0.285,14.758,19.153,,,,0.0,,,,,,,,,,,,,0.015,4.424,22.908,3.712,19.196,0.605,42.370999999999995,43.147,0.776,-75.138,16.144000000000002,9.672,5.859,0.613,1.213,26.729,-0.745,1.076,0.603,0.539,0.043,0.03,1.91,2.35,2.35,3.12,4.36,1.38,3.0,1.0,1.0,29.593,0.0,0.0,2024,2024,2024,,,,2022,,,,,,,,,,,,,2020-2024 avg,2024,2024,2024,2024,2020,2021,2021,2021,2022,2021,2021,2021,2021,2025,2024,2025,2025,2024,2024,2024,2024,2024,2024,2024,2024,2024,2024,2013,2013,2013,2023,2023,2023
RWA,Rwanda,Sub-Saharan Africa,Low income,True,10.783,63.385,13.805,110.55,3.5,2.0,1.0,5.6,,1.0,,3.592,4.724,32.185,3.775,66.715,20.24,65.147,4.0,0.067,9.706,1.179,0.1,1.078,0.782,-15.27,0.063,15.333,10.579,0.051,0.0,0.051,0.0,8.85,62.818,0.467,21.429,1.106,1.19,0.165,0.054,7.277,6.161,6.161,3.208,2.618,4.268,1.0,1.0,0.0,47.063,0.0,16.667,2024,2024,2024,2021,2022,2022,2022,2021,,2021-2024,,2024,2024,2024,2024,2024,2024,2024,2022,2020-2024 avg,2023,2024,2024,2024,2021,2022,2022,2022,2022,2021,2021,2021,2021,2024,2024,2024,2024,2024,2024,2024,2024,2024,2024,2024,2024,2024,2024,2013,2013,2013,2023,2023,2023
WSM,Samoa,East Asia & Pacific,Upper middle income,False,,25.166,24.071,,,,0.0,,,,,,,24.0,2.118,58.126,,35.06,,,15.59,3.501,0.0,3.501,4.167,13.830000000000002,33.264,19.434,,0.0,0.0,0.0,0.0,56.25,48.427,3.75,0.0,0.759,0.845,0.267,0.207,23.555,12.541,11.218,13.168,7.124,4.833,,,,,,,,2024,2024,,,,2022,,,,,,,2017,2024,2024,,2024,,,2024,2024,2024,2024,2021,2024,2024,2024,,2021,2021,2021,2021,2024,2024,2024,2024,2024,2024,2024,2024,2024,2024,2024,2024,2024,2024,,,,,,
SMR,San Marino,Europe & Central Asia,High income,False,9.476,62.852,17.587,,,,0.0,,,,,,,,,,,,,,6.186,,,,,,,,,,,,,,,,,,,,,,,,,,,,,,,,,2024,2024,2024,,,,2022,,,,,,,,,,,,,,2023,,,,,,,,,,,,,,,,,,,,,,,,,,,,,,,,
SAU,Saudi Arabia,Middle East & North Africa,High income,False,0.332,25.854,7.241,113.284,,,0.0,,4.2,1.0,,,,,,,,,,,1.191,11.046,4.58,6.467,0.085,73.74799999999999,79.398,5.65,-178.2,25.402,23.686,1.716,0.0,34.498,9.496,1.06,132.394,0.267,0.54,0.057,0.048,5.309,1.266,1.509,14.266,7.281,5.787,2.0,1.0,1.0,23.167,0.0,66.667,2024,2024,2024,2018,,,2022,,2017,2021-2024,,,,,,,,,,,2024,2024,2024,2024,2018,2024,2024,2024,2022,2021,2021,2021,2021,2024,2024,2024,2024,2024,2024,2024,2024,2024,2024,2024,2024,2024,2024,2013,2013,2013,2023,2023,2023
SEN,Senegal,Sub-Saharan Africa,Lower middle income,True,20.532,132.395,18.197,100.0,1.5,1.0,0.0,4.3,9.0,3.0,1.0,3.959,6.367,11.857,2.18,37.879,42.066,35.141,1.0,1.365,5.272,4.205,0.044,4.162,0.867,1.1849999999999987,32.711,31.526,69.031,0.003,0.0,0.003,0.0,78.637,28.399,2.839,9.091,1.173,0.804,0.204,0.134,12.089,6.274,5.613,14.388,7.124,5.575,2.0,1.0,0.0,27.63,0.0,16.667,2024,2024,2024,2018,2020,2020,2022,2021,2022,2021-2024,2024,2024,2024,2024,2024,2024,2024,2024,2020,2020-2024 avg,2023,2024,2024,2024,2018,2024,2024,2024,2023,2021,2021,2021,2021,2024,2024,2024,2024,2024,2024,2024,2023,2024,2024,2024,2024,2024,2024,2013,2013,2013,2023,2023,2023
SRB,Serbia,Europe & Central Asia,Upper middle income,True,4.578,44.064,23.497,92.818,1.5,1.0,0.0,,,,,-0.421,3.044,13.197,1.409,20.486,50.745,44.358,2.0,0.224,10.615,9.872,0.288,9.584,1.105,-14.597,2.621,17.218,42.551,0.756,0.424,0.097,0.235,0.3,56.341,-4.246,9.483,1.616,1.67,0.119,0.145,14.737,15.427,15.427,8.579,4.049,2.466,1.0,1.0,0.0,50.712,20.0,50.0,2024,2024,2024,2022,2021,2021,2022,,,,,2024,2024,2024,2024,2024,2024,2024,2021,2020-2024 avg,2024,2024,2024,2024,2022,2007,2007,2007,2023,2021,2021,2021,2021,2025,2024,2025,2025,2024,2024,2024,2024,2024,2024,2024,2024,2024,2024,2013,2013,2013,2023,2023,2023
SYC,Seychelles,Sub-Saharan Africa,High income,True,9.055,56.142,27.44,90.304,1.0,2.0,1.0,,,,,,,,,,,,1.0,,16.433,1.27,0.0,1.27,1.042,-20.447,0.0,20.447,,0.0,0.0,0.0,0.0,84.127,15.7,1.357,0.0,,,0.294,0.231,19.956,9.411,8.087,14.022,7.124,5.575,1.0,0.0,0.0,,,,2024,2024,2024,2022,2017,2017,2022,,,,,,,,,,,,2017,,2024,2024,2024,2024,2022,2024,2024,2024,,2021,2021,2021,2021,2024,2024,2024,2024,,,2024,2024,2024,2024,2024,2024,2024,2024,2013,2013,2013,,,
SLE,Sierra Leone,Sub-Saharan Africa,Low income,True,24.022,46.667,6.418,18.879,1.5,1.0,0.0,,,,,,,20.0,2.455,70.108,12.551,67.097,1.0,1.2,8.004,1.555,0.095,1.46,0.268,-0.982,0.143,1.125,,,0.0,,0.0,4.762,60.405,0.0,0.0,1.216,1.211,0.213,0.43,23.871,12.815,11.492,14.022,7.124,5.575,2.0,1.0,0.0,13.593,0.0,0.0,2024,2024,2024,2021,2022,2022,2022,,,,,,,2023,2024,2024,2024,2024,2022,2020-2024 avg,2024,2024,2024,2024,2021,2018,2018,2018,,,2021,,2021,2024,2024,2024,2024,2024,2024,2024,2024,2024,2024,2024,2024,2024,2024,2013,2013,2013,2023,2023,2023
SGP,Singapore,East Asia & Pacific,High income,False,,166.039,14.321,,,,0.0,,5.46,1.0,,,,,,,,,,,4.5,1.288,0.005,1.283,1.642,-7.9510000000000005,11.136,19.087,279.623,0.0,0.0,0.0,0.0,2.444,12.723,0.554,25.6,1.811,2.06,0.231,0.207,,48.488,48.488,12.252,8.818,6.522,3.0,1.0,1.0,45.048,40.0,50.0,,2024,2024,,,,2022,,2020,2021-2024,,,,,,,,,,,2024,2024,2024,2024,2021,2024,2024,2024,2023,2021,2021,2021,2021,2025,2024,2025,2025,2024,2024,2024,2024,,2024,2024,2024,2024,2024,2013,2013,2013,2023,2023,2023
SXM,Sint Maarten (Dutch part),Latin America & Caribbean,High income,False,,,,,,,0.0,,,,,,,,,,,,,,,,,,,,,,,,,,,,,,,,,,,,,,,,,,,,,,,,,,,,,2022,,,,,,,,,,,,,,,,,,,,,,,,,,,,,,,,,,,,,,,,,,,,,,
SVK,Slovak Republic,Europe & Central Asia,High income,False,1.892,59.701,19.57,,,,0.0,,5.5,1.0,,,,,,,,,,,5.757,3.67,0.56,3.109,2.036,-4.167,3.969,8.136,57.887,0.016,0.002,0.009,0.005,2.509,50.147,-5.316,11.152,1.565,1.701,0.194,0.186,17.815,25.144,25.144,11.208,16.755,15.583,,,,73.611,40.0,50.0,2024,2024,2024,,,,2022,,2019,2021-2024,,,,,,,,,,,2023,2024,2024,2024,2021,2024,2024,2024,2023,2021,2021,2021,2021,2025,2024,2025,2025,2024,2024,2024,2024,2024,2024,2024,2024,2024,2024,,,,2023,2023,2023
SVN,Slovenia,Europe & Central Asia,High income,False,1.441,66.606,21.478,,,,0.0,,4.5,1.0,,,,,,,,,,,5.89,0.586,0.0,0.586,1.339,-2.2199999999999998,4.658,6.878,48.902,0.027,0.0,0.001,0.026,-0.135,55.41,-1.409,4.511,1.522,1.612,0.221,0.158,28.286,21.055,21.055,13.463,11.161,10.503,,,,,,,2024,2024,2024,,,,2022,,2018,2021-2024,,,,,,,,,,,2023,2024,2024,2024,2021,2024,2024,2024,2023,2021,2021,2021,2021,2025,2024,2025,2025,2024,2024,2024,2024,2024,2024,2024,2024,2024,2024,,,,,,
SLB,Solomon Islands,East Asia & Pacific,Lower middle income,False,1.448,26.095,21.359,65.2,,,0.0,,,,,,,39.871,5.98,85.891,,77.709,,,,2.4,0.0,2.4,1.188,-16.848,0.0,16.848,,0.0,0.0,0.0,0.0,90.909,24.666,0.0,0.0,0.734,0.72,0.412,0.387,16.199,8.257,6.934,11.451,7.124,4.833,,,,11.984,0.0,0.0,2024,2024,2024,2021,,,2022,,,,,,,2024,2024,2024,,2024,,,,2024,2024,2024,2021,2017,2017,2018,,2021,2021,2021,2021,2024,2024,2024,2024,2024,2024,2024,2024,2024,2024,2024,2024,2024,2024,,,,2023,2023,2023
SOM,"Somalia, Fed. Rep.",Sub-Saharan Africa,Low income,True,0.664,,2.194,2.568,,,0.0,,,,,,,3.333,1.615,34.16,,18.26,,0.207,0.0,2.157,0.844,1.313,0.0,-11.326,1.118,12.444,,0.0,0.0,0.0,0.0,79.07,23.558,1.882,0.0,0.57,1.121,0.082,0.082,20.757,12.815,11.492,12.193,7.124,5.575,,,,3.833,0.0,0.0,2024,,2024,2022,,,2022,,,,,,,2022,2024,2024,,2024,,2020-2024 avg,2024,2024,2024,2024,2022,1982,1982,1982,,2021,2021,2021,2021,2024,2024,2024,2024,2024,2024,2024,2024,2024,2024,2024,2024,2024,2024,,,,2023,2023,2023
ZAF,South Africa,Sub-Saharan Africa,Upper middle income,True,18.93,75.963,25.233,98.558,,,0.0,5.2,11.0,3.0,1.0,-0.137,5.529,26.332,0.622,9.382,85.947,94.357,,0.283,7.849,12.913,0.0,12.913,0.616,-9.485999999999999,8.211,17.697,-12.507,2.8659999999999997,0.396,0.029,2.441,0.803,6.987,1.123,22.872,1.063,1.126,0.169,0.07,18.462,8.124,6.802,6.529,2.983,2.986,2.0,1.0,1.0,54.019,40.0,50.0,2024,2024,2024,2022,,,2022,2021,2022,2021-2024,2024,2024,2024,2024,2024,2024,2024,2024,,2020-2024 avg,2023,2024,2024,2024,2022,2025,2025,2025,2023,2021,2021,2021,2021,2025,2024,2025,2025,2024,2024,2024,2024,2024,2024,2024,2024,2024,2024,2013,2013,2013,2023,2023,2023
SSD,South Sudan,Sub-Saharan Africa,Low income,True,1.506,53.415,4.761,,,,0.0,,,,,,,,0.719,,,,,0.086,3.768,,,,,,,,-859.503,10.391,10.391,0.0,0.0,98.214,,0.0,50.0,,,,,,,,,,,,,,3.333,0.0,0.0,2024,2024,2024,,,,2022,,,,,,,,2024,,,,,2020-2024 avg,2024,,,,,,,,2022,2015,2015,2015,2015,2024,,2024,2024,,,,,,,,,,,,,,2023,2023,2023
ESP,Spain,Europe & Central Asia,High income,False,4.288,101.648,23.881,,,,0.0,,5.125,1.0,,,,,,,,,,,3.835,0.594,0.014,0.58,1.94,-7.5920000000000005,5.795,13.387,76.985,0.001,0.0,0.001,0.0,3.484,63.194,-1.484,11.499,1.485,1.703,0.261,0.115,26.434,17.958,17.958,17.067,16.572,13.341,,,,83.333,60.0,100.0,2024,2024,2024,,,,2022,,2020,2021-2024,,,,,,,,,,,2023,2024,2024,2024,2021,2024,2024,2024,2023,2021,2021,2021,2021,2025,2024,2025,2025,2024,2024,2024,2024,2024,2024,2024,2024,2024,2024,,,,2023,2023,2023
LKA,Sri Lanka,South Asia,Upper middle income,True,55.555,100.84,12.39,,,,0.0,10.3,,1.0,,0.955,3.532,25.458,0.103,31.032,29.529,79.875,,0.157,15.18,3.654,0.259,3.395,,-18.083,3.44,21.523,60.04,0.0,0.0,0.0,0.0,13.756,59.155,2.188,6.849,1.127,1.183,0.094,0.095,15.986,6.861,5.537,12.142,6.996,4.738,2.0,1.0,0.0,41.09,0.0,50.0,2024,2024,2024,,,,2022,2021,,2021-2024,,2024,2021,2024,2024,2024,2024,2024,,2020-2024 avg,2024,2024,2024,2024,,2024,2024,2024,2022,2021,2021,2021,2021,2025,2024,2025,2023,2024,2024,2024,2024,2024,2024,2024,2024,2024,2024,2013,2013,2013,2023,2023,2023
KNA,St. Kitts and Nevis,Latin America & Caribbean,High income,False,3.79,58.125,15.237,,,,0.0,,,,,,,,,,,,,0.911,1.105,0.0,0.0,0.0,,-0.6659999999999999,0.027,0.693,,0.0,0.0,0.0,0.0,91.304,13.122,4.151,,0.704,0.898,0.323,0.251,24.233,12.771,11.447,14.266,7.124,5.575,,,,,,,2024,2024,2024,,,,2022,,,,,,,,,,,,,2020-2024 avg,2024,2024,2024,2024,,2017,2017,2017,,2021,2021,2021,2021,2024,2024,2024,,2024,2024,2024,2024,2024,2024,2024,2024,2024,2024,,,,,,
LCA,St. Lucia,Latin America & Caribbean,Upper middle income,True,14.479,76.656,19.727,81.934,,,0.0,,,,,4.946,7.5,29.001,0.556,44.08,32.046,99.321,,,9.315,1.234,0.19,1.044,1.432,-8.024000000000001,3.401,11.425,,0.0,0.0,0.0,0.0,97.5,15.146,0.0,,1.298,1.342,0.305,0.373,23.301,12.771,11.447,13.717,7.124,5.575,1.0,0.0,0.0,,,,2024,2024,2024,2022,,,2022,,,,,2024,2015,2024,2024,2024,2024,2024,,,2024,2024,2024,2024,2022,2020,2020,2020,,2021,2021,2021,2021,2024,2024,2024,,2024,2024,2024,2024,2024,2024,2024,2024,2024,2024,2013,2013,2013,,,
MAF,St. Martin (French part),Latin America & Caribbean,High income,False,,,,,,,0.0,,,,,,,,,,,,,,,,,,,,,,,,,,,,,,,,,,,,,,,,,,,,,,,,,,,,,2022,,,,,,,,,,,,,,,,,,,,,,,,,,,,,,,,,,,,,,,,,,,,,,
VCT,St. Vincent and the Grenadines,Latin America & Caribbean,Upper middle income,True,10.388,102.838,23.566,,,,0.0,,,,,1.015,4.9,35.406,0.391,78.439,1.033,83.945,,,6.052,3.98,0.0,3.98,,-10.111,0.03,10.141,,0.0,0.0,0.0,0.0,86.667,27.705,0.0,0.0,0.669,0.896,0.306,0.239,18.602,8.095,6.771,14.144,7.124,5.575,,,,,,,2024,2024,2024,,,,2022,,,,,2024,2020,2024,2024,2024,2024,2024,,,2024,2024,2024,2024,,2023,2023,2023,,2021,2021,2021,2021,2024,2024,2024,2024,2024,2024,2024,2024,2024,2024,2024,2024,2024,2024,,,,,,
SDN,Sudan,Sub-Saharan Africa,Low income,False,4.841,262.573,1.95,,,,0.0,,,,,,,24.372,0.13,14.735,31.915,48.34,,,,10.167,0.0,10.167,,1.4450000000000003,14.305,12.86,18.857,3.302,3.302,0.0,0.0,20.311,77.839,-1.29,0.0,0.878,0.847,0.159,0.111,23.849,12.442,11.119,14.266,7.124,5.575,1.0,1.0,1.0,10.913,0.0,0.0,2024,2024,2024,,,,2022,,,,,,,2019,2024,2024,2024,2024,,,,2024,2024,2024,,2018,2018,2018,2022,2021,2021,2021,2021,2024,2024,2024,2024,2024,2024,2024,2024,2024,2024,2024,2024,2024,2024,2013,2013,2013,2023,2023,2023
SUR,Suriname,Latin America & Caribbean,Upper middle income,False,10.696,88.038,18.939,,,,0.0,,,,,-1.075,4.793,21.015,2.503,47.826,30.934,84.195,,0.065,4.555,4.361,4.361,0.0,,-9.732999999999999,3.14,12.873,12.305,7.944,7.933,0.011,0.0,45.977,46.437,-0.305,0.0,1.081,1.308,0.073,0.079,11.906,6.853,6.191,13.412,7.124,5.575,2.0,0.0,0.0,,,,2024,2024,2024,,,,2022,,,,,2024,2022,2024,2024,2024,2024,2024,,2020-2024 avg,2024,2024,2024,2024,,2024,2024,2024,2023,2021,2021,2021,2021,2024,2024,2024,2024,2024,2024,2024,2024,2024,2024,2024,2024,2024,2024,2013,2013,2013,,,
SWE,Sweden,Europe & Central Asia,High income,False,0.188,33.92,38.724,,,,0.0,,3.503,1.0,,,,,,,,,,,3.315,0.114,0.0,0.114,1.105,-3.2170000000000005,7.122,10.339,27.752,0.027,0.027,0.0,0.0,1.157,72.367,2.007,3.004,1.549,1.683,0.259,0.072,54.913,34.989,34.989,37.215,17.538,19.823,,,,83.159,80.0,100.0,2024,2024,2024,,,,2022,,2020,2021-2024,,,,,,,,,,,2023,2024,2024,2024,2021,2024,2024,2024,2023,2021,2021,2021,2021,2025,2024,2025,2025,2024,2024,2024,2024,2024,2024,2024,2024,2024,2024,,,,2023,2023,2023
CHE,Switzerland,Europe & Central Asia,High income,False,0.43,40.493,19.952,,,,0.0,,3.97,1.0,,,,,,,,,,,3.093,0.423,0.002,0.421,1.597,-1.9800000000000002,1.208,3.188,51.739,0.001,0.001,0.0,0.0,1.892,72.878,0.376,5.71,2.121,2.056,0.382,0.315,53.068,43.845,43.845,27.778,11.669,11.669,,,,76.307,60.0,100.0,2024,2024,2024,,,,2022,,2017,2021-2024,,,,,,,,,,,2023,2024,2024,2024,2021,2024,2024,2024,2023,2021,2021,2021,2021,2025,2024,2025,2025,2024,2024,2024,2024,2024,2024,2024,2024,2024,2024,,,,2023,2023,2023
SYR,Syrian Arab Republic,Middle East & North Africa,Low income,False,,,12.709,,,,0.0,,,,,,,,,40.723,0.455,31.579,,,,,,,,30.235000000000003,49.886,19.651,61.272,6.345,4.015,2.33,0.0,44.212,15.747,0.02,23.413,0.704,1.403,0.017,0.047,10.823,6.853,6.191,12.193,7.124,5.575,2.0,0.0,0.0,,,,,,2010,,,,2022,,,,,,,,,2024,2024,2024,,,,,,,,2010,2010,2010,2022,2020,2020,2020,2020,2024,2024,2024,2024,2024,2024,2024,2024,2024,2024,2024,2024,2024,2024,2013,2013,2013,,,
STP,São Tomé and Principe,Sub-Saharan Africa,Lower middle income,False,2.86,65.223,10.752,57.04,1.0,1.0,0.0,,,,,1.35,1.5,18.517,0.199,29.0,3.929,44.858,1.0,0.091,2.1,1.098,1.098,0.0,0.018,-29.269,0.009,29.278,,0.0,0.0,0.0,0.0,88.889,5.426,0.0,,1.358,1.667,0.108,0.151,20.286,12.345,11.021,12.193,7.124,5.575,,,,,,,2024,2024,2024,2020,2019,2019,2022,,,,,2024,2015,2024,2024,2024,2024,2024,2019,2020-2024 avg,2024,2024,2024,2024,2020,2022,2022,2023,,2021,2021,2021,2021,2023,2024,2023,,2024,2024,2024,2024,2024,2024,2024,2024,2024,2024,,,,,,
TJK,Tajikistan,Europe & Central Asia,Lower middle income,True,2.377,24.906,17.092,117.149,2.5,2.0,0.0,,,,,1.152,7.125,24.489,4.71,49.818,17.385,70.106,2.0,0.006,3.28,7.507,1.123,6.383,0.09,2.922999999999999,8.017,5.094,28.045,0.944,0.287,0.171,0.486,0.0,91.535,-0.401,1.742,0.95,0.936,0.025,0.061,18.913,8.101,6.78,5.128,3.554,2.161,2.0,1.0,0.0,16.466,0.0,50.0,2024,2024,2024,2011,2022,2022,2022,,,,,2024,2017,2024,2024,2024,2024,2024,2022,2020-2024 avg,2024,2024,2024,2024,2011,2023,2023,2023,2022,2021,2021,2021,2021,2025,2024,2025,2025,2024,2024,2024,2024,2024,2024,2024,2024,2024,2024,2013,2013,2013,2023,2023,2023
TZA,Tanzania,Sub-Saharan Africa,Lower middle income,True,14.591,49.86,11.874,87.952,1.5,2.0,1.0,,,,,3.017,7.03,22.479,1.428,67.695,17.597,71.388,3.0,0.125,20.205,0.851,0.0,0.851,0.01,-17.607000000000003,2.249,19.856,12.934,0.272,0.0,0.223,0.049,4.299,45.41,6.429,93.421,1.204,1.218,0.09,0.06,13.494,8.041,4.606,6.323,3.373,2.049,2.0,1.0,0.0,22.497,0.0,0.0,2024,2024,2024,2022,2022,2022,2022,,,,,2024,2024,2024,2024,2024,2024,2024,2022,2020-2024 avg,2024,2024,2024,2024,2022,2024,2024,2024,2022,2021,2021,2021,2021,2024,2024,2024,2024,2024,2024,2024,2024,2024,2024,2024,2024,2024,2024,2013,2013,2013,2023,2023,2023
THA,Thailand,East Asia & Pacific,Upper middle income,True,5.601,62.913,15.947,,,,1.0,4.5,11.5,3.0,1.0,5.826,5.836,16.615,0.109,3.888,89.991,93.879,,0.113,16.102,8.588,0.311,8.277,0.251,-13.48,3.422,16.902,57.514,1.456,0.482,0.94,0.034,0.074,32.13,1.734,27.478,0.914,1.046,0.122,0.1,,10.875,9.911,10.342,5.826,7.119,2.0,1.0,0.0,49.593,20.0,50.0,2024,2024,2024,,,,2022,2021,2016,2021-2024,2024,2024,2024,2024,2024,2024,2024,2024,,2020-2024 avg,2024,2024,2024,2024,2022,2024,2024,2024,2023,2021,2021,2021,2021,2025,2024,2025,2025,2024,2024,2024,2024,,2024,2024,2024,2024,2024,2013,2013,2013,2023,2023,2023
TLS,Timor-Leste,East Asia & Pacific,Lower middle income,False,0.793,14.392,9.092,41.876,1.5,1.0,0.0,,,,,,,30.965,1.301,90.79,,90.79,1.0,,4.829,8.406,0.0,8.406,0.315,46.172999999999995,67.371,21.198,,34.676,5.297,29.379,0.0,,15.518,,,0.738,0.739,0.291,0.259,17.442,9.075,7.751,11.737,7.124,4.833,1.0,0.0,0.0,,,,2024,2024,2024,2022,2020,2020,2022,,,,,,,2022,2024,2024,,2024,2020,,2024,2024,2024,2024,2022,2023,2023,2023,,2021,2021,2021,2021,,2024,,,2024,2024,2024,2024,2024,2024,2024,2024,2024,2024,2013,2013,2013,,,
TGO,Togo,Sub-Saharan Africa,Lower middle income,True,15.609,66.213,14.867,51.166,2.0,1.0,0.0,,,,,5.505,7.735,24.936,2.262,56.955,20.281,47.032,1.0,0.599,3.557,1.685,0.0,1.685,0.389,-13.34,1.826,15.166,18.04,0.0,0.0,0.0,0.0,0.0,33.151,2.816,0.0,1.126,1.152,0.211,0.152,24.493,12.815,11.492,10.966,7.124,5.575,2.0,1.0,0.0,30.587,0.0,0.0,2024,2024,2024,2021,2023,2023,2022,,,,,2024,2024,2024,2024,2024,2024,2024,2023,2020-2024 avg,2024,2024,2024,2024,2021,2024,2024,2024,2018,2021,2021,2021,2021,2024,2024,2024,2024,2024,2024,2024,2024,2024,2024,2024,2024,2024,2024,2013,2013,2013,2023,2023,2023
TON,Tonga,East Asia & Pacific,Upper middle income,False,0.816,31.922,22.042,88.862,2.5,2.0,0.0,,,,,,,40.0,5.512,49.163,0.0,33.769,3.0,,,4.006,0.0,4.006,0.769,-16.389,0.008,16.397,,0.0,0.0,0.0,0.0,85.714,19.055,0.0,0.0,0.762,0.845,0.316,0.25,18.09,7.788,6.465,13.168,7.124,4.833,2.0,0.0,0.0,,,,2024,2024,2024,2021,2020,2020,2022,,,,,,,2021,2024,2024,2015,2024,2020,,,2024,2024,2024,2021,2023,2023,2023,,2021,2021,2021,2021,2024,2024,2024,2024,2024,2024,2024,2024,2024,2024,2024,2024,2024,2024,2013,2013,2013,,,
TTO,Trinidad and Tobago,Latin America & Caribbean,High income,False,13.989,81.786,21.847,75.968,,,0.0,,,,,,,,,,,,,,1.392,7.323,2.082,5.241,0.011,16.055999999999997,31.31,15.254,-75.457,7.805999999999999,2.711,5.095,0.0,0.419,8.539,0.0,,0.594,0.561,0.055,0.053,14.504,8.922,8.26,13.717,7.124,5.575,2.0,1.0,0.0,,,,2024,2024,2024,2022,,,2022,,,,,,,,,,,,,,2024,2024,2024,2024,2022,2024,2024,2024,2022,2021,2021,2021,2021,2024,2024,2024,,2024,2024,2024,2024,2024,2024,2024,2024,2024,2024,2013,2013,2013,,,
TUN,Tunisia,Middle East & North Africa,Lower middle income,True,13.383,85.66,25.258,93.859,2.0,1.0,0.0,9.3,10.75,2.0,,-2.657,2.0,16.825,0.63,61.308,12.753,39.351,1.0,0.244,8.716,15.266,5.178,10.088,0.706,-12.548000000000002,6.232,18.78,53.14,2.04,1.549,0.491,0.0,1.031,17.181,-0.365,11.009,0.556,0.764,0.018,0.099,4.246,8.796,8.796,14.509,7.124,5.575,2.0,1.0,0.0,43.579,0.0,50.0,2024,2024,2024,2022,2023,2023,2022,2021,2020,2021-2024,,2024,2021,2024,2024,2024,2024,2024,2023,2020-2024 avg,2024,2024,2024,2024,2022,2024,2024,2024,2022,2021,2021,2021,2021,2025,2024,2025,2025,2024,2024,2024,2024,2024,2024,2024,2024,2024,2024,2013,2013,2013,2023,2023,2023
TKM,Turkmenistan,Europe & Central Asia,Upper middle income,False,,4.112,11.872,,,,0.0,,,,,6.254,6.871,20.174,0.079,48.377,13.701,83.434,,,6.016,30.201,15.226,14.976,,79.81400000000001,81.01,1.196,-109.777,13.492,5.846,7.646,0.0,0.0,0.029,-0.001,,0.412,0.482,0.03,0.01,2.662,2.533,2.312,12.638,7.151,4.371,1.0,0.0,0.0,3.148,0.0,0.0,,2024,2024,,,,2022,,,,,2024,2023,2024,2024,2024,2024,2024,,,2024,2024,2024,2024,,2000,2000,2000,2022,2019,2019,2019,2019,2024,2024,2024,,2024,2024,2024,2024,2024,2024,2024,2024,2024,2024,2013,2013,2013,2023,2023,2023
TCA,Turks and Caicos Islands,Latin America & Caribbean,High income,False,,,,,,,0.0,,,,,,,,,,,,,,,,,,,-28.255,0.01,28.265,,0.0,0.0,0.0,0.0,96.296,,3.704,,,,,,,,,,,,,,,,,,,,,,,,2022,,,,,,,,,,,,,,,,,,,2012,2012,2012,,2021,2021,2021,2021,2024,,2024,,,,,,,,,,,,,,,,,
TUV,Tuvalu,East Asia & Pacific,Upper middle income,True,0.125,6.957,16.985,170.025,1.0,1.0,0.0,,,,,,,,48.393,,,,4.0,,2.806,,,,0.143,-9.535,7.163,16.698,,,,0.0,,,,,,,,,,,,,,,,,,,,,,2024,2024,2024,2020,2025,2025,2022,,,,,,,,2024,,,,2025,,2022,,,,2020,2005,2005,2008,,,,2021,,,,,,,,,,,,,,,,,,,,,
TUR,Türkiye,Europe & Central Asia,Upper middle income,True,6.939,23.6,16.608,,,,0.0,7.5,7.19,2.0,,1.517,6.215,8.302,0.47,15.294,78.537,78.59,,0.091,11.629,9.561,0.539,9.022,1.253,-2.484,6.164,8.648,71.993,0.192,0.138,0.007,0.047,0.291,53.8,-2.357,10.676,1.177,1.284,0.06,0.088,5.645,9.46,9.46,4.282,3.484,0.944,,,,54.937,20.0,50.0,2024,2024,2024,,,,2022,2021,2020,2021-2024,,2024,2024,2024,2024,2024,2024,2024,,2020-2024 avg,2024,2024,2024,2024,2022,2024,2024,2024,2023,2021,2021,2021,2021,2025,2024,2025,2025,2024,2024,2024,2024,2024,2024,2024,2024,2024,2024,,,,2023,2023,2023
UGA,Uganda,Sub-Saharan Africa,Low income,True,22.399,51.773,12.921,99.041,1.5,2.0,1.0,6.9,7.97,2.0,,5.649,7.864,30.65,0.902,61.433,12.663,61.631,1.0,0.161,18.759,0.179,0.006,0.173,0.843,-13.347999999999999,2.325,15.673,20.49,0.0,0.0,0.0,0.0,2.926,98.072,0.02,11.628,1.154,1.404,0.195,0.084,23.664,12.112,10.789,14.388,7.124,5.575,2.0,1.0,1.0,27.124,0.0,16.667,2024,2024,2024,2022,2024,2024,2022,2021,2020,2021-2024,,2024,2024,2024,2024,2024,2024,2024,2024,2020-2024 avg,2024,2024,2024,2024,2022,2024,2024,2024,2022,2021,2021,2021,2021,2024,2024,2024,2024,2024,2024,2024,2024,2024,2024,2024,2024,2024,2024,2013,2013,2013,2023,2023,2023
UKR,Ukraine,Europe & Central Asia,Upper middle income,False,7.368,89.677,27.444,84.964,2.5,2.0,0.0,,13.85,1.0,,3.31,5.829,29.624,2.246,68.545,22.768,43.376,1.0,0.168,5.754,12.231,2.285,9.946,0.169,-12.094999999999999,0.483,12.578,23.593,1.981,0.28,1.364,0.337,0.475,23.232,2.559,0.0,1.229,1.427,0.089,0.104,7.206,7.267,8.248,7.909,4.497,2.765,3.0,1.0,1.0,52.291,20.0,50.0,2024,2024,2024,2022,2019,2019,2022,,2020,2021-2024,,2024,2024,2024,2024,2024,2024,2024,2016,2020-2024 avg,2024,2024,2024,2024,2022,2024,2024,2024,2023,2021,2021,2021,2021,2022,2024,2022,2022,2024,2024,2024,2024,2024,2024,2024,2024,2024,2024,2013,2013,2013,2023,2023,2023
ARE,United Arab Emirates,Middle East & North Africa,High income,False,1.987,34.944,18.201,,,,0.0,,5.35,1.0,,,,,,,,,,,0.374,6.206,2.028,4.179,1.499,63.715,68.203,4.488,-171.482,17.634,15.673,1.961,0.0,0.0,18.932,0.055,9.421,0.769,0.77,0.062,0.071,7.062,2.54,3.108,13.026,7.281,5.787,3.0,1.0,0.0,53.889,20.0,100.0,2024,2024,2024,,,,2022,,2017,2021-2024,,,,,,,,,,,2023,2024,2024,2024,2020,2023,2023,2023,2022,2021,2021,2021,2021,2024,2024,2024,2024,2024,2024,2024,2024,2024,2024,2024,2024,2024,2024,2013,2013,2013,2023,2023,2023
GBR,United Kingdom,Europe & Central Asia,High income,False,5.403,99.901,28.515,,,,0.0,,3.587,1.0,,,,,,,,,,,5.9,0.972,0.373,0.599,1.508,-1.0619999999999994,7.102,8.164,44.044,0.588,0.416,0.171,0.001,4.367,52.006,1.341,6.479,1.789,1.811,0.384,0.338,25.733,22.414,,37.578,19.248,20.188,,,,78.63,40.0,100.0,2024,2024,2024,,,,2022,,2020,2021-2024,,,,,,,,,,,2023,2024,2024,2024,2021,2025,2025,2025,2023,2021,2021,2021,2021,2025,2024,2025,2025,2024,2024,2024,2024,2024,2024,,2024,2024,2024,,,,2023,2023,2023
USA,United States,North America,High income,False,11.67,122.27,19.479,,,,0.0,,5.705,1.0,,,,,,,,,,,2.031,3.83,0.075,3.755,,10.832,18.311,7.479,-9.001,1.14,0.611,0.363,0.166,0.702,28.315,1.575,9.42,0.936,0.959,0.187,0.149,11.319,8.681,,6.258,3.141,1.999,,,,74.796,20.0,50.0,2024,2024,2024,,,,2022,,2020,2021-2024,,,,,,,,,,,2024,2024,2024,2024,,2024,2024,2024,2023,2021,2021,2021,2021,2025,2024,2025,2025,2024,2024,2024,2024,2024,2024,,2024,2024,2024,,,,2023,2023,2023
URY,Uruguay,Latin America & Caribbean,High income,False,8.058,67.553,18.162,150.73,,,0.0,,4.2,1.0,,,,,,,,,,0.185,3.832,1.355,0.0,1.355,0.229,-12.922999999999998,1.306,14.229,46.207,0.01,0.01,0.0,0.0,2.178,86.07,-1.056,0.0,1.066,1.892,0.228,0.153,41.432,26.54,26.54,12.71,6.149,4.659,2.0,1.0,0.0,53.815,40.0,100.0,2024,2024,2024,2022,,,2022,,2020,2021-2024,,,,,,,,,,2020-2024 avg,2024,2024,2024,2024,2022,2024,2024,2024,2022,2021,2021,2021,2021,2025,2024,2025,2025,2024,2024,2024,2024,2024,2024,2024,2024,2024,2024,2013,2013,2013,2023,2023,2023
UZB,Uzbekistan,Europe & Central Asia,Lower middle income,True,2.565,30.936,13.595,,3.0,4.0,0.0,,,,,3.879,7.747,13.895,1.642,47.407,28.693,80.125,1.0,1.174,5.065,30.77,11.476,19.294,0.144,-4.683000000000001,6.528,11.211,1.548,11.962000000000002,0.867,11.041,0.054,1.73,20.112,3.426,64.803,0.871,0.786,0.034,0.065,,10.899,11.595,8.585,4.578,2.79,1.0,0.0,0.0,16.209,0.0,50.0,2024,2024,2024,,2024,2024,2022,,,,,2024,2024,2024,2024,2024,2024,2024,2024,2020-2024 avg,2024,2024,2024,2024,2020,2024,2024,2024,2022,2021,2021,2021,2021,2025,2024,2025,2025,2024,2024,2024,2024,,2024,2024,2024,2024,2024,2013,2013,2013,2023,2023,2023
VUT,Vanuatu,East Asia & Pacific,Lower middle income,False,2.436,39.053,13.884,,2.5,2.0,0.0,,,,,,,30.426,1.923,42.055,,52.668,4.0,,5.957,0.299,0.0,0.299,,-18.147000000000002,0.069,18.216,,0.0,0.0,0.0,0.0,75.0,27.646,0.0,,1.385,1.442,0.307,0.242,24.707,13.543,12.219,13.168,7.124,4.833,1.0,1.0,0.0,8.333,0.0,0.0,2024,2024,2024,,2025,2025,2022,,,,,,,2024,2024,2024,,2024,2025,,2024,2024,2024,2024,,2011,2011,2011,,2021,2021,2021,2021,2023,2024,2023,,2024,2024,2024,2024,2024,2024,2024,2024,2024,2024,2013,2013,2013,2023,2023,2023
VEN,"Venezuela, RB",Latin America & Caribbean,Lower middle income,False,4.788,169.133,6.114,,,,0.0,,,,,,,,0.021,,,,,,,12.972,6.985,5.987,,96.847,97.678,0.831,-73.908,11.687,11.302,0.378,0.007,4.368,67.973,0.797,0.0,0.009,0.025,0.033,0.244,11.962,6.341,5.679,6.215,3.373,2.049,2.0,1.0,0.0,10.635,0.0,50.0,2024,2024,2017,,,,2022,,,,,,,,2024,,,,,,,2024,2024,2024,,2013,2013,2013,2022,2014,2014,2014,2014,2024,2024,2024,2024,2024,2024,2024,2024,2024,2024,2024,2024,2024,2024,2013,2013,2013,2023,2023,2023
VNM,Viet Nam,East Asia & Pacific,Upper middle income,True,5.068,31.163,12.958,,1.5,2.0,1.0,6.0,10.5,3.0,1.0,1.643,4.431,33.691,0.177,55.118,6.05,58.945,1.0,0.531,6.068,8.433,0.643,7.789,,-6.923,0.953,7.876,33.999,1.373,0.669,0.327,0.377,0.2,48.675,2.995,2.512,0.687,0.808,0.103,0.083,10.026,5.144,4.482,8.454,8.424,7.955,2.0,1.0,0.0,39.852,0.0,33.333,2024,2024,2024,,2023,2023,2022,2021,2022,2021-2024,2024,2024,2022,2024,2024,2024,2024,2024,2023,2020-2024 avg,2024,2024,2024,2024,,2023,2023,2023,2022,2021,2021,2021,2021,2025,2024,2025,2024,2024,2024,2024,2024,2024,2024,2024,2024,2024,2024,2013,2013,2013,2023,2023,2023
VIR,Virgin Islands (US),Latin America & Caribbean,High income,False,,,,,,,0.0,,,,,,,,,,,,,,,,,,,32.782000000000004,91.287,58.505,,0.205,0.0,0.0,0.205,97.059,,0.0,0.0,,,,,,,,,,,,,,,,,,,,,,,2022,,,,,,,,,,,,,,,,,,,1978,1978,1978,,2020,2020,2020,2020,2023,,2023,2023,,,,,,,,,,,,,,,,
PSE,West Bank and Gaza,Middle East & North Africa,Lower middle income,True,,56.133,,,1.5,2.0,0.0,,,,,,,,0.541,,,,1.0,,,,,,,-21.104000000000003,0.086,21.19,,,0.0,,0.0,60.606,,-0.606,15.385,,,,,,,,,,,,,,13.074,0.0,50.0,,2024,,,2026,2026,2022,,,,,,,,2024,,,,2026,,,,,,,2023,2023,2023,,,2021,,2021,2024,,2024,2024,,,,,,,,,,,,,,2023,2023,2023
YEM,"Yemen, Rep.",Middle East & North Africa,Low income,True,18.695,,1.981,,,,0.0,17.2,9.64,2.0,,,,,1.208,44.855,,59.49,,,,10.321,0.0,10.321,,-28.271,0.145,28.416,-11.047,4.824,4.824,0.0,0.0,87.619,24.754,1.082,42.857,0.955,1.068,0.166,0.133,11.496,6.978,6.316,12.802,7.124,5.575,1.0,1.0,0.0,16.944,0.0,0.0,2024,,2024,,,,2022,2021,2020,2021-2024,,,,,2024,2024,,2024,,,,2024,2024,2024,,2019,2019,2019,2022,2018,2018,2016,2018,2024,2024,2024,2024,2024,2024,2024,2024,2024,2024,2024,2024,2024,2024,2013,2013,2013,2023,2023,2023
ZMB,Zambia,Sub-Saharan Africa,Lower middle income,True,28.236,125.203,17.247,,2.5,2.0,0.0,,3.8,1.0,,6.215,9.85,25.027,1.543,29.304,39.555,84.447,1.0,0.351,6.136,3.237,0.344,2.893,,-20.214,2.721,22.935,9.03,0.231,0.0,0.0,0.231,1.724,87.958,-1.528,1.796,1.028,1.243,0.049,0.065,21.521,10.611,9.287,7.049,3.948,2.618,2.0,1.0,0.0,22.384,0.0,16.667,2024,2024,2024,,2025,2025,2022,,2016,2021-2024,,2024,2020,2024,2024,2024,2024,2024,2025,2020-2024 avg,2024,2024,2024,2024,,2024,2024,2024,2022,2021,2021,2021,2021,2024,2024,2024,2024,2024,2024,2024,2024,2024,2024,2024,2024,2024,2024,2013,2013,2013,2023,2023,2023
ZWE,Zimbabwe,Sub-Saharan Africa,Lower middle income,True,6.447,70.38,11.569,23.938,1.5,1.0,0.0,,,,,-4.071,5.0,9.261,0.285,33.814,8.8,50.715,1.0,0.256,17.065,3.342,1.08,2.262,0.272,-18.215,2.911,21.126,16.976,0.33799999999999997,0.048,0.0,0.29,0.0,74.445,0.959,4.065,0.432,0.423,0.078,0.109,23.728,12.782,11.458,6.139,3.374,2.051,2.0,1.0,1.0,32.81,0.0,0.0,2024,2024,2024,2022,2018,2018,2022,,,,,2023,2016,2023,2024,2024,2024,2024,2018,2020-2024 avg,2024,2024,2024,2024,2022,2024,2024,2024,2022,2021,2021,2021,2021,2024,2024,2024,2024,2024,2024,2024,2024,2024,2024,2024,2024,2024,2024,2013,2013,2013,2023,2023,2023
